30.7155 	WARNING 	Font Manager failed to load file /System/Library/PrivateFrameworks/FontServices.framework/Resources/Reserved/PingFangUI.ttc
30.9402 	WARNING 	Font Manager failed to load file /System/Library/PrivateFrameworks/FontServices.framework/Resources/Reserved/PingFangUI.ttc
167.0458 	INFO 	Loaded monitor calibration from ['2025_08_07 12:17']
167.1076 	WARNING 	User requested fullscreen with size [1024  768], but screen is actually [1440, 900]. Using actual size
167.6147 	INFO 	Using renderer 'Apple M2' for graphics
167.6147 	INFO 	OpenGL version supported by driver is 2..
167.7048 	EXP 	Created window1 = Window(allowGUI=False, allowStencil=False, autoLog=True, backendConf=UNKNOWN, backgroundFit=<method-wrapper '__getattribute__' of attributeSetter object at 0x1556af4c0>, backgroundImage=<method-wrapper '__getattribute__' of attributeSetter object at 0x1556af460>, bitsMode=UNKNOWN, blendMode='avg', bpc=(8, 8, 8), color=array([0, 0, 0]), colorSpace='rgb', depthBits=8, fullscr=True, gamma=None, gammaErrorPolicy='raise', infoMsg=UNKNOWN, lms=UNKNOWN, monitor=<psychopy.monitors.calibTools.Monitor object at 0x155bc7220>, multiSample=False, name='window1', numSamples=2, pos=[np.float64(0.0), np.float64(0.0)], screen=0, size=array([2880, 1800]), stencilBits=0, stereo=False, title='PsychoPy', units='height', useFBO=True, useRetina=True, viewOri=0.0, viewPos=None, viewScale=None, waitBlanking=True, winType='pyglet')
167.7050 	EXP 	window1: backgroundImage = ''
167.7051 	EXP 	window1: backgroundFit = 'none'
168.2797 	EXP 	window1: Attempting to measure frame rate of screen (0) ...
168.2797 	EXP 	window1: recordFrameIntervals = False
169.1019 	EXP 	window1: recordFrameIntervals = True
169.9693 	WARNING 	Couldn't measure a consistent frame rate!
  - Is your graphics card set to sync to vertical blank?
  - Are you running other processes on your computer?

172.3920 	INFO 	keyboard.Keyboard is using ptb backend.
172.8463 	INFO 	keyboard.Keyboard is using ptb backend.
172.8464 	EXP 	Motor Sequence Learning: status = STARTED
172.8639 	EXP 	Created fixation = ShapeStim(__class__=<class 'psychopy.visual.shape.ShapeStim'>, anchor=('center', 'center'), autoDraw=False, autoLog=True, closeShape=True, color=method-wrapper(...), colorSpace='rgb', contrast=None, depth=0.0, draggable=False, fillColor=array([1, 1, 1]), fillColorSpace='rgb', fillRGB=array([1, 1, 1]), interpolate=True, lineColor=array([1., 1., 1.]), lineColorSpace='rgb', lineRGB=array([1, 1, 1]), lineWidth=1.0, name='fixation', opacity=1, ori=0.0, pos=array([0., 0.]), size=array([10., 10.]), units='pix', vertices=ndarray(...), win=Window(...), windingRule=None)
172.8652 	EXP 	Created line1 = Rect(__class__=<class 'psychopy.visual.rect.Rect'>, anchor=('center', 'center'), autoDraw=False, autoLog=True, closeShape=True, color=method-wrapper(...), colorSpace='rgb', contrast=None, depth=-1.0, draggable=False, fillColor=array([1, 1, 1]), fillColorSpace='rgb', fillRGB=array([1, 1, 1]), interpolate=True, lineColor=array([1., 1., 1.]), lineColorSpace='rgb', lineRGB=array([1, 1, 1]), lineWidth=1.0, name='line1', opacity=1, ori=90.0, pos=array([-150.,    0.]), size=array([100.,  10.]), units='pix', vertices=ndarray(...), win=Window(...))
172.8663 	EXP 	Created line2 = Rect(__class__=<class 'psychopy.visual.rect.Rect'>, anchor=('center', 'center'), autoDraw=False, autoLog=True, closeShape=True, color=method-wrapper(...), colorSpace='rgb', contrast=None, depth=-2.0, draggable=False, fillColor=array([1, 1, 1]), fillColorSpace='rgb', fillRGB=array([1, 1, 1]), interpolate=True, lineColor=array([1., 1., 1.]), lineColorSpace='rgb', lineRGB=array([1, 1, 1]), lineWidth=1.0, name='line2', opacity=1, ori=90.0, pos=array([-50.,   0.]), size=array([100.,  10.]), units='pix', vertices=ndarray(...), win=Window(...))
172.8674 	EXP 	Created line3 = Rect(__class__=<class 'psychopy.visual.rect.Rect'>, anchor=('center', 'center'), autoDraw=False, autoLog=True, closeShape=True, color=method-wrapper(...), colorSpace='rgb', contrast=None, depth=-3.0, draggable=False, fillColor=array([1, 1, 1]), fillColorSpace='rgb', fillRGB=array([1, 1, 1]), interpolate=True, lineColor=array([1., 1., 1.]), lineColorSpace='rgb', lineRGB=array([1, 1, 1]), lineWidth=1.0, name='line3', opacity=1, ori=90.0, pos=array([50.,  0.]), size=array([100.,  10.]), units='pix', vertices=ndarray(...), win=Window(...))
172.8684 	EXP 	Created line4 = Rect(__class__=<class 'psychopy.visual.rect.Rect'>, anchor=('center', 'center'), autoDraw=False, autoLog=True, closeShape=True, color=method-wrapper(...), colorSpace='rgb', contrast=None, depth=-4.0, draggable=False, fillColor=array([1, 1, 1]), fillColorSpace='rgb', fillRGB=array([1, 1, 1]), interpolate=True, lineColor=array([1., 1., 1.]), lineColorSpace='rgb', lineRGB=array([1, 1, 1]), lineWidth=1.0, name='line4', opacity=1, ori=90.0, pos=array([150.,   0.]), size=array([100.,  10.]), units='pix', vertices=ndarray(...), win=Window(...))
172.8703 	EXP 	Created probe = ShapeStim(__class__=<class 'psychopy.visual.shape.ShapeStim'>, anchor=('center', 'center'), autoDraw=False, autoLog=True, closeShape=True, color=method-wrapper(...), colorSpace='rgb', contrast=None, depth=-5.0, draggable=False, fillColor=array([1, 1, 1]), fillColorSpace='rgb', fillRGB=array([1, 1, 1]), interpolate=True, lineColor=array([1., 1., 1.]), lineColorSpace='rgb', lineRGB=array([1, 1, 1]), lineWidth=1.0, name='probe', opacity=1, ori=0.0, pos=array([0., 0.]), size=array([10., 10.]), units='pix', vertices=ndarray(...), win=Window(...), windingRule=None)
172.8722 	EXP 	Created fixation = ShapeStim(__class__=<class 'psychopy.visual.shape.ShapeStim'>, anchor=('center', 'center'), autoDraw=False, autoLog=True, closeShape=True, color=method-wrapper(...), colorSpace='rgb', contrast=None, depth=0.0, draggable=False, fillColor=array([1, 1, 1]), fillColorSpace='rgb', fillRGB=array([1, 1, 1]), interpolate=True, lineColor=array([1., 1., 1.]), lineColorSpace='rgb', lineRGB=array([1, 1, 1]), lineWidth=1.0, name='fixation', opacity=1, ori=0.0, pos=array([0., 0.]), size=array([10., 10.]), units='pix', vertices=ndarray(...), win=Window(...), windingRule=None)
172.8734 	EXP 	Created line1 = Rect(__class__=<class 'psychopy.visual.rect.Rect'>, anchor=('center', 'center'), autoDraw=False, autoLog=True, closeShape=True, color=method-wrapper(...), colorSpace='rgb', contrast=None, depth=-1.0, draggable=False, fillColor=array([1, 1, 1]), fillColorSpace='rgb', fillRGB=array([1, 1, 1]), interpolate=True, lineColor=array([1., 1., 1.]), lineColorSpace='rgb', lineRGB=array([1, 1, 1]), lineWidth=1.0, name='line1', opacity=1, ori=90.0, pos=array([-150.,    0.]), size=array([100.,  10.]), units='pix', vertices=ndarray(...), win=Window(...))
172.8745 	EXP 	Created line2 = Rect(__class__=<class 'psychopy.visual.rect.Rect'>, anchor=('center', 'center'), autoDraw=False, autoLog=True, closeShape=True, color=method-wrapper(...), colorSpace='rgb', contrast=None, depth=-2.0, draggable=False, fillColor=array([1, 1, 1]), fillColorSpace='rgb', fillRGB=array([1, 1, 1]), interpolate=True, lineColor=array([1., 1., 1.]), lineColorSpace='rgb', lineRGB=array([1, 1, 1]), lineWidth=1.0, name='line2', opacity=1, ori=90.0, pos=array([-50.,   0.]), size=array([100.,  10.]), units='pix', vertices=ndarray(...), win=Window(...))
172.8755 	EXP 	Created line3 = Rect(__class__=<class 'psychopy.visual.rect.Rect'>, anchor=('center', 'center'), autoDraw=False, autoLog=True, closeShape=True, color=method-wrapper(...), colorSpace='rgb', contrast=None, depth=-3.0, draggable=False, fillColor=array([1, 1, 1]), fillColorSpace='rgb', fillRGB=array([1, 1, 1]), interpolate=True, lineColor=array([1., 1., 1.]), lineColorSpace='rgb', lineRGB=array([1, 1, 1]), lineWidth=1.0, name='line3', opacity=1, ori=90.0, pos=array([50.,  0.]), size=array([100.,  10.]), units='pix', vertices=ndarray(...), win=Window(...))
172.8766 	EXP 	Created line4 = Rect(__class__=<class 'psychopy.visual.rect.Rect'>, anchor=('center', 'center'), autoDraw=False, autoLog=True, closeShape=True, color=method-wrapper(...), colorSpace='rgb', contrast=None, depth=-4.0, draggable=False, fillColor=array([1, 1, 1]), fillColorSpace='rgb', fillRGB=array([1, 1, 1]), interpolate=True, lineColor=array([1., 1., 1.]), lineColorSpace='rgb', lineRGB=array([1, 1, 1]), lineWidth=1.0, name='line4', opacity=1, ori=90.0, pos=array([150.,   0.]), size=array([100.,  10.]), units='pix', vertices=ndarray(...), win=Window(...))
172.8779 	EXP 	Created probe = ShapeStim(__class__=<class 'psychopy.visual.shape.ShapeStim'>, anchor=('center', 'center'), autoDraw=False, autoLog=True, closeShape=True, color=method-wrapper(...), colorSpace='rgb', contrast=None, depth=-5.0, draggable=False, fillColor=array([1, 1, 1]), fillColorSpace='rgb', fillRGB=array([1, 1, 1]), interpolate=True, lineColor=array([1., 1., 1.]), lineColorSpace='rgb', lineRGB=array([1, 1, 1]), lineWidth=1.0, name='probe', opacity=1, ori=0.0, pos=array([0., 0.]), size=array([10., 10.]), units='pix', vertices=ndarray(...), win=Window(...), windingRule=None)
0.0698 	EXP 	Imported /Users/tiaragajjar/Downloads/EXP 4 - Sheet1.csv as conditions, 4 conditions, 2 params
0.0743 	EXP 	New trial (rep=0, index=0): <Trial 0 (0 in rep 0) data={'pos': np.int64(-50), 'corr_resp': 'x', 'thisN': 0, 'thisTrialN': 0, 'thisRepN': 0}>
0.0834 	WARNING 	t of last frame was 67.30ms (=1/14)
0.0834 	EXP 	fixation: autoDraw = True
1.0204 	WARNING 	t of last frame was 28.44ms (=1/35)
1.0204 	EXP 	line1: autoDraw = True
1.0204 	EXP 	line2: autoDraw = True
1.0204 	EXP 	line3: autoDraw = True
1.0204 	EXP 	line4: autoDraw = True
1.0802 	EXP 	fixation: autoDraw = False
2.0007 	INFO 	Keyboard events cleared
2.0004 	EXP 	probe: autoDraw = True
2.8169 	EXP 	Device response: <KeyPress from None: t=2.425147083005868, value=x, duration=None>
2.8171 	EXP 	Device response: <KeyPress from None: t=2.425147083005868, value=x, duration=0.12043458299012855>
2.8173 	EXP 	New trial (rep=0, index=1): <Trial 1 (1 in rep 0) data={'pos': np.int64(150), 'corr_resp': 'v', 'thisN': 1, 'thisTrialN': 1, 'thisRepN': 0}>
2.8361 	DATA 	Keypress: x
2.8426 	WARNING 	t of last frame was 411.02ms (=1/2)
2.8426 	EXP 	fixation: autoDraw = False
2.8426 	EXP 	line1: autoDraw = False
2.8426 	EXP 	line2: autoDraw = False
2.8426 	EXP 	line3: autoDraw = False
2.8426 	EXP 	line4: autoDraw = False
2.8426 	EXP 	probe: autoDraw = False
2.8426 	EXP 	fixation: autoDraw = True
3.8159 	EXP 	line1: autoDraw = True
3.8159 	EXP 	line2: autoDraw = True
3.8159 	EXP 	line3: autoDraw = True
3.8159 	EXP 	line4: autoDraw = True
3.8311 	EXP 	fixation: autoDraw = False
4.8155 	INFO 	Keyboard events cleared
4.8153 	EXP 	probe: autoDraw = True
5.1826 	EXP 	Device response: <KeyPress from None: t=5.176032415998634, value=v, duration=None>
5.1831 	EXP 	New trial (rep=0, index=2): <Trial 2 (2 in rep 0) data={'pos': np.int64(50), 'corr_resp': 'c ', 'thisN': 2, 'thisTrialN': 2, 'thisRepN': 0}>
5.1899 	DATA 	Keypress: v
5.1943 	EXP 	fixation: autoDraw = False
5.1943 	EXP 	line1: autoDraw = False
5.1943 	EXP 	line2: autoDraw = False
5.1943 	EXP 	line3: autoDraw = False
5.1943 	EXP 	line4: autoDraw = False
5.1943 	EXP 	probe: autoDraw = False
5.1943 	EXP 	fixation: autoDraw = True
5.3435 	EXP 	Device response: <KeyPress from None: t=5.176032415998634, value=v, duration=0.15692308300640434>
6.1833 	EXP 	line1: autoDraw = True
6.1833 	EXP 	line2: autoDraw = True
6.1833 	EXP 	line3: autoDraw = True
6.1833 	EXP 	line4: autoDraw = True
6.1904 	EXP 	fixation: autoDraw = False
7.1827 	INFO 	Keyboard events cleared
7.1825 	EXP 	probe: autoDraw = True
7.4766 	EXP 	Device response: <KeyPress from None: t=7.467082123999717, value=c, duration=None>
7.4769 	EXP 	New trial (rep=0, index=3): <Trial 3 (3 in rep 0) data={'pos': np.int64(-150), 'corr_resp': 'z', 'thisN': 3, 'thisTrialN': 3, 'thisRepN': 0}>
7.4825 	DATA 	Keypress: c
7.4875 	EXP 	fixation: autoDraw = False
7.4875 	EXP 	line1: autoDraw = False
7.4875 	EXP 	line2: autoDraw = False
7.4875 	EXP 	line3: autoDraw = False
7.4875 	EXP 	line4: autoDraw = False
7.4875 	EXP 	probe: autoDraw = False
7.4875 	EXP 	fixation: autoDraw = True
7.5085 	WARNING 	t of last frame was 21.05ms (=1/47)
7.6432 	EXP 	Device response: <KeyPress from None: t=7.467082123999717, value=c, duration=0.17232954199425876>
8.4752 	EXP 	line1: autoDraw = True
8.4752 	EXP 	line2: autoDraw = True
8.4752 	EXP 	line3: autoDraw = True
8.4752 	EXP 	line4: autoDraw = True
8.4824 	EXP 	fixation: autoDraw = False
9.4754 	INFO 	Keyboard events cleared
9.4753 	EXP 	probe: autoDraw = True
9.7153 	EXP 	Device response: <KeyPress from None: t=9.709920833003707, value=z, duration=None>
9.7157 	EXP 	New trial (rep=1, index=0): <Trial 4 (0 in rep 1) data={'pos': np.int64(-50), 'corr_resp': 'x', 'thisN': 4, 'thisTrialN': 0, 'thisRepN': 1}>
9.7204 	DATA 	Keypress: z
9.7248 	EXP 	fixation: autoDraw = False
9.7248 	EXP 	line1: autoDraw = False
9.7248 	EXP 	line2: autoDraw = False
9.7248 	EXP 	line3: autoDraw = False
9.7248 	EXP 	line4: autoDraw = False
9.7248 	EXP 	probe: autoDraw = False
9.7248 	EXP 	fixation: autoDraw = True
9.8771 	EXP 	Device response: <KeyPress from None: t=9.709920833003707, value=z, duration=0.15648954099742696>
10.7152 	EXP 	fixation: autoDraw = False
10.7152 	EXP 	line1: autoDraw = True
10.7152 	EXP 	line2: autoDraw = True
10.7152 	EXP 	line3: autoDraw = True
10.7152 	EXP 	line4: autoDraw = True
11.7079 	INFO 	Keyboard events cleared
11.7077 	EXP 	probe: autoDraw = True
11.9096 	EXP 	Device response: <KeyPress from None: t=11.905104624005617, value=v, duration=None>
11.9101 	EXP 	New trial (rep=1, index=1): <Trial 5 (1 in rep 1) data={'pos': np.int64(150), 'corr_resp': 'v', 'thisN': 5, 'thisTrialN': 1, 'thisRepN': 1}>
11.9170 	DATA 	Keypress: v
11.9221 	EXP 	fixation: autoDraw = False
11.9221 	EXP 	line1: autoDraw = False
11.9221 	EXP 	line2: autoDraw = False
11.9221 	EXP 	line3: autoDraw = False
11.9221 	EXP 	line4: autoDraw = False
11.9221 	EXP 	probe: autoDraw = False
11.9221 	EXP 	fixation: autoDraw = True
12.0772 	EXP 	Device response: <KeyPress from None: t=11.905104624005617, value=v, duration=0.16020979199674912>
12.9084 	EXP 	line1: autoDraw = True
12.9084 	EXP 	line2: autoDraw = True
12.9084 	EXP 	line3: autoDraw = True
12.9084 	EXP 	line4: autoDraw = True
12.9145 	EXP 	fixation: autoDraw = False
13.9087 	INFO 	Keyboard events cleared
13.9085 	EXP 	probe: autoDraw = True
14.2659 	EXP 	Device response: <KeyPress from None: t=14.262843374002841, value=v, duration=None>
14.2663 	EXP 	New trial (rep=1, index=2): <Trial 6 (2 in rep 1) data={'pos': np.int64(50), 'corr_resp': 'c ', 'thisN': 6, 'thisTrialN': 2, 'thisRepN': 1}>
14.2875 	DATA 	Keypress: v
14.2916 	WARNING 	Multiple dropped frames have occurred - I'll stop bothering you about them!
14.2916 	EXP 	fixation: autoDraw = False
14.2916 	EXP 	line1: autoDraw = False
14.2916 	EXP 	line2: autoDraw = False
14.2916 	EXP 	line3: autoDraw = False
14.2916 	EXP 	line4: autoDraw = False
14.2916 	EXP 	probe: autoDraw = False
14.2916 	EXP 	fixation: autoDraw = True
14.3763 	EXP 	Device response: <KeyPress from None: t=14.262843374002841, value=v, duration=0.100304874998983>
15.2658 	EXP 	line1: autoDraw = True
15.2658 	EXP 	line2: autoDraw = True
15.2658 	EXP 	line3: autoDraw = True
15.2658 	EXP 	line4: autoDraw = True
15.2808 	EXP 	fixation: autoDraw = False
16.2657 	INFO 	Keyboard events cleared
16.2655 	EXP 	probe: autoDraw = True
16.5823 	EXP 	Device response: <KeyPress from None: t=16.58084658300504, value=c, duration=None>
16.5828 	EXP 	New trial (rep=1, index=3): <Trial 7 (3 in rep 1) data={'pos': np.int64(-150), 'corr_resp': 'z', 'thisN': 7, 'thisTrialN': 3, 'thisRepN': 1}>
16.5891 	DATA 	Keypress: c
16.5943 	EXP 	fixation: autoDraw = False
16.5943 	EXP 	line1: autoDraw = False
16.5943 	EXP 	line2: autoDraw = False
16.5943 	EXP 	line3: autoDraw = False
16.5943 	EXP 	line4: autoDraw = False
16.5943 	EXP 	probe: autoDraw = False
16.5943 	EXP 	fixation: autoDraw = True
16.7437 	EXP 	Device response: <KeyPress from None: t=16.58084658300504, value=c, duration=0.15224070799013134>
17.5804 	EXP 	line1: autoDraw = True
17.5804 	EXP 	line2: autoDraw = True
17.5804 	EXP 	line3: autoDraw = True
17.5804 	EXP 	line4: autoDraw = True
17.5907 	EXP 	fixation: autoDraw = False
18.5821 	INFO 	Keyboard events cleared
18.5819 	EXP 	probe: autoDraw = True
19.0834 	EXP 	Device response: <KeyPress from None: t=19.08076687400171, value=z, duration=None>
19.0838 	EXP 	New trial (rep=2, index=0): <Trial 8 (0 in rep 2) data={'pos': np.int64(-50), 'corr_resp': 'x', 'thisN': 8, 'thisTrialN': 0, 'thisRepN': 2}>
19.0900 	DATA 	Keypress: z
19.0942 	EXP 	fixation: autoDraw = False
19.0942 	EXP 	line1: autoDraw = False
19.0942 	EXP 	line2: autoDraw = False
19.0942 	EXP 	line3: autoDraw = False
19.0942 	EXP 	line4: autoDraw = False
19.0942 	EXP 	probe: autoDraw = False
19.0942 	EXP 	fixation: autoDraw = True
19.2272 	EXP 	Device response: <KeyPress from None: t=19.08076687400171, value=z, duration=0.1363276250049239>
20.0820 	EXP 	line1: autoDraw = True
20.0820 	EXP 	line2: autoDraw = True
20.0820 	EXP 	line3: autoDraw = True
20.0820 	EXP 	line4: autoDraw = True
20.0919 	EXP 	fixation: autoDraw = False
21.0820 	INFO 	Keyboard events cleared
21.0818 	EXP 	probe: autoDraw = True
21.3929 	EXP 	Device response: <KeyPress from None: t=21.39069787399785, value=x, duration=None>
21.3934 	EXP 	New trial (rep=2, index=1): <Trial 9 (1 in rep 2) data={'pos': np.int64(150), 'corr_resp': 'v', 'thisN': 9, 'thisTrialN': 1, 'thisRepN': 2}>
21.4001 	DATA 	Keypress: x
21.4049 	EXP 	fixation: autoDraw = False
21.4049 	EXP 	line1: autoDraw = False
21.4049 	EXP 	line2: autoDraw = False
21.4049 	EXP 	line3: autoDraw = False
21.4049 	EXP 	line4: autoDraw = False
21.4049 	EXP 	probe: autoDraw = False
21.4049 	EXP 	fixation: autoDraw = True
21.5431 	EXP 	Device response: <KeyPress from None: t=21.39069787399785, value=x, duration=0.14441325000370853>
22.3922 	EXP 	line1: autoDraw = True
22.3922 	EXP 	line2: autoDraw = True
22.3922 	EXP 	line3: autoDraw = True
22.3922 	EXP 	line4: autoDraw = True
22.3992 	EXP 	fixation: autoDraw = False
23.3921 	INFO 	Keyboard events cleared
23.3919 	EXP 	probe: autoDraw = True
23.7930 	EXP 	Device response: <KeyPress from None: t=23.78359208299662, value=v, duration=None>
23.7934 	EXP 	New trial (rep=2, index=2): <Trial 10 (2 in rep 2) data={'pos': np.int64(50), 'corr_resp': 'c ', 'thisN': 10, 'thisTrialN': 2, 'thisRepN': 2}>
23.8006 	DATA 	Keypress: v
23.8055 	EXP 	fixation: autoDraw = False
23.8055 	EXP 	line1: autoDraw = False
23.8055 	EXP 	line2: autoDraw = False
23.8055 	EXP 	line3: autoDraw = False
23.8055 	EXP 	line4: autoDraw = False
23.8055 	EXP 	probe: autoDraw = False
23.8055 	EXP 	fixation: autoDraw = True
23.9318 	EXP 	Device response: <KeyPress from None: t=23.78359208299662, value=v, duration=0.14442275000328664>
24.7919 	EXP 	line1: autoDraw = True
24.7919 	EXP 	line2: autoDraw = True
24.7919 	EXP 	line3: autoDraw = True
24.7919 	EXP 	line4: autoDraw = True
24.7987 	EXP 	fixation: autoDraw = False
25.7910 	INFO 	Keyboard events cleared
25.7907 	EXP 	probe: autoDraw = True
26.0767 	EXP 	Device response: <KeyPress from None: t=26.064609833003487, value=c, duration=None>
26.0772 	EXP 	New trial (rep=2, index=3): <Trial 11 (3 in rep 2) data={'pos': np.int64(-150), 'corr_resp': 'z', 'thisN': 11, 'thisTrialN': 3, 'thisRepN': 2}>
26.0844 	DATA 	Keypress: c
26.0893 	EXP 	fixation: autoDraw = False
26.0893 	EXP 	line1: autoDraw = False
26.0893 	EXP 	line2: autoDraw = False
26.0893 	EXP 	line3: autoDraw = False
26.0893 	EXP 	line4: autoDraw = False
26.0893 	EXP 	probe: autoDraw = False
26.0893 	EXP 	fixation: autoDraw = True
26.1767 	EXP 	Device response: <KeyPress from None: t=26.064609833003487, value=c, duration=0.10834854099084623>
27.0749 	EXP 	line1: autoDraw = True
27.0749 	EXP 	line2: autoDraw = True
27.0749 	EXP 	line3: autoDraw = True
27.0749 	EXP 	line4: autoDraw = True
27.0807 	EXP 	fixation: autoDraw = False
28.0754 	INFO 	Keyboard events cleared
28.0752 	EXP 	probe: autoDraw = True
28.4600 	EXP 	Device response: <KeyPress from None: t=28.455488958003116, value=z, duration=None>
28.4605 	EXP 	New trial (rep=3, index=0): <Trial 12 (0 in rep 3) data={'pos': np.int64(-50), 'corr_resp': 'x', 'thisN': 12, 'thisTrialN': 0, 'thisRepN': 3}>
28.4686 	DATA 	Keypress: z
28.4736 	EXP 	fixation: autoDraw = False
28.4736 	EXP 	line1: autoDraw = False
28.4736 	EXP 	line2: autoDraw = False
28.4736 	EXP 	line3: autoDraw = False
28.4736 	EXP 	line4: autoDraw = False
28.4736 	EXP 	probe: autoDraw = False
28.4736 	EXP 	fixation: autoDraw = True
28.6103 	EXP 	Device response: <KeyPress from None: t=28.455488958003116, value=z, duration=0.15255845799401868>
29.4585 	EXP 	line1: autoDraw = True
29.4585 	EXP 	line2: autoDraw = True
29.4585 	EXP 	line3: autoDraw = True
29.4585 	EXP 	line4: autoDraw = True
29.4645 	EXP 	fixation: autoDraw = False
30.4586 	INFO 	Keyboard events cleared
30.4584 	EXP 	probe: autoDraw = True
30.9485 	EXP 	Device response: <KeyPress from None: t=30.945456123998156, value=x, duration=None>
30.9489 	EXP 	New trial (rep=3, index=1): <Trial 13 (1 in rep 3) data={'pos': np.int64(150), 'corr_resp': 'v', 'thisN': 13, 'thisTrialN': 1, 'thisRepN': 3}>
30.9555 	DATA 	Keypress: x
30.9609 	EXP 	fixation: autoDraw = False
30.9609 	EXP 	line1: autoDraw = False
30.9609 	EXP 	line2: autoDraw = False
30.9609 	EXP 	line3: autoDraw = False
30.9609 	EXP 	line4: autoDraw = False
30.9609 	EXP 	probe: autoDraw = False
30.9609 	EXP 	fixation: autoDraw = True
31.0932 	EXP 	Device response: <KeyPress from None: t=30.945456123998156, value=x, duration=0.1403830420022132>
31.9483 	EXP 	line1: autoDraw = True
31.9483 	EXP 	line2: autoDraw = True
31.9483 	EXP 	line3: autoDraw = True
31.9483 	EXP 	line4: autoDraw = True
31.9584 	EXP 	fixation: autoDraw = False
32.9485 	INFO 	Keyboard events cleared
32.9484 	EXP 	probe: autoDraw = True
33.2931 	EXP 	Device response: <KeyPress from None: t=33.29135237399896, value=v, duration=None>
33.2936 	EXP 	New trial (rep=3, index=2): <Trial 14 (2 in rep 3) data={'pos': np.int64(50), 'corr_resp': 'c ', 'thisN': 14, 'thisTrialN': 2, 'thisRepN': 3}>
33.3006 	DATA 	Keypress: v
33.3055 	EXP 	fixation: autoDraw = False
33.3055 	EXP 	line1: autoDraw = False
33.3055 	EXP 	line2: autoDraw = False
33.3055 	EXP 	line3: autoDraw = False
33.3055 	EXP 	line4: autoDraw = False
33.3055 	EXP 	probe: autoDraw = False
33.3055 	EXP 	fixation: autoDraw = True
33.4604 	EXP 	Device response: <KeyPress from None: t=33.29135237399896, value=v, duration=0.1643464170047082>
34.2919 	EXP 	line1: autoDraw = True
34.2919 	EXP 	line2: autoDraw = True
34.2919 	EXP 	line3: autoDraw = True
34.2919 	EXP 	line4: autoDraw = True
34.2985 	EXP 	fixation: autoDraw = False
35.2919 	INFO 	Keyboard events cleared
35.2917 	EXP 	probe: autoDraw = True
35.5599 	EXP 	Device response: <KeyPress from None: t=35.54922533300123, value=c, duration=None>
35.5605 	EXP 	New trial (rep=3, index=3): <Trial 15 (3 in rep 3) data={'pos': np.int64(-150), 'corr_resp': 'z', 'thisN': 15, 'thisTrialN': 3, 'thisRepN': 3}>
35.5673 	DATA 	Keypress: c
35.5720 	EXP 	fixation: autoDraw = False
35.5720 	EXP 	line1: autoDraw = False
35.5720 	EXP 	line2: autoDraw = False
35.5720 	EXP 	line3: autoDraw = False
35.5720 	EXP 	line4: autoDraw = False
35.5720 	EXP 	probe: autoDraw = False
35.5720 	EXP 	fixation: autoDraw = True
35.6934 	EXP 	Device response: <KeyPress from None: t=35.54922533300123, value=c, duration=0.14043608300562482>
36.5585 	EXP 	line1: autoDraw = True
36.5585 	EXP 	line2: autoDraw = True
36.5585 	EXP 	line3: autoDraw = True
36.5585 	EXP 	line4: autoDraw = True
36.5648 	EXP 	fixation: autoDraw = False
37.5586 	INFO 	Keyboard events cleared
37.5584 	EXP 	probe: autoDraw = True
37.9761 	EXP 	Device response: <KeyPress from None: t=37.97414924899931, value=z, duration=None>
37.9766 	EXP 	New trial (rep=4, index=0): <Trial 16 (0 in rep 4) data={'pos': np.int64(-50), 'corr_resp': 'x', 'thisN': 16, 'thisTrialN': 0, 'thisRepN': 4}>
37.9835 	DATA 	Keypress: z
37.9883 	EXP 	fixation: autoDraw = False
37.9883 	EXP 	line1: autoDraw = False
37.9883 	EXP 	line2: autoDraw = False
37.9883 	EXP 	line3: autoDraw = False
37.9883 	EXP 	line4: autoDraw = False
37.9883 	EXP 	probe: autoDraw = False
37.9883 	EXP 	fixation: autoDraw = True
38.1101 	EXP 	Device response: <KeyPress from None: t=37.97414924899931, value=z, duration=0.12850587500724941>
38.9751 	EXP 	line1: autoDraw = True
38.9751 	EXP 	line2: autoDraw = True
38.9751 	EXP 	line3: autoDraw = True
38.9751 	EXP 	line4: autoDraw = True
38.9807 	EXP 	fixation: autoDraw = False
39.9752 	INFO 	Keyboard events cleared
39.9750 	EXP 	probe: autoDraw = True
40.2931 	EXP 	Device response: <KeyPress from None: t=40.28918862399587, value=x, duration=None>
40.2937 	EXP 	New trial (rep=4, index=1): <Trial 17 (1 in rep 4) data={'pos': np.int64(150), 'corr_resp': 'v', 'thisN': 17, 'thisTrialN': 1, 'thisRepN': 4}>
40.3007 	DATA 	Keypress: x
40.3056 	EXP 	fixation: autoDraw = False
40.3056 	EXP 	line1: autoDraw = False
40.3056 	EXP 	line2: autoDraw = False
40.3056 	EXP 	line3: autoDraw = False
40.3056 	EXP 	line4: autoDraw = False
40.3056 	EXP 	probe: autoDraw = False
40.3056 	EXP 	fixation: autoDraw = True
40.4484 	EXP 	Device response: <KeyPress from None: t=40.28918862399587, value=x, duration=0.15630195901030675>
41.2918 	EXP 	line1: autoDraw = True
41.2918 	EXP 	line2: autoDraw = True
41.2918 	EXP 	line3: autoDraw = True
41.2918 	EXP 	line4: autoDraw = True
41.2984 	EXP 	fixation: autoDraw = False
42.2919 	INFO 	Keyboard events cleared
42.2917 	EXP 	probe: autoDraw = True
42.5928 	EXP 	Device response: <KeyPress from None: t=42.58917404100066, value=v, duration=None>
42.5932 	EXP 	New trial (rep=4, index=2): <Trial 18 (2 in rep 4) data={'pos': np.int64(50), 'corr_resp': 'c ', 'thisN': 18, 'thisTrialN': 2, 'thisRepN': 4}>
42.6002 	DATA 	Keypress: v
42.6050 	EXP 	fixation: autoDraw = False
42.6050 	EXP 	line1: autoDraw = False
42.6050 	EXP 	line2: autoDraw = False
42.6050 	EXP 	line3: autoDraw = False
42.6050 	EXP 	line4: autoDraw = False
42.6050 	EXP 	probe: autoDraw = False
42.6050 	EXP 	fixation: autoDraw = True
42.7104 	EXP 	Device response: <KeyPress from None: t=42.58917404100066, value=v, duration=0.10829400000511669>
43.5918 	EXP 	line1: autoDraw = True
43.5918 	EXP 	line2: autoDraw = True
43.5918 	EXP 	line3: autoDraw = True
43.5918 	EXP 	line4: autoDraw = True
43.5983 	EXP 	fixation: autoDraw = False
44.5921 	INFO 	Keyboard events cleared
44.5918 	EXP 	probe: autoDraw = True
44.8485 	EXP 	Device response: <KeyPress from None: t=44.84607324900571, value=c, duration=None>
44.8489 	EXP 	New trial (rep=4, index=3): <Trial 19 (3 in rep 4) data={'pos': np.int64(-150), 'corr_resp': 'z', 'thisN': 19, 'thisTrialN': 3, 'thisRepN': 4}>
44.8552 	DATA 	Keypress: c
44.8606 	EXP 	fixation: autoDraw = False
44.8606 	EXP 	line1: autoDraw = False
44.8606 	EXP 	line2: autoDraw = False
44.8606 	EXP 	line3: autoDraw = False
44.8606 	EXP 	line4: autoDraw = False
44.8606 	EXP 	probe: autoDraw = False
44.8606 	EXP 	fixation: autoDraw = True
45.0253 	EXP 	Device response: <KeyPress from None: t=44.84607324900571, value=c, duration=0.1644783340016147>
45.8484 	EXP 	line1: autoDraw = True
45.8484 	EXP 	line2: autoDraw = True
45.8484 	EXP 	line3: autoDraw = True
45.8484 	EXP 	line4: autoDraw = True
45.8584 	EXP 	fixation: autoDraw = False
46.8419 	INFO 	Keyboard events cleared
46.8417 	EXP 	probe: autoDraw = True
47.2157 	EXP 	Device response: <KeyPress from None: t=47.20890779100591, value=z, duration=None>
47.2161 	EXP 	New trial (rep=5, index=0): <Trial 20 (0 in rep 5) data={'pos': np.int64(-50), 'corr_resp': 'x', 'thisN': 20, 'thisTrialN': 0, 'thisRepN': 5}>
47.2222 	DATA 	Keypress: z
47.2271 	EXP 	fixation: autoDraw = False
47.2271 	EXP 	line1: autoDraw = False
47.2271 	EXP 	line2: autoDraw = False
47.2271 	EXP 	line3: autoDraw = False
47.2271 	EXP 	line4: autoDraw = False
47.2271 	EXP 	probe: autoDraw = False
47.2271 	EXP 	fixation: autoDraw = True
47.4269 	EXP 	Device response: <KeyPress from None: t=47.20890779100591, value=z, duration=0.21286470799532253>
48.2156 	EXP 	line1: autoDraw = True
48.2156 	EXP 	line2: autoDraw = True
48.2156 	EXP 	line3: autoDraw = True
48.2156 	EXP 	line4: autoDraw = True
48.2250 	EXP 	fixation: autoDraw = False
49.2154 	INFO 	Keyboard events cleared
49.2152 	EXP 	probe: autoDraw = True
49.4487 	EXP 	Device response: <KeyPress from None: t=49.443771249003476, value=c, duration=None>
49.4491 	EXP 	New trial (rep=5, index=1): <Trial 21 (1 in rep 5) data={'pos': np.int64(150), 'corr_resp': 'v', 'thisN': 21, 'thisTrialN': 1, 'thisRepN': 5}>
49.4553 	DATA 	Keypress: c
49.4603 	EXP 	fixation: autoDraw = False
49.4603 	EXP 	line1: autoDraw = False
49.4603 	EXP 	line2: autoDraw = False
49.4603 	EXP 	line3: autoDraw = False
49.4603 	EXP 	line4: autoDraw = False
49.4603 	EXP 	probe: autoDraw = False
49.4603 	EXP 	fixation: autoDraw = True
49.5650 	EXP 	Device response: <KeyPress from None: t=49.443771249003476, value=c, duration=0.11651449999772012>
50.4488 	EXP 	line1: autoDraw = True
50.4488 	EXP 	line2: autoDraw = True
50.4488 	EXP 	line3: autoDraw = True
50.4488 	EXP 	line4: autoDraw = True
50.4583 	EXP 	fixation: autoDraw = False
51.4419 	INFO 	Keyboard events cleared
51.4417 	EXP 	probe: autoDraw = True
51.6823 	EXP 	Device response: <KeyPress from None: t=51.67791762399429, value=v, duration=None>
51.6829 	EXP 	New trial (rep=5, index=2): <Trial 22 (2 in rep 5) data={'pos': np.int64(50), 'corr_resp': 'c ', 'thisN': 22, 'thisTrialN': 2, 'thisRepN': 5}>
51.6897 	DATA 	Keypress: v
51.6940 	EXP 	fixation: autoDraw = False
51.6940 	EXP 	line1: autoDraw = False
51.6940 	EXP 	line2: autoDraw = False
51.6940 	EXP 	line3: autoDraw = False
51.6940 	EXP 	line4: autoDraw = False
51.6940 	EXP 	probe: autoDraw = False
51.6940 	EXP 	fixation: autoDraw = True
51.8154 	EXP 	Device response: <KeyPress from None: t=51.67791762399429, value=v, duration=0.13217383400478866>
52.6822 	EXP 	line1: autoDraw = True
52.6822 	EXP 	line2: autoDraw = True
52.6822 	EXP 	line3: autoDraw = True
52.6822 	EXP 	line4: autoDraw = True
52.6917 	EXP 	fixation: autoDraw = False
53.6860 	INFO 	Keyboard events cleared
53.6857 	EXP 	probe: autoDraw = True
54.0096 	EXP 	Device response: <KeyPress from None: t=54.00278729099955, value=c, duration=None>
54.0100 	EXP 	New trial (rep=5, index=3): <Trial 23 (3 in rep 5) data={'pos': np.int64(-150), 'corr_resp': 'z', 'thisN': 23, 'thisTrialN': 3, 'thisRepN': 5}>
54.0173 	DATA 	Keypress: c
54.0224 	EXP 	fixation: autoDraw = False
54.0224 	EXP 	line1: autoDraw = False
54.0224 	EXP 	line2: autoDraw = False
54.0224 	EXP 	line3: autoDraw = False
54.0224 	EXP 	line4: autoDraw = False
54.0224 	EXP 	probe: autoDraw = False
54.0224 	EXP 	fixation: autoDraw = True
54.1937 	EXP 	Device response: <KeyPress from None: t=54.00278729099955, value=c, duration=0.18441887499648146>
55.0084 	EXP 	line1: autoDraw = True
55.0084 	EXP 	line2: autoDraw = True
55.0084 	EXP 	line3: autoDraw = True
55.0084 	EXP 	line4: autoDraw = True
55.0149 	EXP 	fixation: autoDraw = False
56.0079 	INFO 	Keyboard events cleared
56.0077 	EXP 	probe: autoDraw = True
56.2766 	EXP 	Device response: <KeyPress from None: t=56.2718032910052, value=z, duration=None>
56.2773 	EXP 	New trial (rep=6, index=0): <Trial 24 (0 in rep 6) data={'pos': np.int64(-50), 'corr_resp': 'x', 'thisN': 24, 'thisTrialN': 0, 'thisRepN': 6}>
56.2847 	DATA 	Keypress: z
56.2898 	EXP 	fixation: autoDraw = False
56.2898 	EXP 	line1: autoDraw = False
56.2898 	EXP 	line2: autoDraw = False
56.2898 	EXP 	line3: autoDraw = False
56.2898 	EXP 	line4: autoDraw = False
56.2898 	EXP 	probe: autoDraw = False
56.2898 	EXP 	fixation: autoDraw = True
56.4438 	EXP 	Device response: <KeyPress from None: t=56.2718032910052, value=z, duration=0.16015754199179355>
57.2751 	EXP 	line1: autoDraw = True
57.2751 	EXP 	line2: autoDraw = True
57.2751 	EXP 	line3: autoDraw = True
57.2751 	EXP 	line4: autoDraw = True
57.2807 	EXP 	fixation: autoDraw = False
58.2752 	INFO 	Keyboard events cleared
58.2749 	EXP 	probe: autoDraw = True
58.2829 	EXP 	Device response: <KeyPress from None: t=58.27555841600406, value=x, duration=None>
58.2833 	EXP 	New trial (rep=6, index=1): <Trial 25 (1 in rep 6) data={'pos': np.int64(150), 'corr_resp': 'v', 'thisN': 25, 'thisTrialN': 1, 'thisRepN': 6}>
58.2897 	DATA 	Keypress: x
58.2941 	EXP 	fixation: autoDraw = False
58.2941 	EXP 	line1: autoDraw = False
58.2941 	EXP 	line2: autoDraw = False
58.2941 	EXP 	line3: autoDraw = False
58.2941 	EXP 	line4: autoDraw = False
58.2941 	EXP 	probe: autoDraw = False
58.2941 	EXP 	fixation: autoDraw = True
58.4437 	EXP 	Device response: <KeyPress from None: t=58.27555841600406, value=x, duration=0.15732749999733642>
59.2821 	EXP 	line1: autoDraw = True
59.2821 	EXP 	line2: autoDraw = True
59.2821 	EXP 	line3: autoDraw = True
59.2821 	EXP 	line4: autoDraw = True
59.2917 	EXP 	fixation: autoDraw = False
60.2816 	INFO 	Keyboard events cleared
60.2814 	EXP 	probe: autoDraw = True
60.5262 	EXP 	Device response: <KeyPress from None: t=60.51659262400062, value=v, duration=None>
60.5266 	EXP 	New trial (rep=6, index=2): <Trial 26 (2 in rep 6) data={'pos': np.int64(50), 'corr_resp': 'c ', 'thisN': 26, 'thisTrialN': 2, 'thisRepN': 6}>
60.5334 	DATA 	Keypress: v
60.5382 	EXP 	fixation: autoDraw = False
60.5382 	EXP 	line1: autoDraw = False
60.5382 	EXP 	line2: autoDraw = False
60.5382 	EXP 	line3: autoDraw = False
60.5382 	EXP 	line4: autoDraw = False
60.5382 	EXP 	probe: autoDraw = False
60.5382 	EXP 	fixation: autoDraw = True
60.6485 	EXP 	Device response: <KeyPress from None: t=60.51659262400062, value=v, duration=0.12834216699411627>
61.5249 	EXP 	line1: autoDraw = True
61.5249 	EXP 	line2: autoDraw = True
61.5249 	EXP 	line3: autoDraw = True
61.5249 	EXP 	line4: autoDraw = True
61.5306 	EXP 	fixation: autoDraw = False
62.5252 	INFO 	Keyboard events cleared
62.5250 	EXP 	probe: autoDraw = True
62.7823 	EXP 	Device response: <KeyPress from None: t=62.77951199900417, value=c, duration=None>
62.7828 	EXP 	New trial (rep=6, index=3): <Trial 27 (3 in rep 6) data={'pos': np.int64(-150), 'corr_resp': 'z', 'thisN': 27, 'thisTrialN': 3, 'thisRepN': 6}>
62.7893 	DATA 	Keypress: c
62.7941 	EXP 	fixation: autoDraw = False
62.7941 	EXP 	line1: autoDraw = False
62.7941 	EXP 	line2: autoDraw = False
62.7941 	EXP 	line3: autoDraw = False
62.7941 	EXP 	line4: autoDraw = False
62.7941 	EXP 	probe: autoDraw = False
62.7941 	EXP 	fixation: autoDraw = True
62.9602 	EXP 	Device response: <KeyPress from None: t=62.77951199900417, value=c, duration=0.1723869589914102>
63.7825 	EXP 	line1: autoDraw = True
63.7825 	EXP 	line2: autoDraw = True
63.7825 	EXP 	line3: autoDraw = True
63.7825 	EXP 	line4: autoDraw = True
63.7918 	EXP 	fixation: autoDraw = False
64.7824 	INFO 	Keyboard events cleared
64.7821 	EXP 	probe: autoDraw = True
65.1431 	EXP 	Device response: <KeyPress from None: t=65.13647191600467, value=z, duration=None>
65.1435 	EXP 	New trial (rep=7, index=0): <Trial 28 (0 in rep 7) data={'pos': np.int64(-50), 'corr_resp': 'x', 'thisN': 28, 'thisTrialN': 0, 'thisRepN': 7}>
65.1512 	DATA 	Keypress: z
65.1563 	EXP 	fixation: autoDraw = False
65.1563 	EXP 	line1: autoDraw = False
65.1563 	EXP 	line2: autoDraw = False
65.1563 	EXP 	line3: autoDraw = False
65.1563 	EXP 	line4: autoDraw = False
65.1563 	EXP 	probe: autoDraw = False
65.1563 	EXP 	fixation: autoDraw = True
65.2595 	EXP 	Device response: <KeyPress from None: t=65.13647191600467, value=z, duration=0.11219195798912551>
66.1421 	EXP 	line1: autoDraw = True
66.1421 	EXP 	line2: autoDraw = True
66.1421 	EXP 	line3: autoDraw = True
66.1421 	EXP 	line4: autoDraw = True
66.1482 	EXP 	fixation: autoDraw = False
67.1419 	INFO 	Keyboard events cleared
67.1417 	EXP 	probe: autoDraw = True
67.4596 	EXP 	Device response: <KeyPress from None: t=67.45247687399387, value=x, duration=None>
67.4601 	EXP 	New trial (rep=7, index=1): <Trial 29 (1 in rep 7) data={'pos': np.int64(150), 'corr_resp': 'v', 'thisN': 29, 'thisTrialN': 1, 'thisRepN': 7}>
67.4672 	DATA 	Keypress: x
67.4723 	EXP 	fixation: autoDraw = False
67.4723 	EXP 	line1: autoDraw = False
67.4723 	EXP 	line2: autoDraw = False
67.4723 	EXP 	line3: autoDraw = False
67.4723 	EXP 	line4: autoDraw = False
67.4723 	EXP 	probe: autoDraw = False
67.4723 	EXP 	fixation: autoDraw = True
67.6317 	EXP 	Device response: <KeyPress from None: t=67.45247687399387, value=x, duration=0.1762541250063805>
68.4586 	EXP 	line1: autoDraw = True
68.4586 	EXP 	line2: autoDraw = True
68.4586 	EXP 	line3: autoDraw = True
68.4586 	EXP 	line4: autoDraw = True
68.4655 	EXP 	fixation: autoDraw = False
69.4585 	INFO 	Keyboard events cleared
69.4583 	EXP 	probe: autoDraw = True
69.7764 	EXP 	Device response: <KeyPress from None: t=69.76731441600714, value=v, duration=None>
69.7769 	EXP 	New trial (rep=7, index=2): <Trial 30 (2 in rep 7) data={'pos': np.int64(50), 'corr_resp': 'c ', 'thisN': 30, 'thisTrialN': 2, 'thisRepN': 7}>
69.7840 	DATA 	Keypress: v
69.7890 	EXP 	fixation: autoDraw = False
69.7890 	EXP 	line1: autoDraw = False
69.7890 	EXP 	line2: autoDraw = False
69.7890 	EXP 	line3: autoDraw = False
69.7890 	EXP 	line4: autoDraw = False
69.7890 	EXP 	probe: autoDraw = False
69.7890 	EXP 	fixation: autoDraw = True
69.8820 	EXP 	Device response: <KeyPress from None: t=69.76731441600714, value=v, duration=0.11232120799832046>
70.7751 	EXP 	line1: autoDraw = True
70.7751 	EXP 	line2: autoDraw = True
70.7751 	EXP 	line3: autoDraw = True
70.7751 	EXP 	line4: autoDraw = True
70.7820 	EXP 	fixation: autoDraw = False
71.7751 	INFO 	Keyboard events cleared
71.7749 	EXP 	probe: autoDraw = True
72.0482 	EXP 	Device response: <KeyPress from None: t=72.04442249900603, value=c, duration=None>
72.0486 	EXP 	New trial (rep=7, index=3): <Trial 31 (3 in rep 7) data={'pos': np.int64(-150), 'corr_resp': 'z', 'thisN': 31, 'thisTrialN': 3, 'thisRepN': 7}>
72.0550 	DATA 	Keypress: c
72.0605 	EXP 	fixation: autoDraw = False
72.0605 	EXP 	line1: autoDraw = False
72.0605 	EXP 	line2: autoDraw = False
72.0605 	EXP 	line3: autoDraw = False
72.0605 	EXP 	line4: autoDraw = False
72.0605 	EXP 	probe: autoDraw = False
72.0605 	EXP 	fixation: autoDraw = True
72.1936 	EXP 	Device response: <KeyPress from None: t=72.04442249900603, value=c, duration=0.14417741699435282>
73.0418 	EXP 	line1: autoDraw = True
73.0418 	EXP 	line2: autoDraw = True
73.0418 	EXP 	line3: autoDraw = True
73.0418 	EXP 	line4: autoDraw = True
73.0584 	EXP 	fixation: autoDraw = False
74.0419 	INFO 	Keyboard events cleared
74.0417 	EXP 	probe: autoDraw = True
74.3598 	EXP 	Device response: <KeyPress from None: t=74.34820679099357, value=z, duration=None>
74.3603 	EXP 	New trial (rep=8, index=0): <Trial 32 (0 in rep 8) data={'pos': np.int64(-50), 'corr_resp': 'x', 'thisN': 32, 'thisTrialN': 0, 'thisRepN': 8}>
74.3673 	DATA 	Keypress: z
74.3720 	EXP 	fixation: autoDraw = False
74.3720 	EXP 	line1: autoDraw = False
74.3720 	EXP 	line2: autoDraw = False
74.3720 	EXP 	line3: autoDraw = False
74.3720 	EXP 	line4: autoDraw = False
74.3720 	EXP 	probe: autoDraw = False
74.3720 	EXP 	fixation: autoDraw = True
74.4819 	EXP 	Device response: <KeyPress from None: t=74.34820679099357, value=z, duration=0.12836866700672545>
75.3584 	EXP 	line1: autoDraw = True
75.3584 	EXP 	line2: autoDraw = True
75.3584 	EXP 	line3: autoDraw = True
75.3584 	EXP 	line4: autoDraw = True
75.3655 	EXP 	fixation: autoDraw = False
76.3586 	INFO 	Keyboard events cleared
76.3584 	EXP 	probe: autoDraw = True
76.6427 	EXP 	Device response: <KeyPress from None: t=76.64027008299308, value=x, duration=None>
76.6434 	EXP 	New trial (rep=8, index=1): <Trial 33 (1 in rep 8) data={'pos': np.int64(150), 'corr_resp': 'v', 'thisN': 33, 'thisTrialN': 1, 'thisRepN': 8}>
76.6509 	DATA 	Keypress: x
76.6558 	EXP 	fixation: autoDraw = False
76.6558 	EXP 	line1: autoDraw = False
76.6558 	EXP 	line2: autoDraw = False
76.6558 	EXP 	line3: autoDraw = False
76.6558 	EXP 	line4: autoDraw = False
76.6558 	EXP 	probe: autoDraw = False
76.6558 	EXP 	fixation: autoDraw = True
76.7818 	EXP 	Device response: <KeyPress from None: t=76.64027008299308, value=x, duration=0.13628925000375602>
77.6413 	EXP 	line1: autoDraw = True
77.6413 	EXP 	line2: autoDraw = True
77.6413 	EXP 	line3: autoDraw = True
77.6413 	EXP 	line4: autoDraw = True
77.6475 	EXP 	fixation: autoDraw = False
78.6418 	INFO 	Keyboard events cleared
78.6416 	EXP 	probe: autoDraw = True
79.0097 	EXP 	Device response: <KeyPress from None: t=79.00416779100487, value=v, duration=None>
79.0102 	EXP 	New trial (rep=8, index=2): <Trial 34 (2 in rep 8) data={'pos': np.int64(50), 'corr_resp': 'c ', 'thisN': 34, 'thisTrialN': 2, 'thisRepN': 8}>
79.0170 	DATA 	Keypress: v
79.0219 	EXP 	fixation: autoDraw = False
79.0219 	EXP 	line1: autoDraw = False
79.0219 	EXP 	line2: autoDraw = False
79.0219 	EXP 	line3: autoDraw = False
79.0219 	EXP 	line4: autoDraw = False
79.0219 	EXP 	probe: autoDraw = False
79.0219 	EXP 	fixation: autoDraw = True
79.1461 	EXP 	Device response: <KeyPress from None: t=79.00416779100487, value=v, duration=0.14028458300163038>
80.0081 	EXP 	line1: autoDraw = True
80.0081 	EXP 	line2: autoDraw = True
80.0081 	EXP 	line3: autoDraw = True
80.0081 	EXP 	line4: autoDraw = True
80.0153 	EXP 	fixation: autoDraw = False
81.0088 	INFO 	Keyboard events cleared
81.0086 	EXP 	probe: autoDraw = True
81.2993 	EXP 	Device response: <KeyPress from None: t=81.29594862399972, value=c, duration=None>
81.2997 	EXP 	New trial (rep=8, index=3): <Trial 35 (3 in rep 8) data={'pos': np.int64(-150), 'corr_resp': 'z', 'thisN': 35, 'thisTrialN': 3, 'thisRepN': 8}>
81.3064 	DATA 	Keypress: c
81.3109 	EXP 	fixation: autoDraw = False
81.3109 	EXP 	line1: autoDraw = False
81.3109 	EXP 	line2: autoDraw = False
81.3109 	EXP 	line3: autoDraw = False
81.3109 	EXP 	line4: autoDraw = False
81.3109 	EXP 	probe: autoDraw = False
81.3109 	EXP 	fixation: autoDraw = True
81.3939 	EXP 	Device response: <KeyPress from None: t=81.29594862399972, value=c, duration=0.09239708399400115>
82.2948 	EXP 	line1: autoDraw = True
82.2948 	EXP 	line2: autoDraw = True
82.2948 	EXP 	line3: autoDraw = True
82.2948 	EXP 	line4: autoDraw = True
82.3082 	EXP 	fixation: autoDraw = False
83.2984 	INFO 	Keyboard events cleared
83.2982 	EXP 	probe: autoDraw = True
83.6097 	EXP 	Device response: <KeyPress from None: t=83.60289616600494, value=z, duration=None>
83.6104 	EXP 	New trial (rep=9, index=0): <Trial 36 (0 in rep 9) data={'pos': np.int64(-50), 'corr_resp': 'x', 'thisN': 36, 'thisTrialN': 0, 'thisRepN': 9}>
83.6172 	DATA 	Keypress: z
83.6220 	EXP 	fixation: autoDraw = False
83.6220 	EXP 	line1: autoDraw = False
83.6220 	EXP 	line2: autoDraw = False
83.6220 	EXP 	line3: autoDraw = False
83.6220 	EXP 	line4: autoDraw = False
83.6220 	EXP 	probe: autoDraw = False
83.6220 	EXP 	fixation: autoDraw = True
83.7606 	EXP 	Device response: <KeyPress from None: t=83.60289616600494, value=z, duration=0.15319158299826086>
84.6069 	EXP 	line1: autoDraw = True
84.6069 	EXP 	line2: autoDraw = True
84.6069 	EXP 	line3: autoDraw = True
84.6069 	EXP 	line4: autoDraw = True
84.6115 	EXP 	fixation: autoDraw = False
85.6080 	INFO 	Keyboard events cleared
85.6078 	EXP 	probe: autoDraw = True
85.9259 	EXP 	Device response: <KeyPress from None: t=85.92095679100021, value=x, duration=None>
85.9264 	EXP 	New trial (rep=9, index=1): <Trial 37 (1 in rep 9) data={'pos': np.int64(150), 'corr_resp': 'v', 'thisN': 37, 'thisTrialN': 1, 'thisRepN': 9}>
85.9334 	DATA 	Keypress: x
85.9384 	EXP 	fixation: autoDraw = False
85.9384 	EXP 	line1: autoDraw = False
85.9384 	EXP 	line2: autoDraw = False
85.9384 	EXP 	line3: autoDraw = False
85.9384 	EXP 	line4: autoDraw = False
85.9384 	EXP 	probe: autoDraw = False
85.9384 	EXP 	fixation: autoDraw = True
86.0994 	EXP 	Device response: <KeyPress from None: t=85.92095679100021, value=x, duration=0.1721853750059381>
86.9250 	EXP 	line1: autoDraw = True
86.9250 	EXP 	line2: autoDraw = True
86.9250 	EXP 	line3: autoDraw = True
86.9250 	EXP 	line4: autoDraw = True
86.9314 	EXP 	fixation: autoDraw = False
87.9249 	INFO 	Keyboard events cleared
87.9246 	EXP 	probe: autoDraw = True
88.2149 	EXP 	Device response: <KeyPress from None: t=88.21185587400396, value=v, duration=None>
88.2154 	EXP 	New trial (rep=9, index=2): <Trial 38 (2 in rep 9) data={'pos': np.int64(50), 'corr_resp': 'c ', 'thisN': 38, 'thisTrialN': 2, 'thisRepN': 9}>
88.2221 	DATA 	Keypress: v
88.2276 	EXP 	fixation: autoDraw = False
88.2276 	EXP 	line1: autoDraw = False
88.2276 	EXP 	line2: autoDraw = False
88.2276 	EXP 	line3: autoDraw = False
88.2276 	EXP 	line4: autoDraw = False
88.2276 	EXP 	probe: autoDraw = False
88.2276 	EXP 	fixation: autoDraw = True
88.3426 	EXP 	Device response: <KeyPress from None: t=88.21185587400396, value=v, duration=0.12027104198932648>
89.2167 	EXP 	line1: autoDraw = True
89.2167 	EXP 	line2: autoDraw = True
89.2167 	EXP 	line3: autoDraw = True
89.2167 	EXP 	line4: autoDraw = True
89.2236 	EXP 	fixation: autoDraw = False
90.2158 	INFO 	Keyboard events cleared
90.2156 	EXP 	probe: autoDraw = True
90.4929 	EXP 	Device response: <KeyPress from None: t=90.48582833299588, value=c, duration=None>
90.4935 	EXP 	New trial (rep=9, index=3): <Trial 39 (3 in rep 9) data={'pos': np.int64(-150), 'corr_resp': 'z', 'thisN': 39, 'thisTrialN': 3, 'thisRepN': 9}>
90.5005 	DATA 	Keypress: c
90.5055 	EXP 	fixation: autoDraw = False
90.5055 	EXP 	line1: autoDraw = False
90.5055 	EXP 	line2: autoDraw = False
90.5055 	EXP 	line3: autoDraw = False
90.5055 	EXP 	line4: autoDraw = False
90.5055 	EXP 	probe: autoDraw = False
90.5055 	EXP 	fixation: autoDraw = True
90.6485 	EXP 	Device response: <KeyPress from None: t=90.48582833299588, value=c, duration=0.1603258750110399>
91.4912 	EXP 	line1: autoDraw = True
91.4912 	EXP 	line2: autoDraw = True
91.4912 	EXP 	line3: autoDraw = True
91.4912 	EXP 	line4: autoDraw = True
91.4980 	EXP 	fixation: autoDraw = False
92.4916 	INFO 	Keyboard events cleared
92.4915 	EXP 	probe: autoDraw = True
92.8095 	EXP 	Device response: <KeyPress from None: t=92.80482133300393, value=z, duration=None>
92.8099 	EXP 	New trial (rep=10, index=0): <Trial 40 (0 in rep 10) data={'pos': np.int64(-50), 'corr_resp': 'x', 'thisN': 40, 'thisTrialN': 0, 'thisRepN': 10}>
92.8167 	DATA 	Keypress: z
92.8218 	EXP 	fixation: autoDraw = False
92.8218 	EXP 	line1: autoDraw = False
92.8218 	EXP 	line2: autoDraw = False
92.8218 	EXP 	line3: autoDraw = False
92.8218 	EXP 	line4: autoDraw = False
92.8218 	EXP 	probe: autoDraw = False
92.8218 	EXP 	fixation: autoDraw = True
92.9434 	EXP 	Device response: <KeyPress from None: t=92.80482133300393, value=z, duration=0.1281574579916196>
93.8082 	EXP 	line1: autoDraw = True
93.8082 	EXP 	line2: autoDraw = True
93.8082 	EXP 	line3: autoDraw = True
93.8082 	EXP 	line4: autoDraw = True
93.8136 	EXP 	fixation: autoDraw = False
94.8084 	INFO 	Keyboard events cleared
94.8082 	EXP 	probe: autoDraw = True
95.0764 	EXP 	Device response: <KeyPress from None: t=95.07162741599313, value=x, duration=None>
95.0770 	EXP 	New trial (rep=10, index=1): <Trial 41 (1 in rep 10) data={'pos': np.int64(150), 'corr_resp': 'v', 'thisN': 41, 'thisTrialN': 1, 'thisRepN': 10}>
95.0839 	DATA 	Keypress: x
95.0889 	EXP 	fixation: autoDraw = False
95.0889 	EXP 	line1: autoDraw = False
95.0889 	EXP 	line2: autoDraw = False
95.0889 	EXP 	line3: autoDraw = False
95.0889 	EXP 	line4: autoDraw = False
95.0889 	EXP 	probe: autoDraw = False
95.0889 	EXP 	fixation: autoDraw = True
95.2479 	EXP 	Device response: <KeyPress from None: t=95.07162741599313, value=x, duration=0.17230904201278463>
96.0752 	EXP 	line1: autoDraw = True
96.0752 	EXP 	line2: autoDraw = True
96.0752 	EXP 	line3: autoDraw = True
96.0752 	EXP 	line4: autoDraw = True
96.0817 	EXP 	fixation: autoDraw = False
97.0751 	INFO 	Keyboard events cleared
97.0749 	EXP 	probe: autoDraw = True
97.3761 	EXP 	Device response: <KeyPress from None: t=97.36643179100065, value=v, duration=None>
97.3766 	EXP 	New trial (rep=10, index=2): <Trial 42 (2 in rep 10) data={'pos': np.int64(50), 'corr_resp': 'c ', 'thisN': 42, 'thisTrialN': 2, 'thisRepN': 10}>
97.3831 	DATA 	Keypress: v
97.3881 	EXP 	fixation: autoDraw = False
97.3881 	EXP 	line1: autoDraw = False
97.3881 	EXP 	line2: autoDraw = False
97.3881 	EXP 	line3: autoDraw = False
97.3881 	EXP 	line4: autoDraw = False
97.3881 	EXP 	probe: autoDraw = False
97.3881 	EXP 	fixation: autoDraw = True
97.4766 	EXP 	Device response: <KeyPress from None: t=97.36643179100065, value=v, duration=0.10074920799524989>
98.3748 	EXP 	line1: autoDraw = True
98.3748 	EXP 	line2: autoDraw = True
98.3748 	EXP 	line3: autoDraw = True
98.3748 	EXP 	line4: autoDraw = True
98.3807 	EXP 	fixation: autoDraw = False
99.3752 	INFO 	Keyboard events cleared
99.3750 	EXP 	probe: autoDraw = True
99.6429 	EXP 	Device response: <KeyPress from None: t=99.6315253329958, value=c, duration=None>
99.6436 	EXP 	New trial (rep=10, index=3): <Trial 43 (3 in rep 10) data={'pos': np.int64(-150), 'corr_resp': 'z', 'thisN': 43, 'thisTrialN': 3, 'thisRepN': 10}>
99.6506 	DATA 	Keypress: c
99.6554 	EXP 	fixation: autoDraw = False
99.6554 	EXP 	line1: autoDraw = False
99.6554 	EXP 	line2: autoDraw = False
99.6554 	EXP 	line3: autoDraw = False
99.6554 	EXP 	line4: autoDraw = False
99.6554 	EXP 	probe: autoDraw = False
99.6554 	EXP 	fixation: autoDraw = True
99.7651 	EXP 	Device response: <KeyPress from None: t=99.6315253329958, value=c, duration=0.13226758300152142>
100.6415 	EXP 	line1: autoDraw = True
100.6415 	EXP 	line2: autoDraw = True
100.6415 	EXP 	line3: autoDraw = True
100.6415 	EXP 	line4: autoDraw = True
100.6479 	EXP 	fixation: autoDraw = False
101.6418 	INFO 	Keyboard events cleared
101.6416 	EXP 	probe: autoDraw = True
101.9262 	EXP 	Device response: <KeyPress from None: t=101.92444116600382, value=z, duration=None>
101.9268 	EXP 	New trial (rep=11, index=0): <Trial 44 (0 in rep 11) data={'pos': np.int64(-50), 'corr_resp': 'x', 'thisN': 44, 'thisTrialN': 0, 'thisRepN': 11}>
101.9339 	DATA 	Keypress: z
101.9388 	EXP 	fixation: autoDraw = False
101.9388 	EXP 	line1: autoDraw = False
101.9388 	EXP 	line2: autoDraw = False
101.9388 	EXP 	line3: autoDraw = False
101.9388 	EXP 	line4: autoDraw = False
101.9388 	EXP 	probe: autoDraw = False
101.9388 	EXP 	fixation: autoDraw = True
102.1483 	EXP 	Device response: <KeyPress from None: t=101.92444116600382, value=z, duration=0.22028875000250991>
102.9248 	EXP 	line1: autoDraw = True
102.9248 	EXP 	line2: autoDraw = True
102.9248 	EXP 	line3: autoDraw = True
102.9248 	EXP 	line4: autoDraw = True
102.9308 	EXP 	fixation: autoDraw = False
103.9251 	INFO 	Keyboard events cleared
103.9248 	EXP 	probe: autoDraw = True
104.0489 	EXP 	Device response: <KeyPress from None: t=104.04711187399516, value=x, duration=None>
104.0493 	EXP 	New trial (rep=11, index=1): <Trial 45 (1 in rep 11) data={'pos': np.int64(150), 'corr_resp': 'v', 'thisN': 45, 'thisTrialN': 1, 'thisRepN': 11}>
104.0557 	DATA 	Keypress: x
104.0601 	EXP 	fixation: autoDraw = False
104.0601 	EXP 	line1: autoDraw = False
104.0601 	EXP 	line2: autoDraw = False
104.0601 	EXP 	line3: autoDraw = False
104.0601 	EXP 	line4: autoDraw = False
104.0601 	EXP 	probe: autoDraw = False
104.0601 	EXP 	fixation: autoDraw = True
104.2599 	EXP 	Device response: <KeyPress from None: t=104.04711187399516, value=x, duration=0.20753083399904426>
105.0490 	EXP 	line1: autoDraw = True
105.0490 	EXP 	line2: autoDraw = True
105.0490 	EXP 	line3: autoDraw = True
105.0490 	EXP 	line4: autoDraw = True
105.0576 	EXP 	fixation: autoDraw = False
106.0486 	INFO 	Keyboard events cleared
106.0484 	EXP 	probe: autoDraw = True
106.3431 	EXP 	Device response: <KeyPress from None: t=106.33536104099767, value=v, duration=None>
106.3437 	EXP 	New trial (rep=11, index=2): <Trial 46 (2 in rep 11) data={'pos': np.int64(50), 'corr_resp': 'c ', 'thisN': 46, 'thisTrialN': 2, 'thisRepN': 11}>
106.3506 	DATA 	Keypress: v
106.3556 	EXP 	fixation: autoDraw = False
106.3556 	EXP 	line1: autoDraw = False
106.3556 	EXP 	line2: autoDraw = False
106.3556 	EXP 	line3: autoDraw = False
106.3556 	EXP 	line4: autoDraw = False
106.3556 	EXP 	probe: autoDraw = False
106.3556 	EXP 	fixation: autoDraw = True
106.4435 	EXP 	Device response: <KeyPress from None: t=106.33536104099767, value=v, duration=0.09630179200030398>
107.3414 	EXP 	line1: autoDraw = True
107.3414 	EXP 	line2: autoDraw = True
107.3414 	EXP 	line3: autoDraw = True
107.3414 	EXP 	line4: autoDraw = True
107.3473 	EXP 	fixation: autoDraw = False
108.1986 	EXP 	Device response: <KeyPress from None: t=108.19735191599466, value=c, duration=None>
108.2145 	DATA 	Keypress: c
108.3406 	INFO 	Keyboard events cleared
108.3404 	EXP 	probe: autoDraw = True
108.3995 	EXP 	Device response: <KeyPress from None: t=108.19735191599466, value=c, duration=0.20022870801039971>
108.7929 	EXP 	Device response: <KeyPress from None: t=108.78730604100565, value=c, duration=None>
108.7935 	EXP 	New trial (rep=11, index=3): <Trial 47 (3 in rep 11) data={'pos': np.int64(-150), 'corr_resp': 'z', 'thisN': 47, 'thisTrialN': 3, 'thisRepN': 11}>
108.8004 	DATA 	Keypress: c
108.8052 	EXP 	fixation: autoDraw = False
108.8052 	EXP 	line1: autoDraw = False
108.8052 	EXP 	line2: autoDraw = False
108.8052 	EXP 	line3: autoDraw = False
108.8052 	EXP 	line4: autoDraw = False
108.8052 	EXP 	probe: autoDraw = False
108.8052 	EXP 	fixation: autoDraw = True
108.9142 	EXP 	Device response: <KeyPress from None: t=108.78730604100565, value=c, duration=0.12427033299172763>
109.7915 	EXP 	line1: autoDraw = True
109.7915 	EXP 	line2: autoDraw = True
109.7915 	EXP 	line3: autoDraw = True
109.7915 	EXP 	line4: autoDraw = True
109.7982 	EXP 	fixation: autoDraw = False
110.7919 	INFO 	Keyboard events cleared
110.7916 	EXP 	probe: autoDraw = True
111.1260 	EXP 	Device response: <KeyPress from None: t=111.11617541599844, value=z, duration=None>
111.1264 	EXP 	New trial (rep=12, index=0): <Trial 48 (0 in rep 12) data={'pos': np.int64(-50), 'corr_resp': 'x', 'thisN': 48, 'thisTrialN': 0, 'thisRepN': 12}>
111.1330 	DATA 	Keypress: z
111.1379 	EXP 	fixation: autoDraw = False
111.1379 	EXP 	line1: autoDraw = False
111.1379 	EXP 	line2: autoDraw = False
111.1379 	EXP 	line3: autoDraw = False
111.1379 	EXP 	line4: autoDraw = False
111.1379 	EXP 	probe: autoDraw = False
111.1379 	EXP 	fixation: autoDraw = True
111.2815 	EXP 	Device response: <KeyPress from None: t=111.11617541599844, value=z, duration=0.16025008300493937>
112.1246 	EXP 	line1: autoDraw = True
112.1246 	EXP 	line2: autoDraw = True
112.1246 	EXP 	line3: autoDraw = True
112.1246 	EXP 	line4: autoDraw = True
112.1303 	EXP 	fixation: autoDraw = False
113.1249 	INFO 	Keyboard events cleared
113.1247 	EXP 	probe: autoDraw = True
113.3752 	EXP 	Device response: <KeyPress from None: t=113.36913433299924, value=x, duration=None>
113.3756 	EXP 	New trial (rep=12, index=1): <Trial 49 (1 in rep 12) data={'pos': np.int64(150), 'corr_resp': 'v', 'thisN': 49, 'thisTrialN': 1, 'thisRepN': 12}>
113.3800 	DATA 	Keypress: x
113.3836 	EXP 	fixation: autoDraw = False
113.3836 	EXP 	line1: autoDraw = False
113.3836 	EXP 	line2: autoDraw = False
113.3836 	EXP 	line3: autoDraw = False
113.3836 	EXP 	line4: autoDraw = False
113.3836 	EXP 	probe: autoDraw = False
113.3836 	EXP 	fixation: autoDraw = True
113.5487 	EXP 	Device response: <KeyPress from None: t=113.36913433299924, value=x, duration=0.17626049999671523>
114.3655 	EXP 	line1: autoDraw = True
114.3655 	EXP 	line2: autoDraw = True
114.3655 	EXP 	line3: autoDraw = True
114.3655 	EXP 	line4: autoDraw = True
114.3790 	EXP 	fixation: autoDraw = False
115.3657 	INFO 	Keyboard events cleared
115.3654 	EXP 	probe: autoDraw = True
115.6150 	EXP 	Device response: <KeyPress from None: t=115.60895079100737, value=v, duration=None>
115.6155 	EXP 	New trial (rep=12, index=2): <Trial 50 (2 in rep 12) data={'pos': np.int64(50), 'corr_resp': 'c ', 'thisN': 50, 'thisTrialN': 2, 'thisRepN': 12}>
115.6222 	DATA 	Keypress: v
115.6272 	EXP 	fixation: autoDraw = False
115.6272 	EXP 	line1: autoDraw = False
115.6272 	EXP 	line2: autoDraw = False
115.6272 	EXP 	line3: autoDraw = False
115.6272 	EXP 	line4: autoDraw = False
115.6272 	EXP 	probe: autoDraw = False
115.6272 	EXP 	fixation: autoDraw = True
115.7427 	EXP 	Device response: <KeyPress from None: t=115.60895079100737, value=v, duration=0.12844058299378958>
116.6150 	EXP 	line1: autoDraw = True
116.6150 	EXP 	line2: autoDraw = True
116.6150 	EXP 	line3: autoDraw = True
116.6150 	EXP 	line4: autoDraw = True
116.6250 	EXP 	fixation: autoDraw = False
117.6153 	INFO 	Keyboard events cleared
117.6151 	EXP 	probe: autoDraw = True
117.9097 	EXP 	Device response: <KeyPress from None: t=117.90103974900558, value=c, duration=None>
117.9102 	EXP 	New trial (rep=12, index=3): <Trial 51 (3 in rep 12) data={'pos': np.int64(-150), 'corr_resp': 'z', 'thisN': 51, 'thisTrialN': 3, 'thisRepN': 12}>
117.9166 	DATA 	Keypress: c
117.9214 	EXP 	fixation: autoDraw = False
117.9214 	EXP 	line1: autoDraw = False
117.9214 	EXP 	line2: autoDraw = False
117.9214 	EXP 	line3: autoDraw = False
117.9214 	EXP 	line4: autoDraw = False
117.9214 	EXP 	probe: autoDraw = False
117.9214 	EXP 	fixation: autoDraw = True
118.0595 	EXP 	Device response: <KeyPress from None: t=117.90103974900558, value=c, duration=0.15619179198984057>
118.9083 	EXP 	line1: autoDraw = True
118.9083 	EXP 	line2: autoDraw = True
118.9083 	EXP 	line3: autoDraw = True
118.9083 	EXP 	line4: autoDraw = True
118.9150 	EXP 	fixation: autoDraw = False
119.9084 	INFO 	Keyboard events cleared
119.9082 	EXP 	probe: autoDraw = True
120.1760 	EXP 	Device response: <KeyPress from None: t=120.16493370800163, value=z, duration=None>
120.1764 	EXP 	New trial (rep=13, index=0): <Trial 52 (0 in rep 13) data={'pos': np.int64(-50), 'corr_resp': 'x', 'thisN': 52, 'thisTrialN': 0, 'thisRepN': 13}>
120.1830 	DATA 	Keypress: z
120.1880 	EXP 	fixation: autoDraw = False
120.1880 	EXP 	line1: autoDraw = False
120.1880 	EXP 	line2: autoDraw = False
120.1880 	EXP 	line3: autoDraw = False
120.1880 	EXP 	line4: autoDraw = False
120.1880 	EXP 	probe: autoDraw = False
120.1880 	EXP 	fixation: autoDraw = True
120.3149 	EXP 	Device response: <KeyPress from None: t=120.16493370800163, value=z, duration=0.1443035830016015>
121.1750 	EXP 	line1: autoDraw = True
121.1750 	EXP 	line2: autoDraw = True
121.1750 	EXP 	line3: autoDraw = True
121.1750 	EXP 	line4: autoDraw = True
121.1815 	EXP 	fixation: autoDraw = False
122.1746 	INFO 	Keyboard events cleared
122.1744 	EXP 	probe: autoDraw = True
122.4597 	EXP 	Device response: <KeyPress from None: t=122.44989099900704, value=x, duration=None>
122.4602 	EXP 	New trial (rep=13, index=1): <Trial 53 (1 in rep 13) data={'pos': np.int64(150), 'corr_resp': 'v', 'thisN': 53, 'thisTrialN': 1, 'thisRepN': 13}>
122.4671 	DATA 	Keypress: x
122.4720 	EXP 	fixation: autoDraw = False
122.4720 	EXP 	line1: autoDraw = False
122.4720 	EXP 	line2: autoDraw = False
122.4720 	EXP 	line3: autoDraw = False
122.4720 	EXP 	line4: autoDraw = False
122.4720 	EXP 	probe: autoDraw = False
122.4720 	EXP 	fixation: autoDraw = True
122.5984 	EXP 	Device response: <KeyPress from None: t=122.44989099900704, value=x, duration=0.1442724999942584>
123.4581 	EXP 	line1: autoDraw = True
123.4581 	EXP 	line2: autoDraw = True
123.4581 	EXP 	line3: autoDraw = True
123.4581 	EXP 	line4: autoDraw = True
123.4642 	EXP 	fixation: autoDraw = False
124.3267 	EXP 	Device response: <KeyPress from None: t=124.32281041599344, value=v, duration=None>
124.3342 	DATA 	Keypress: v
124.4583 	INFO 	Keyboard events cleared
124.4581 	EXP 	probe: autoDraw = True
124.4986 	EXP 	Device response: <KeyPress from None: t=124.32281041599344, value=v, duration=0.17226341700006742>
124.7150 	EXP 	Device response: <KeyPress from None: t=124.71079362400633, value=v, duration=None>
124.7155 	EXP 	New trial (rep=13, index=2): <Trial 54 (2 in rep 13) data={'pos': np.int64(50), 'corr_resp': 'c ', 'thisN': 54, 'thisTrialN': 2, 'thisRepN': 13}>
124.7221 	DATA 	Keypress: v
124.7271 	EXP 	fixation: autoDraw = False
124.7271 	EXP 	line1: autoDraw = False
124.7271 	EXP 	line2: autoDraw = False
124.7271 	EXP 	line3: autoDraw = False
124.7271 	EXP 	line4: autoDraw = False
124.7271 	EXP 	probe: autoDraw = False
124.7271 	EXP 	fixation: autoDraw = True
124.8596 	EXP 	Device response: <KeyPress from None: t=124.71079362400633, value=v, duration=0.13632374998996966>
125.7107 	EXP 	line1: autoDraw = True
125.7107 	EXP 	line2: autoDraw = True
125.7107 	EXP 	line3: autoDraw = True
125.7107 	EXP 	line4: autoDraw = True
125.7247 	EXP 	fixation: autoDraw = False
126.7190 	INFO 	Keyboard events cleared
126.7188 	EXP 	probe: autoDraw = True
127.0763 	EXP 	Device response: <KeyPress from None: t=127.0647554580064, value=c, duration=None>
127.0770 	EXP 	New trial (rep=13, index=3): <Trial 55 (3 in rep 13) data={'pos': np.int64(-150), 'corr_resp': 'z', 'thisN': 55, 'thisTrialN': 3, 'thisRepN': 13}>
127.0842 	DATA 	Keypress: c
127.0892 	EXP 	fixation: autoDraw = False
127.0892 	EXP 	line1: autoDraw = False
127.0892 	EXP 	line2: autoDraw = False
127.0892 	EXP 	line3: autoDraw = False
127.0892 	EXP 	line4: autoDraw = False
127.0892 	EXP 	probe: autoDraw = False
127.0892 	EXP 	fixation: autoDraw = True
127.2435 	EXP 	Device response: <KeyPress from None: t=127.0647554580064, value=c, duration=0.17227308299334254>
128.0747 	EXP 	line1: autoDraw = True
128.0747 	EXP 	line2: autoDraw = True
128.0747 	EXP 	line3: autoDraw = True
128.0747 	EXP 	line4: autoDraw = True
128.0803 	EXP 	fixation: autoDraw = False
129.0750 	INFO 	Keyboard events cleared
129.0748 	EXP 	probe: autoDraw = True
129.3096 	EXP 	Device response: <KeyPress from None: t=129.3067010829982, value=z, duration=None>
129.3103 	EXP 	New trial (rep=14, index=0): <Trial 56 (0 in rep 14) data={'pos': np.int64(-50), 'corr_resp': 'x', 'thisN': 56, 'thisTrialN': 0, 'thisRepN': 14}>
129.3173 	DATA 	Keypress: z
129.3221 	EXP 	fixation: autoDraw = False
129.3221 	EXP 	line1: autoDraw = False
129.3221 	EXP 	line2: autoDraw = False
129.3221 	EXP 	line3: autoDraw = False
129.3221 	EXP 	line4: autoDraw = False
129.3221 	EXP 	probe: autoDraw = False
129.3221 	EXP 	fixation: autoDraw = True
129.4428 	EXP 	Device response: <KeyPress from None: t=129.3067010829982, value=z, duration=0.13235149999673013>
130.3153 	EXP 	line1: autoDraw = True
130.3153 	EXP 	line2: autoDraw = True
130.3153 	EXP 	line3: autoDraw = True
130.3153 	EXP 	line4: autoDraw = True
130.3247 	EXP 	fixation: autoDraw = False
131.3082 	INFO 	Keyboard events cleared
131.3080 	EXP 	probe: autoDraw = True
131.7431 	EXP 	Device response: <KeyPress from None: t=131.73965479100298, value=x, duration=None>
131.7437 	EXP 	New trial (rep=14, index=1): <Trial 57 (1 in rep 14) data={'pos': np.int64(150), 'corr_resp': 'v', 'thisN': 57, 'thisTrialN': 1, 'thisRepN': 14}>
131.7503 	DATA 	Keypress: x
131.7551 	EXP 	fixation: autoDraw = False
131.7551 	EXP 	line1: autoDraw = False
131.7551 	EXP 	line2: autoDraw = False
131.7551 	EXP 	line3: autoDraw = False
131.7551 	EXP 	line4: autoDraw = False
131.7551 	EXP 	probe: autoDraw = False
131.7551 	EXP 	fixation: autoDraw = True
131.8817 	EXP 	Device response: <KeyPress from None: t=131.73965479100298, value=x, duration=0.1362757079914445>
132.7414 	EXP 	line1: autoDraw = True
132.7414 	EXP 	line2: autoDraw = True
132.7414 	EXP 	line3: autoDraw = True
132.7414 	EXP 	line4: autoDraw = True
132.7475 	EXP 	fixation: autoDraw = False
133.7416 	INFO 	Keyboard events cleared
133.7414 	EXP 	probe: autoDraw = True
134.0097 	EXP 	Device response: <KeyPress from None: t=133.99849545799952, value=v, duration=None>
134.0104 	EXP 	New trial (rep=14, index=2): <Trial 58 (2 in rep 14) data={'pos': np.int64(50), 'corr_resp': 'c ', 'thisN': 58, 'thisTrialN': 2, 'thisRepN': 14}>
134.0174 	DATA 	Keypress: v
134.0224 	EXP 	fixation: autoDraw = False
134.0224 	EXP 	line1: autoDraw = False
134.0224 	EXP 	line2: autoDraw = False
134.0224 	EXP 	line3: autoDraw = False
134.0224 	EXP 	line4: autoDraw = False
134.0224 	EXP 	probe: autoDraw = False
134.0224 	EXP 	fixation: autoDraw = True
134.1432 	EXP 	Device response: <KeyPress from None: t=133.99849545799952, value=v, duration=0.13224470800196286>
135.0081 	EXP 	line1: autoDraw = True
135.0081 	EXP 	line2: autoDraw = True
135.0081 	EXP 	line3: autoDraw = True
135.0081 	EXP 	line4: autoDraw = True
135.0146 	EXP 	fixation: autoDraw = False
136.0084 	INFO 	Keyboard events cleared
136.0082 	EXP 	probe: autoDraw = True
136.3262 	EXP 	Device response: <KeyPress from None: t=136.31649437399756, value=c, duration=None>
136.3268 	EXP 	New trial (rep=14, index=3): <Trial 59 (3 in rep 14) data={'pos': np.int64(-150), 'corr_resp': 'z', 'thisN': 59, 'thisTrialN': 3, 'thisRepN': 14}>
136.3336 	DATA 	Keypress: c
136.3383 	EXP 	fixation: autoDraw = False
136.3383 	EXP 	line1: autoDraw = False
136.3383 	EXP 	line2: autoDraw = False
136.3383 	EXP 	line3: autoDraw = False
136.3383 	EXP 	line4: autoDraw = False
136.3383 	EXP 	probe: autoDraw = False
136.3383 	EXP 	fixation: autoDraw = True
136.4762 	EXP 	Device response: <KeyPress from None: t=136.31649437399756, value=c, duration=0.14831708400743082>
137.3246 	EXP 	line1: autoDraw = True
137.3246 	EXP 	line2: autoDraw = True
137.3246 	EXP 	line3: autoDraw = True
137.3246 	EXP 	line4: autoDraw = True
137.3300 	EXP 	fixation: autoDraw = False
138.3249 	INFO 	Keyboard events cleared
138.3247 	EXP 	probe: autoDraw = True
138.6488 	EXP 	Device response: <KeyPress from None: t=138.6474574580061, value=z, duration=None>
138.6492 	EXP 	New trial (rep=15, index=0): <Trial 60 (0 in rep 15) data={'pos': np.int64(-50), 'corr_resp': 'x', 'thisN': 60, 'thisTrialN': 0, 'thisRepN': 15}>
138.6555 	DATA 	Keypress: z
138.6603 	EXP 	fixation: autoDraw = False
138.6603 	EXP 	line1: autoDraw = False
138.6603 	EXP 	line2: autoDraw = False
138.6603 	EXP 	line3: autoDraw = False
138.6603 	EXP 	line4: autoDraw = False
138.6603 	EXP 	probe: autoDraw = False
138.6603 	EXP 	fixation: autoDraw = True
138.8596 	EXP 	Device response: <KeyPress from None: t=138.6474574580061, value=z, duration=0.20433795799908694>
139.6481 	EXP 	line1: autoDraw = True
139.6481 	EXP 	line2: autoDraw = True
139.6481 	EXP 	line3: autoDraw = True
139.6481 	EXP 	line4: autoDraw = True
139.6579 	EXP 	fixation: autoDraw = False
140.6491 	INFO 	Keyboard events cleared
140.6489 	EXP 	probe: autoDraw = True
140.9478 	EXP 	Device response: <KeyPress from None: t=140.94635383300192, value=x, duration=None>
140.9482 	EXP 	New trial (rep=15, index=1): <Trial 61 (1 in rep 15) data={'pos': np.int64(150), 'corr_resp': 'v', 'thisN': 61, 'thisTrialN': 1, 'thisRepN': 15}>
140.9545 	DATA 	Keypress: x
140.9604 	EXP 	fixation: autoDraw = False
140.9604 	EXP 	line1: autoDraw = False
140.9604 	EXP 	line2: autoDraw = False
140.9604 	EXP 	line3: autoDraw = False
140.9604 	EXP 	line4: autoDraw = False
140.9604 	EXP 	probe: autoDraw = False
140.9604 	EXP 	fixation: autoDraw = True
141.1099 	EXP 	Device response: <KeyPress from None: t=140.94635383300192, value=x, duration=0.16033458299352787>
141.9413 	EXP 	line1: autoDraw = True
141.9413 	EXP 	line2: autoDraw = True
141.9413 	EXP 	line3: autoDraw = True
141.9413 	EXP 	line4: autoDraw = True
141.9580 	EXP 	fixation: autoDraw = False
142.9415 	INFO 	Keyboard events cleared
142.9413 	EXP 	probe: autoDraw = True
143.3759 	EXP 	Device response: <KeyPress from None: t=143.36920954099332, value=v, duration=None>
143.3763 	EXP 	New trial (rep=15, index=2): <Trial 62 (2 in rep 15) data={'pos': np.int64(50), 'corr_resp': 'c ', 'thisN': 62, 'thisTrialN': 2, 'thisRepN': 15}>
143.3828 	DATA 	Keypress: v
143.3878 	EXP 	fixation: autoDraw = False
143.3878 	EXP 	line1: autoDraw = False
143.3878 	EXP 	line2: autoDraw = False
143.3878 	EXP 	line3: autoDraw = False
143.3878 	EXP 	line4: autoDraw = False
143.3878 	EXP 	probe: autoDraw = False
143.3878 	EXP 	fixation: autoDraw = True
143.5149 	EXP 	Device response: <KeyPress from None: t=143.36920954099332, value=v, duration=0.14039225000306033>
144.3736 	EXP 	line1: autoDraw = True
144.3736 	EXP 	line2: autoDraw = True
144.3736 	EXP 	line3: autoDraw = True
144.3736 	EXP 	line4: autoDraw = True
144.3768 	EXP 	fixation: autoDraw = False
145.3749 	INFO 	Keyboard events cleared
145.3747 	EXP 	probe: autoDraw = True
145.6427 	EXP 	Device response: <KeyPress from None: t=145.63414312399982, value=c, duration=None>
145.6432 	EXP 	New trial (rep=15, index=3): <Trial 63 (3 in rep 15) data={'pos': np.int64(-150), 'corr_resp': 'z', 'thisN': 63, 'thisTrialN': 3, 'thisRepN': 15}>
145.6501 	DATA 	Keypress: c
145.6548 	EXP 	fixation: autoDraw = False
145.6548 	EXP 	line1: autoDraw = False
145.6548 	EXP 	line2: autoDraw = False
145.6548 	EXP 	line3: autoDraw = False
145.6548 	EXP 	line4: autoDraw = False
145.6548 	EXP 	probe: autoDraw = False
145.6548 	EXP 	fixation: autoDraw = True
145.7926 	EXP 	Device response: <KeyPress from None: t=145.63414312399982, value=c, duration=0.14839454200409818>
146.6416 	EXP 	line1: autoDraw = True
146.6416 	EXP 	line2: autoDraw = True
146.6416 	EXP 	line3: autoDraw = True
146.6416 	EXP 	line4: autoDraw = True
146.6486 	EXP 	fixation: autoDraw = False
147.6417 	INFO 	Keyboard events cleared
147.6415 	EXP 	probe: autoDraw = True
148.0151 	EXP 	Device response: <KeyPress from None: t=148.01119970799482, value=z, duration=None>
148.0156 	EXP 	New trial (rep=16, index=0): <Trial 64 (0 in rep 16) data={'pos': np.int64(-50), 'corr_resp': 'x', 'thisN': 64, 'thisTrialN': 0, 'thisRepN': 16}>
148.0219 	DATA 	Keypress: z
148.0270 	EXP 	fixation: autoDraw = False
148.0270 	EXP 	line1: autoDraw = False
148.0270 	EXP 	line2: autoDraw = False
148.0270 	EXP 	line3: autoDraw = False
148.0270 	EXP 	line4: autoDraw = False
148.0270 	EXP 	probe: autoDraw = False
148.0270 	EXP 	fixation: autoDraw = True
148.2311 	EXP 	Device response: <KeyPress from None: t=148.01119970799482, value=z, duration=0.21626700001070276>
149.0150 	EXP 	line1: autoDraw = True
149.0150 	EXP 	line2: autoDraw = True
149.0150 	EXP 	line3: autoDraw = True
149.0150 	EXP 	line4: autoDraw = True
149.0246 	EXP 	fixation: autoDraw = False
150.0112 	INFO 	Keyboard events cleared
150.0111 	EXP 	probe: autoDraw = True
150.3093 	EXP 	Device response: <KeyPress from None: t=150.3010723740008, value=x, duration=None>
150.3097 	EXP 	New trial (rep=16, index=1): <Trial 65 (1 in rep 16) data={'pos': np.int64(150), 'corr_resp': 'v', 'thisN': 65, 'thisTrialN': 1, 'thisRepN': 16}>
150.3164 	DATA 	Keypress: x
150.3213 	EXP 	fixation: autoDraw = False
150.3213 	EXP 	line1: autoDraw = False
150.3213 	EXP 	line2: autoDraw = False
150.3213 	EXP 	line3: autoDraw = False
150.3213 	EXP 	line4: autoDraw = False
150.3213 	EXP 	probe: autoDraw = False
150.3213 	EXP 	fixation: autoDraw = True
150.4646 	EXP 	Device response: <KeyPress from None: t=150.3010723740008, value=x, duration=0.16032312500465196>
151.3081 	EXP 	line1: autoDraw = True
151.3081 	EXP 	line2: autoDraw = True
151.3081 	EXP 	line3: autoDraw = True
151.3081 	EXP 	line4: autoDraw = True
151.3152 	EXP 	fixation: autoDraw = False
152.3082 	INFO 	Keyboard events cleared
152.3080 	EXP 	probe: autoDraw = True
152.5593 	EXP 	Device response: <KeyPress from None: t=152.55395637400215, value=v, duration=None>
152.5599 	EXP 	New trial (rep=16, index=2): <Trial 66 (2 in rep 16) data={'pos': np.int64(50), 'corr_resp': 'c ', 'thisN': 66, 'thisTrialN': 2, 'thisRepN': 16}>
152.5668 	DATA 	Keypress: v
152.5715 	EXP 	fixation: autoDraw = False
152.5715 	EXP 	line1: autoDraw = False
152.5715 	EXP 	line2: autoDraw = False
152.5715 	EXP 	line3: autoDraw = False
152.5715 	EXP 	line4: autoDraw = False
152.5715 	EXP 	probe: autoDraw = False
152.5715 	EXP 	fixation: autoDraw = True
152.7260 	EXP 	Device response: <KeyPress from None: t=152.55395637400215, value=v, duration=0.1644366669934243>
153.5580 	EXP 	line1: autoDraw = True
153.5580 	EXP 	line2: autoDraw = True
153.5580 	EXP 	line3: autoDraw = True
153.5580 	EXP 	line4: autoDraw = True
153.5639 	EXP 	fixation: autoDraw = False
154.5582 	INFO 	Keyboard events cleared
154.5580 	EXP 	probe: autoDraw = True
154.9319 	EXP 	Device response: <KeyPress from None: t=154.9280023330066, value=c, duration=None>
154.9324 	EXP 	New trial (rep=16, index=3): <Trial 67 (3 in rep 16) data={'pos': np.int64(-150), 'corr_resp': 'z', 'thisN': 67, 'thisTrialN': 3, 'thisRepN': 16}>
154.9387 	DATA 	Keypress: c
154.9433 	EXP 	fixation: autoDraw = False
154.9433 	EXP 	line1: autoDraw = False
154.9433 	EXP 	line2: autoDraw = False
154.9433 	EXP 	line3: autoDraw = False
154.9433 	EXP 	line4: autoDraw = False
154.9433 	EXP 	probe: autoDraw = False
154.9433 	EXP 	fixation: autoDraw = True
155.1483 	EXP 	Device response: <KeyPress from None: t=154.9280023330066, value=c, duration=0.21630308299791068>
155.9318 	EXP 	line1: autoDraw = True
155.9318 	EXP 	line2: autoDraw = True
155.9318 	EXP 	line3: autoDraw = True
155.9318 	EXP 	line4: autoDraw = True
155.9414 	EXP 	fixation: autoDraw = False
156.9302 	INFO 	Keyboard events cleared
156.9299 	EXP 	probe: autoDraw = True
157.2428 	EXP 	Device response: <KeyPress from None: t=157.23175783299666, value=z, duration=None>
157.2433 	EXP 	New trial (rep=17, index=0): <Trial 68 (0 in rep 17) data={'pos': np.int64(-50), 'corr_resp': 'x', 'thisN': 68, 'thisTrialN': 0, 'thisRepN': 17}>
157.2507 	DATA 	Keypress: z
157.2557 	EXP 	fixation: autoDraw = False
157.2557 	EXP 	line1: autoDraw = False
157.2557 	EXP 	line2: autoDraw = False
157.2557 	EXP 	line3: autoDraw = False
157.2557 	EXP 	line4: autoDraw = False
157.2557 	EXP 	probe: autoDraw = False
157.2557 	EXP 	fixation: autoDraw = True
157.3763 	EXP 	Device response: <KeyPress from None: t=157.23175783299666, value=z, duration=0.13644275000842754>
158.2415 	EXP 	line1: autoDraw = True
158.2415 	EXP 	line2: autoDraw = True
158.2415 	EXP 	line3: autoDraw = True
158.2415 	EXP 	line4: autoDraw = True
158.2480 	EXP 	fixation: autoDraw = False
159.2410 	INFO 	Keyboard events cleared
159.2406 	EXP 	probe: autoDraw = True
159.2537 	DATA 	Keypress: v
159.6261 	EXP 	Device response: <KeyPress from None: t=159.61775787400256, value=x, duration=None>
159.6266 	EXP 	New trial (rep=17, index=1): <Trial 69 (1 in rep 17) data={'pos': np.int64(150), 'corr_resp': 'v', 'thisN': 69, 'thisTrialN': 1, 'thisRepN': 17}>
159.6329 	DATA 	Keypress: x
159.6377 	EXP 	fixation: autoDraw = False
159.6377 	EXP 	line1: autoDraw = False
159.6377 	EXP 	line2: autoDraw = False
159.6377 	EXP 	line3: autoDraw = False
159.6377 	EXP 	line4: autoDraw = False
159.6377 	EXP 	probe: autoDraw = False
159.6377 	EXP 	fixation: autoDraw = True
159.8093 	EXP 	Device response: <KeyPress from None: t=159.61775787400256, value=x, duration=0.18036258399661165>
160.6244 	EXP 	line1: autoDraw = True
160.6244 	EXP 	line2: autoDraw = True
160.6244 	EXP 	line3: autoDraw = True
160.6244 	EXP 	line4: autoDraw = True
160.6310 	EXP 	fixation: autoDraw = False
161.6247 	INFO 	Keyboard events cleared
161.6246 	EXP 	probe: autoDraw = True
161.9260 	EXP 	Device response: <KeyPress from None: t=161.9166614160058, value=v, duration=None>
161.9265 	EXP 	New trial (rep=17, index=2): <Trial 70 (2 in rep 17) data={'pos': np.int64(50), 'corr_resp': 'c ', 'thisN': 70, 'thisTrialN': 2, 'thisRepN': 17}>
161.9332 	DATA 	Keypress: v
161.9383 	EXP 	fixation: autoDraw = False
161.9383 	EXP 	line1: autoDraw = False
161.9383 	EXP 	line2: autoDraw = False
161.9383 	EXP 	line3: autoDraw = False
161.9383 	EXP 	line4: autoDraw = False
161.9383 	EXP 	probe: autoDraw = False
161.9383 	EXP 	fixation: autoDraw = True
162.0266 	EXP 	Device response: <KeyPress from None: t=161.9166614160058, value=v, duration=0.10839945799671113>
162.9246 	EXP 	line1: autoDraw = True
162.9246 	EXP 	line2: autoDraw = True
162.9246 	EXP 	line3: autoDraw = True
162.9246 	EXP 	line4: autoDraw = True
162.9307 	EXP 	fixation: autoDraw = False
163.9248 	INFO 	Keyboard events cleared
163.9246 	EXP 	probe: autoDraw = True
164.1979 	EXP 	Device response: <KeyPress from None: t=164.19270695799787, value=c, duration=None>
164.1984 	EXP 	New trial (rep=17, index=3): <Trial 71 (3 in rep 17) data={'pos': np.int64(-150), 'corr_resp': 'z', 'thisN': 71, 'thisTrialN': 3, 'thisRepN': 17}>
164.2046 	DATA 	Keypress: c
164.2095 	EXP 	fixation: autoDraw = False
164.2095 	EXP 	line1: autoDraw = False
164.2095 	EXP 	line2: autoDraw = False
164.2095 	EXP 	line3: autoDraw = False
164.2095 	EXP 	line4: autoDraw = False
164.2095 	EXP 	probe: autoDraw = False
164.2095 	EXP 	fixation: autoDraw = True
164.3260 	EXP 	Device response: <KeyPress from None: t=164.19270695799787, value=c, duration=0.12434129099710844>
165.1986 	EXP 	line1: autoDraw = True
165.1986 	EXP 	line2: autoDraw = True
165.1986 	EXP 	line3: autoDraw = True
165.1986 	EXP 	line4: autoDraw = True
165.2079 	EXP 	fixation: autoDraw = False
166.1915 	INFO 	Keyboard events cleared
166.1913 	EXP 	probe: autoDraw = True
166.4618 	EXP 	Device response: <KeyPress from None: t=166.45857312399312, value=z, duration=None>
166.4621 	EXP 	New trial (rep=18, index=0): <Trial 72 (0 in rep 18) data={'pos': np.int64(-50), 'corr_resp': 'x', 'thisN': 72, 'thisTrialN': 0, 'thisRepN': 18}>
166.4737 	EXP 	fixation: autoDraw = False
166.4737 	EXP 	line1: autoDraw = False
166.4737 	EXP 	line2: autoDraw = False
166.4737 	EXP 	line3: autoDraw = False
166.4737 	EXP 	line4: autoDraw = False
166.4737 	EXP 	probe: autoDraw = False
166.4737 	EXP 	fixation: autoDraw = True
166.4757 	DATA 	Keypress: z
166.6259 	EXP 	Device response: <KeyPress from None: t=166.45857312399312, value=z, duration=0.160353417013539>
167.4582 	EXP 	line1: autoDraw = True
167.4582 	EXP 	line2: autoDraw = True
167.4582 	EXP 	line3: autoDraw = True
167.4582 	EXP 	line4: autoDraw = True
167.4642 	EXP 	fixation: autoDraw = False
168.4583 	INFO 	Keyboard events cleared
168.4581 	EXP 	probe: autoDraw = True
168.7761 	EXP 	Device response: <KeyPress from None: t=168.77254466600425, value=x, duration=None>
168.7767 	EXP 	New trial (rep=18, index=1): <Trial 73 (1 in rep 18) data={'pos': np.int64(150), 'corr_resp': 'v', 'thisN': 73, 'thisTrialN': 1, 'thisRepN': 18}>
168.7839 	DATA 	Keypress: x
168.7890 	EXP 	fixation: autoDraw = False
168.7890 	EXP 	line1: autoDraw = False
168.7890 	EXP 	line2: autoDraw = False
168.7890 	EXP 	line3: autoDraw = False
168.7890 	EXP 	line4: autoDraw = False
168.7890 	EXP 	probe: autoDraw = False
168.7890 	EXP 	fixation: autoDraw = True
168.8927 	EXP 	Device response: <KeyPress from None: t=168.77254466600425, value=x, duration=0.11241929199604783>
169.7747 	EXP 	line1: autoDraw = True
169.7747 	EXP 	line2: autoDraw = True
169.7747 	EXP 	line3: autoDraw = True
169.7747 	EXP 	line4: autoDraw = True
169.7809 	EXP 	fixation: autoDraw = False
170.7748 	INFO 	Keyboard events cleared
170.7746 	EXP 	probe: autoDraw = True
170.9984 	EXP 	Device response: <KeyPress from None: t=170.99552720799693, value=v, duration=None>
170.9994 	EXP 	New trial (rep=18, index=2): <Trial 74 (2 in rep 18) data={'pos': np.int64(50), 'corr_resp': 'c ', 'thisN': 74, 'thisTrialN': 2, 'thisRepN': 18}>
171.0114 	DATA 	Keypress: v
171.0152 	EXP 	fixation: autoDraw = False
171.0152 	EXP 	line1: autoDraw = False
171.0152 	EXP 	line2: autoDraw = False
171.0152 	EXP 	line3: autoDraw = False
171.0152 	EXP 	line4: autoDraw = False
171.0152 	EXP 	probe: autoDraw = False
171.0152 	EXP 	fixation: autoDraw = True
171.1648 	EXP 	Device response: <KeyPress from None: t=170.99552720799693, value=v, duration=0.16434216599736828>
171.9988 	EXP 	line1: autoDraw = True
171.9988 	EXP 	line2: autoDraw = True
171.9988 	EXP 	line3: autoDraw = True
171.9988 	EXP 	line4: autoDraw = True
172.0074 	EXP 	fixation: autoDraw = False
172.9982 	INFO 	Keyboard events cleared
172.9980 	EXP 	probe: autoDraw = True
173.2969 	EXP 	Device response: <KeyPress from None: t=173.29446779099817, value=c, duration=None>
173.2971 	EXP 	New trial (rep=18, index=3): <Trial 75 (3 in rep 18) data={'pos': np.int64(-150), 'corr_resp': 'z', 'thisN': 75, 'thisTrialN': 3, 'thisRepN': 18}>
173.3070 	EXP 	fixation: autoDraw = False
173.3070 	EXP 	line1: autoDraw = False
173.3070 	EXP 	line2: autoDraw = False
173.3070 	EXP 	line3: autoDraw = False
173.3070 	EXP 	line4: autoDraw = False
173.3070 	EXP 	probe: autoDraw = False
173.3070 	EXP 	fixation: autoDraw = True
173.3097 	DATA 	Keypress: c
173.4093 	EXP 	Device response: <KeyPress from None: t=173.29446779099817, value=c, duration=0.10831779200816527>
174.2915 	EXP 	line1: autoDraw = True
174.2915 	EXP 	line2: autoDraw = True
174.2915 	EXP 	line3: autoDraw = True
174.2915 	EXP 	line4: autoDraw = True
174.2971 	EXP 	fixation: autoDraw = False
175.2915 	INFO 	Keyboard events cleared
175.2913 	EXP 	probe: autoDraw = True
175.7594 	EXP 	Device response: <KeyPress from None: t=175.75045983299788, value=z, duration=None>
175.7600 	EXP 	New trial (rep=19, index=0): <Trial 76 (0 in rep 19) data={'pos': np.int64(-50), 'corr_resp': 'x', 'thisN': 76, 'thisTrialN': 0, 'thisRepN': 19}>
175.7669 	DATA 	Keypress: z
175.7719 	EXP 	fixation: autoDraw = False
175.7719 	EXP 	line1: autoDraw = False
175.7719 	EXP 	line2: autoDraw = False
175.7719 	EXP 	line3: autoDraw = False
175.7719 	EXP 	line4: autoDraw = False
175.7719 	EXP 	probe: autoDraw = False
175.7719 	EXP 	fixation: autoDraw = True
175.8930 	EXP 	Device response: <KeyPress from None: t=175.75045983299788, value=z, duration=0.14027333300327882>
176.7649 	EXP 	fixation: autoDraw = False
176.7649 	EXP 	line1: autoDraw = True
176.7649 	EXP 	line2: autoDraw = True
176.7649 	EXP 	line3: autoDraw = True
176.7649 	EXP 	line4: autoDraw = True
177.7671 	INFO 	Keyboard events cleared
177.7669 	EXP 	probe: autoDraw = True
178.0426 	EXP 	Device response: <KeyPress from None: t=178.04027337400476, value=x, duration=None>
178.0431 	EXP 	New trial (rep=19, index=1): <Trial 77 (1 in rep 19) data={'pos': np.int64(150), 'corr_resp': 'v', 'thisN': 77, 'thisTrialN': 1, 'thisRepN': 19}>
178.0497 	DATA 	Keypress: x
178.0542 	EXP 	fixation: autoDraw = False
178.0542 	EXP 	line1: autoDraw = False
178.0542 	EXP 	line2: autoDraw = False
178.0542 	EXP 	line3: autoDraw = False
178.0542 	EXP 	line4: autoDraw = False
178.0542 	EXP 	probe: autoDraw = False
178.0542 	EXP 	fixation: autoDraw = True
178.2094 	EXP 	Device response: <KeyPress from None: t=178.04027337400476, value=x, duration=0.16433808399597183>
179.0496 	EXP 	line1: autoDraw = True
179.0496 	EXP 	line2: autoDraw = True
179.0496 	EXP 	line3: autoDraw = True
179.0496 	EXP 	line4: autoDraw = True
179.0531 	EXP 	fixation: autoDraw = False
180.0415 	INFO 	Keyboard events cleared
180.0413 	EXP 	probe: autoDraw = True
180.3088 	EXP 	Device response: <KeyPress from None: t=180.30722529100603, value=v, duration=None>
180.3093 	EXP 	New trial (rep=19, index=2): <Trial 78 (2 in rep 19) data={'pos': np.int64(50), 'corr_resp': 'c ', 'thisN': 78, 'thisTrialN': 2, 'thisRepN': 19}>
180.3159 	DATA 	Keypress: v
180.3207 	EXP 	fixation: autoDraw = False
180.3207 	EXP 	line1: autoDraw = False
180.3207 	EXP 	line2: autoDraw = False
180.3207 	EXP 	line3: autoDraw = False
180.3207 	EXP 	line4: autoDraw = False
180.3207 	EXP 	probe: autoDraw = False
180.3207 	EXP 	fixation: autoDraw = True
180.4646 	EXP 	Device response: <KeyPress from None: t=180.30722529100603, value=v, duration=0.15237754199188203>
181.2979 	EXP 	line1: autoDraw = True
181.2979 	EXP 	line2: autoDraw = True
181.2979 	EXP 	line3: autoDraw = True
181.2979 	EXP 	line4: autoDraw = True
181.3146 	EXP 	fixation: autoDraw = False
182.3079 	INFO 	Keyboard events cleared
182.3077 	EXP 	probe: autoDraw = True
182.6262 	EXP 	Device response: <KeyPress from None: t=182.61505608299922, value=c, duration=None>
182.6267 	EXP 	New trial (rep=19, index=3): <Trial 79 (3 in rep 19) data={'pos': np.int64(-150), 'corr_resp': 'z', 'thisN': 79, 'thisTrialN': 3, 'thisRepN': 19}>
182.6345 	DATA 	Keypress: c
182.6396 	EXP 	fixation: autoDraw = False
182.6396 	EXP 	line1: autoDraw = False
182.6396 	EXP 	line2: autoDraw = False
182.6396 	EXP 	line3: autoDraw = False
182.6396 	EXP 	line4: autoDraw = False
182.6396 	EXP 	probe: autoDraw = False
182.6396 	EXP 	fixation: autoDraw = True
182.7933 	EXP 	Device response: <KeyPress from None: t=182.61505608299922, value=c, duration=0.17248279100749642>
183.6246 	EXP 	line1: autoDraw = True
183.6246 	EXP 	line2: autoDraw = True
183.6246 	EXP 	line3: autoDraw = True
183.6246 	EXP 	line4: autoDraw = True
183.6309 	EXP 	fixation: autoDraw = False
184.6247 	INFO 	Keyboard events cleared
184.6246 	EXP 	probe: autoDraw = True
184.8648 	EXP 	Device response: <KeyPress from None: t=184.8630177909945, value=z, duration=None>
184.8652 	EXP 	New trial (rep=20, index=0): <Trial 80 (0 in rep 20) data={'pos': np.int64(-50), 'corr_resp': 'x', 'thisN': 80, 'thisTrialN': 0, 'thisRepN': 20}>
184.8717 	DATA 	Keypress: z
184.8767 	EXP 	fixation: autoDraw = False
184.8767 	EXP 	line1: autoDraw = False
184.8767 	EXP 	line2: autoDraw = False
184.8767 	EXP 	line3: autoDraw = False
184.8767 	EXP 	line4: autoDraw = False
184.8767 	EXP 	probe: autoDraw = False
184.8767 	EXP 	fixation: autoDraw = True
185.0425 	EXP 	Device response: <KeyPress from None: t=184.8630177909945, value=z, duration=0.17246183300449047>
185.8655 	EXP 	line1: autoDraw = True
185.8655 	EXP 	line2: autoDraw = True
185.8655 	EXP 	line3: autoDraw = True
185.8655 	EXP 	line4: autoDraw = True
185.8744 	EXP 	fixation: autoDraw = False
186.8650 	INFO 	Keyboard events cleared
186.8648 	EXP 	probe: autoDraw = True
187.1092 	EXP 	Device response: <KeyPress from None: t=187.10398408300534, value=x, duration=None>
187.1098 	EXP 	New trial (rep=20, index=1): <Trial 81 (1 in rep 20) data={'pos': np.int64(150), 'corr_resp': 'v', 'thisN': 81, 'thisTrialN': 1, 'thisRepN': 20}>
187.1178 	DATA 	Keypress: x
187.1251 	EXP 	fixation: autoDraw = False
187.1251 	EXP 	line1: autoDraw = False
187.1251 	EXP 	line2: autoDraw = False
187.1251 	EXP 	line3: autoDraw = False
187.1251 	EXP 	line4: autoDraw = False
187.1251 	EXP 	probe: autoDraw = False
187.1251 	EXP 	fixation: autoDraw = True
187.2935 	EXP 	Device response: <KeyPress from None: t=187.10398408300534, value=x, duration=0.18431674999010283>
188.1076 	EXP 	line1: autoDraw = True
188.1076 	EXP 	line2: autoDraw = True
188.1076 	EXP 	line3: autoDraw = True
188.1076 	EXP 	line4: autoDraw = True
188.1147 	EXP 	fixation: autoDraw = False
189.1083 	INFO 	Keyboard events cleared
189.1080 	EXP 	probe: autoDraw = True
189.3819 	EXP 	Device response: <KeyPress from None: t=189.37591629099916, value=v, duration=None>
189.3824 	EXP 	New trial (rep=20, index=2): <Trial 82 (2 in rep 20) data={'pos': np.int64(50), 'corr_resp': 'c ', 'thisN': 82, 'thisTrialN': 2, 'thisRepN': 20}>
189.3888 	DATA 	Keypress: v
189.3932 	EXP 	fixation: autoDraw = False
189.3932 	EXP 	line1: autoDraw = False
189.3932 	EXP 	line2: autoDraw = False
189.3932 	EXP 	line3: autoDraw = False
189.3932 	EXP 	line4: autoDraw = False
189.3932 	EXP 	probe: autoDraw = False
189.3932 	EXP 	fixation: autoDraw = True
189.4972 	EXP 	Device response: <KeyPress from None: t=189.37591629099916, value=v, duration=0.11633741699915845>
190.3814 	EXP 	line1: autoDraw = True
190.3814 	EXP 	line2: autoDraw = True
190.3814 	EXP 	line3: autoDraw = True
190.3814 	EXP 	line4: autoDraw = True
190.3912 	EXP 	fixation: autoDraw = False
191.3816 	INFO 	Keyboard events cleared
191.3814 	EXP 	probe: autoDraw = True
191.6589 	EXP 	Device response: <KeyPress from None: t=191.65679845800332, value=c, duration=None>
191.6594 	EXP 	New trial (rep=20, index=3): <Trial 83 (3 in rep 20) data={'pos': np.int64(-150), 'corr_resp': 'z', 'thisN': 83, 'thisTrialN': 3, 'thisRepN': 20}>
191.6663 	DATA 	Keypress: c
191.6712 	EXP 	fixation: autoDraw = False
191.6712 	EXP 	line1: autoDraw = False
191.6712 	EXP 	line2: autoDraw = False
191.6712 	EXP 	line3: autoDraw = False
191.6712 	EXP 	line4: autoDraw = False
191.6712 	EXP 	probe: autoDraw = False
191.6712 	EXP 	fixation: autoDraw = True
191.8313 	EXP 	Device response: <KeyPress from None: t=191.65679845800332, value=c, duration=0.17142625000269618>
192.6579 	EXP 	line1: autoDraw = True
192.6579 	EXP 	line2: autoDraw = True
192.6579 	EXP 	line3: autoDraw = True
192.6579 	EXP 	line4: autoDraw = True
192.6644 	EXP 	fixation: autoDraw = False
193.6582 	INFO 	Keyboard events cleared
193.6580 	EXP 	probe: autoDraw = True
193.9258 	EXP 	Device response: <KeyPress from None: t=193.92281441600062, value=z, duration=None>
193.9264 	EXP 	New trial (rep=21, index=0): <Trial 84 (0 in rep 21) data={'pos': np.int64(-50), 'corr_resp': 'x', 'thisN': 84, 'thisTrialN': 0, 'thisRepN': 21}>
193.9339 	DATA 	Keypress: z
193.9387 	EXP 	fixation: autoDraw = False
193.9387 	EXP 	line1: autoDraw = False
193.9387 	EXP 	line2: autoDraw = False
193.9387 	EXP 	line3: autoDraw = False
193.9387 	EXP 	line4: autoDraw = False
193.9387 	EXP 	probe: autoDraw = False
193.9387 	EXP 	fixation: autoDraw = True
194.1098 	EXP 	Device response: <KeyPress from None: t=193.92281441600062, value=z, duration=0.176379625001573>
194.9246 	EXP 	line1: autoDraw = True
194.9246 	EXP 	line2: autoDraw = True
194.9246 	EXP 	line3: autoDraw = True
194.9246 	EXP 	line4: autoDraw = True
194.9313 	EXP 	fixation: autoDraw = False
195.9246 	INFO 	Keyboard events cleared
195.9245 	EXP 	probe: autoDraw = True
196.1923 	EXP 	Device response: <KeyPress from None: t=196.18582704100118, value=x, duration=None>
196.1928 	EXP 	New trial (rep=21, index=1): <Trial 85 (1 in rep 21) data={'pos': np.int64(150), 'corr_resp': 'v', 'thisN': 85, 'thisTrialN': 1, 'thisRepN': 21}>
196.1998 	DATA 	Keypress: x
196.2047 	EXP 	fixation: autoDraw = False
196.2047 	EXP 	line1: autoDraw = False
196.2047 	EXP 	line2: autoDraw = False
196.2047 	EXP 	line3: autoDraw = False
196.2047 	EXP 	line4: autoDraw = False
196.2047 	EXP 	probe: autoDraw = False
196.2047 	EXP 	fixation: autoDraw = True
196.3479 	EXP 	Device response: <KeyPress from None: t=196.18582704100118, value=x, duration=0.15629766699566972>
197.1913 	EXP 	line1: autoDraw = True
197.1913 	EXP 	line2: autoDraw = True
197.1913 	EXP 	line3: autoDraw = True
197.1913 	EXP 	line4: autoDraw = True
197.1968 	EXP 	fixation: autoDraw = False
198.1915 	INFO 	Keyboard events cleared
198.1912 	EXP 	probe: autoDraw = True
198.4761 	EXP 	Device response: <KeyPress from None: t=198.47269779100316, value=v, duration=None>
198.4768 	EXP 	New trial (rep=21, index=2): <Trial 86 (2 in rep 21) data={'pos': np.int64(50), 'corr_resp': 'c ', 'thisN': 86, 'thisTrialN': 2, 'thisRepN': 21}>
198.4845 	DATA 	Keypress: v
198.4894 	EXP 	fixation: autoDraw = False
198.4894 	EXP 	line1: autoDraw = False
198.4894 	EXP 	line2: autoDraw = False
198.4894 	EXP 	line3: autoDraw = False
198.4894 	EXP 	line4: autoDraw = False
198.4894 	EXP 	probe: autoDraw = False
198.4894 	EXP 	fixation: autoDraw = True
198.6092 	EXP 	Device response: <KeyPress from None: t=198.47269779100316, value=v, duration=0.13230908299738076>
199.4748 	EXP 	line1: autoDraw = True
199.4748 	EXP 	line2: autoDraw = True
199.4748 	EXP 	line3: autoDraw = True
199.4748 	EXP 	line4: autoDraw = True
199.4820 	EXP 	fixation: autoDraw = False
200.4746 	INFO 	Keyboard events cleared
200.4744 	EXP 	probe: autoDraw = True
200.7261 	EXP 	Device response: <KeyPress from None: t=200.71461979100422, value=c, duration=None>
200.7267 	EXP 	New trial (rep=21, index=3): <Trial 87 (3 in rep 21) data={'pos': np.int64(-150), 'corr_resp': 'z', 'thisN': 87, 'thisTrialN': 3, 'thisRepN': 21}>
200.7336 	DATA 	Keypress: c
200.7385 	EXP 	fixation: autoDraw = False
200.7385 	EXP 	line1: autoDraw = False
200.7385 	EXP 	line2: autoDraw = False
200.7385 	EXP 	line3: autoDraw = False
200.7385 	EXP 	line4: autoDraw = False
200.7385 	EXP 	probe: autoDraw = False
200.7385 	EXP 	fixation: autoDraw = True
200.8798 	EXP 	Device response: <KeyPress from None: t=200.71461979100422, value=c, duration=0.16030845799832605>
201.7246 	EXP 	line1: autoDraw = True
201.7246 	EXP 	line2: autoDraw = True
201.7246 	EXP 	line3: autoDraw = True
201.7246 	EXP 	line4: autoDraw = True
201.7317 	EXP 	fixation: autoDraw = False
202.7246 	INFO 	Keyboard events cleared
202.7244 	EXP 	probe: autoDraw = True
202.9486 	EXP 	Device response: <KeyPress from None: t=202.94756612399942, value=z, duration=None>
202.9491 	EXP 	New trial (rep=22, index=0): <Trial 88 (0 in rep 22) data={'pos': np.int64(-50), 'corr_resp': 'x', 'thisN': 88, 'thisTrialN': 0, 'thisRepN': 22}>
202.9552 	DATA 	Keypress: z
202.9605 	EXP 	fixation: autoDraw = False
202.9605 	EXP 	line1: autoDraw = False
202.9605 	EXP 	line2: autoDraw = False
202.9605 	EXP 	line3: autoDraw = False
202.9605 	EXP 	line4: autoDraw = False
202.9605 	EXP 	probe: autoDraw = False
202.9605 	EXP 	fixation: autoDraw = True
203.0932 	EXP 	Device response: <KeyPress from None: t=202.94756612399942, value=z, duration=0.1403755840001395>
203.9464 	EXP 	line1: autoDraw = True
203.9464 	EXP 	line2: autoDraw = True
203.9464 	EXP 	line3: autoDraw = True
203.9464 	EXP 	line4: autoDraw = True
203.9582 	EXP 	fixation: autoDraw = False
204.9483 	INFO 	Keyboard events cleared
204.9482 	EXP 	probe: autoDraw = True
205.2261 	EXP 	Device response: <KeyPress from None: t=205.21744983299868, value=x, duration=None>
205.2266 	EXP 	New trial (rep=22, index=1): <Trial 89 (1 in rep 22) data={'pos': np.int64(150), 'corr_resp': 'v', 'thisN': 89, 'thisTrialN': 1, 'thisRepN': 22}>
205.2329 	DATA 	Keypress: x
205.2373 	EXP 	fixation: autoDraw = False
205.2373 	EXP 	line1: autoDraw = False
205.2373 	EXP 	line2: autoDraw = False
205.2373 	EXP 	line3: autoDraw = False
205.2373 	EXP 	line4: autoDraw = False
205.2373 	EXP 	probe: autoDraw = False
205.2373 	EXP 	fixation: autoDraw = True
205.3816 	EXP 	Device response: <KeyPress from None: t=205.21744983299868, value=x, duration=0.16042112500872463>
206.2246 	EXP 	line1: autoDraw = True
206.2246 	EXP 	line2: autoDraw = True
206.2246 	EXP 	line3: autoDraw = True
206.2246 	EXP 	line4: autoDraw = True
206.2311 	EXP 	fixation: autoDraw = False
207.2247 	INFO 	Keyboard events cleared
207.2245 	EXP 	probe: autoDraw = True
207.5094 	EXP 	Device response: <KeyPress from None: t=207.49334024899872, value=v, duration=None>
207.5098 	EXP 	New trial (rep=22, index=2): <Trial 90 (2 in rep 22) data={'pos': np.int64(50), 'corr_resp': 'c ', 'thisN': 90, 'thisTrialN': 2, 'thisRepN': 22}>
207.5157 	DATA 	Keypress: v
207.5203 	EXP 	fixation: autoDraw = False
207.5203 	EXP 	line1: autoDraw = False
207.5203 	EXP 	line2: autoDraw = False
207.5203 	EXP 	line3: autoDraw = False
207.5203 	EXP 	line4: autoDraw = False
207.5203 	EXP 	probe: autoDraw = False
207.5203 	EXP 	fixation: autoDraw = True
207.6435 	EXP 	Device response: <KeyPress from None: t=207.49334024899872, value=v, duration=0.1411747920064954>
208.5081 	EXP 	line1: autoDraw = True
208.5081 	EXP 	line2: autoDraw = True
208.5081 	EXP 	line3: autoDraw = True
208.5081 	EXP 	line4: autoDraw = True
208.5147 	EXP 	fixation: autoDraw = False
209.5079 	INFO 	Keyboard events cleared
209.5077 	EXP 	probe: autoDraw = True
209.7984 	EXP 	Device response: <KeyPress from None: t=209.79541958299524, value=c, duration=None>
209.7988 	EXP 	New trial (rep=22, index=3): <Trial 91 (3 in rep 22) data={'pos': np.int64(-150), 'corr_resp': 'z', 'thisN': 91, 'thisTrialN': 3, 'thisRepN': 22}>
209.8056 	DATA 	Keypress: c
209.8104 	EXP 	fixation: autoDraw = False
209.8104 	EXP 	line1: autoDraw = False
209.8104 	EXP 	line2: autoDraw = False
209.8104 	EXP 	line3: autoDraw = False
209.8104 	EXP 	line4: autoDraw = False
209.8104 	EXP 	probe: autoDraw = False
209.8104 	EXP 	fixation: autoDraw = True
209.9260 	EXP 	Device response: <KeyPress from None: t=209.79541958299524, value=c, duration=0.12032341600570362>
210.7981 	EXP 	line1: autoDraw = True
210.7981 	EXP 	line2: autoDraw = True
210.7981 	EXP 	line3: autoDraw = True
210.7981 	EXP 	line4: autoDraw = True
210.8077 	EXP 	fixation: autoDraw = False
211.7981 	INFO 	Keyboard events cleared
211.7979 	EXP 	probe: autoDraw = True
212.0926 	EXP 	Device response: <KeyPress from None: t=212.08638583299762, value=z, duration=None>
212.0932 	EXP 	New trial (rep=23, index=0): <Trial 92 (0 in rep 23) data={'pos': np.int64(-50), 'corr_resp': 'x', 'thisN': 92, 'thisTrialN': 0, 'thisRepN': 23}>
212.1003 	DATA 	Keypress: z
212.1052 	EXP 	fixation: autoDraw = False
212.1052 	EXP 	line1: autoDraw = False
212.1052 	EXP 	line2: autoDraw = False
212.1052 	EXP 	line3: autoDraw = False
212.1052 	EXP 	line4: autoDraw = False
212.1052 	EXP 	probe: autoDraw = False
212.1052 	EXP 	fixation: autoDraw = True
212.2481 	EXP 	Device response: <KeyPress from None: t=212.08638583299762, value=z, duration=0.15612337499624118>
213.0910 	EXP 	line1: autoDraw = True
213.0910 	EXP 	line2: autoDraw = True
213.0910 	EXP 	line3: autoDraw = True
213.0910 	EXP 	line4: autoDraw = True
213.0971 	EXP 	fixation: autoDraw = False
214.0261 	EXP 	Device response: <KeyPress from None: t=214.01921066599607, value=x, duration=None>
214.0330 	DATA 	Keypress: x
214.0914 	INFO 	Keyboard events cleared
214.0911 	EXP 	probe: autoDraw = True
214.1759 	EXP 	Device response: <KeyPress from None: t=214.01921066599607, value=x, duration=0.14742779200605582>
214.4258 	EXP 	Device response: <KeyPress from None: t=214.42428929099697, value=x, duration=None>
214.4264 	EXP 	New trial (rep=23, index=1): <Trial 93 (1 in rep 23) data={'pos': np.int64(150), 'corr_resp': 'v', 'thisN': 93, 'thisTrialN': 1, 'thisRepN': 23}>
214.4331 	DATA 	Keypress: x
214.4378 	EXP 	fixation: autoDraw = False
214.4378 	EXP 	line1: autoDraw = False
214.4378 	EXP 	line2: autoDraw = False
214.4378 	EXP 	line3: autoDraw = False
214.4378 	EXP 	line4: autoDraw = False
214.4378 	EXP 	probe: autoDraw = False
214.4378 	EXP 	fixation: autoDraw = True
214.5765 	EXP 	Device response: <KeyPress from None: t=214.42428929099697, value=x, duration=0.1443117919989163>
215.4246 	EXP 	line1: autoDraw = True
215.4246 	EXP 	line2: autoDraw = True
215.4246 	EXP 	line3: autoDraw = True
215.4246 	EXP 	line4: autoDraw = True
215.4307 	EXP 	fixation: autoDraw = False
216.4235 	INFO 	Keyboard events cleared
216.4233 	EXP 	probe: autoDraw = True
216.7257 	EXP 	Device response: <KeyPress from None: t=216.72015537400148, value=v, duration=None>
216.7263 	EXP 	New trial (rep=23, index=2): <Trial 94 (2 in rep 23) data={'pos': np.int64(50), 'corr_resp': 'c ', 'thisN': 94, 'thisTrialN': 2, 'thisRepN': 23}>
216.7338 	DATA 	Keypress: v
216.7390 	EXP 	fixation: autoDraw = False
216.7390 	EXP 	line1: autoDraw = False
216.7390 	EXP 	line2: autoDraw = False
216.7390 	EXP 	line3: autoDraw = False
216.7390 	EXP 	line4: autoDraw = False
216.7390 	EXP 	probe: autoDraw = False
216.7390 	EXP 	fixation: autoDraw = True
216.8596 	EXP 	Device response: <KeyPress from None: t=216.72015537400148, value=v, duration=0.13639566699566785>
217.7247 	EXP 	line1: autoDraw = True
217.7247 	EXP 	line2: autoDraw = True
217.7247 	EXP 	line3: autoDraw = True
217.7247 	EXP 	line4: autoDraw = True
217.7315 	EXP 	fixation: autoDraw = False
218.7247 	INFO 	Keyboard events cleared
218.7245 	EXP 	probe: autoDraw = True
218.8423 	EXP 	Device response: <KeyPress from None: t=218.8411292910023, value=c, duration=None>
218.8428 	EXP 	New trial (rep=23, index=3): <Trial 95 (3 in rep 23) data={'pos': np.int64(-150), 'corr_resp': 'z', 'thisN': 95, 'thisTrialN': 3, 'thisRepN': 23}>
218.8498 	DATA 	Keypress: c
218.8548 	EXP 	fixation: autoDraw = False
218.8548 	EXP 	line1: autoDraw = False
218.8548 	EXP 	line2: autoDraw = False
218.8548 	EXP 	line3: autoDraw = False
218.8548 	EXP 	line4: autoDraw = False
218.8548 	EXP 	probe: autoDraw = False
218.8548 	EXP 	fixation: autoDraw = True
218.9639 	EXP 	Device response: <KeyPress from None: t=218.8411292910023, value=c, duration=0.12036629200156312>
219.8409 	EXP 	line1: autoDraw = True
219.8409 	EXP 	line2: autoDraw = True
219.8409 	EXP 	line3: autoDraw = True
219.8409 	EXP 	line4: autoDraw = True
219.8476 	EXP 	fixation: autoDraw = False
220.8400 	INFO 	Keyboard events cleared
220.8398 	EXP 	probe: autoDraw = True
221.1482 	EXP 	Device response: <KeyPress from None: t=221.14704916600022, value=z, duration=None>
221.1585 	EXP 	New trial (rep=24, index=0): <Trial 96 (0 in rep 24) data={'pos': np.int64(-50), 'corr_resp': 'x', 'thisN': 96, 'thisTrialN': 0, 'thisRepN': 24}>
221.1652 	DATA 	Keypress: z
221.1701 	EXP 	fixation: autoDraw = False
221.1701 	EXP 	line1: autoDraw = False
221.1701 	EXP 	line2: autoDraw = False
221.1701 	EXP 	line3: autoDraw = False
221.1701 	EXP 	line4: autoDraw = False
221.1701 	EXP 	probe: autoDraw = False
221.1701 	EXP 	fixation: autoDraw = True
221.2810 	EXP 	Device response: <KeyPress from None: t=221.14704916600022, value=z, duration=0.1324038750026375>
222.1477 	EXP 	line1: autoDraw = True
222.1477 	EXP 	line2: autoDraw = True
222.1477 	EXP 	line3: autoDraw = True
222.1477 	EXP 	line4: autoDraw = True
222.1645 	EXP 	fixation: autoDraw = False
223.1494 	INFO 	Keyboard events cleared
223.1492 	EXP 	probe: autoDraw = True
223.4425 	EXP 	Device response: <KeyPress from None: t=223.43100349900487, value=x, duration=None>
223.4430 	EXP 	New trial (rep=24, index=1): <Trial 97 (1 in rep 24) data={'pos': np.int64(150), 'corr_resp': 'v', 'thisN': 97, 'thisTrialN': 1, 'thisRepN': 24}>
223.4497 	DATA 	Keypress: x
223.4545 	EXP 	fixation: autoDraw = False
223.4545 	EXP 	line1: autoDraw = False
223.4545 	EXP 	line2: autoDraw = False
223.4545 	EXP 	line3: autoDraw = False
223.4545 	EXP 	line4: autoDraw = False
223.4545 	EXP 	probe: autoDraw = False
223.4545 	EXP 	fixation: autoDraw = True
223.6260 	EXP 	Device response: <KeyPress from None: t=223.43100349900487, value=x, duration=0.18433379199996125>
224.4413 	EXP 	line1: autoDraw = True
224.4413 	EXP 	line2: autoDraw = True
224.4413 	EXP 	line3: autoDraw = True
224.4413 	EXP 	line4: autoDraw = True
224.4479 	EXP 	fixation: autoDraw = False
225.4416 	INFO 	Keyboard events cleared
225.4413 	EXP 	probe: autoDraw = True
225.7257 	EXP 	Device response: <KeyPress from None: t=225.71991054099635, value=v, duration=None>
225.7262 	EXP 	New trial (rep=24, index=2): <Trial 98 (2 in rep 24) data={'pos': np.int64(50), 'corr_resp': 'c ', 'thisN': 98, 'thisTrialN': 2, 'thisRepN': 24}>
225.7334 	DATA 	Keypress: v
225.7385 	EXP 	fixation: autoDraw = False
225.7385 	EXP 	line1: autoDraw = False
225.7385 	EXP 	line2: autoDraw = False
225.7385 	EXP 	line3: autoDraw = False
225.7385 	EXP 	line4: autoDraw = False
225.7385 	EXP 	probe: autoDraw = False
225.7385 	EXP 	fixation: autoDraw = True
225.8645 	EXP 	Device response: <KeyPress from None: t=225.71991054099635, value=v, duration=0.14328066700545605>
226.7244 	EXP 	line1: autoDraw = True
226.7244 	EXP 	line2: autoDraw = True
226.7244 	EXP 	line3: autoDraw = True
226.7244 	EXP 	line4: autoDraw = True
226.7304 	EXP 	fixation: autoDraw = False
227.7233 	INFO 	Keyboard events cleared
227.7231 	EXP 	probe: autoDraw = True
228.0257 	EXP 	Device response: <KeyPress from None: t=228.02117129099497, value=c, duration=None>
228.0261 	EXP 	New trial (rep=24, index=3): <Trial 99 (3 in rep 24) data={'pos': np.int64(-150), 'corr_resp': 'z', 'thisN': 99, 'thisTrialN': 3, 'thisRepN': 24}>
228.0334 	DATA 	Keypress: c
228.0384 	EXP 	fixation: autoDraw = False
228.0384 	EXP 	line1: autoDraw = False
228.0384 	EXP 	line2: autoDraw = False
228.0384 	EXP 	line3: autoDraw = False
228.0384 	EXP 	line4: autoDraw = False
228.0384 	EXP 	probe: autoDraw = False
228.0384 	EXP 	fixation: autoDraw = True
228.1594 	EXP 	Device response: <KeyPress from None: t=228.02117129099497, value=c, duration=0.12799012500909157>
229.0245 	EXP 	line1: autoDraw = True
229.0245 	EXP 	line2: autoDraw = True
229.0245 	EXP 	line3: autoDraw = True
229.0245 	EXP 	line4: autoDraw = True
229.0309 	EXP 	fixation: autoDraw = False
230.0246 	INFO 	Keyboard events cleared
230.0244 	EXP 	probe: autoDraw = True
230.2924 	EXP 	Device response: <KeyPress from None: t=230.28076533299463, value=z, duration=None>
230.3261 	EXP 	Imported /Users/tiaragajjar/Downloads/EXP 4 - Sheet1.csv as conditions, 4 conditions, 2 params
230.3300 	EXP 	New trial (rep=0, index=0): <Trial 0 (0 in rep 0) data={'pos': np.int64(-50), 'corr_resp': 'x', 'thisN': 0, 'thisTrialN': 0, 'thisRepN': 0}>
230.3330 	DATA 	Keypress: z
230.3370 	EXP 	fixation: autoDraw = False
230.3370 	EXP 	line1: autoDraw = False
230.3370 	EXP 	line2: autoDraw = False
230.3370 	EXP 	line3: autoDraw = False
230.3370 	EXP 	line4: autoDraw = False
230.3370 	EXP 	probe: autoDraw = False
230.3370 	EXP 	fixation: autoDraw = True
230.4590 	EXP 	Device response: <KeyPress from None: t=230.28076533299463, value=z, duration=0.1763326250074897>
231.2912 	EXP 	line1: autoDraw = True
231.2912 	EXP 	line2: autoDraw = True
231.2912 	EXP 	line3: autoDraw = True
231.2912 	EXP 	line4: autoDraw = True
231.3307 	EXP 	fixation: autoDraw = False
232.2903 	INFO 	Keyboard events cleared
232.2902 	EXP 	probe: autoDraw = True
232.6424 	EXP 	Device response: <KeyPress from None: t=232.6336590830033, value=x, duration=None>
232.6430 	EXP 	New trial (rep=1, index=1): <Trial 1 (1 in rep 1) data={'pos': np.int64(-50), 'corr_resp': 'x', 'thisN': 1, 'thisTrialN': 1, 'thisRepN': 1}>
232.6497 	DATA 	Keypress: x
232.6544 	EXP 	fixation: autoDraw = False
232.6544 	EXP 	line1: autoDraw = False
232.6544 	EXP 	line2: autoDraw = False
232.6544 	EXP 	line3: autoDraw = False
232.6544 	EXP 	line4: autoDraw = False
232.6544 	EXP 	probe: autoDraw = False
232.6544 	EXP 	fixation: autoDraw = True
232.7597 	EXP 	Device response: <KeyPress from None: t=232.6336590830033, value=x, duration=0.1243981250008801>
233.6411 	EXP 	line1: autoDraw = True
233.6411 	EXP 	line2: autoDraw = True
233.6411 	EXP 	line3: autoDraw = True
233.6411 	EXP 	line4: autoDraw = True
233.6476 	EXP 	fixation: autoDraw = False
234.6413 	INFO 	Keyboard events cleared
234.6411 	EXP 	probe: autoDraw = True
235.1331 	EXP 	Device response: <KeyPress from None: t=235.12867691600695, value=x, duration=None>
235.1338 	EXP 	New trial (rep=0, index=2): <Trial 2 (2 in rep 0) data={'pos': np.int64(150), 'corr_resp': 'v', 'thisN': 2, 'thisTrialN': 2, 'thisRepN': 0}>
235.1494 	EXP 	fixation: autoDraw = False
235.1494 	EXP 	line1: autoDraw = False
235.1494 	EXP 	line2: autoDraw = False
235.1494 	EXP 	line3: autoDraw = False
235.1494 	EXP 	line4: autoDraw = False
235.1494 	EXP 	probe: autoDraw = False
235.1494 	EXP 	fixation: autoDraw = True
235.1520 	DATA 	Keypress: x
235.3263 	EXP 	Device response: <KeyPress from None: t=235.12867691600695, value=x, duration=0.18511483298789244>
236.1321 	EXP 	line1: autoDraw = True
236.1321 	EXP 	line2: autoDraw = True
236.1321 	EXP 	line3: autoDraw = True
236.1321 	EXP 	line4: autoDraw = True
236.1410 	EXP 	fixation: autoDraw = False
237.1311 	INFO 	Keyboard events cleared
237.1309 	EXP 	probe: autoDraw = True
237.5148 	EXP 	Device response: <KeyPress from None: t=237.508582208, value=v, duration=None>
237.5153 	EXP 	New trial (rep=1, index=3): <Trial 3 (3 in rep 1) data={'pos': np.int64(150), 'corr_resp': 'v', 'thisN': 3, 'thisTrialN': 3, 'thisRepN': 1}>
237.5218 	DATA 	Keypress: v
237.5264 	EXP 	fixation: autoDraw = False
237.5264 	EXP 	line1: autoDraw = False
237.5264 	EXP 	line2: autoDraw = False
237.5264 	EXP 	line3: autoDraw = False
237.5264 	EXP 	line4: autoDraw = False
237.5264 	EXP 	probe: autoDraw = False
237.5264 	EXP 	fixation: autoDraw = True
237.6428 	EXP 	Device response: <KeyPress from None: t=237.508582208, value=v, duration=0.13234308299433906>
238.5153 	EXP 	line1: autoDraw = True
238.5153 	EXP 	line2: autoDraw = True
238.5153 	EXP 	line3: autoDraw = True
238.5153 	EXP 	line4: autoDraw = True
238.5245 	EXP 	fixation: autoDraw = False
239.5079 	INFO 	Keyboard events cleared
239.5077 	EXP 	probe: autoDraw = True
239.9424 	EXP 	Device response: <KeyPress from None: t=239.936544665994, value=v, duration=None>
239.9430 	EXP 	New trial (rep=2, index=4): <Trial 4 (4 in rep 2) data={'pos': np.int64(-50), 'corr_resp': 'x', 'thisN': 4, 'thisTrialN': 4, 'thisRepN': 2}>
239.9500 	DATA 	Keypress: v
239.9548 	EXP 	fixation: autoDraw = False
239.9548 	EXP 	line1: autoDraw = False
239.9548 	EXP 	line2: autoDraw = False
239.9548 	EXP 	line3: autoDraw = False
239.9548 	EXP 	line4: autoDraw = False
239.9548 	EXP 	probe: autoDraw = False
239.9548 	EXP 	fixation: autoDraw = True
240.1259 	EXP 	Device response: <KeyPress from None: t=239.936544665994, value=v, duration=0.17622108300565742>
240.9411 	EXP 	line1: autoDraw = True
240.9411 	EXP 	line2: autoDraw = True
240.9411 	EXP 	line3: autoDraw = True
240.9411 	EXP 	line4: autoDraw = True
240.9473 	EXP 	fixation: autoDraw = False
241.9413 	INFO 	Keyboard events cleared
241.9411 	EXP 	probe: autoDraw = True
242.3633 	EXP 	Device response: <KeyPress from None: t=242.3613740830042, value=x, duration=None>
242.3637 	EXP 	New trial (rep=3, index=5): <Trial 5 (5 in rep 3) data={'pos': np.int64(-50), 'corr_resp': 'x', 'thisN': 5, 'thisTrialN': 5, 'thisRepN': 3}>
242.3680 	DATA 	Keypress: x
242.3732 	EXP 	fixation: autoDraw = False
242.3732 	EXP 	line1: autoDraw = False
242.3732 	EXP 	line2: autoDraw = False
242.3732 	EXP 	line3: autoDraw = False
242.3732 	EXP 	line4: autoDraw = False
242.3732 	EXP 	probe: autoDraw = False
242.3732 	EXP 	fixation: autoDraw = True
242.5257 	EXP 	Device response: <KeyPress from None: t=242.3613740830042, value=x, duration=0.16039883300254587>
243.3575 	EXP 	line1: autoDraw = True
243.3575 	EXP 	line2: autoDraw = True
243.3575 	EXP 	line3: autoDraw = True
243.3575 	EXP 	line4: autoDraw = True
243.3645 	EXP 	fixation: autoDraw = False
244.3572 	INFO 	Keyboard events cleared
244.3570 	EXP 	probe: autoDraw = True
244.8421 	EXP 	Device response: <KeyPress from None: t=244.83749137399718, value=x, duration=None>
244.8425 	EXP 	New trial (rep=0, index=6): <Trial 6 (6 in rep 0) data={'pos': np.int64(-150), 'corr_resp': 'z', 'thisN': 6, 'thisTrialN': 6, 'thisRepN': 0}>
244.8497 	DATA 	Keypress: x
244.8548 	EXP 	fixation: autoDraw = False
244.8548 	EXP 	line1: autoDraw = False
244.8548 	EXP 	line2: autoDraw = False
244.8548 	EXP 	line3: autoDraw = False
244.8548 	EXP 	line4: autoDraw = False
244.8548 	EXP 	probe: autoDraw = False
244.8548 	EXP 	fixation: autoDraw = True
245.0261 	EXP 	Device response: <KeyPress from None: t=244.83749137399718, value=x, duration=0.17613312500179745>
245.8411 	EXP 	line1: autoDraw = True
245.8411 	EXP 	line2: autoDraw = True
245.8411 	EXP 	line3: autoDraw = True
245.8411 	EXP 	line4: autoDraw = True
245.8470 	EXP 	fixation: autoDraw = False
246.8413 	INFO 	Keyboard events cleared
246.8411 	EXP 	probe: autoDraw = True
247.2815 	EXP 	Device response: <KeyPress from None: t=247.27730358300323, value=z, duration=None>
247.2820 	EXP 	New trial (rep=0, index=7): <Trial 7 (7 in rep 0) data={'pos': np.int64(50), 'corr_resp': 'c ', 'thisN': 7, 'thisTrialN': 7, 'thisRepN': 0}>
247.2885 	DATA 	Keypress: z
247.2936 	EXP 	fixation: autoDraw = False
247.2936 	EXP 	line1: autoDraw = False
247.2936 	EXP 	line2: autoDraw = False
247.2936 	EXP 	line3: autoDraw = False
247.2936 	EXP 	line4: autoDraw = False
247.2936 	EXP 	probe: autoDraw = False
247.2936 	EXP 	fixation: autoDraw = True
247.4258 	EXP 	Device response: <KeyPress from None: t=247.27730358300323, value=z, duration=0.1443147499958286>
248.2803 	EXP 	line1: autoDraw = True
248.2803 	EXP 	line2: autoDraw = True
248.2803 	EXP 	line3: autoDraw = True
248.2803 	EXP 	line4: autoDraw = True
248.2911 	EXP 	fixation: autoDraw = False
249.2820 	INFO 	Keyboard events cleared
249.2818 	EXP 	probe: autoDraw = True
249.6649 	EXP 	Device response: <KeyPress from None: t=249.65923229100008, value=c, duration=None>
249.6653 	EXP 	New trial (rep=1, index=8): <Trial 8 (8 in rep 1) data={'pos': np.int64(-150), 'corr_resp': 'z', 'thisN': 8, 'thisTrialN': 8, 'thisRepN': 1}>
249.6726 	DATA 	Keypress: c
249.6772 	EXP 	fixation: autoDraw = False
249.6772 	EXP 	line1: autoDraw = False
249.6772 	EXP 	line2: autoDraw = False
249.6772 	EXP 	line3: autoDraw = False
249.6772 	EXP 	line4: autoDraw = False
249.6772 	EXP 	probe: autoDraw = False
249.6772 	EXP 	fixation: autoDraw = True
249.8428 	EXP 	Device response: <KeyPress from None: t=249.65923229100008, value=c, duration=0.1803689999942435>
250.6652 	EXP 	line1: autoDraw = True
250.6652 	EXP 	line2: autoDraw = True
250.6652 	EXP 	line3: autoDraw = True
250.6652 	EXP 	line4: autoDraw = True
250.6744 	EXP 	fixation: autoDraw = False
251.6652 	INFO 	Keyboard events cleared
251.6650 	EXP 	probe: autoDraw = True
252.2257 	EXP 	Device response: <KeyPress from None: t=252.22016729100142, value=z, duration=None>
252.2263 	EXP 	New trial (rep=2, index=9): <Trial 9 (9 in rep 2) data={'pos': np.int64(-150), 'corr_resp': 'z', 'thisN': 9, 'thisTrialN': 9, 'thisRepN': 2}>
252.2343 	DATA 	Keypress: z
252.2395 	EXP 	fixation: autoDraw = False
252.2395 	EXP 	line1: autoDraw = False
252.2395 	EXP 	line2: autoDraw = False
252.2395 	EXP 	line3: autoDraw = False
252.2395 	EXP 	line4: autoDraw = False
252.2395 	EXP 	probe: autoDraw = False
252.2395 	EXP 	fixation: autoDraw = True
252.3931 	EXP 	Device response: <KeyPress from None: t=252.22016729100142, value=z, duration=0.16029737499775365>
253.2244 	EXP 	line1: autoDraw = True
253.2244 	EXP 	line2: autoDraw = True
253.2244 	EXP 	line3: autoDraw = True
253.2244 	EXP 	line4: autoDraw = True
253.2307 	EXP 	fixation: autoDraw = False
254.2247 	INFO 	Keyboard events cleared
254.2245 	EXP 	probe: autoDraw = True
254.6090 	EXP 	Device response: <KeyPress from None: t=254.6021304580063, value=z, duration=None>
254.6095 	EXP 	New trial (rep=4, index=10): <Trial 10 (10 in rep 4) data={'pos': np.int64(-50), 'corr_resp': 'x', 'thisN': 10, 'thisTrialN': 10, 'thisRepN': 4}>
254.6170 	DATA 	Keypress: z
254.6220 	EXP 	fixation: autoDraw = False
254.6220 	EXP 	line1: autoDraw = False
254.6220 	EXP 	line2: autoDraw = False
254.6220 	EXP 	line3: autoDraw = False
254.6220 	EXP 	line4: autoDraw = False
254.6220 	EXP 	probe: autoDraw = False
254.6220 	EXP 	fixation: autoDraw = True
254.7598 	EXP 	Device response: <KeyPress from None: t=254.6021304580063, value=z, duration=0.15232762499363162>
255.6078 	EXP 	line1: autoDraw = True
255.6078 	EXP 	line2: autoDraw = True
255.6078 	EXP 	line3: autoDraw = True
255.6078 	EXP 	line4: autoDraw = True
255.6134 	EXP 	fixation: autoDraw = False
256.6073 	INFO 	Keyboard events cleared
256.6070 	EXP 	probe: autoDraw = True
257.1646 	EXP 	Device response: <KeyPress from None: t=257.16293916599534, value=x, duration=None>
257.1651 	EXP 	New trial (rep=1, index=11): <Trial 11 (11 in rep 1) data={'pos': np.int64(50), 'corr_resp': 'c ', 'thisN': 11, 'thisTrialN': 11, 'thisRepN': 1}>
257.1711 	DATA 	Keypress: x
257.1769 	EXP 	fixation: autoDraw = False
257.1769 	EXP 	line1: autoDraw = False
257.1769 	EXP 	line2: autoDraw = False
257.1769 	EXP 	line3: autoDraw = False
257.1769 	EXP 	line4: autoDraw = False
257.1769 	EXP 	probe: autoDraw = False
257.1769 	EXP 	fixation: autoDraw = True
257.3805 	EXP 	Device response: <KeyPress from None: t=257.16293916599534, value=x, duration=0.21641479201207403>
258.1655 	EXP 	line1: autoDraw = True
258.1655 	EXP 	line2: autoDraw = True
258.1655 	EXP 	line3: autoDraw = True
258.1655 	EXP 	line4: autoDraw = True
258.1742 	EXP 	fixation: autoDraw = False
259.1579 	INFO 	Keyboard events cleared
259.1577 	EXP 	probe: autoDraw = True
259.5090 	EXP 	Device response: <KeyPress from None: t=259.5070452910004, value=c, duration=None>
259.5096 	EXP 	New trial (rep=2, index=12): <Trial 12 (12 in rep 2) data={'pos': np.int64(150), 'corr_resp': 'v', 'thisN': 12, 'thisTrialN': 12, 'thisRepN': 2}>
259.5168 	DATA 	Keypress: c
259.5219 	EXP 	fixation: autoDraw = False
259.5219 	EXP 	line1: autoDraw = False
259.5219 	EXP 	line2: autoDraw = False
259.5219 	EXP 	line3: autoDraw = False
259.5219 	EXP 	line4: autoDraw = False
259.5219 	EXP 	probe: autoDraw = False
259.5219 	EXP 	fixation: autoDraw = True
259.6926 	EXP 	Device response: <KeyPress from None: t=259.5070452910004, value=c, duration=0.17618900000525173>
260.5078 	EXP 	line1: autoDraw = True
260.5078 	EXP 	line2: autoDraw = True
260.5078 	EXP 	line3: autoDraw = True
260.5078 	EXP 	line4: autoDraw = True
260.5142 	EXP 	fixation: autoDraw = False
261.5081 	INFO 	Keyboard events cleared
261.5079 	EXP 	probe: autoDraw = True
261.8923 	EXP 	Device response: <KeyPress from None: t=261.8859215830016, value=v, duration=None>
261.8928 	EXP 	New trial (rep=5, index=13): <Trial 13 (13 in rep 5) data={'pos': np.int64(-50), 'corr_resp': 'x', 'thisN': 13, 'thisTrialN': 13, 'thisRepN': 5}>
261.8993 	DATA 	Keypress: v
261.9042 	EXP 	fixation: autoDraw = False
261.9042 	EXP 	line1: autoDraw = False
261.9042 	EXP 	line2: autoDraw = False
261.9042 	EXP 	line3: autoDraw = False
261.9042 	EXP 	line4: autoDraw = False
261.9042 	EXP 	probe: autoDraw = False
261.9042 	EXP 	fixation: autoDraw = True
262.0595 	EXP 	Device response: <KeyPress from None: t=261.8859215830016, value=v, duration=0.16840029100421816>
262.8911 	EXP 	line1: autoDraw = True
262.8911 	EXP 	line2: autoDraw = True
262.8911 	EXP 	line3: autoDraw = True
262.8911 	EXP 	line4: autoDraw = True
262.8975 	EXP 	fixation: autoDraw = False
263.8912 	INFO 	Keyboard events cleared
263.8910 	EXP 	probe: autoDraw = True
264.2483 	EXP 	Device response: <KeyPress from None: t=264.24576808299753, value=x, duration=None>
264.2487 	EXP 	New trial (rep=3, index=14): <Trial 14 (14 in rep 3) data={'pos': np.int64(-150), 'corr_resp': 'z', 'thisN': 14, 'thisTrialN': 14, 'thisRepN': 3}>
264.2551 	DATA 	Keypress: x
264.2601 	EXP 	fixation: autoDraw = False
264.2601 	EXP 	line1: autoDraw = False
264.2601 	EXP 	line2: autoDraw = False
264.2601 	EXP 	line3: autoDraw = False
264.2601 	EXP 	line4: autoDraw = False
264.2601 	EXP 	probe: autoDraw = False
264.2601 	EXP 	fixation: autoDraw = True
264.4316 	EXP 	Device response: <KeyPress from None: t=264.24576808299753, value=x, duration=0.1804122500034282>
265.2483 	EXP 	line1: autoDraw = True
265.2483 	EXP 	line2: autoDraw = True
265.2483 	EXP 	line3: autoDraw = True
265.2483 	EXP 	line4: autoDraw = True
265.2577 	EXP 	fixation: autoDraw = False
266.2401 	INFO 	Keyboard events cleared
266.2399 	EXP 	probe: autoDraw = True
266.5755 	EXP 	Device response: <KeyPress from None: t=266.5707698740007, value=z, duration=None>
266.5759 	EXP 	New trial (rep=3, index=15): <Trial 15 (15 in rep 3) data={'pos': np.int64(150), 'corr_resp': 'v', 'thisN': 15, 'thisTrialN': 15, 'thisRepN': 3}>
266.5827 	DATA 	Keypress: z
266.5876 	EXP 	fixation: autoDraw = False
266.5876 	EXP 	line1: autoDraw = False
266.5876 	EXP 	line2: autoDraw = False
266.5876 	EXP 	line3: autoDraw = False
266.5876 	EXP 	line4: autoDraw = False
266.5876 	EXP 	probe: autoDraw = False
266.5876 	EXP 	fixation: autoDraw = True
266.7644 	EXP 	Device response: <KeyPress from None: t=266.5707698740007, value=z, duration=0.19222645899571944>
267.5745 	EXP 	line1: autoDraw = True
267.5745 	EXP 	line2: autoDraw = True
267.5745 	EXP 	line3: autoDraw = True
267.5745 	EXP 	line4: autoDraw = True
267.5808 	EXP 	fixation: autoDraw = False
268.5745 	INFO 	Keyboard events cleared
268.5743 	EXP 	probe: autoDraw = True
268.8923 	EXP 	Device response: <KeyPress from None: t=268.8807059160026, value=v, duration=None>
268.8927 	EXP 	New trial (rep=4, index=16): <Trial 16 (16 in rep 4) data={'pos': np.int64(150), 'corr_resp': 'v', 'thisN': 16, 'thisTrialN': 16, 'thisRepN': 4}>
268.8995 	DATA 	Keypress: v
268.9044 	EXP 	fixation: autoDraw = False
268.9044 	EXP 	line1: autoDraw = False
268.9044 	EXP 	line2: autoDraw = False
268.9044 	EXP 	line3: autoDraw = False
268.9044 	EXP 	line4: autoDraw = False
268.9044 	EXP 	probe: autoDraw = False
268.9044 	EXP 	fixation: autoDraw = True
269.0305 	EXP 	Device response: <KeyPress from None: t=268.8807059160026, value=v, duration=0.14416158299718518>
269.8910 	EXP 	line1: autoDraw = True
269.8910 	EXP 	line2: autoDraw = True
269.8910 	EXP 	line3: autoDraw = True
269.8910 	EXP 	line4: autoDraw = True
269.8971 	EXP 	fixation: autoDraw = False
270.8911 	INFO 	Keyboard events cleared
270.8909 	EXP 	probe: autoDraw = True
271.3755 	EXP 	Device response: <KeyPress from None: t=271.3735815830005, value=v, duration=None>
271.3760 	EXP 	New trial (rep=4, index=17): <Trial 17 (17 in rep 4) data={'pos': np.int64(-150), 'corr_resp': 'z', 'thisN': 17, 'thisTrialN': 17, 'thisRepN': 4}>
271.3830 	DATA 	Keypress: v
271.3880 	EXP 	fixation: autoDraw = False
271.3880 	EXP 	line1: autoDraw = False
271.3880 	EXP 	line2: autoDraw = False
271.3880 	EXP 	line3: autoDraw = False
271.3880 	EXP 	line4: autoDraw = False
271.3880 	EXP 	probe: autoDraw = False
271.3880 	EXP 	fixation: autoDraw = True
271.5266 	EXP 	Device response: <KeyPress from None: t=271.3735815830005, value=v, duration=0.13633262499934062>
272.3742 	EXP 	line1: autoDraw = True
272.3742 	EXP 	line2: autoDraw = True
272.3742 	EXP 	line3: autoDraw = True
272.3742 	EXP 	line4: autoDraw = True
272.3797 	EXP 	fixation: autoDraw = False
273.3744 	INFO 	Keyboard events cleared
273.3742 	EXP 	probe: autoDraw = True
273.8151 	EXP 	Device response: <KeyPress from None: t=273.813480583005, value=z, duration=None>
273.8156 	EXP 	New trial (rep=5, index=18): <Trial 18 (18 in rep 5) data={'pos': np.int64(150), 'corr_resp': 'v', 'thisN': 18, 'thisTrialN': 18, 'thisRepN': 5}>
273.8223 	DATA 	Keypress: z
273.8267 	EXP 	fixation: autoDraw = False
273.8267 	EXP 	line1: autoDraw = False
273.8267 	EXP 	line2: autoDraw = False
273.8267 	EXP 	line3: autoDraw = False
273.8267 	EXP 	line4: autoDraw = False
273.8267 	EXP 	probe: autoDraw = False
273.8267 	EXP 	fixation: autoDraw = True
273.9763 	EXP 	Device response: <KeyPress from None: t=273.813480583005, value=z, duration=0.16033354098908603>
274.8157 	EXP 	line1: autoDraw = True
274.8157 	EXP 	line2: autoDraw = True
274.8157 	EXP 	line3: autoDraw = True
274.8157 	EXP 	line4: autoDraw = True
274.8243 	EXP 	fixation: autoDraw = False
275.8148 	INFO 	Keyboard events cleared
275.8146 	EXP 	probe: autoDraw = True
276.1643 	EXP 	Device response: <KeyPress from None: t=276.1595018329972, value=v, duration=None>
276.1648 	EXP 	New trial (rep=6, index=19): <Trial 19 (19 in rep 6) data={'pos': np.int64(-50), 'corr_resp': 'x', 'thisN': 19, 'thisTrialN': 19, 'thisRepN': 6}>
276.1713 	DATA 	Keypress: v
276.1763 	EXP 	fixation: autoDraw = False
276.1763 	EXP 	line1: autoDraw = False
276.1763 	EXP 	line2: autoDraw = False
276.1763 	EXP 	line3: autoDraw = False
276.1763 	EXP 	line4: autoDraw = False
276.1763 	EXP 	probe: autoDraw = False
276.1763 	EXP 	fixation: autoDraw = True
276.2983 	EXP 	Device response: <KeyPress from None: t=276.1595018329972, value=v, duration=0.13622016600857023>
277.1649 	EXP 	line1: autoDraw = True
277.1649 	EXP 	line2: autoDraw = True
277.1649 	EXP 	line3: autoDraw = True
277.1649 	EXP 	line4: autoDraw = True
277.1744 	EXP 	fixation: autoDraw = False
278.1646 	INFO 	Keyboard events cleared
278.1644 	EXP 	probe: autoDraw = True
278.7150 	EXP 	Device response: <KeyPress from None: t=278.7124327909987, value=x, duration=None>
278.7155 	EXP 	New trial (rep=5, index=20): <Trial 20 (20 in rep 5) data={'pos': np.int64(-150), 'corr_resp': 'z', 'thisN': 20, 'thisTrialN': 20, 'thisRepN': 5}>
278.7223 	DATA 	Keypress: x
278.7267 	EXP 	fixation: autoDraw = False
278.7267 	EXP 	line1: autoDraw = False
278.7267 	EXP 	line2: autoDraw = False
278.7267 	EXP 	line3: autoDraw = False
278.7267 	EXP 	line4: autoDraw = False
278.7267 	EXP 	probe: autoDraw = False
278.7267 	EXP 	fixation: autoDraw = True
278.8984 	EXP 	Device response: <KeyPress from None: t=278.7124327909987, value=x, duration=0.1844024169986369>
279.7134 	EXP 	line1: autoDraw = True
279.7134 	EXP 	line2: autoDraw = True
279.7134 	EXP 	line3: autoDraw = True
279.7134 	EXP 	line4: autoDraw = True
279.7244 	EXP 	fixation: autoDraw = False
280.7145 	INFO 	Keyboard events cleared
280.7143 	EXP 	probe: autoDraw = True
281.0921 	EXP 	Device response: <KeyPress from None: t=281.08746745799726, value=z, duration=None>
281.0927 	EXP 	New trial (rep=6, index=21): <Trial 21 (21 in rep 6) data={'pos': np.int64(150), 'corr_resp': 'v', 'thisN': 21, 'thisTrialN': 21, 'thisRepN': 6}>
281.0995 	DATA 	Keypress: z
281.1046 	EXP 	fixation: autoDraw = False
281.1046 	EXP 	line1: autoDraw = False
281.1046 	EXP 	line2: autoDraw = False
281.1046 	EXP 	line3: autoDraw = False
281.1046 	EXP 	line4: autoDraw = False
281.1046 	EXP 	probe: autoDraw = False
281.1046 	EXP 	fixation: autoDraw = True
281.2430 	EXP 	Device response: <KeyPress from None: t=281.08746745799726, value=z, duration=0.14833166600146797>
282.0909 	EXP 	line1: autoDraw = True
282.0909 	EXP 	line2: autoDraw = True
282.0909 	EXP 	line3: autoDraw = True
282.0909 	EXP 	line4: autoDraw = True
282.0970 	EXP 	fixation: autoDraw = False
283.0902 	INFO 	Keyboard events cleared
283.0901 	EXP 	probe: autoDraw = True
283.4485 	EXP 	Device response: <KeyPress from None: t=283.44424399899435, value=v, duration=None>
283.4490 	EXP 	New trial (rep=6, index=22): <Trial 22 (22 in rep 6) data={'pos': np.int64(-150), 'corr_resp': 'z', 'thisN': 22, 'thisTrialN': 22, 'thisRepN': 6}>
283.4556 	DATA 	Keypress: v
283.4600 	EXP 	fixation: autoDraw = False
283.4600 	EXP 	line1: autoDraw = False
283.4600 	EXP 	line2: autoDraw = False
283.4600 	EXP 	line3: autoDraw = False
283.4600 	EXP 	line4: autoDraw = False
283.4600 	EXP 	probe: autoDraw = False
283.4600 	EXP 	fixation: autoDraw = True
283.6261 	EXP 	Device response: <KeyPress from None: t=283.44424399899435, value=v, duration=0.18036025000037625>
284.4483 	EXP 	line1: autoDraw = True
284.4483 	EXP 	line2: autoDraw = True
284.4483 	EXP 	line3: autoDraw = True
284.4483 	EXP 	line4: autoDraw = True
284.4576 	EXP 	fixation: autoDraw = False
285.4481 	INFO 	Keyboard events cleared
285.4479 	EXP 	probe: autoDraw = True
285.8086 	EXP 	Device response: <KeyPress from None: t=285.8052845829952, value=z, duration=None>
285.8091 	EXP 	New trial (rep=7, index=23): <Trial 23 (23 in rep 7) data={'pos': np.int64(-150), 'corr_resp': 'z', 'thisN': 23, 'thisTrialN': 23, 'thisRepN': 7}>
285.8162 	DATA 	Keypress: z
285.8209 	EXP 	fixation: autoDraw = False
285.8209 	EXP 	line1: autoDraw = False
285.8209 	EXP 	line2: autoDraw = False
285.8209 	EXP 	line3: autoDraw = False
285.8209 	EXP 	line4: autoDraw = False
285.8209 	EXP 	probe: autoDraw = False
285.8209 	EXP 	fixation: autoDraw = True
285.9642 	EXP 	Device response: <KeyPress from None: t=285.8052845829952, value=z, duration=0.15624037499947008>
286.8077 	EXP 	line1: autoDraw = True
286.8077 	EXP 	line2: autoDraw = True
286.8077 	EXP 	line3: autoDraw = True
286.8077 	EXP 	line4: autoDraw = True
286.8137 	EXP 	fixation: autoDraw = False
287.7988 	INFO 	Keyboard events cleared
287.7986 	EXP 	probe: autoDraw = True
288.2424 	EXP 	Device response: <KeyPress from None: t=288.2411982079939, value=z, duration=None>
288.2430 	EXP 	New trial (rep=7, index=24): <Trial 24 (24 in rep 7) data={'pos': np.int64(-50), 'corr_resp': 'x', 'thisN': 24, 'thisTrialN': 24, 'thisRepN': 7}>
288.2498 	DATA 	Keypress: z
288.2547 	EXP 	fixation: autoDraw = False
288.2547 	EXP 	line1: autoDraw = False
288.2547 	EXP 	line2: autoDraw = False
288.2547 	EXP 	line3: autoDraw = False
288.2547 	EXP 	line4: autoDraw = False
288.2547 	EXP 	probe: autoDraw = False
288.2547 	EXP 	fixation: autoDraw = True
288.3929 	EXP 	Device response: <KeyPress from None: t=288.2411982079939, value=z, duration=0.14022758300416172>
289.2410 	EXP 	line1: autoDraw = True
289.2410 	EXP 	line2: autoDraw = True
289.2410 	EXP 	line3: autoDraw = True
289.2410 	EXP 	line4: autoDraw = True
289.2474 	EXP 	fixation: autoDraw = False
290.2410 	INFO 	Keyboard events cleared
290.2408 	EXP 	probe: autoDraw = True
290.5588 	EXP 	Device response: <KeyPress from None: t=290.551042082996, value=x, duration=None>
290.5593 	EXP 	New trial (rep=7, index=25): <Trial 25 (25 in rep 7) data={'pos': np.int64(150), 'corr_resp': 'v', 'thisN': 25, 'thisTrialN': 25, 'thisRepN': 7}>
290.5658 	DATA 	Keypress: x
290.5705 	EXP 	fixation: autoDraw = False
290.5705 	EXP 	line1: autoDraw = False
290.5705 	EXP 	line2: autoDraw = False
290.5705 	EXP 	line3: autoDraw = False
290.5705 	EXP 	line4: autoDraw = False
290.5705 	EXP 	probe: autoDraw = False
290.5705 	EXP 	fixation: autoDraw = True
290.7095 	EXP 	Device response: <KeyPress from None: t=290.551042082996, value=x, duration=0.15634641599899624>
291.5578 	EXP 	line1: autoDraw = True
291.5578 	EXP 	line2: autoDraw = True
291.5578 	EXP 	line3: autoDraw = True
291.5578 	EXP 	line4: autoDraw = True
291.5636 	EXP 	fixation: autoDraw = False
292.5578 	INFO 	Keyboard events cleared
292.5576 	EXP 	probe: autoDraw = True
292.9588 	EXP 	Device response: <KeyPress from None: t=292.95108254099614, value=v, duration=None>
292.9593 	EXP 	New trial (rep=8, index=26): <Trial 26 (26 in rep 8) data={'pos': np.int64(-50), 'corr_resp': 'x', 'thisN': 26, 'thisTrialN': 26, 'thisRepN': 8}>
292.9656 	DATA 	Keypress: v
292.9704 	EXP 	fixation: autoDraw = False
292.9704 	EXP 	line1: autoDraw = False
292.9704 	EXP 	line2: autoDraw = False
292.9704 	EXP 	line3: autoDraw = False
292.9704 	EXP 	line4: autoDraw = False
292.9704 	EXP 	probe: autoDraw = False
292.9704 	EXP 	fixation: autoDraw = True
293.1315 	EXP 	Device response: <KeyPress from None: t=292.95108254099614, value=v, duration=0.1762903750059195>
293.9574 	EXP 	line1: autoDraw = True
293.9574 	EXP 	line2: autoDraw = True
293.9574 	EXP 	line3: autoDraw = True
293.9574 	EXP 	line4: autoDraw = True
293.9636 	EXP 	fixation: autoDraw = False
294.9578 	INFO 	Keyboard events cleared
294.9576 	EXP 	probe: autoDraw = True
295.3644 	EXP 	Device response: <KeyPress from None: t=295.3629298330052, value=x, duration=None>
295.3648 	EXP 	New trial (rep=9, index=27): <Trial 27 (27 in rep 9) data={'pos': np.int64(-50), 'corr_resp': 'x', 'thisN': 27, 'thisTrialN': 27, 'thisRepN': 9}>
295.3717 	DATA 	Keypress: x
295.3767 	EXP 	fixation: autoDraw = False
295.3767 	EXP 	line1: autoDraw = False
295.3767 	EXP 	line2: autoDraw = False
295.3767 	EXP 	line3: autoDraw = False
295.3767 	EXP 	line4: autoDraw = False
295.3767 	EXP 	probe: autoDraw = False
295.3767 	EXP 	fixation: autoDraw = True
295.5643 	EXP 	Device response: <KeyPress from None: t=295.3629298330052, value=x, duration=0.19640279099985491>
296.3647 	EXP 	line1: autoDraw = True
296.3647 	EXP 	line2: autoDraw = True
296.3647 	EXP 	line3: autoDraw = True
296.3647 	EXP 	line4: autoDraw = True
296.3743 	EXP 	fixation: autoDraw = False
297.3643 	INFO 	Keyboard events cleared
297.3641 	EXP 	probe: autoDraw = True
297.7315 	EXP 	Device response: <KeyPress from None: t=297.7278969990002, value=x, duration=None>
297.7320 	EXP 	New trial (rep=10, index=28): <Trial 28 (28 in rep 10) data={'pos': np.int64(-50), 'corr_resp': 'x', 'thisN': 28, 'thisTrialN': 28, 'thisRepN': 10}>
297.7386 	DATA 	Keypress: x
297.7435 	EXP 	fixation: autoDraw = False
297.7435 	EXP 	line1: autoDraw = False
297.7435 	EXP 	line2: autoDraw = False
297.7435 	EXP 	line3: autoDraw = False
297.7435 	EXP 	line4: autoDraw = False
297.7435 	EXP 	probe: autoDraw = False
297.7435 	EXP 	fixation: autoDraw = True
297.9091 	EXP 	Device response: <KeyPress from None: t=297.7278969990002, value=x, duration=0.17637704199296422>
298.7315 	EXP 	line1: autoDraw = True
298.7315 	EXP 	line2: autoDraw = True
298.7315 	EXP 	line3: autoDraw = True
298.7315 	EXP 	line4: autoDraw = True
298.7409 	EXP 	fixation: autoDraw = False
299.7315 	INFO 	Keyboard events cleared
299.7313 	EXP 	probe: autoDraw = True
300.1087 	EXP 	Device response: <KeyPress from None: t=300.1047879990074, value=x, duration=None>
300.1092 	EXP 	New trial (rep=11, index=29): <Trial 29 (29 in rep 11) data={'pos': np.int64(-50), 'corr_resp': 'x', 'thisN': 29, 'thisTrialN': 29, 'thisRepN': 11}>
300.1162 	DATA 	Keypress: x
300.1211 	EXP 	fixation: autoDraw = False
300.1211 	EXP 	line1: autoDraw = False
300.1211 	EXP 	line2: autoDraw = False
300.1211 	EXP 	line3: autoDraw = False
300.1211 	EXP 	line4: autoDraw = False
300.1211 	EXP 	probe: autoDraw = False
300.1211 	EXP 	fixation: autoDraw = True
300.3145 	EXP 	Device response: <KeyPress from None: t=300.1047879990074, value=x, duration=0.2082510419859318>
301.1077 	EXP 	line1: autoDraw = True
301.1077 	EXP 	line2: autoDraw = True
301.1077 	EXP 	line3: autoDraw = True
301.1077 	EXP 	line4: autoDraw = True
301.1145 	EXP 	fixation: autoDraw = False
302.1077 	INFO 	Keyboard events cleared
302.1076 	EXP 	probe: autoDraw = True
302.4408 	EXP 	Device response: <KeyPress from None: t=302.4306440829969, value=x, duration=None>
302.4412 	EXP 	New trial (rep=2, index=30): <Trial 30 (30 in rep 2) data={'pos': np.int64(50), 'corr_resp': 'c ', 'thisN': 30, 'thisTrialN': 30, 'thisRepN': 2}>
302.4445 	DATA 	Keypress: x
302.4480 	EXP 	fixation: autoDraw = False
302.4480 	EXP 	line1: autoDraw = False
302.4480 	EXP 	line2: autoDraw = False
302.4480 	EXP 	line3: autoDraw = False
302.4480 	EXP 	line4: autoDraw = False
302.4480 	EXP 	probe: autoDraw = False
302.4480 	EXP 	fixation: autoDraw = True
302.6090 	EXP 	Device response: <KeyPress from None: t=302.4306440829969, value=x, duration=0.17648224999720696>
303.4313 	EXP 	line1: autoDraw = True
303.4313 	EXP 	line2: autoDraw = True
303.4313 	EXP 	line3: autoDraw = True
303.4313 	EXP 	line4: autoDraw = True
303.4409 	EXP 	fixation: autoDraw = False
304.4317 	INFO 	Keyboard events cleared
304.4315 	EXP 	probe: autoDraw = True
304.7812 	EXP 	Device response: <KeyPress from None: t=304.7756572079961, value=c, duration=None>
304.7817 	EXP 	New trial (rep=3, index=31): <Trial 31 (31 in rep 3) data={'pos': np.int64(50), 'corr_resp': 'c ', 'thisN': 31, 'thisTrialN': 31, 'thisRepN': 3}>
304.7881 	DATA 	Keypress: c
304.7934 	EXP 	fixation: autoDraw = False
304.7934 	EXP 	line1: autoDraw = False
304.7934 	EXP 	line2: autoDraw = False
304.7934 	EXP 	line3: autoDraw = False
304.7934 	EXP 	line4: autoDraw = False
304.7934 	EXP 	probe: autoDraw = False
304.7934 	EXP 	fixation: autoDraw = True
304.9424 	EXP 	Device response: <KeyPress from None: t=304.7756572079961, value=c, duration=0.16433725001115818>
305.7814 	EXP 	line1: autoDraw = True
305.7814 	EXP 	line2: autoDraw = True
305.7814 	EXP 	line3: autoDraw = True
305.7814 	EXP 	line4: autoDraw = True
305.7908 	EXP 	fixation: autoDraw = False
306.7824 	INFO 	Keyboard events cleared
306.7822 	EXP 	probe: autoDraw = True
307.2810 	EXP 	Device response: <KeyPress from None: t=307.27445116599847, value=c, duration=None>
307.2815 	EXP 	New trial (rep=8, index=32): <Trial 32 (32 in rep 8) data={'pos': np.int64(-150), 'corr_resp': 'z', 'thisN': 32, 'thisTrialN': 32, 'thisRepN': 8}>
307.2881 	DATA 	Keypress: c
307.2931 	EXP 	fixation: autoDraw = False
307.2931 	EXP 	line1: autoDraw = False
307.2931 	EXP 	line2: autoDraw = False
307.2931 	EXP 	line3: autoDraw = False
307.2931 	EXP 	line4: autoDraw = False
307.2931 	EXP 	probe: autoDraw = False
307.2931 	EXP 	fixation: autoDraw = True
307.4761 	EXP 	Device response: <KeyPress from None: t=307.27445116599847, value=c, duration=0.19650020799599588>
308.2818 	EXP 	line1: autoDraw = True
308.2818 	EXP 	line2: autoDraw = True
308.2818 	EXP 	line3: autoDraw = True
308.2818 	EXP 	line4: autoDraw = True
308.2908 	EXP 	fixation: autoDraw = False
309.2732 	INFO 	Keyboard events cleared
309.2730 	EXP 	probe: autoDraw = True
309.6424 	EXP 	Device response: <KeyPress from None: t=309.64051737400587, value=z, duration=None>
309.6430 	EXP 	New trial (rep=9, index=33): <Trial 33 (33 in rep 9) data={'pos': np.int64(-150), 'corr_resp': 'z', 'thisN': 33, 'thisTrialN': 33, 'thisRepN': 9}>
309.6499 	DATA 	Keypress: z
309.6549 	EXP 	fixation: autoDraw = False
309.6549 	EXP 	line1: autoDraw = False
309.6549 	EXP 	line2: autoDraw = False
309.6549 	EXP 	line3: autoDraw = False
309.6549 	EXP 	line4: autoDraw = False
309.6549 	EXP 	probe: autoDraw = False
309.6549 	EXP 	fixation: autoDraw = True
309.7923 	EXP 	Device response: <KeyPress from None: t=309.64051737400587, value=z, duration=0.14034241699846461>
310.6410 	EXP 	line1: autoDraw = True
310.6410 	EXP 	line2: autoDraw = True
310.6410 	EXP 	line3: autoDraw = True
310.6410 	EXP 	line4: autoDraw = True
310.6479 	EXP 	fixation: autoDraw = False
311.6410 	INFO 	Keyboard events cleared
311.6408 	EXP 	probe: autoDraw = True
312.0146 	EXP 	Device response: <KeyPress from None: t=312.01045020800666, value=z, duration=None>
312.0151 	EXP 	New trial (rep=10, index=34): <Trial 34 (34 in rep 10) data={'pos': np.int64(-150), 'corr_resp': 'z', 'thisN': 34, 'thisTrialN': 34, 'thisRepN': 10}>
312.0217 	DATA 	Keypress: z
312.0267 	EXP 	fixation: autoDraw = False
312.0267 	EXP 	line1: autoDraw = False
312.0267 	EXP 	line2: autoDraw = False
312.0267 	EXP 	line3: autoDraw = False
312.0267 	EXP 	line4: autoDraw = False
312.0267 	EXP 	probe: autoDraw = False
312.0267 	EXP 	fixation: autoDraw = True
312.1757 	EXP 	Device response: <KeyPress from None: t=312.01045020800666, value=z, duration=0.15232970799843315>
313.0230 	EXP 	fixation: autoDraw = False
313.0230 	EXP 	line1: autoDraw = True
313.0230 	EXP 	line2: autoDraw = True
313.0230 	EXP 	line3: autoDraw = True
313.0230 	EXP 	line4: autoDraw = True
314.0162 	INFO 	Keyboard events cleared
314.0160 	EXP 	probe: autoDraw = True
314.2921 	EXP 	Device response: <KeyPress from None: t=314.2863971659972, value=z, duration=None>
314.2926 	EXP 	New trial (rep=4, index=35): <Trial 35 (35 in rep 4) data={'pos': np.int64(50), 'corr_resp': 'c ', 'thisN': 35, 'thisTrialN': 35, 'thisRepN': 4}>
314.2994 	DATA 	Keypress: z
314.3043 	EXP 	fixation: autoDraw = False
314.3043 	EXP 	line1: autoDraw = False
314.3043 	EXP 	line2: autoDraw = False
314.3043 	EXP 	line3: autoDraw = False
314.3043 	EXP 	line4: autoDraw = False
314.3043 	EXP 	probe: autoDraw = False
314.3043 	EXP 	fixation: autoDraw = True
314.4478 	EXP 	Device response: <KeyPress from None: t=314.2863971659972, value=z, duration=0.1564062920078868>
315.2909 	EXP 	line1: autoDraw = True
315.2909 	EXP 	line2: autoDraw = True
315.2909 	EXP 	line3: autoDraw = True
315.2909 	EXP 	line4: autoDraw = True
315.2971 	EXP 	fixation: autoDraw = False
316.2911 	INFO 	Keyboard events cleared
316.2909 	EXP 	probe: autoDraw = True
316.7919 	EXP 	Device response: <KeyPress from None: t=316.78326741600176, value=c, duration=None>
316.7924 	EXP 	New trial (rep=5, index=36): <Trial 36 (36 in rep 5) data={'pos': np.int64(50), 'corr_resp': 'c ', 'thisN': 36, 'thisTrialN': 36, 'thisRepN': 5}>
316.7990 	DATA 	Keypress: c
316.8040 	EXP 	fixation: autoDraw = False
316.8040 	EXP 	line1: autoDraw = False
316.8040 	EXP 	line2: autoDraw = False
316.8040 	EXP 	line3: autoDraw = False
316.8040 	EXP 	line4: autoDraw = False
316.8040 	EXP 	probe: autoDraw = False
316.8040 	EXP 	fixation: autoDraw = True
316.9935 	EXP 	Device response: <KeyPress from None: t=316.78326741600176, value=c, duration=0.20436666699242778>
317.7909 	EXP 	line1: autoDraw = True
317.7909 	EXP 	line2: autoDraw = True
317.7909 	EXP 	line3: autoDraw = True
317.7909 	EXP 	line4: autoDraw = True
317.7965 	EXP 	fixation: autoDraw = False
318.7911 	INFO 	Keyboard events cleared
318.7909 	EXP 	probe: autoDraw = True
319.1648 	EXP 	Device response: <KeyPress from None: t=319.1592179989966, value=c, duration=None>
319.1653 	EXP 	New trial (rep=6, index=37): <Trial 37 (37 in rep 6) data={'pos': np.int64(50), 'corr_resp': 'c ', 'thisN': 37, 'thisTrialN': 37, 'thisRepN': 6}>
319.1721 	DATA 	Keypress: c
319.1767 	EXP 	fixation: autoDraw = False
319.1767 	EXP 	line1: autoDraw = False
319.1767 	EXP 	line2: autoDraw = False
319.1767 	EXP 	line3: autoDraw = False
319.1767 	EXP 	line4: autoDraw = False
319.1767 	EXP 	probe: autoDraw = False
319.1767 	EXP 	fixation: autoDraw = True
319.3759 	EXP 	Device response: <KeyPress from None: t=319.1592179989966, value=c, duration=0.21238912500848528>
320.1642 	EXP 	line1: autoDraw = True
320.1642 	EXP 	line2: autoDraw = True
320.1642 	EXP 	line3: autoDraw = True
320.1642 	EXP 	line4: autoDraw = True
320.1741 	EXP 	fixation: autoDraw = False
321.1645 	INFO 	Keyboard events cleared
321.1643 	EXP 	probe: autoDraw = True
321.4985 	EXP 	Device response: <KeyPress from None: t=321.4971321240009, value=c, duration=None>
321.4989 	EXP 	New trial (rep=12, index=38): <Trial 38 (38 in rep 12) data={'pos': np.int64(-50), 'corr_resp': 'x', 'thisN': 38, 'thisTrialN': 38, 'thisRepN': 12}>
321.5050 	DATA 	Keypress: c
321.5099 	EXP 	fixation: autoDraw = False
321.5099 	EXP 	line1: autoDraw = False
321.5099 	EXP 	line2: autoDraw = False
321.5099 	EXP 	line3: autoDraw = False
321.5099 	EXP 	line4: autoDraw = False
321.5099 	EXP 	probe: autoDraw = False
321.5099 	EXP 	fixation: autoDraw = True
321.7093 	EXP 	Device response: <KeyPress from None: t=321.4971321240009, value=c, duration=0.20844420899811666>
322.4984 	EXP 	line1: autoDraw = True
322.4984 	EXP 	line2: autoDraw = True
322.4984 	EXP 	line3: autoDraw = True
322.4984 	EXP 	line4: autoDraw = True
322.5075 	EXP 	fixation: autoDraw = False
323.4986 	INFO 	Keyboard events cleared
323.4984 	EXP 	probe: autoDraw = True
323.9090 	EXP 	Device response: <KeyPress from None: t=323.90517791600723, value=x, duration=None>
323.9096 	EXP 	New trial (rep=7, index=39): <Trial 39 (39 in rep 7) data={'pos': np.int64(50), 'corr_resp': 'c ', 'thisN': 39, 'thisTrialN': 39, 'thisRepN': 7}>
323.9165 	DATA 	Keypress: x
323.9215 	EXP 	fixation: autoDraw = False
323.9215 	EXP 	line1: autoDraw = False
323.9215 	EXP 	line2: autoDraw = False
323.9215 	EXP 	line3: autoDraw = False
323.9215 	EXP 	line4: autoDraw = False
323.9215 	EXP 	probe: autoDraw = False
323.9215 	EXP 	fixation: autoDraw = True
324.0472 	EXP 	Device response: <KeyPress from None: t=323.90517791600723, value=x, duration=0.13626483299594838>
324.9075 	EXP 	line1: autoDraw = True
324.9075 	EXP 	line2: autoDraw = True
324.9075 	EXP 	line3: autoDraw = True
324.9075 	EXP 	line4: autoDraw = True
324.9138 	EXP 	fixation: autoDraw = False
325.9076 	INFO 	Keyboard events cleared
325.9074 	EXP 	probe: autoDraw = True
326.2587 	EXP 	Device response: <KeyPress from None: t=326.2500177490001, value=c, duration=None>
326.2591 	EXP 	New trial (rep=8, index=40): <Trial 40 (40 in rep 8) data={'pos': np.int64(50), 'corr_resp': 'c ', 'thisN': 40, 'thisTrialN': 40, 'thisRepN': 8}>
326.2655 	DATA 	Keypress: c
326.2701 	EXP 	fixation: autoDraw = False
326.2701 	EXP 	line1: autoDraw = False
326.2701 	EXP 	line2: autoDraw = False
326.2701 	EXP 	line3: autoDraw = False
326.2701 	EXP 	line4: autoDraw = False
326.2701 	EXP 	probe: autoDraw = False
326.2701 	EXP 	fixation: autoDraw = True
326.4667 	EXP 	Device response: <KeyPress from None: t=326.2500177490001, value=c, duration=0.20827025000471622>
327.2575 	EXP 	line1: autoDraw = True
327.2575 	EXP 	line2: autoDraw = True
327.2575 	EXP 	line3: autoDraw = True
327.2575 	EXP 	line4: autoDraw = True
327.2636 	EXP 	fixation: autoDraw = False
328.2576 	INFO 	Keyboard events cleared
328.2574 	EXP 	probe: autoDraw = True
328.6755 	EXP 	Device response: <KeyPress from None: t=328.67097074899357, value=c, duration=None>
328.6761 	EXP 	New trial (rep=9, index=41): <Trial 41 (41 in rep 9) data={'pos': np.int64(50), 'corr_resp': 'c ', 'thisN': 41, 'thisTrialN': 41, 'thisRepN': 9}>
328.6824 	DATA 	Keypress: c
328.6871 	EXP 	fixation: autoDraw = False
328.6871 	EXP 	line1: autoDraw = False
328.6871 	EXP 	line2: autoDraw = False
328.6871 	EXP 	line3: autoDraw = False
328.6871 	EXP 	line4: autoDraw = False
328.6871 	EXP 	probe: autoDraw = False
328.6871 	EXP 	fixation: autoDraw = True
328.8256 	EXP 	Device response: <KeyPress from None: t=328.67097074899357, value=c, duration=0.15226529201027006>
329.6742 	EXP 	line1: autoDraw = True
329.6742 	EXP 	line2: autoDraw = True
329.6742 	EXP 	line3: autoDraw = True
329.6742 	EXP 	line4: autoDraw = True
329.6803 	EXP 	fixation: autoDraw = False
330.6744 	INFO 	Keyboard events cleared
330.6742 	EXP 	probe: autoDraw = True
330.9755 	EXP 	Device response: <KeyPress from None: t=330.9679525410029, value=c, duration=None>
330.9761 	EXP 	New trial (rep=10, index=42): <Trial 42 (42 in rep 10) data={'pos': np.int64(50), 'corr_resp': 'c ', 'thisN': 42, 'thisTrialN': 42, 'thisRepN': 10}>
330.9827 	DATA 	Keypress: c
330.9874 	EXP 	fixation: autoDraw = False
330.9874 	EXP 	line1: autoDraw = False
330.9874 	EXP 	line2: autoDraw = False
330.9874 	EXP 	line3: autoDraw = False
330.9874 	EXP 	line4: autoDraw = False
330.9874 	EXP 	probe: autoDraw = False
330.9874 	EXP 	fixation: autoDraw = True
331.1591 	EXP 	Device response: <KeyPress from None: t=330.9679525410029, value=c, duration=0.18424804200185463>
331.9740 	EXP 	line1: autoDraw = True
331.9740 	EXP 	line2: autoDraw = True
331.9740 	EXP 	line3: autoDraw = True
331.9740 	EXP 	line4: autoDraw = True
331.9799 	EXP 	fixation: autoDraw = False
332.9743 	INFO 	Keyboard events cleared
332.9741 	EXP 	probe: autoDraw = True
333.2752 	EXP 	Device response: <KeyPress from None: t=333.2728372489946, value=c, duration=None>
333.2757 	EXP 	New trial (rep=8, index=43): <Trial 43 (43 in rep 8) data={'pos': np.int64(150), 'corr_resp': 'v', 'thisN': 43, 'thisTrialN': 43, 'thisRepN': 8}>
333.2831 	DATA 	Keypress: c
333.2879 	EXP 	fixation: autoDraw = False
333.2879 	EXP 	line1: autoDraw = False
333.2879 	EXP 	line2: autoDraw = False
333.2879 	EXP 	line3: autoDraw = False
333.2879 	EXP 	line4: autoDraw = False
333.2879 	EXP 	probe: autoDraw = False
333.2879 	EXP 	fixation: autoDraw = True
333.4595 	EXP 	Device response: <KeyPress from None: t=333.2728372489946, value=c, duration=0.17628675000742078>
334.2742 	EXP 	line1: autoDraw = True
334.2742 	EXP 	line2: autoDraw = True
334.2742 	EXP 	line3: autoDraw = True
334.2742 	EXP 	line4: autoDraw = True
334.2807 	EXP 	fixation: autoDraw = False
335.2743 	INFO 	Keyboard events cleared
335.2741 	EXP 	probe: autoDraw = True
335.8986 	EXP 	Device response: <KeyPress from None: t=335.8927867080056, value=v, duration=None>
335.8990 	EXP 	New trial (rep=11, index=44): <Trial 44 (44 in rep 11) data={'pos': np.int64(-150), 'corr_resp': 'z', 'thisN': 44, 'thisTrialN': 44, 'thisRepN': 11}>
335.9058 	DATA 	Keypress: v
335.9101 	EXP 	fixation: autoDraw = False
335.9101 	EXP 	line1: autoDraw = False
335.9101 	EXP 	line2: autoDraw = False
335.9101 	EXP 	line3: autoDraw = False
335.9101 	EXP 	line4: autoDraw = False
335.9101 	EXP 	probe: autoDraw = False
335.9101 	EXP 	fixation: autoDraw = True
336.0592 	EXP 	Device response: <KeyPress from None: t=335.8927867080056, value=v, duration=0.16432562499539927>
336.8977 	EXP 	line1: autoDraw = True
336.8977 	EXP 	line2: autoDraw = True
336.8977 	EXP 	line3: autoDraw = True
336.8977 	EXP 	line4: autoDraw = True
336.9075 	EXP 	fixation: autoDraw = False
337.8978 	INFO 	Keyboard events cleared
337.8976 	EXP 	probe: autoDraw = True
338.3422 	EXP 	Device response: <KeyPress from None: t=338.33365145800053, value=z, duration=None>
338.3428 	EXP 	New trial (rep=9, index=45): <Trial 45 (45 in rep 9) data={'pos': np.int64(150), 'corr_resp': 'v', 'thisN': 45, 'thisTrialN': 45, 'thisRepN': 9}>
338.3499 	DATA 	Keypress: z
338.3548 	EXP 	fixation: autoDraw = False
338.3548 	EXP 	line1: autoDraw = False
338.3548 	EXP 	line2: autoDraw = False
338.3548 	EXP 	line3: autoDraw = False
338.3548 	EXP 	line4: autoDraw = False
338.3548 	EXP 	probe: autoDraw = False
338.3548 	EXP 	fixation: autoDraw = True
338.5088 	EXP 	Device response: <KeyPress from None: t=338.33365145800053, value=z, duration=0.16844275000039488>
339.3409 	EXP 	line1: autoDraw = True
339.3409 	EXP 	line2: autoDraw = True
339.3409 	EXP 	line3: autoDraw = True
339.3409 	EXP 	line4: autoDraw = True
339.3472 	EXP 	fixation: autoDraw = False
340.3409 	INFO 	Keyboard events cleared
340.3408 	EXP 	probe: autoDraw = True
340.7084 	EXP 	Device response: <KeyPress from None: t=340.7036165830068, value=v, duration=None>
340.7089 	EXP 	New trial (rep=10, index=46): <Trial 46 (46 in rep 10) data={'pos': np.int64(150), 'corr_resp': 'v', 'thisN': 46, 'thisTrialN': 46, 'thisRepN': 10}>
340.7160 	DATA 	Keypress: v
340.7210 	EXP 	fixation: autoDraw = False
340.7210 	EXP 	line1: autoDraw = False
340.7210 	EXP 	line2: autoDraw = False
340.7210 	EXP 	line3: autoDraw = False
340.7210 	EXP 	line4: autoDraw = False
340.7210 	EXP 	probe: autoDraw = False
340.7210 	EXP 	fixation: autoDraw = True
340.8968 	EXP 	Device response: <KeyPress from None: t=340.7036165830068, value=v, duration=0.188329040989629>
341.7074 	EXP 	line1: autoDraw = True
341.7074 	EXP 	line2: autoDraw = True
341.7074 	EXP 	line3: autoDraw = True
341.7074 	EXP 	line4: autoDraw = True
341.7133 	EXP 	fixation: autoDraw = False
342.7076 	INFO 	Keyboard events cleared
342.7074 	EXP 	probe: autoDraw = True
343.0755 	EXP 	Device response: <KeyPress from None: t=343.06757158300024, value=v, duration=None>
343.0761 	EXP 	New trial (rep=11, index=47): <Trial 47 (47 in rep 11) data={'pos': np.int64(50), 'corr_resp': 'c ', 'thisN': 47, 'thisTrialN': 47, 'thisRepN': 11}>
343.0830 	DATA 	Keypress: v
343.0880 	EXP 	fixation: autoDraw = False
343.0880 	EXP 	line1: autoDraw = False
343.0880 	EXP 	line2: autoDraw = False
343.0880 	EXP 	line3: autoDraw = False
343.0880 	EXP 	line4: autoDraw = False
343.0880 	EXP 	probe: autoDraw = False
343.0880 	EXP 	fixation: autoDraw = True
343.2133 	EXP 	Device response: <KeyPress from None: t=343.06757158300024, value=v, duration=0.14431933300511446>
344.0741 	EXP 	line1: autoDraw = True
344.0741 	EXP 	line2: autoDraw = True
344.0741 	EXP 	line3: autoDraw = True
344.0741 	EXP 	line4: autoDraw = True
344.0802 	EXP 	fixation: autoDraw = False
345.0741 	INFO 	Keyboard events cleared
345.0739 	EXP 	probe: autoDraw = True
345.4254 	EXP 	Device response: <KeyPress from None: t=345.42145812399394, value=c, duration=None>
345.4260 	EXP 	New trial (rep=11, index=48): <Trial 48 (48 in rep 11) data={'pos': np.int64(150), 'corr_resp': 'v', 'thisN': 48, 'thisTrialN': 48, 'thisRepN': 11}>
345.4331 	DATA 	Keypress: c
345.4381 	EXP 	fixation: autoDraw = False
345.4381 	EXP 	line1: autoDraw = False
345.4381 	EXP 	line2: autoDraw = False
345.4381 	EXP 	line3: autoDraw = False
345.4381 	EXP 	line4: autoDraw = False
345.4381 	EXP 	probe: autoDraw = False
345.4381 	EXP 	fixation: autoDraw = True
345.6146 	EXP 	Device response: <KeyPress from None: t=345.42145812399394, value=c, duration=0.18834733401308767>
346.4241 	EXP 	line1: autoDraw = True
346.4241 	EXP 	line2: autoDraw = True
346.4241 	EXP 	line3: autoDraw = True
346.4241 	EXP 	line4: autoDraw = True
346.4308 	EXP 	fixation: autoDraw = False
347.4243 	INFO 	Keyboard events cleared
347.4241 	EXP 	probe: autoDraw = True
347.8146 	EXP 	Device response: <KeyPress from None: t=347.8114634990052, value=v, duration=None>
347.8150 	EXP 	New trial (rep=13, index=49): <Trial 49 (49 in rep 13) data={'pos': np.int64(-50), 'corr_resp': 'x', 'thisN': 49, 'thisTrialN': 49, 'thisRepN': 13}>
347.8216 	DATA 	Keypress: v
347.8265 	EXP 	fixation: autoDraw = False
347.8265 	EXP 	line1: autoDraw = False
347.8265 	EXP 	line2: autoDraw = False
347.8265 	EXP 	line3: autoDraw = False
347.8265 	EXP 	line4: autoDraw = False
347.8265 	EXP 	probe: autoDraw = False
347.8265 	EXP 	fixation: autoDraw = True
348.0086 	EXP 	Device response: <KeyPress from None: t=347.8114634990052, value=v, duration=0.18835820899403188>
348.8147 	EXP 	line1: autoDraw = True
348.8147 	EXP 	line2: autoDraw = True
348.8147 	EXP 	line3: autoDraw = True
348.8147 	EXP 	line4: autoDraw = True
348.8241 	EXP 	fixation: autoDraw = False
349.8141 	INFO 	Keyboard events cleared
349.8139 	EXP 	probe: autoDraw = True
350.3921 	EXP 	Device response: <KeyPress from None: t=350.3823752080061, value=x, duration=None>
350.3927 	EXP 	New trial (rep=14, index=50): <Trial 50 (50 in rep 14) data={'pos': np.int64(-50), 'corr_resp': 'x', 'thisN': 50, 'thisTrialN': 50, 'thisRepN': 14}>
350.3996 	DATA 	Keypress: x
350.4044 	EXP 	fixation: autoDraw = False
350.4044 	EXP 	line1: autoDraw = False
350.4044 	EXP 	line2: autoDraw = False
350.4044 	EXP 	line3: autoDraw = False
350.4044 	EXP 	line4: autoDraw = False
350.4044 	EXP 	probe: autoDraw = False
350.4044 	EXP 	fixation: autoDraw = True
350.5802 	EXP 	Device response: <KeyPress from None: t=350.3823752080061, value=x, duration=0.19225783299771138>
351.3907 	EXP 	line1: autoDraw = True
351.3907 	EXP 	line2: autoDraw = True
351.3907 	EXP 	line3: autoDraw = True
351.3907 	EXP 	line4: autoDraw = True
351.3967 	EXP 	fixation: autoDraw = False
352.3909 	INFO 	Keyboard events cleared
352.3907 	EXP 	probe: autoDraw = True
352.7648 	EXP 	Device response: <KeyPress from None: t=352.7632164990064, value=x, duration=None>
352.7653 	EXP 	New trial (rep=12, index=51): <Trial 51 (51 in rep 12) data={'pos': np.int64(50), 'corr_resp': 'c ', 'thisN': 51, 'thisTrialN': 51, 'thisRepN': 12}>
352.7718 	DATA 	Keypress: x
352.7764 	EXP 	fixation: autoDraw = False
352.7764 	EXP 	line1: autoDraw = False
352.7764 	EXP 	line2: autoDraw = False
352.7764 	EXP 	line3: autoDraw = False
352.7764 	EXP 	line4: autoDraw = False
352.7764 	EXP 	probe: autoDraw = False
352.7764 	EXP 	fixation: autoDraw = True
352.9809 	EXP 	Device response: <KeyPress from None: t=352.7632164990064, value=x, duration=0.21633633399324026>
353.7641 	EXP 	line1: autoDraw = True
353.7641 	EXP 	line2: autoDraw = True
353.7641 	EXP 	line3: autoDraw = True
353.7641 	EXP 	line4: autoDraw = True
353.7741 	EXP 	fixation: autoDraw = False
354.7646 	INFO 	Keyboard events cleared
354.7644 	EXP 	probe: autoDraw = True
355.1427 	EXP 	Device response: <KeyPress from None: t=355.1372721660009, value=c, duration=None>
355.1435 	EXP 	New trial (rep=12, index=52): <Trial 52 (52 in rep 12) data={'pos': np.int64(150), 'corr_resp': 'v', 'thisN': 52, 'thisTrialN': 52, 'thisRepN': 12}>
355.1509 	DATA 	Keypress: c
355.1559 	EXP 	fixation: autoDraw = False
355.1559 	EXP 	line1: autoDraw = False
355.1559 	EXP 	line2: autoDraw = False
355.1559 	EXP 	line3: autoDraw = False
355.1559 	EXP 	line4: autoDraw = False
355.1559 	EXP 	probe: autoDraw = False
355.1559 	EXP 	fixation: autoDraw = True
355.3421 	EXP 	Device response: <KeyPress from None: t=355.1372721660009, value=c, duration=0.19616900000255555>
356.1407 	EXP 	line1: autoDraw = True
356.1407 	EXP 	line2: autoDraw = True
356.1407 	EXP 	line3: autoDraw = True
356.1407 	EXP 	line4: autoDraw = True
356.1466 	EXP 	fixation: autoDraw = False
357.1409 	INFO 	Keyboard events cleared
357.1407 	EXP 	probe: autoDraw = True
357.5587 	EXP 	Device response: <KeyPress from None: t=357.55719145800686, value=v, duration=None>
357.5594 	EXP 	New trial (rep=12, index=53): <Trial 53 (53 in rep 12) data={'pos': np.int64(-150), 'corr_resp': 'z', 'thisN': 53, 'thisTrialN': 53, 'thisRepN': 12}>
357.5660 	DATA 	Keypress: v
357.5708 	EXP 	fixation: autoDraw = False
357.5708 	EXP 	line1: autoDraw = False
357.5708 	EXP 	line2: autoDraw = False
357.5708 	EXP 	line3: autoDraw = False
357.5708 	EXP 	line4: autoDraw = False
357.5708 	EXP 	probe: autoDraw = False
357.5708 	EXP 	fixation: autoDraw = True
357.7259 	EXP 	Device response: <KeyPress from None: t=357.55719145800686, value=v, duration=0.1562130829988746>
358.5573 	EXP 	line1: autoDraw = True
358.5573 	EXP 	line2: autoDraw = True
358.5573 	EXP 	line3: autoDraw = True
358.5573 	EXP 	line4: autoDraw = True
358.5634 	EXP 	fixation: autoDraw = False
359.5576 	INFO 	Keyboard events cleared
359.5574 	EXP 	probe: autoDraw = True
359.9586 	EXP 	Device response: <KeyPress from None: t=359.953054957994, value=z, duration=None>
359.9593 	EXP 	New trial (rep=13, index=54): <Trial 54 (54 in rep 13) data={'pos': np.int64(150), 'corr_resp': 'v', 'thisN': 54, 'thisTrialN': 54, 'thisRepN': 13}>
359.9662 	DATA 	Keypress: z
359.9711 	EXP 	fixation: autoDraw = False
359.9711 	EXP 	line1: autoDraw = False
359.9711 	EXP 	line2: autoDraw = False
359.9711 	EXP 	line3: autoDraw = False
359.9711 	EXP 	line4: autoDraw = False
359.9711 	EXP 	probe: autoDraw = False
359.9711 	EXP 	fixation: autoDraw = True
360.0962 	EXP 	Device response: <KeyPress from None: t=359.953054957994, value=z, duration=0.14027745800558478>
360.9573 	EXP 	line1: autoDraw = True
360.9573 	EXP 	line2: autoDraw = True
360.9573 	EXP 	line3: autoDraw = True
360.9573 	EXP 	line4: autoDraw = True
360.9634 	EXP 	fixation: autoDraw = False
361.9574 	INFO 	Keyboard events cleared
361.9572 	EXP 	probe: autoDraw = True
362.4084 	EXP 	Device response: <KeyPress from None: t=362.4015992490022, value=v, duration=None>
362.4088 	EXP 	New trial (rep=15, index=55): <Trial 55 (55 in rep 15) data={'pos': np.int64(-50), 'corr_resp': 'x', 'thisN': 55, 'thisTrialN': 55, 'thisRepN': 15}>
362.4155 	DATA 	Keypress: v
362.4205 	EXP 	fixation: autoDraw = False
362.4205 	EXP 	line1: autoDraw = False
362.4205 	EXP 	line2: autoDraw = False
362.4205 	EXP 	line3: autoDraw = False
362.4205 	EXP 	line4: autoDraw = False
362.4205 	EXP 	probe: autoDraw = False
362.4205 	EXP 	fixation: autoDraw = True
362.5920 	EXP 	Device response: <KeyPress from None: t=362.4015992490022, value=v, duration=0.1797032920003403>
363.4075 	EXP 	line1: autoDraw = True
363.4075 	EXP 	line2: autoDraw = True
363.4075 	EXP 	line3: autoDraw = True
363.4075 	EXP 	line4: autoDraw = True
363.4141 	EXP 	fixation: autoDraw = False
364.4076 	INFO 	Keyboard events cleared
364.4074 	EXP 	probe: autoDraw = True
364.8421 	EXP 	Device response: <KeyPress from None: t=364.8328381659958, value=x, duration=None>
364.8426 	EXP 	New trial (rep=13, index=56): <Trial 56 (56 in rep 13) data={'pos': np.int64(-150), 'corr_resp': 'z', 'thisN': 56, 'thisTrialN': 56, 'thisRepN': 13}>
364.8495 	DATA 	Keypress: x
364.8544 	EXP 	fixation: autoDraw = False
364.8544 	EXP 	line1: autoDraw = False
364.8544 	EXP 	line2: autoDraw = False
364.8544 	EXP 	line3: autoDraw = False
364.8544 	EXP 	line4: autoDraw = False
364.8544 	EXP 	probe: autoDraw = False
364.8544 	EXP 	fixation: autoDraw = True
365.0592 	EXP 	Device response: <KeyPress from None: t=364.8328381659958, value=x, duration=0.22041300000273623>
365.8409 	EXP 	line1: autoDraw = True
365.8409 	EXP 	line2: autoDraw = True
365.8409 	EXP 	line3: autoDraw = True
365.8409 	EXP 	line4: autoDraw = True
365.8477 	EXP 	fixation: autoDraw = False
366.8408 	INFO 	Keyboard events cleared
366.8406 	EXP 	probe: autoDraw = True
367.2972 	EXP 	Device response: <KeyPress from None: t=367.29383854099433, value=z, duration=None>
367.2977 	EXP 	New trial (rep=14, index=57): <Trial 57 (57 in rep 14) data={'pos': np.int64(150), 'corr_resp': 'v', 'thisN': 57, 'thisTrialN': 57, 'thisRepN': 14}>
367.3043 	DATA 	Keypress: z
367.3097 	EXP 	fixation: autoDraw = False
367.3097 	EXP 	line1: autoDraw = False
367.3097 	EXP 	line2: autoDraw = False
367.3097 	EXP 	line3: autoDraw = False
367.3097 	EXP 	line4: autoDraw = False
367.3097 	EXP 	probe: autoDraw = False
367.3097 	EXP 	fixation: autoDraw = True
367.4253 	EXP 	Device response: <KeyPress from None: t=367.29383854099433, value=z, duration=0.12444379201042466>
368.2964 	EXP 	line1: autoDraw = True
368.2964 	EXP 	line2: autoDraw = True
368.2964 	EXP 	line3: autoDraw = True
368.2964 	EXP 	line4: autoDraw = True
368.3074 	EXP 	fixation: autoDraw = False
369.2908 	INFO 	Keyboard events cleared
369.2907 	EXP 	probe: autoDraw = True
369.6422 	EXP 	Device response: <KeyPress from None: t=369.63077558300574, value=v, duration=None>
369.6428 	EXP 	New trial (rep=14, index=58): <Trial 58 (58 in rep 14) data={'pos': np.int64(-150), 'corr_resp': 'z', 'thisN': 58, 'thisTrialN': 58, 'thisRepN': 14}>
369.6495 	DATA 	Keypress: v
369.6544 	EXP 	fixation: autoDraw = False
369.6544 	EXP 	line1: autoDraw = False
369.6544 	EXP 	line2: autoDraw = False
369.6544 	EXP 	line3: autoDraw = False
369.6544 	EXP 	line4: autoDraw = False
369.6544 	EXP 	probe: autoDraw = False
369.6544 	EXP 	fixation: autoDraw = True
369.8086 	EXP 	Device response: <KeyPress from None: t=369.63077558300574, value=v, duration=0.1723299579898594>
370.6407 	EXP 	line1: autoDraw = True
370.6407 	EXP 	line2: autoDraw = True
370.6407 	EXP 	line3: autoDraw = True
370.6407 	EXP 	line4: autoDraw = True
370.6472 	EXP 	fixation: autoDraw = False
371.6411 	INFO 	Keyboard events cleared
371.6409 	EXP 	probe: autoDraw = True
372.0763 	EXP 	Device response: <KeyPress from None: t=372.0636419579969, value=z, duration=None>
372.0772 	EXP 	New trial (rep=16, index=59): <Trial 59 (59 in rep 16) data={'pos': np.int64(-50), 'corr_resp': 'x', 'thisN': 59, 'thisTrialN': 59, 'thisRepN': 16}>
372.0842 	DATA 	Keypress: z
372.0892 	EXP 	fixation: autoDraw = False
372.0892 	EXP 	line1: autoDraw = False
372.0892 	EXP 	line2: autoDraw = False
372.0892 	EXP 	line3: autoDraw = False
372.0892 	EXP 	line4: autoDraw = False
372.0892 	EXP 	probe: autoDraw = False
372.0892 	EXP 	fixation: autoDraw = True
372.2800 	EXP 	Device response: <KeyPress from None: t=372.0636419579969, value=z, duration=0.2123800410045078>
373.0740 	EXP 	line1: autoDraw = True
373.0740 	EXP 	line2: autoDraw = True
373.0740 	EXP 	line3: autoDraw = True
373.0740 	EXP 	line4: autoDraw = True
373.0808 	EXP 	fixation: autoDraw = False
374.0743 	INFO 	Keyboard events cleared
374.0741 	EXP 	probe: autoDraw = True
374.4584 	EXP 	Device response: <KeyPress from None: t=374.4536474579945, value=x, duration=None>
374.4588 	EXP 	New trial (rep=15, index=60): <Trial 60 (60 in rep 15) data={'pos': np.int64(-150), 'corr_resp': 'z', 'thisN': 60, 'thisTrialN': 60, 'thisRepN': 15}>
374.4655 	DATA 	Keypress: x
374.4704 	EXP 	fixation: autoDraw = False
374.4704 	EXP 	line1: autoDraw = False
374.4704 	EXP 	line2: autoDraw = False
374.4704 	EXP 	line3: autoDraw = False
374.4704 	EXP 	line4: autoDraw = False
374.4704 	EXP 	probe: autoDraw = False
374.4704 	EXP 	fixation: autoDraw = True
374.6259 	EXP 	Device response: <KeyPress from None: t=374.4536474579945, value=x, duration=0.16435312500107102>
375.4574 	EXP 	line1: autoDraw = True
375.4574 	EXP 	line2: autoDraw = True
375.4574 	EXP 	line3: autoDraw = True
375.4574 	EXP 	line4: autoDraw = True
375.4639 	EXP 	fixation: autoDraw = False
376.4572 	INFO 	Keyboard events cleared
376.4570 	EXP 	probe: autoDraw = True
376.8813 	EXP 	Device response: <KeyPress from None: t=376.87960829099757, value=z, duration=None>
376.8817 	EXP 	New trial (rep=15, index=61): <Trial 61 (61 in rep 15) data={'pos': np.int64(150), 'corr_resp': 'v', 'thisN': 61, 'thisTrialN': 61, 'thisRepN': 15}>
376.8881 	DATA 	Keypress: z
376.8931 	EXP 	fixation: autoDraw = False
376.8931 	EXP 	line1: autoDraw = False
376.8931 	EXP 	line2: autoDraw = False
376.8931 	EXP 	line3: autoDraw = False
376.8931 	EXP 	line4: autoDraw = False
376.8931 	EXP 	probe: autoDraw = False
376.8931 	EXP 	fixation: autoDraw = True
377.0422 	EXP 	Device response: <KeyPress from None: t=376.87960829099757, value=z, duration=0.1603978330094833>
377.8808 	EXP 	line1: autoDraw = True
377.8808 	EXP 	line2: autoDraw = True
377.8808 	EXP 	line3: autoDraw = True
377.8808 	EXP 	line4: autoDraw = True
377.8907 	EXP 	fixation: autoDraw = False
378.8811 	INFO 	Keyboard events cleared
378.8809 	EXP 	probe: autoDraw = True
379.2306 	EXP 	Device response: <KeyPress from None: t=379.2295907910011, value=v, duration=None>
379.2414 	EXP 	New trial (rep=13, index=62): <Trial 62 (62 in rep 13) data={'pos': np.int64(50), 'corr_resp': 'c ', 'thisN': 62, 'thisTrialN': 62, 'thisRepN': 13}>
379.2478 	DATA 	Keypress: v
379.2527 	EXP 	fixation: autoDraw = False
379.2527 	EXP 	line1: autoDraw = False
379.2527 	EXP 	line2: autoDraw = False
379.2527 	EXP 	line3: autoDraw = False
379.2527 	EXP 	line4: autoDraw = False
379.2527 	EXP 	probe: autoDraw = False
379.2527 	EXP 	fixation: autoDraw = True
379.4141 	EXP 	Device response: <KeyPress from None: t=379.2295907910011, value=v, duration=0.1803044999978738>
380.2307 	EXP 	line1: autoDraw = True
380.2307 	EXP 	line2: autoDraw = True
380.2307 	EXP 	line3: autoDraw = True
380.2307 	EXP 	line4: autoDraw = True
380.2471 	EXP 	fixation: autoDraw = False
381.2311 	INFO 	Keyboard events cleared
381.2309 	EXP 	probe: autoDraw = True
381.6255 	EXP 	Device response: <KeyPress from None: t=381.6154702490021, value=c, duration=None>
381.6261 	EXP 	New trial (rep=16, index=63): <Trial 63 (63 in rep 16) data={'pos': np.int64(150), 'corr_resp': 'v', 'thisN': 63, 'thisTrialN': 63, 'thisRepN': 16}>
381.6325 	DATA 	Keypress: c
381.6373 	EXP 	fixation: autoDraw = False
381.6373 	EXP 	line1: autoDraw = False
381.6373 	EXP 	line2: autoDraw = False
381.6373 	EXP 	line3: autoDraw = False
381.6373 	EXP 	line4: autoDraw = False
381.6373 	EXP 	probe: autoDraw = False
381.6373 	EXP 	fixation: autoDraw = True
381.8259 	EXP 	Device response: <KeyPress from None: t=381.6154702490021, value=c, duration=0.20825320899893995>
382.6239 	EXP 	line1: autoDraw = True
382.6239 	EXP 	line2: autoDraw = True
382.6239 	EXP 	line3: autoDraw = True
382.6239 	EXP 	line4: autoDraw = True
382.6299 	EXP 	fixation: autoDraw = False
383.6241 	INFO 	Keyboard events cleared
383.6239 	EXP 	probe: autoDraw = True
384.3586 	EXP 	Device response: <KeyPress from None: t=384.3554024990008, value=v, duration=None>
384.3593 	EXP 	New trial (rep=14, index=64): <Trial 64 (64 in rep 14) data={'pos': np.int64(50), 'corr_resp': 'c ', 'thisN': 64, 'thisTrialN': 64, 'thisRepN': 14}>
384.3657 	DATA 	Keypress: v
384.3700 	EXP 	fixation: autoDraw = False
384.3700 	EXP 	line1: autoDraw = False
384.3700 	EXP 	line2: autoDraw = False
384.3700 	EXP 	line3: autoDraw = False
384.3700 	EXP 	line4: autoDraw = False
384.3700 	EXP 	probe: autoDraw = False
384.3700 	EXP 	fixation: autoDraw = True
384.5077 	EXP 	Device response: <KeyPress from None: t=384.3554024990008, value=v, duration=0.1442941669956781>
385.3564 	EXP 	line1: autoDraw = True
385.3564 	EXP 	line2: autoDraw = True
385.3564 	EXP 	line3: autoDraw = True
385.3564 	EXP 	line4: autoDraw = True
385.3617 	EXP 	fixation: autoDraw = False
386.3584 	INFO 	Keyboard events cleared
386.3581 	EXP 	probe: autoDraw = True
386.7764 	EXP 	Device response: <KeyPress from None: t=386.7713026239944, value=c, duration=None>
386.7774 	EXP 	New trial (rep=15, index=65): <Trial 65 (65 in rep 15) data={'pos': np.int64(50), 'corr_resp': 'c ', 'thisN': 65, 'thisTrialN': 65, 'thisRepN': 15}>
386.7854 	DATA 	Keypress: c
386.7905 	EXP 	fixation: autoDraw = False
386.7905 	EXP 	line1: autoDraw = False
386.7905 	EXP 	line2: autoDraw = False
386.7905 	EXP 	line3: autoDraw = False
386.7905 	EXP 	line4: autoDraw = False
386.7905 	EXP 	probe: autoDraw = False
386.7905 	EXP 	fixation: autoDraw = True
386.9586 	EXP 	Device response: <KeyPress from None: t=386.7713026239944, value=c, duration=0.18431641699862666>
387.7912 	EXP 	line1: autoDraw = True
387.7912 	EXP 	line2: autoDraw = True
387.7912 	EXP 	line3: autoDraw = True
387.7912 	EXP 	line4: autoDraw = True
387.8105 	EXP 	fixation: autoDraw = False
388.7743 	INFO 	Keyboard events cleared
388.7740 	EXP 	probe: autoDraw = True
389.1808 	EXP 	Device response: <KeyPress from None: t=389.17626762400323, value=c, duration=None>
389.1813 	EXP 	New trial (rep=16, index=66): <Trial 66 (66 in rep 16) data={'pos': np.int64(50), 'corr_resp': 'c ', 'thisN': 66, 'thisTrialN': 66, 'thisRepN': 16}>
389.1895 	DATA 	Keypress: c
389.1941 	EXP 	fixation: autoDraw = False
389.1941 	EXP 	line1: autoDraw = False
389.1941 	EXP 	line2: autoDraw = False
389.1941 	EXP 	line3: autoDraw = False
389.1941 	EXP 	line4: autoDraw = False
389.1941 	EXP 	probe: autoDraw = False
389.1941 	EXP 	fixation: autoDraw = True
389.3916 	EXP 	Device response: <KeyPress from None: t=389.17626762400323, value=c, duration=0.2123192500002915>
390.1809 	EXP 	line1: autoDraw = True
390.1809 	EXP 	line2: autoDraw = True
390.1809 	EXP 	line3: autoDraw = True
390.1809 	EXP 	line4: autoDraw = True
390.1903 	EXP 	fixation: autoDraw = False
391.1741 	INFO 	Keyboard events cleared
391.1739 	EXP 	probe: autoDraw = True
391.5981 	EXP 	Device response: <KeyPress from None: t=391.5961837490031, value=c, duration=None>
391.5985 	EXP 	New trial (rep=17, index=67): <Trial 67 (67 in rep 17) data={'pos': np.int64(50), 'corr_resp': 'c ', 'thisN': 67, 'thisTrialN': 67, 'thisRepN': 17}>
391.6049 	DATA 	Keypress: c
391.6098 	EXP 	fixation: autoDraw = False
391.6098 	EXP 	line1: autoDraw = False
391.6098 	EXP 	line2: autoDraw = False
391.6098 	EXP 	line3: autoDraw = False
391.6098 	EXP 	line4: autoDraw = False
391.6098 	EXP 	probe: autoDraw = False
391.6098 	EXP 	fixation: autoDraw = True
391.8084 	EXP 	Device response: <KeyPress from None: t=391.5961837490031, value=c, duration=0.2005927919963142>
392.5982 	EXP 	line1: autoDraw = True
392.5982 	EXP 	line2: autoDraw = True
392.5982 	EXP 	line3: autoDraw = True
392.5982 	EXP 	line4: autoDraw = True
392.6068 	EXP 	fixation: autoDraw = False
393.5976 	INFO 	Keyboard events cleared
393.5973 	EXP 	probe: autoDraw = True
393.9643 	EXP 	Device response: <KeyPress from None: t=393.9580595409934, value=c, duration=None>
393.9648 	EXP 	New trial (rep=17, index=68): <Trial 68 (68 in rep 17) data={'pos': np.int64(-50), 'corr_resp': 'x', 'thisN': 68, 'thisTrialN': 68, 'thisRepN': 17}>
393.9716 	DATA 	Keypress: c
393.9768 	EXP 	fixation: autoDraw = False
393.9768 	EXP 	line1: autoDraw = False
393.9768 	EXP 	line2: autoDraw = False
393.9768 	EXP 	line3: autoDraw = False
393.9768 	EXP 	line4: autoDraw = False
393.9768 	EXP 	probe: autoDraw = False
393.9768 	EXP 	fixation: autoDraw = True
394.1436 	EXP 	Device response: <KeyPress from None: t=393.9580595409934, value=c, duration=0.1763215420069173>
394.9654 	EXP 	line1: autoDraw = True
394.9654 	EXP 	line2: autoDraw = True
394.9654 	EXP 	line3: autoDraw = True
394.9654 	EXP 	line4: autoDraw = True
394.9734 	EXP 	fixation: autoDraw = False
395.9644 	INFO 	Keyboard events cleared
395.9641 	EXP 	probe: autoDraw = True
396.5753 	EXP 	Device response: <KeyPress from None: t=396.5700462490058, value=c, duration=None>
396.5758 	EXP 	New trial (rep=16, index=69): <Trial 69 (69 in rep 16) data={'pos': np.int64(-150), 'corr_resp': 'z', 'thisN': 69, 'thisTrialN': 69, 'thisRepN': 16}>
396.5839 	DATA 	Keypress: c
396.5889 	EXP 	fixation: autoDraw = False
396.5889 	EXP 	line1: autoDraw = False
396.5889 	EXP 	line2: autoDraw = False
396.5889 	EXP 	line3: autoDraw = False
396.5889 	EXP 	line4: autoDraw = False
396.5889 	EXP 	probe: autoDraw = False
396.5889 	EXP 	fixation: autoDraw = True
396.6586 	EXP 	Device response: <KeyPress from None: t=396.5700462490058, value=c, duration=0.08039412499056198>
397.5736 	EXP 	line1: autoDraw = True
397.5736 	EXP 	line2: autoDraw = True
397.5736 	EXP 	line3: autoDraw = True
397.5736 	EXP 	line4: autoDraw = True
397.5803 	EXP 	fixation: autoDraw = False
398.5743 	INFO 	Keyboard events cleared
398.5741 	EXP 	probe: autoDraw = True
399.0418 	EXP 	Device response: <KeyPress from None: t=399.03704487399955, value=z, duration=None>
399.0423 	EXP 	New trial (rep=18, index=70): <Trial 70 (70 in rep 18) data={'pos': np.int64(50), 'corr_resp': 'c ', 'thisN': 70, 'thisTrialN': 70, 'thisRepN': 18}>
399.0490 	DATA 	Keypress: z
399.0541 	EXP 	fixation: autoDraw = False
399.0541 	EXP 	line1: autoDraw = False
399.0541 	EXP 	line2: autoDraw = False
399.0541 	EXP 	line3: autoDraw = False
399.0541 	EXP 	line4: autoDraw = False
399.0541 	EXP 	probe: autoDraw = False
399.0541 	EXP 	fixation: autoDraw = True
399.1923 	EXP 	Device response: <KeyPress from None: t=399.03704487399955, value=z, duration=0.14821908400335815>
400.0404 	EXP 	line1: autoDraw = True
400.0404 	EXP 	line2: autoDraw = True
400.0404 	EXP 	line3: autoDraw = True
400.0404 	EXP 	line4: autoDraw = True
400.0472 	EXP 	fixation: autoDraw = False
401.0407 	INFO 	Keyboard events cleared
401.0405 	EXP 	probe: autoDraw = True
401.4481 	EXP 	Device response: <KeyPress from None: t=401.441877958001, value=c, duration=None>
401.4485 	EXP 	New trial (rep=18, index=71): <Trial 71 (71 in rep 18) data={'pos': np.int64(-50), 'corr_resp': 'x', 'thisN': 71, 'thisTrialN': 71, 'thisRepN': 18}>
401.4549 	DATA 	Keypress: c
401.4597 	EXP 	fixation: autoDraw = False
401.4597 	EXP 	line1: autoDraw = False
401.4597 	EXP 	line2: autoDraw = False
401.4597 	EXP 	line3: autoDraw = False
401.4597 	EXP 	line4: autoDraw = False
401.4597 	EXP 	probe: autoDraw = False
401.4597 	EXP 	fixation: autoDraw = True
401.6425 	EXP 	Device response: <KeyPress from None: t=401.441877958001, value=c, duration=0.18831133299681824>
402.4469 	EXP 	line1: autoDraw = True
402.4469 	EXP 	line2: autoDraw = True
402.4469 	EXP 	line3: autoDraw = True
402.4469 	EXP 	line4: autoDraw = True
402.4571 	EXP 	fixation: autoDraw = False
403.4481 	INFO 	Keyboard events cleared
403.4479 	EXP 	probe: autoDraw = True
403.9921 	EXP 	Device response: <KeyPress from None: t=403.9817663330032, value=x, duration=None>
403.9927 	EXP 	New trial (rep=19, index=72): <Trial 72 (72 in rep 19) data={'pos': np.int64(50), 'corr_resp': 'c ', 'thisN': 72, 'thisTrialN': 72, 'thisRepN': 19}>
403.9995 	DATA 	Keypress: x
404.0044 	EXP 	fixation: autoDraw = False
404.0044 	EXP 	line1: autoDraw = False
404.0044 	EXP 	line2: autoDraw = False
404.0044 	EXP 	line3: autoDraw = False
404.0044 	EXP 	line4: autoDraw = False
404.0044 	EXP 	probe: autoDraw = False
404.0044 	EXP 	fixation: autoDraw = True
404.1092 	EXP 	Device response: <KeyPress from None: t=403.9817663330032, value=x, duration=0.12442970799747854>
404.9908 	EXP 	line1: autoDraw = True
404.9908 	EXP 	line2: autoDraw = True
404.9908 	EXP 	line3: autoDraw = True
404.9908 	EXP 	line4: autoDraw = True
404.9969 	EXP 	fixation: autoDraw = False
405.9908 	INFO 	Keyboard events cleared
405.9906 	EXP 	probe: autoDraw = True
406.5253 	EXP 	Device response: <KeyPress from None: t=406.5217899989948, value=c, duration=None>
406.5259 	EXP 	New trial (rep=17, index=73): <Trial 73 (73 in rep 17) data={'pos': np.int64(-150), 'corr_resp': 'z', 'thisN': 73, 'thisTrialN': 73, 'thisRepN': 17}>
406.5327 	DATA 	Keypress: c
406.5378 	EXP 	fixation: autoDraw = False
406.5378 	EXP 	line1: autoDraw = False
406.5378 	EXP 	line2: autoDraw = False
406.5378 	EXP 	line3: autoDraw = False
406.5378 	EXP 	line4: autoDraw = False
406.5378 	EXP 	probe: autoDraw = False
406.5378 	EXP 	fixation: autoDraw = True
406.6753 	EXP 	Device response: <KeyPress from None: t=406.5217899989948, value=c, duration=0.14428383400081657>
407.5241 	EXP 	line1: autoDraw = True
407.5241 	EXP 	line2: autoDraw = True
407.5241 	EXP 	line3: autoDraw = True
407.5241 	EXP 	line4: autoDraw = True
407.5311 	EXP 	fixation: autoDraw = False
408.5240 	INFO 	Keyboard events cleared
408.5239 	EXP 	probe: autoDraw = True
409.0086 	EXP 	Device response: <KeyPress from None: t=408.9998038329941, value=z, duration=None>
409.0090 	EXP 	New trial (rep=20, index=74): <Trial 74 (74 in rep 20) data={'pos': np.int64(50), 'corr_resp': 'c ', 'thisN': 74, 'thisTrialN': 74, 'thisRepN': 20}>
409.0154 	DATA 	Keypress: z
409.0202 	EXP 	fixation: autoDraw = False
409.0202 	EXP 	line1: autoDraw = False
409.0202 	EXP 	line2: autoDraw = False
409.0202 	EXP 	line3: autoDraw = False
409.0202 	EXP 	line4: autoDraw = False
409.0202 	EXP 	probe: autoDraw = False
409.0202 	EXP 	fixation: autoDraw = True
409.1589 	EXP 	Device response: <KeyPress from None: t=408.9998038329941, value=z, duration=0.156197708012769>
410.0068 	EXP 	line1: autoDraw = True
410.0068 	EXP 	line2: autoDraw = True
410.0068 	EXP 	line3: autoDraw = True
410.0068 	EXP 	line4: autoDraw = True
410.0119 	EXP 	fixation: autoDraw = False
411.0078 	INFO 	Keyboard events cleared
411.0077 	EXP 	probe: autoDraw = True
411.5752 	EXP 	Device response: <KeyPress from None: t=411.56970579100016, value=c, duration=None>
411.5760 	EXP 	New trial (rep=19, index=75): <Trial 75 (75 in rep 19) data={'pos': np.int64(-50), 'corr_resp': 'x', 'thisN': 75, 'thisTrialN': 75, 'thisRepN': 19}>
411.5837 	DATA 	Keypress: c
411.5888 	EXP 	fixation: autoDraw = False
411.5888 	EXP 	line1: autoDraw = False
411.5888 	EXP 	line2: autoDraw = False
411.5888 	EXP 	line3: autoDraw = False
411.5888 	EXP 	line4: autoDraw = False
411.5888 	EXP 	probe: autoDraw = False
411.5888 	EXP 	fixation: autoDraw = True
411.7592 	EXP 	Device response: <KeyPress from None: t=411.56970579100016, value=c, duration=0.180239666995476>
412.5740 	EXP 	line1: autoDraw = True
412.5740 	EXP 	line2: autoDraw = True
412.5740 	EXP 	line3: autoDraw = True
412.5740 	EXP 	line4: autoDraw = True
412.5803 	EXP 	fixation: autoDraw = False
413.5741 	INFO 	Keyboard events cleared
413.5739 	EXP 	probe: autoDraw = True
413.9922 	EXP 	Device response: <KeyPress from None: t=413.98143416599487, value=x, duration=None>
413.9928 	EXP 	New trial (rep=20, index=76): <Trial 76 (76 in rep 20) data={'pos': np.int64(-50), 'corr_resp': 'x', 'thisN': 76, 'thisTrialN': 76, 'thisRepN': 20}>
414.0002 	DATA 	Keypress: x
414.0051 	EXP 	fixation: autoDraw = False
414.0051 	EXP 	line1: autoDraw = False
414.0051 	EXP 	line2: autoDraw = False
414.0051 	EXP 	line3: autoDraw = False
414.0051 	EXP 	line4: autoDraw = False
414.0051 	EXP 	probe: autoDraw = False
414.0051 	EXP 	fixation: autoDraw = True
414.1584 	EXP 	Device response: <KeyPress from None: t=413.98143416599487, value=x, duration=0.16837458300869912>
414.9906 	EXP 	line1: autoDraw = True
414.9906 	EXP 	line2: autoDraw = True
414.9906 	EXP 	line3: autoDraw = True
414.9906 	EXP 	line4: autoDraw = True
414.9975 	EXP 	fixation: autoDraw = False
415.9907 	INFO 	Keyboard events cleared
415.9905 	EXP 	probe: autoDraw = True
416.3750 	EXP 	Device response: <KeyPress from None: t=416.3684375830053, value=x, duration=None>
416.3755 	EXP 	New trial (rep=17, index=77): <Trial 77 (77 in rep 17) data={'pos': np.int64(150), 'corr_resp': 'v', 'thisN': 77, 'thisTrialN': 77, 'thisRepN': 17}>
416.3823 	DATA 	Keypress: x
416.3873 	EXP 	fixation: autoDraw = False
416.3873 	EXP 	line1: autoDraw = False
416.3873 	EXP 	line2: autoDraw = False
416.3873 	EXP 	line3: autoDraw = False
416.3873 	EXP 	line4: autoDraw = False
416.3873 	EXP 	probe: autoDraw = False
416.3873 	EXP 	fixation: autoDraw = True
416.5424 	EXP 	Device response: <KeyPress from None: t=416.3684375830053, value=x, duration=0.17232320799666923>
417.3740 	EXP 	line1: autoDraw = True
417.3740 	EXP 	line2: autoDraw = True
417.3740 	EXP 	line3: autoDraw = True
417.3740 	EXP 	line4: autoDraw = True
417.3804 	EXP 	fixation: autoDraw = False
418.3741 	INFO 	Keyboard events cleared
418.3739 	EXP 	probe: autoDraw = True
418.8486 	EXP 	Device response: <KeyPress from None: t=418.8474059989967, value=v, duration=None>
418.8491 	EXP 	New trial (rep=18, index=78): <Trial 78 (78 in rep 18) data={'pos': np.int64(150), 'corr_resp': 'v', 'thisN': 78, 'thisTrialN': 78, 'thisRepN': 18}>
418.8562 	EXP 	fixation: autoDraw = False
418.8562 	EXP 	line1: autoDraw = False
418.8562 	EXP 	line2: autoDraw = False
418.8562 	EXP 	line3: autoDraw = False
418.8562 	EXP 	line4: autoDraw = False
418.8562 	EXP 	probe: autoDraw = False
418.8562 	EXP 	fixation: autoDraw = True
418.8619 	DATA 	Keypress: v
419.0089 	EXP 	Device response: <KeyPress from None: t=418.8474059989967, value=v, duration=0.15629191701009404>
419.8474 	EXP 	fixation: autoDraw = False
419.8474 	EXP 	line1: autoDraw = True
419.8474 	EXP 	line2: autoDraw = True
419.8474 	EXP 	line3: autoDraw = True
419.8474 	EXP 	line4: autoDraw = True
420.8478 	INFO 	Keyboard events cleared
420.8477 	EXP 	probe: autoDraw = True
421.3419 	EXP 	Device response: <KeyPress from None: t=421.334364291004, value=v, duration=None>
421.3426 	EXP 	New trial (rep=19, index=79): <Trial 79 (79 in rep 19) data={'pos': np.int64(150), 'corr_resp': 'v', 'thisN': 79, 'thisTrialN': 79, 'thisRepN': 19}>
421.3495 	DATA 	Keypress: v
421.3544 	EXP 	fixation: autoDraw = False
421.3544 	EXP 	line1: autoDraw = False
421.3544 	EXP 	line2: autoDraw = False
421.3544 	EXP 	line3: autoDraw = False
421.3544 	EXP 	line4: autoDraw = False
421.3544 	EXP 	probe: autoDraw = False
421.3544 	EXP 	fixation: autoDraw = True
421.4922 	EXP 	Device response: <KeyPress from None: t=421.334364291004, value=v, duration=0.14831558299192693>
422.3404 	EXP 	line1: autoDraw = True
422.3404 	EXP 	line2: autoDraw = True
422.3404 	EXP 	line3: autoDraw = True
422.3404 	EXP 	line4: autoDraw = True
422.3465 	EXP 	fixation: autoDraw = False
423.3408 	INFO 	Keyboard events cleared
423.3406 	EXP 	probe: autoDraw = True
423.7252 	EXP 	Device response: <KeyPress from None: t=423.71931895799935, value=v, duration=None>
423.7258 	EXP 	New trial (rep=18, index=80): <Trial 80 (80 in rep 18) data={'pos': np.int64(-150), 'corr_resp': 'z', 'thisN': 80, 'thisTrialN': 80, 'thisRepN': 18}>
423.7329 	DATA 	Keypress: v
423.7378 	EXP 	fixation: autoDraw = False
423.7378 	EXP 	line1: autoDraw = False
423.7378 	EXP 	line2: autoDraw = False
423.7378 	EXP 	line3: autoDraw = False
423.7378 	EXP 	line4: autoDraw = False
423.7378 	EXP 	probe: autoDraw = False
423.7378 	EXP 	fixation: autoDraw = True
423.8757 	EXP 	Device response: <KeyPress from None: t=423.71931895799935, value=v, duration=0.15232999999716412>
424.7239 	EXP 	line1: autoDraw = True
424.7239 	EXP 	line2: autoDraw = True
424.7239 	EXP 	line3: autoDraw = True
424.7239 	EXP 	line4: autoDraw = True
424.7301 	EXP 	fixation: autoDraw = False
425.7240 	INFO 	Keyboard events cleared
425.7238 	EXP 	probe: autoDraw = True
426.1087 	EXP 	Device response: <KeyPress from None: t=426.10620262399607, value=z, duration=None>
426.1093 	EXP 	New trial (rep=20, index=81): <Trial 81 (81 in rep 20) data={'pos': np.int64(150), 'corr_resp': 'v', 'thisN': 81, 'thisTrialN': 81, 'thisRepN': 20}>
426.1162 	DATA 	Keypress: z
426.1212 	EXP 	fixation: autoDraw = False
426.1212 	EXP 	line1: autoDraw = False
426.1212 	EXP 	line2: autoDraw = False
426.1212 	EXP 	line3: autoDraw = False
426.1212 	EXP 	line4: autoDraw = False
426.1212 	EXP 	probe: autoDraw = False
426.1212 	EXP 	fixation: autoDraw = True
426.2800 	EXP 	Device response: <KeyPress from None: t=426.10620262399607, value=z, duration=0.1681900840048911>
427.1071 	EXP 	line1: autoDraw = True
427.1071 	EXP 	line2: autoDraw = True
427.1071 	EXP 	line3: autoDraw = True
427.1071 	EXP 	line4: autoDraw = True
427.1131 	EXP 	fixation: autoDraw = False
428.1073 	INFO 	Keyboard events cleared
428.1072 	EXP 	probe: autoDraw = True
428.4145 	EXP 	Device response: <KeyPress from None: t=428.412106874006, value=v, duration=None>
428.4150 	EXP 	New trial (rep=21, index=82): <Trial 82 (82 in rep 21) data={'pos': np.int64(150), 'corr_resp': 'v', 'thisN': 82, 'thisTrialN': 82, 'thisRepN': 21}>
428.4214 	DATA 	Keypress: v
428.4262 	EXP 	fixation: autoDraw = False
428.4262 	EXP 	line1: autoDraw = False
428.4262 	EXP 	line2: autoDraw = False
428.4262 	EXP 	line3: autoDraw = False
428.4262 	EXP 	line4: autoDraw = False
428.4262 	EXP 	probe: autoDraw = False
428.4262 	EXP 	fixation: autoDraw = True
428.5751 	EXP 	Device response: <KeyPress from None: t=428.412106874006, value=v, duration=0.16032716698828153>
429.4156 	EXP 	line1: autoDraw = True
429.4156 	EXP 	line2: autoDraw = True
429.4156 	EXP 	line3: autoDraw = True
429.4156 	EXP 	line4: autoDraw = True
429.4225 	EXP 	fixation: autoDraw = False
430.4143 	INFO 	Keyboard events cleared
430.4141 	EXP 	probe: autoDraw = True
430.8312 	EXP 	Device response: <KeyPress from None: t=430.8250129990047, value=v, duration=None>
430.8316 	EXP 	New trial (rep=21, index=83): <Trial 83 (83 in rep 21) data={'pos': np.int64(50), 'corr_resp': 'c ', 'thisN': 83, 'thisTrialN': 83, 'thisRepN': 21}>
430.8382 	DATA 	Keypress: v
430.8428 	EXP 	fixation: autoDraw = False
430.8428 	EXP 	line1: autoDraw = False
430.8428 	EXP 	line2: autoDraw = False
430.8428 	EXP 	line3: autoDraw = False
430.8428 	EXP 	line4: autoDraw = False
430.8428 	EXP 	probe: autoDraw = False
430.8428 	EXP 	fixation: autoDraw = True
430.9585 	EXP 	Device response: <KeyPress from None: t=430.8250129990047, value=v, duration=0.124312749991077>
431.8306 	EXP 	line1: autoDraw = True
431.8306 	EXP 	line2: autoDraw = True
431.8306 	EXP 	line3: autoDraw = True
431.8306 	EXP 	line4: autoDraw = True
431.8405 	EXP 	fixation: autoDraw = False
432.8309 	INFO 	Keyboard events cleared
432.8306 	EXP 	probe: autoDraw = True
433.2421 	EXP 	Device response: <KeyPress from None: t=433.2300101239962, value=c, duration=None>
433.2427 	EXP 	New trial (rep=19, index=84): <Trial 84 (84 in rep 19) data={'pos': np.int64(-150), 'corr_resp': 'z', 'thisN': 84, 'thisTrialN': 84, 'thisRepN': 19}>
433.2495 	DATA 	Keypress: c
433.2544 	EXP 	fixation: autoDraw = False
433.2544 	EXP 	line1: autoDraw = False
433.2544 	EXP 	line2: autoDraw = False
433.2544 	EXP 	line3: autoDraw = False
433.2544 	EXP 	line4: autoDraw = False
433.2544 	EXP 	probe: autoDraw = False
433.2544 	EXP 	fixation: autoDraw = True
433.3810 	EXP 	Device response: <KeyPress from None: t=433.2300101239962, value=c, duration=0.1482905419979943>
434.2405 	EXP 	line1: autoDraw = True
434.2405 	EXP 	line2: autoDraw = True
434.2405 	EXP 	line3: autoDraw = True
434.2405 	EXP 	line4: autoDraw = True
434.2470 	EXP 	fixation: autoDraw = False
435.2405 	INFO 	Keyboard events cleared
435.2404 	EXP 	probe: autoDraw = True
435.8086 	EXP 	Device response: <KeyPress from None: t=435.8058943329961, value=z, duration=None>
435.8092 	EXP 	New trial (rep=20, index=85): <Trial 85 (85 in rep 20) data={'pos': np.int64(-150), 'corr_resp': 'z', 'thisN': 85, 'thisTrialN': 85, 'thisRepN': 20}>
435.8160 	DATA 	Keypress: z
435.8210 	EXP 	fixation: autoDraw = False
435.8210 	EXP 	line1: autoDraw = False
435.8210 	EXP 	line2: autoDraw = False
435.8210 	EXP 	line3: autoDraw = False
435.8210 	EXP 	line4: autoDraw = False
435.8210 	EXP 	probe: autoDraw = False
435.8210 	EXP 	fixation: autoDraw = True
435.9925 	EXP 	Device response: <KeyPress from None: t=435.8058943329961, value=z, duration=0.17630979100067634>
436.8071 	EXP 	line1: autoDraw = True
436.8071 	EXP 	line2: autoDraw = True
436.8071 	EXP 	line3: autoDraw = True
436.8071 	EXP 	line4: autoDraw = True
436.8131 	EXP 	fixation: autoDraw = False
437.8074 	INFO 	Keyboard events cleared
437.8072 	EXP 	probe: autoDraw = True
438.2084 	EXP 	Device response: <KeyPress from None: t=438.19784291599353, value=z, duration=None>
438.2090 	EXP 	New trial (rep=21, index=86): <Trial 86 (86 in rep 21) data={'pos': np.int64(-50), 'corr_resp': 'x', 'thisN': 86, 'thisTrialN': 86, 'thisRepN': 21}>
438.2164 	DATA 	Keypress: z
438.2212 	EXP 	fixation: autoDraw = False
438.2212 	EXP 	line1: autoDraw = False
438.2212 	EXP 	line2: autoDraw = False
438.2212 	EXP 	line3: autoDraw = False
438.2212 	EXP 	line4: autoDraw = False
438.2212 	EXP 	probe: autoDraw = False
438.2212 	EXP 	fixation: autoDraw = True
438.3805 	EXP 	Device response: <KeyPress from None: t=438.19784291599353, value=z, duration=0.18037204201391432>
439.2074 	EXP 	line1: autoDraw = True
439.2074 	EXP 	line2: autoDraw = True
439.2074 	EXP 	line3: autoDraw = True
439.2074 	EXP 	line4: autoDraw = True
439.2141 	EXP 	fixation: autoDraw = False
440.2116 	INFO 	Keyboard events cleared
440.2116 	EXP 	probe: autoDraw = True
440.6582 	EXP 	Device response: <KeyPress from None: t=440.656789457993, value=x, duration=None>
440.6587 	EXP 	New trial (rep=22, index=87): <Trial 87 (87 in rep 22) data={'pos': np.int64(150), 'corr_resp': 'v', 'thisN': 87, 'thisTrialN': 87, 'thisRepN': 22}>
440.6656 	DATA 	Keypress: x
440.6707 	EXP 	fixation: autoDraw = False
440.6707 	EXP 	line1: autoDraw = False
440.6707 	EXP 	line2: autoDraw = False
440.6707 	EXP 	line3: autoDraw = False
440.6707 	EXP 	line4: autoDraw = False
440.6707 	EXP 	probe: autoDraw = False
440.6707 	EXP 	fixation: autoDraw = True
440.8418 	EXP 	Device response: <KeyPress from None: t=440.656789457993, value=x, duration=0.1762162080121925>
441.6570 	EXP 	line1: autoDraw = True
441.6570 	EXP 	line2: autoDraw = True
441.6570 	EXP 	line3: autoDraw = True
441.6570 	EXP 	line4: autoDraw = True
441.6632 	EXP 	fixation: autoDraw = False
442.6574 	INFO 	Keyboard events cleared
442.6571 	EXP 	probe: autoDraw = True
443.0248 	EXP 	Device response: <KeyPress from None: t=443.0197643739957, value=v, duration=None>
443.0253 	EXP 	New trial (rep=23, index=88): <Trial 88 (88 in rep 23) data={'pos': np.int64(150), 'corr_resp': 'v', 'thisN': 88, 'thisTrialN': 88, 'thisRepN': 23}>
443.0319 	DATA 	Keypress: v
443.0367 	EXP 	fixation: autoDraw = False
443.0367 	EXP 	line1: autoDraw = False
443.0367 	EXP 	line2: autoDraw = False
443.0367 	EXP 	line3: autoDraw = False
443.0367 	EXP 	line4: autoDraw = False
443.0367 	EXP 	probe: autoDraw = False
443.0367 	EXP 	fixation: autoDraw = True
443.1808 	EXP 	Device response: <KeyPress from None: t=443.0197643739957, value=v, duration=0.15625637500488665>
444.0238 	EXP 	line1: autoDraw = True
444.0238 	EXP 	line2: autoDraw = True
444.0238 	EXP 	line3: autoDraw = True
444.0238 	EXP 	line4: autoDraw = True
444.0299 	EXP 	fixation: autoDraw = False
445.0239 	INFO 	Keyboard events cleared
445.0237 	EXP 	probe: autoDraw = True
445.3582 	EXP 	Device response: <KeyPress from None: t=445.3505641660013, value=v, duration=None>
445.3587 	EXP 	New trial (rep=22, index=89): <Trial 89 (89 in rep 22) data={'pos': np.int64(-50), 'corr_resp': 'x', 'thisN': 89, 'thisTrialN': 89, 'thisRepN': 22}>
445.3650 	DATA 	Keypress: v
445.3699 	EXP 	fixation: autoDraw = False
445.3699 	EXP 	line1: autoDraw = False
445.3699 	EXP 	line2: autoDraw = False
445.3699 	EXP 	line3: autoDraw = False
445.3699 	EXP 	line4: autoDraw = False
445.3699 	EXP 	probe: autoDraw = False
445.3699 	EXP 	fixation: autoDraw = True
445.5082 	EXP 	Device response: <KeyPress from None: t=445.3505641660013, value=v, duration=0.1484165000001667>
446.3571 	EXP 	line1: autoDraw = True
446.3571 	EXP 	line2: autoDraw = True
446.3571 	EXP 	line3: autoDraw = True
446.3571 	EXP 	line4: autoDraw = True
446.3634 	EXP 	fixation: autoDraw = False
447.3572 	INFO 	Keyboard events cleared
447.3570 	EXP 	probe: autoDraw = True
447.7919 	EXP 	Device response: <KeyPress from None: t=447.78956183299306, value=x, duration=None>
447.7925 	EXP 	New trial (rep=21, index=90): <Trial 90 (90 in rep 21) data={'pos': np.int64(-150), 'corr_resp': 'z', 'thisN': 90, 'thisTrialN': 90, 'thisRepN': 21}>
447.7992 	DATA 	Keypress: x
447.8041 	EXP 	fixation: autoDraw = False
447.8041 	EXP 	line1: autoDraw = False
447.8041 	EXP 	line2: autoDraw = False
447.8041 	EXP 	line3: autoDraw = False
447.8041 	EXP 	line4: autoDraw = False
447.8041 	EXP 	probe: autoDraw = False
447.8041 	EXP 	fixation: autoDraw = True
447.9588 	EXP 	Device response: <KeyPress from None: t=447.78956183299306, value=x, duration=0.16431850001390558>
448.7903 	EXP 	line1: autoDraw = True
448.7903 	EXP 	line2: autoDraw = True
448.7903 	EXP 	line3: autoDraw = True
448.7903 	EXP 	line4: autoDraw = True
448.7969 	EXP 	fixation: autoDraw = False
449.7907 	INFO 	Keyboard events cleared
449.7904 	EXP 	probe: autoDraw = True
450.1643 	EXP 	Device response: <KeyPress from None: t=450.1614435829979, value=z, duration=None>
450.1648 	EXP 	New trial (rep=22, index=91): <Trial 91 (91 in rep 22) data={'pos': np.int64(-150), 'corr_resp': 'z', 'thisN': 91, 'thisTrialN': 91, 'thisRepN': 22}>
450.1712 	DATA 	Keypress: z
450.1759 	EXP 	fixation: autoDraw = False
450.1759 	EXP 	line1: autoDraw = False
450.1759 	EXP 	line2: autoDraw = False
450.1759 	EXP 	line3: autoDraw = False
450.1759 	EXP 	line4: autoDraw = False
450.1759 	EXP 	probe: autoDraw = False
450.1759 	EXP 	fixation: autoDraw = True
450.3422 	EXP 	Device response: <KeyPress from None: t=450.1614435829979, value=z, duration=0.1763573750067735>
451.1645 	EXP 	line1: autoDraw = True
451.1645 	EXP 	line2: autoDraw = True
451.1645 	EXP 	line3: autoDraw = True
451.1645 	EXP 	line4: autoDraw = True
451.1738 	EXP 	fixation: autoDraw = False
452.1642 	INFO 	Keyboard events cleared
452.1640 	EXP 	probe: autoDraw = True
452.5645 	EXP 	Device response: <KeyPress from None: t=452.5583472080034, value=z, duration=None>
452.5650 	EXP 	New trial (rep=23, index=92): <Trial 92 (92 in rep 23) data={'pos': np.int64(-50), 'corr_resp': 'x', 'thisN': 92, 'thisTrialN': 92, 'thisRepN': 23}>
452.5715 	DATA 	Keypress: z
452.5760 	EXP 	fixation: autoDraw = False
452.5760 	EXP 	line1: autoDraw = False
452.5760 	EXP 	line2: autoDraw = False
452.5760 	EXP 	line3: autoDraw = False
452.5760 	EXP 	line4: autoDraw = False
452.5760 	EXP 	probe: autoDraw = False
452.5760 	EXP 	fixation: autoDraw = True
452.7250 	EXP 	Device response: <KeyPress from None: t=452.5583472080034, value=z, duration=0.1643925410025986>
453.5644 	EXP 	line1: autoDraw = True
453.5644 	EXP 	line2: autoDraw = True
453.5644 	EXP 	line3: autoDraw = True
453.5644 	EXP 	line4: autoDraw = True
453.5739 	EXP 	fixation: autoDraw = False
454.5645 	INFO 	Keyboard events cleared
454.5644 	EXP 	probe: autoDraw = True
454.9748 	EXP 	Device response: <KeyPress from None: t=454.9733069159993, value=x, duration=None>
454.9753 	EXP 	New trial (rep=22, index=93): <Trial 93 (93 in rep 22) data={'pos': np.int64(50), 'corr_resp': 'c ', 'thisN': 93, 'thisTrialN': 93, 'thisRepN': 22}>
454.9820 	DATA 	Keypress: x
454.9871 	EXP 	fixation: autoDraw = False
454.9871 	EXP 	line1: autoDraw = False
454.9871 	EXP 	line2: autoDraw = False
454.9871 	EXP 	line3: autoDraw = False
454.9871 	EXP 	line4: autoDraw = False
454.9871 	EXP 	probe: autoDraw = False
454.9871 	EXP 	fixation: autoDraw = True
455.1422 	EXP 	Device response: <KeyPress from None: t=454.9733069159993, value=x, duration=0.16437279200181365>
455.9739 	EXP 	line1: autoDraw = True
455.9739 	EXP 	line2: autoDraw = True
455.9739 	EXP 	line3: autoDraw = True
455.9739 	EXP 	line4: autoDraw = True
455.9808 	EXP 	fixation: autoDraw = False
456.9739 	INFO 	Keyboard events cleared
456.9737 	EXP 	probe: autoDraw = True
457.3419 	EXP 	Device response: <KeyPress from None: t=457.33426883300126, value=c, duration=None>
457.3426 	EXP 	New trial (rep=24, index=94): <Trial 94 (94 in rep 24) data={'pos': np.int64(150), 'corr_resp': 'v', 'thisN': 94, 'thisTrialN': 94, 'thisRepN': 24}>
457.3504 	DATA 	Keypress: c
457.3556 	EXP 	fixation: autoDraw = False
457.3556 	EXP 	line1: autoDraw = False
457.3556 	EXP 	line2: autoDraw = False
457.3556 	EXP 	line3: autoDraw = False
457.3556 	EXP 	line4: autoDraw = False
457.3556 	EXP 	probe: autoDraw = False
457.3556 	EXP 	fixation: autoDraw = True
457.5426 	EXP 	Device response: <KeyPress from None: t=457.33426883300126, value=c, duration=0.19623891600349452>
458.3395 	EXP 	line1: autoDraw = True
458.3395 	EXP 	line2: autoDraw = True
458.3395 	EXP 	line3: autoDraw = True
458.3395 	EXP 	line4: autoDraw = True
458.3456 	EXP 	fixation: autoDraw = False
459.3406 	INFO 	Keyboard events cleared
459.3404 	EXP 	probe: autoDraw = True
459.7084 	EXP 	Device response: <KeyPress from None: t=459.70522266600165, value=v, duration=None>
459.7090 	EXP 	New trial (rep=24, index=95): <Trial 95 (95 in rep 24) data={'pos': np.int64(-50), 'corr_resp': 'x', 'thisN': 95, 'thisTrialN': 95, 'thisRepN': 24}>
459.7167 	DATA 	Keypress: v
459.7218 	EXP 	fixation: autoDraw = False
459.7218 	EXP 	line1: autoDraw = False
459.7218 	EXP 	line2: autoDraw = False
459.7218 	EXP 	line3: autoDraw = False
459.7218 	EXP 	line4: autoDraw = False
459.7218 	EXP 	probe: autoDraw = False
459.7218 	EXP 	fixation: autoDraw = True
459.9087 	EXP 	Device response: <KeyPress from None: t=459.70522266600165, value=v, duration=0.19244816699938383>
460.7072 	EXP 	line1: autoDraw = True
460.7072 	EXP 	line2: autoDraw = True
460.7072 	EXP 	line3: autoDraw = True
460.7072 	EXP 	line4: autoDraw = True
460.7140 	EXP 	fixation: autoDraw = False
461.7072 	INFO 	Keyboard events cleared
461.7070 	EXP 	probe: autoDraw = True
462.1582 	EXP 	Device response: <KeyPress from None: t=462.14919595800166, value=x, duration=None>
462.1587 	EXP 	New trial (rep=23, index=96): <Trial 96 (96 in rep 23) data={'pos': np.int64(-150), 'corr_resp': 'z', 'thisN': 96, 'thisTrialN': 96, 'thisRepN': 23}>
462.1657 	DATA 	Keypress: x
462.1706 	EXP 	fixation: autoDraw = False
462.1706 	EXP 	line1: autoDraw = False
462.1706 	EXP 	line2: autoDraw = False
462.1706 	EXP 	line3: autoDraw = False
462.1706 	EXP 	line4: autoDraw = False
462.1706 	EXP 	probe: autoDraw = False
462.1706 	EXP 	fixation: autoDraw = True
462.3303 	EXP 	Device response: <KeyPress from None: t=462.14919595800166, value=x, duration=0.17621608299668878>
463.1569 	EXP 	line1: autoDraw = True
463.1569 	EXP 	line2: autoDraw = True
463.1569 	EXP 	line3: autoDraw = True
463.1569 	EXP 	line4: autoDraw = True
463.1630 	EXP 	fixation: autoDraw = False
464.1572 	INFO 	Keyboard events cleared
464.1570 	EXP 	probe: autoDraw = True
464.4645 	EXP 	Device response: <KeyPress from None: t=464.46205799900054, value=z, duration=None>
464.4650 	EXP 	New trial (rep=23, index=97): <Trial 97 (97 in rep 23) data={'pos': np.int64(50), 'corr_resp': 'c ', 'thisN': 97, 'thisTrialN': 97, 'thisRepN': 23}>
464.4715 	DATA 	Keypress: z
464.4763 	EXP 	fixation: autoDraw = False
464.4763 	EXP 	line1: autoDraw = False
464.4763 	EXP 	line2: autoDraw = False
464.4763 	EXP 	line3: autoDraw = False
464.4763 	EXP 	line4: autoDraw = False
464.4763 	EXP 	probe: autoDraw = False
464.4763 	EXP 	fixation: autoDraw = True
464.6252 	EXP 	Device response: <KeyPress from None: t=464.46205799900054, value=z, duration=0.15235687499807682>
465.4646 	EXP 	line1: autoDraw = True
465.4646 	EXP 	line2: autoDraw = True
465.4646 	EXP 	line3: autoDraw = True
465.4646 	EXP 	line4: autoDraw = True
465.4736 	EXP 	fixation: autoDraw = False
466.4640 	INFO 	Keyboard events cleared
466.4638 	EXP 	probe: autoDraw = True
466.8972 	EXP 	Device response: <KeyPress from None: t=466.89586291600426, value=c, duration=None>
466.8976 	EXP 	New trial (rep=24, index=98): <Trial 98 (98 in rep 24) data={'pos': np.int64(50), 'corr_resp': 'c ', 'thisN': 98, 'thisTrialN': 98, 'thisRepN': 24}>
466.9041 	DATA 	Keypress: c
466.9094 	EXP 	fixation: autoDraw = False
466.9094 	EXP 	line1: autoDraw = False
466.9094 	EXP 	line2: autoDraw = False
466.9094 	EXP 	line3: autoDraw = False
466.9094 	EXP 	line4: autoDraw = False
466.9094 	EXP 	probe: autoDraw = False
466.9094 	EXP 	fixation: autoDraw = True
467.0630 	EXP 	Device response: <KeyPress from None: t=466.89586291600426, value=c, duration=0.16347570800280664>
467.8970 	EXP 	line1: autoDraw = True
467.8970 	EXP 	line2: autoDraw = True
467.8970 	EXP 	line3: autoDraw = True
467.8970 	EXP 	line4: autoDraw = True
467.9071 	EXP 	fixation: autoDraw = False
468.8968 	INFO 	Keyboard events cleared
468.8966 	EXP 	probe: autoDraw = True
469.3640 	EXP 	Device response: <KeyPress from None: t=469.36085833300604, value=c, duration=None>
469.3645 	EXP 	New trial (rep=24, index=99): <Trial 99 (99 in rep 24) data={'pos': np.int64(-150), 'corr_resp': 'z', 'thisN': 99, 'thisTrialN': 99, 'thisRepN': 24}>
469.3717 	DATA 	Keypress: c
469.3762 	EXP 	fixation: autoDraw = False
469.3762 	EXP 	line1: autoDraw = False
469.3762 	EXP 	line2: autoDraw = False
469.3762 	EXP 	line3: autoDraw = False
469.3762 	EXP 	line4: autoDraw = False
469.3762 	EXP 	probe: autoDraw = False
469.3762 	EXP 	fixation: autoDraw = True
469.5305 	EXP 	Device response: <KeyPress from None: t=469.36085833300604, value=c, duration=0.16849774999718647>
470.3637 	EXP 	line1: autoDraw = True
470.3637 	EXP 	line2: autoDraw = True
470.3637 	EXP 	line3: autoDraw = True
470.3637 	EXP 	line4: autoDraw = True
470.3738 	EXP 	fixation: autoDraw = False
471.3645 	INFO 	Keyboard events cleared
471.3643 	EXP 	probe: autoDraw = True
471.9976 	EXP 	Device response: <KeyPress from None: t=471.99086045799777, value=z, duration=None>
472.0038 	DATA 	Keypress: z
472.0093 	EXP 	fixation: autoDraw = False
472.0093 	EXP 	line1: autoDraw = False
472.0093 	EXP 	line2: autoDraw = False
472.0093 	EXP 	line3: autoDraw = False
472.0093 	EXP 	line4: autoDraw = False
472.0093 	EXP 	probe: autoDraw = False
472.0095 	EXP 	Motor Sequence Learning: status = STOPPED
472.0667 	INFO 	saved data to '/Users/tiaragajjar/Desktop/lab/EXP5  Motor sequence /data/1_Motor Sequence Learning_2025-10-02_13h12.44.574.csv'
472.0719 	INFO 	saved data to /Users/tiaragajjar/Desktop/lab/EXP5  Motor sequence /data/1_Motor Sequence Learning_2025-10-02_13h12.44.574.psydat
472.6666 	WARNING 	Stopping key buffers but this could be dangerous ifother keyboards rely on the same.
472.6676 	WARNING 	Stopping key buffers but this could be dangerous ifother keyboards rely on the same.
