29.3333 	WARNING 	Font Manager failed to load file /System/Library/PrivateFrameworks/FontServices.framework/Resources/Reserved/PingFangUI.ttc
29.5556 	WARNING 	Font Manager failed to load file /System/Library/PrivateFrameworks/FontServices.framework/Resources/Reserved/PingFangUI.ttc
33.4762 	INFO 	Loaded monitor calibration from ['2025_08_07 12:17']
33.7994 	INFO 	Using renderer 'Apple M2' for graphics
33.7995 	INFO 	OpenGL version supported by driver is 2..
33.8882 	EXP 	Created window1 = Window(allowGUI=True, allowStencil=False, autoLog=True, backendConf=UNKNOWN, backgroundFit=<method-wrapper '__getattribute__' of attributeSetter object at 0x155dc0d00>, backgroundImage=<method-wrapper '__getattribute__' of attributeSetter object at 0x155dc0d60>, bitsMode=UNKNOWN, blendMode='avg', bpc=(8, 8, 8), color=array([0, 0, 0]), colorSpace='rgb', depthBits=8, fullscr=True, gamma=None, gammaErrorPolicy='raise', infoMsg=UNKNOWN, lms=UNKNOWN, monitor=<psychopy.monitors.calibTools.Monitor object at 0x155eb9300>, multiSample=False, name='window1', numSamples=2, pos=[np.float64(0.0), np.float64(0.0)], screen=0, size=array([2880, 1800]), stencilBits=0, stereo=False, title='PsychoPy', units='height', useFBO=True, useRetina=True, viewOri=0.0, viewPos=None, viewScale=None, waitBlanking=True, winType='pyglet')
33.8884 	EXP 	window1: backgroundImage = ''
33.8884 	EXP 	window1: backgroundFit = 'none'
34.5032 	EXP 	window1: Attempting to measure frame rate of screen (0) ...
34.5032 	EXP 	window1: recordFrameIntervals = False
34.9907 	EXP 	window1: recordFrameIntervals = True
35.8248 	WARNING 	Couldn't measure a consistent frame rate!
  - Is your graphics card set to sync to vertical blank?
  - Are you running other processes on your computer?

38.2649 	INFO 	keyboard.Keyboard is using ptb backend.
38.2650 	EXP 	Visual Search Experiment: status = STARTED
38.2800 	EXP 	Created fixation = ShapeStim(__class__=<class 'psychopy.visual.shape.ShapeStim'>, anchor=('center', 'center'), autoDraw=False, autoLog=True, closeShape=True, color=method-wrapper(...), colorSpace='rgb', contrast=None, depth=0.0, draggable=False, fillColor=array([1, 1, 1]), fillColorSpace='rgb', fillRGB=array([1, 1, 1]), interpolate=True, lineColor=array([1., 1., 1.]), lineColorSpace='rgb', lineRGB=array([1, 1, 1]), lineWidth=1.0, name='fixation', opacity=1, ori=0.0, pos=array([0., 0.]), size=array([0.1, 0.1]), units='height', vertices=ndarray(...), win=Window(...), windingRule=None)
38.3234 	EXP 	Created target = TextStim(__class__=<class 'psychopy.visual.text.TextStim'>, alignHoriz=method-wrapper(...), alignText='center', alignVert=method-wrapper(...), anchorHoriz='center', anchorVert='center', antialias=True, autoDraw=False, autoLog=True, bold=False, color=array([1., 1., 1.]), colorSpace='rgb', contrast=1.0, depth=-1.0, draggable=False, flipHoriz=False, flipVert=False, font='Arial', fontFiles=[], height=np.float64(0.05), italic=False, languageStyle='LTR', name='target', opacity=1, ori=0.0, pos=array([0., 0.]), rgb=UNKNOWN, text='T', units='height', win=Window(...), wrapWidth=1)
0.0129 	EXP 	New trial (rep=0, index=0): <Trial 0 (0 in rep 0) data={'thisN': 0, 'thisTrialN': 0, 'thisRepN': 0}>
0.0696 	EXP 	Created distr = TextStim(__class__=<class 'psychopy.visual.text.TextStim'>, alignHoriz=method-wrapper(...), alignText='center', alignVert=method-wrapper(...), anchorHoriz='center', anchorVert='center', antialias=True, autoDraw=False, autoLog=True, bold=False, color=array([1., 1., 1.]), colorSpace='rgb', contrast=1.0, depth=-2.0, draggable=False, flipHoriz=False, flipVert=False, font='Open Sans', fontFiles=[], height=np.float64(0.05), italic=False, languageStyle='LTR', name='distr', opacity=1, ori=332, pos=array([-0.39823321,  0.11433734]), rgb=UNKNOWN, text='L', units='height', win=Window(...), wrapWidth=1)
0.0753 	EXP 	Created distr = TextStim(__class__=<class 'psychopy.visual.text.TextStim'>, alignHoriz=method-wrapper(...), alignText='center', alignVert=method-wrapper(...), anchorHoriz='center', anchorVert='center', antialias=True, autoDraw=False, autoLog=True, bold=False, color=array([1., 1., 1.]), colorSpace='rgb', contrast=1.0, depth=-2.0, draggable=False, flipHoriz=False, flipVert=False, font='Open Sans', fontFiles=[], height=np.float64(0.05), italic=False, languageStyle='LTR', name='distr', opacity=1, ori=320, pos=array([0.08910923, 0.14509911]), rgb=UNKNOWN, text='L', units='height', win=Window(...), wrapWidth=1)
0.0807 	EXP 	Created distr = TextStim(__class__=<class 'psychopy.visual.text.TextStim'>, alignHoriz=method-wrapper(...), alignText='center', alignVert=method-wrapper(...), anchorHoriz='center', anchorVert='center', antialias=True, autoDraw=False, autoLog=True, bold=False, color=array([1., 1., 1.]), colorSpace='rgb', contrast=1.0, depth=-2.0, draggable=False, flipHoriz=False, flipVert=False, font='Open Sans', fontFiles=[], height=np.float64(0.05), italic=False, languageStyle='LTR', name='distr', opacity=1, ori=263, pos=array([-0.11768858, -0.32223024]), rgb=UNKNOWN, text='L', units='height', win=Window(...), wrapWidth=1)
0.0858 	EXP 	Created distr = TextStim(__class__=<class 'psychopy.visual.text.TextStim'>, alignHoriz=method-wrapper(...), alignText='center', alignVert=method-wrapper(...), anchorHoriz='center', anchorVert='center', antialias=True, autoDraw=False, autoLog=True, bold=False, color=array([1., 1., 1.]), colorSpace='rgb', contrast=1.0, depth=-2.0, draggable=False, flipHoriz=False, flipVert=False, font='Open Sans', fontFiles=[], height=np.float64(0.05), italic=False, languageStyle='LTR', name='distr', opacity=1, ori=58, pos=array([ 0.1152163 , -0.27630424]), rgb=UNKNOWN, text='L', units='height', win=Window(...), wrapWidth=1)
0.0909 	EXP 	Created distr = TextStim(__class__=<class 'psychopy.visual.text.TextStim'>, alignHoriz=method-wrapper(...), alignText='center', alignVert=method-wrapper(...), anchorHoriz='center', anchorVert='center', antialias=True, autoDraw=False, autoLog=True, bold=False, color=array([1., 1., 1.]), colorSpace='rgb', contrast=1.0, depth=-2.0, draggable=False, flipHoriz=False, flipVert=False, font='Open Sans', fontFiles=[], height=np.float64(0.05), italic=False, languageStyle='LTR', name='distr', opacity=1, ori=147, pos=array([0.43960305, 0.26770084]), rgb=UNKNOWN, text='L', units='height', win=Window(...), wrapWidth=1)
0.0960 	EXP 	Created distr = TextStim(__class__=<class 'psychopy.visual.text.TextStim'>, alignHoriz=method-wrapper(...), alignText='center', alignVert=method-wrapper(...), anchorHoriz='center', anchorVert='center', antialias=True, autoDraw=False, autoLog=True, bold=False, color=array([1., 1., 1.]), colorSpace='rgb', contrast=1.0, depth=-2.0, draggable=False, flipHoriz=False, flipVert=False, font='Open Sans', fontFiles=[], height=np.float64(0.05), italic=False, languageStyle='LTR', name='distr', opacity=1, ori=94, pos=array([0.35594863, 0.18213213]), rgb=UNKNOWN, text='L', units='height', win=Window(...), wrapWidth=1)
0.1013 	EXP 	Created distr = TextStim(__class__=<class 'psychopy.visual.text.TextStim'>, alignHoriz=method-wrapper(...), alignText='center', alignVert=method-wrapper(...), anchorHoriz='center', anchorVert='center', antialias=True, autoDraw=False, autoLog=True, bold=False, color=array([1., 1., 1.]), colorSpace='rgb', contrast=1.0, depth=-2.0, draggable=False, flipHoriz=False, flipVert=False, font='Open Sans', fontFiles=[], height=np.float64(0.05), italic=False, languageStyle='LTR', name='distr', opacity=1, ori=103, pos=array([0.09567224, 0.48583702]), rgb=UNKNOWN, text='L', units='height', win=Window(...), wrapWidth=1)
0.1074 	EXP 	Created distr = TextStim(__class__=<class 'psychopy.visual.text.TextStim'>, alignHoriz=method-wrapper(...), alignText='center', alignVert=method-wrapper(...), anchorHoriz='center', anchorVert='center', antialias=True, autoDraw=False, autoLog=True, bold=False, color=array([1., 1., 1.]), colorSpace='rgb', contrast=1.0, depth=-2.0, draggable=False, flipHoriz=False, flipVert=False, font='Open Sans', fontFiles=[], height=np.float64(0.05), italic=False, languageStyle='LTR', name='distr', opacity=1, ori=223, pos=array([-0.21082835, -0.33119236]), rgb=UNKNOWN, text='L', units='height', win=Window(...), wrapWidth=1)
0.1125 	EXP 	Created distr = TextStim(__class__=<class 'psychopy.visual.text.TextStim'>, alignHoriz=method-wrapper(...), alignText='center', alignVert=method-wrapper(...), anchorHoriz='center', anchorVert='center', antialias=True, autoDraw=False, autoLog=True, bold=False, color=array([1., 1., 1.]), colorSpace='rgb', contrast=1.0, depth=-2.0, draggable=False, flipHoriz=False, flipVert=False, font='Open Sans', fontFiles=[], height=np.float64(0.05), italic=False, languageStyle='LTR', name='distr', opacity=1, ori=262, pos=array([0.25144857, 0.46605891]), rgb=UNKNOWN, text='L', units='height', win=Window(...), wrapWidth=1)
0.1182 	EXP 	Created distr = TextStim(__class__=<class 'psychopy.visual.text.TextStim'>, alignHoriz=method-wrapper(...), alignText='center', alignVert=method-wrapper(...), anchorHoriz='center', anchorVert='center', antialias=True, autoDraw=False, autoLog=True, bold=False, color=array([1., 1., 1.]), colorSpace='rgb', contrast=1.0, depth=-2.0, draggable=False, flipHoriz=False, flipVert=False, font='Open Sans', fontFiles=[], height=np.float64(0.05), italic=False, languageStyle='LTR', name='distr', opacity=1, ori=302, pos=array([-0.4014747 ,  0.33303764]), rgb=UNKNOWN, text='L', units='height', win=Window(...), wrapWidth=1)
0.1371 	WARNING 	t of last frame was 129.55ms (=1/7)
0.1371 	EXP 	distr: autoDraw = True
0.1371 	EXP 	distr: autoDraw = True
0.1371 	EXP 	distr: autoDraw = True
0.1371 	EXP 	distr: autoDraw = True
0.1371 	EXP 	distr: autoDraw = True
0.1371 	EXP 	distr: autoDraw = True
0.1371 	EXP 	distr: autoDraw = True
0.1371 	EXP 	distr: autoDraw = True
0.1371 	EXP 	distr: autoDraw = True
0.1371 	EXP 	distr: autoDraw = True
0.1371 	EXP 	fixation: autoDraw = True
0.1371 	EXP 	target: autoDraw = True
2.0881 	DATA 	Mouse: Left button down, pos=(1155,717)
2.1118 	EXP 	New trial (rep=1, index=0): <Trial 1 (0 in rep 1) data={'thisN': 1, 'thisTrialN': 0, 'thisRepN': 1}>
2.1190 	EXP 	Created distr = TextStim(__class__=<class 'psychopy.visual.text.TextStim'>, alignHoriz=method-wrapper(...), alignText='center', alignVert=method-wrapper(...), anchorHoriz='center', anchorVert='center', antialias=True, autoDraw=False, autoLog=True, bold=False, color=array([1., 1., 1.]), colorSpace='rgb', contrast=1.0, depth=-2.0, draggable=False, flipHoriz=False, flipVert=False, font='Open Sans', fontFiles=[], height=np.float64(0.05), italic=False, languageStyle='LTR', name='distr', opacity=1, ori=306, pos=array([0.09377683, 0.39838502]), rgb=UNKNOWN, text='L', units='height', win=Window(...), wrapWidth=1)
2.1248 	EXP 	Created distr = TextStim(__class__=<class 'psychopy.visual.text.TextStim'>, alignHoriz=method-wrapper(...), alignText='center', alignVert=method-wrapper(...), anchorHoriz='center', anchorVert='center', antialias=True, autoDraw=False, autoLog=True, bold=False, color=array([1., 1., 1.]), colorSpace='rgb', contrast=1.0, depth=-2.0, draggable=False, flipHoriz=False, flipVert=False, font='Open Sans', fontFiles=[], height=np.float64(0.05), italic=False, languageStyle='LTR', name='distr', opacity=1, ori=229, pos=array([ 0.05805787, -0.2598551 ]), rgb=UNKNOWN, text='L', units='height', win=Window(...), wrapWidth=1)
2.1304 	EXP 	Created distr = TextStim(__class__=<class 'psychopy.visual.text.TextStim'>, alignHoriz=method-wrapper(...), alignText='center', alignVert=method-wrapper(...), anchorHoriz='center', anchorVert='center', antialias=True, autoDraw=False, autoLog=True, bold=False, color=array([1., 1., 1.]), colorSpace='rgb', contrast=1.0, depth=-2.0, draggable=False, flipHoriz=False, flipVert=False, font='Open Sans', fontFiles=[], height=np.float64(0.05), italic=False, languageStyle='LTR', name='distr', opacity=1, ori=149, pos=array([-0.45412629,  0.02865237]), rgb=UNKNOWN, text='L', units='height', win=Window(...), wrapWidth=1)
2.1356 	EXP 	Created distr = TextStim(__class__=<class 'psychopy.visual.text.TextStim'>, alignHoriz=method-wrapper(...), alignText='center', alignVert=method-wrapper(...), anchorHoriz='center', anchorVert='center', antialias=True, autoDraw=False, autoLog=True, bold=False, color=array([1., 1., 1.]), colorSpace='rgb', contrast=1.0, depth=-2.0, draggable=False, flipHoriz=False, flipVert=False, font='Open Sans', fontFiles=[], height=np.float64(0.05), italic=False, languageStyle='LTR', name='distr', opacity=1, ori=272, pos=array([-0.18802946,  0.44074248]), rgb=UNKNOWN, text='L', units='height', win=Window(...), wrapWidth=1)
2.1408 	EXP 	Created distr = TextStim(__class__=<class 'psychopy.visual.text.TextStim'>, alignHoriz=method-wrapper(...), alignText='center', alignVert=method-wrapper(...), anchorHoriz='center', anchorVert='center', antialias=True, autoDraw=False, autoLog=True, bold=False, color=array([1., 1., 1.]), colorSpace='rgb', contrast=1.0, depth=-2.0, draggable=False, flipHoriz=False, flipVert=False, font='Open Sans', fontFiles=[], height=np.float64(0.05), italic=False, languageStyle='LTR', name='distr', opacity=1, ori=325, pos=array([-0.1833208 , -0.22502016]), rgb=UNKNOWN, text='L', units='height', win=Window(...), wrapWidth=1)
2.1458 	EXP 	Created distr = TextStim(__class__=<class 'psychopy.visual.text.TextStim'>, alignHoriz=method-wrapper(...), alignText='center', alignVert=method-wrapper(...), anchorHoriz='center', anchorVert='center', antialias=True, autoDraw=False, autoLog=True, bold=False, color=array([1., 1., 1.]), colorSpace='rgb', contrast=1.0, depth=-2.0, draggable=False, flipHoriz=False, flipVert=False, font='Open Sans', fontFiles=[], height=np.float64(0.05), italic=False, languageStyle='LTR', name='distr', opacity=1, ori=59, pos=array([0.13252509, 0.24766859]), rgb=UNKNOWN, text='L', units='height', win=Window(...), wrapWidth=1)
2.1509 	EXP 	Created distr = TextStim(__class__=<class 'psychopy.visual.text.TextStim'>, alignHoriz=method-wrapper(...), alignText='center', alignVert=method-wrapper(...), anchorHoriz='center', anchorVert='center', antialias=True, autoDraw=False, autoLog=True, bold=False, color=array([1., 1., 1.]), colorSpace='rgb', contrast=1.0, depth=-2.0, draggable=False, flipHoriz=False, flipVert=False, font='Open Sans', fontFiles=[], height=np.float64(0.05), italic=False, languageStyle='LTR', name='distr', opacity=1, ori=243, pos=array([ 0.1571099 , -0.27977269]), rgb=UNKNOWN, text='L', units='height', win=Window(...), wrapWidth=1)
2.1560 	EXP 	Created distr = TextStim(__class__=<class 'psychopy.visual.text.TextStim'>, alignHoriz=method-wrapper(...), alignText='center', alignVert=method-wrapper(...), anchorHoriz='center', anchorVert='center', antialias=True, autoDraw=False, autoLog=True, bold=False, color=array([1., 1., 1.]), colorSpace='rgb', contrast=1.0, depth=-2.0, draggable=False, flipHoriz=False, flipVert=False, font='Open Sans', fontFiles=[], height=np.float64(0.05), italic=False, languageStyle='LTR', name='distr', opacity=1, ori=220, pos=array([-0.25004704, -0.27501564]), rgb=UNKNOWN, text='L', units='height', win=Window(...), wrapWidth=1)
2.1610 	EXP 	Created distr = TextStim(__class__=<class 'psychopy.visual.text.TextStim'>, alignHoriz=method-wrapper(...), alignText='center', alignVert=method-wrapper(...), anchorHoriz='center', anchorVert='center', antialias=True, autoDraw=False, autoLog=True, bold=False, color=array([1., 1., 1.]), colorSpace='rgb', contrast=1.0, depth=-2.0, draggable=False, flipHoriz=False, flipVert=False, font='Open Sans', fontFiles=[], height=np.float64(0.05), italic=False, languageStyle='LTR', name='distr', opacity=1, ori=283, pos=array([ 0.27409239, -0.42715525]), rgb=UNKNOWN, text='L', units='height', win=Window(...), wrapWidth=1)
2.1660 	EXP 	Created distr = TextStim(__class__=<class 'psychopy.visual.text.TextStim'>, alignHoriz=method-wrapper(...), alignText='center', alignVert=method-wrapper(...), anchorHoriz='center', anchorVert='center', antialias=True, autoDraw=False, autoLog=True, bold=False, color=array([1., 1., 1.]), colorSpace='rgb', contrast=1.0, depth=-2.0, draggable=False, flipHoriz=False, flipVert=False, font='Open Sans', fontFiles=[], height=np.float64(0.05), italic=False, languageStyle='LTR', name='distr', opacity=1, ori=92, pos=array([ 0.20597481, -0.44033238]), rgb=UNKNOWN, text='L', units='height', win=Window(...), wrapWidth=1)
2.1753 	WARNING 	t of last frame was 83.33ms (=1/12)
2.1753 	EXP 	fixation: autoDraw = False
2.1753 	EXP 	target: autoDraw = False
2.1753 	EXP 	distr: autoDraw = False
2.1753 	EXP 	distr: autoDraw = False
2.1753 	EXP 	distr: autoDraw = False
2.1753 	EXP 	distr: autoDraw = False
2.1753 	EXP 	distr: autoDraw = False
2.1753 	EXP 	distr: autoDraw = False
2.1753 	EXP 	distr: autoDraw = False
2.1753 	EXP 	distr: autoDraw = False
2.1753 	EXP 	distr: autoDraw = False
2.1753 	EXP 	distr: autoDraw = False
2.1753 	EXP 	distr: autoDraw = True
2.1753 	EXP 	distr: autoDraw = True
2.1753 	EXP 	distr: autoDraw = True
2.1753 	EXP 	distr: autoDraw = True
2.1753 	EXP 	distr: autoDraw = True
2.1753 	EXP 	distr: autoDraw = True
2.1753 	EXP 	distr: autoDraw = True
2.1753 	EXP 	distr: autoDraw = True
2.1753 	EXP 	distr: autoDraw = True
2.1753 	EXP 	distr: autoDraw = True
2.1753 	EXP 	fixation: autoDraw = True
2.1753 	EXP 	target: autoDraw = True
2.2046 	DATA 	Mouse:  Left button up, pos=(1155,717)
3.6711 	DATA 	Mouse: Left button down, pos=(596,338)
3.6762 	EXP 	New trial (rep=2, index=0): <Trial 2 (0 in rep 2) data={'thisN': 2, 'thisTrialN': 0, 'thisRepN': 2}>
3.6869 	EXP 	Created distr = TextStim(__class__=<class 'psychopy.visual.text.TextStim'>, alignHoriz=method-wrapper(...), alignText='center', alignVert=method-wrapper(...), anchorHoriz='center', anchorVert='center', antialias=True, autoDraw=False, autoLog=True, bold=False, color=array([1., 1., 1.]), colorSpace='rgb', contrast=1.0, depth=-2.0, draggable=False, flipHoriz=False, flipVert=False, font='Open Sans', fontFiles=[], height=np.float64(0.05), italic=False, languageStyle='LTR', name='distr', opacity=1, ori=185, pos=array([ 0.07084248, -0.04426231]), rgb=UNKNOWN, text='L', units='height', win=Window(...), wrapWidth=1)
3.6929 	EXP 	Created distr = TextStim(__class__=<class 'psychopy.visual.text.TextStim'>, alignHoriz=method-wrapper(...), alignText='center', alignVert=method-wrapper(...), anchorHoriz='center', anchorVert='center', antialias=True, autoDraw=False, autoLog=True, bold=False, color=array([1., 1., 1.]), colorSpace='rgb', contrast=1.0, depth=-2.0, draggable=False, flipHoriz=False, flipVert=False, font='Open Sans', fontFiles=[], height=np.float64(0.05), italic=False, languageStyle='LTR', name='distr', opacity=1, ori=242, pos=array([-0.13628754, -0.33215341]), rgb=UNKNOWN, text='L', units='height', win=Window(...), wrapWidth=1)
3.6983 	EXP 	Created distr = TextStim(__class__=<class 'psychopy.visual.text.TextStim'>, alignHoriz=method-wrapper(...), alignText='center', alignVert=method-wrapper(...), anchorHoriz='center', anchorVert='center', antialias=True, autoDraw=False, autoLog=True, bold=False, color=array([1., 1., 1.]), colorSpace='rgb', contrast=1.0, depth=-2.0, draggable=False, flipHoriz=False, flipVert=False, font='Open Sans', fontFiles=[], height=np.float64(0.05), italic=False, languageStyle='LTR', name='distr', opacity=1, ori=330, pos=array([-0.19848321, -0.11356477]), rgb=UNKNOWN, text='L', units='height', win=Window(...), wrapWidth=1)
3.7036 	EXP 	Created distr = TextStim(__class__=<class 'psychopy.visual.text.TextStim'>, alignHoriz=method-wrapper(...), alignText='center', alignVert=method-wrapper(...), anchorHoriz='center', anchorVert='center', antialias=True, autoDraw=False, autoLog=True, bold=False, color=array([1., 1., 1.]), colorSpace='rgb', contrast=1.0, depth=-2.0, draggable=False, flipHoriz=False, flipVert=False, font='Open Sans', fontFiles=[], height=np.float64(0.05), italic=False, languageStyle='LTR', name='distr', opacity=1, ori=112, pos=array([ 0.21439255, -0.0564618 ]), rgb=UNKNOWN, text='L', units='height', win=Window(...), wrapWidth=1)
3.7088 	EXP 	Created distr = TextStim(__class__=<class 'psychopy.visual.text.TextStim'>, alignHoriz=method-wrapper(...), alignText='center', alignVert=method-wrapper(...), anchorHoriz='center', anchorVert='center', antialias=True, autoDraw=False, autoLog=True, bold=False, color=array([1., 1., 1.]), colorSpace='rgb', contrast=1.0, depth=-2.0, draggable=False, flipHoriz=False, flipVert=False, font='Open Sans', fontFiles=[], height=np.float64(0.05), italic=False, languageStyle='LTR', name='distr', opacity=1, ori=172, pos=array([-0.35270673,  0.1744007 ]), rgb=UNKNOWN, text='L', units='height', win=Window(...), wrapWidth=1)
3.7155 	WARNING 	t of last frame was 40.76ms (=1/24)
3.7155 	EXP 	fixation: autoDraw = False
3.7155 	EXP 	target: autoDraw = False
3.7155 	EXP 	distr: autoDraw = False
3.7155 	EXP 	distr: autoDraw = False
3.7155 	EXP 	distr: autoDraw = False
3.7155 	EXP 	distr: autoDraw = False
3.7155 	EXP 	distr: autoDraw = False
3.7155 	EXP 	distr: autoDraw = False
3.7155 	EXP 	distr: autoDraw = False
3.7155 	EXP 	distr: autoDraw = False
3.7155 	EXP 	distr: autoDraw = False
3.7155 	EXP 	distr: autoDraw = False
3.7155 	EXP 	distr: autoDraw = True
3.7155 	EXP 	distr: autoDraw = True
3.7155 	EXP 	distr: autoDraw = True
3.7155 	EXP 	distr: autoDraw = True
3.7155 	EXP 	distr: autoDraw = True
3.7155 	EXP 	fixation: autoDraw = True
3.7155 	EXP 	target: autoDraw = True
3.7541 	DATA 	Mouse:  Left button up, pos=(596,338)
5.5862 	DATA 	Mouse: Left button down, pos=(1082,888)
5.5912 	WARNING 	t of last frame was 57.35ms (=1/17)
5.5924 	EXP 	New trial (rep=3, index=0): <Trial 3 (0 in rep 3) data={'thisN': 3, 'thisTrialN': 0, 'thisRepN': 3}>
5.6001 	EXP 	Created distr = TextStim(__class__=<class 'psychopy.visual.text.TextStim'>, alignHoriz=method-wrapper(...), alignText='center', alignVert=method-wrapper(...), anchorHoriz='center', anchorVert='center', antialias=True, autoDraw=False, autoLog=True, bold=False, color=array([1., 1., 1.]), colorSpace='rgb', contrast=1.0, depth=-2.0, draggable=False, flipHoriz=False, flipVert=False, font='Open Sans', fontFiles=[], height=np.float64(0.05), italic=False, languageStyle='LTR', name='distr', opacity=1, ori=128, pos=array([-0.43870515, -0.00506587]), rgb=UNKNOWN, text='L', units='height', win=Window(...), wrapWidth=1)
5.6054 	EXP 	Created distr = TextStim(__class__=<class 'psychopy.visual.text.TextStim'>, alignHoriz=method-wrapper(...), alignText='center', alignVert=method-wrapper(...), anchorHoriz='center', anchorVert='center', antialias=True, autoDraw=False, autoLog=True, bold=False, color=array([1., 1., 1.]), colorSpace='rgb', contrast=1.0, depth=-2.0, draggable=False, flipHoriz=False, flipVert=False, font='Open Sans', fontFiles=[], height=np.float64(0.05), italic=False, languageStyle='LTR', name='distr', opacity=1, ori=179, pos=array([0.25621068, 0.35645838]), rgb=UNKNOWN, text='L', units='height', win=Window(...), wrapWidth=1)
5.6104 	EXP 	Created distr = TextStim(__class__=<class 'psychopy.visual.text.TextStim'>, alignHoriz=method-wrapper(...), alignText='center', alignVert=method-wrapper(...), anchorHoriz='center', anchorVert='center', antialias=True, autoDraw=False, autoLog=True, bold=False, color=array([1., 1., 1.]), colorSpace='rgb', contrast=1.0, depth=-2.0, draggable=False, flipHoriz=False, flipVert=False, font='Open Sans', fontFiles=[], height=np.float64(0.05), italic=False, languageStyle='LTR', name='distr', opacity=1, ori=172, pos=array([ 0.35850202, -0.30958255]), rgb=UNKNOWN, text='L', units='height', win=Window(...), wrapWidth=1)
5.6155 	EXP 	Created distr = TextStim(__class__=<class 'psychopy.visual.text.TextStim'>, alignHoriz=method-wrapper(...), alignText='center', alignVert=method-wrapper(...), anchorHoriz='center', anchorVert='center', antialias=True, autoDraw=False, autoLog=True, bold=False, color=array([1., 1., 1.]), colorSpace='rgb', contrast=1.0, depth=-2.0, draggable=False, flipHoriz=False, flipVert=False, font='Open Sans', fontFiles=[], height=np.float64(0.05), italic=False, languageStyle='LTR', name='distr', opacity=1, ori=198, pos=array([0.35361118, 0.09371531]), rgb=UNKNOWN, text='L', units='height', win=Window(...), wrapWidth=1)
5.6220 	EXP 	Created distr = TextStim(__class__=<class 'psychopy.visual.text.TextStim'>, alignHoriz=method-wrapper(...), alignText='center', alignVert=method-wrapper(...), anchorHoriz='center', anchorVert='center', antialias=True, autoDraw=False, autoLog=True, bold=False, color=array([1., 1., 1.]), colorSpace='rgb', contrast=1.0, depth=-2.0, draggable=False, flipHoriz=False, flipVert=False, font='Open Sans', fontFiles=[], height=np.float64(0.05), italic=False, languageStyle='LTR', name='distr', opacity=1, ori=69, pos=array([ 0.02044433, -0.17045977]), rgb=UNKNOWN, text='L', units='height', win=Window(...), wrapWidth=1)
5.6226 	DATA 	Mouse:  Left button up, pos=(1082,888)
5.6290 	WARNING 	Multiple dropped frames have occurred - I'll stop bothering you about them!
5.6290 	EXP 	fixation: autoDraw = False
5.6290 	EXP 	target: autoDraw = False
5.6290 	EXP 	distr: autoDraw = False
5.6290 	EXP 	distr: autoDraw = False
5.6290 	EXP 	distr: autoDraw = False
5.6290 	EXP 	distr: autoDraw = False
5.6290 	EXP 	distr: autoDraw = False
5.6290 	EXP 	distr: autoDraw = True
5.6290 	EXP 	distr: autoDraw = True
5.6290 	EXP 	distr: autoDraw = True
5.6290 	EXP 	distr: autoDraw = True
5.6290 	EXP 	distr: autoDraw = True
5.6290 	EXP 	fixation: autoDraw = True
5.6290 	EXP 	target: autoDraw = True
7.2212 	DATA 	Mouse: Left button down, pos=(920,481)
7.2269 	EXP 	New trial (rep=4, index=0): <Trial 4 (0 in rep 4) data={'thisN': 4, 'thisTrialN': 0, 'thisRepN': 4}>
7.2391 	EXP 	Created distr = TextStim(__class__=<class 'psychopy.visual.text.TextStim'>, alignHoriz=method-wrapper(...), alignText='center', alignVert=method-wrapper(...), anchorHoriz='center', anchorVert='center', antialias=True, autoDraw=False, autoLog=True, bold=False, color=array([1., 1., 1.]), colorSpace='rgb', contrast=1.0, depth=-2.0, draggable=False, flipHoriz=False, flipVert=False, font='Open Sans', fontFiles=[], height=np.float64(0.05), italic=False, languageStyle='LTR', name='distr', opacity=1, ori=200, pos=array([-0.11233376, -0.48586971]), rgb=UNKNOWN, text='L', units='height', win=Window(...), wrapWidth=1)
7.2460 	EXP 	Created distr = TextStim(__class__=<class 'psychopy.visual.text.TextStim'>, alignHoriz=method-wrapper(...), alignText='center', alignVert=method-wrapper(...), anchorHoriz='center', anchorVert='center', antialias=True, autoDraw=False, autoLog=True, bold=False, color=array([1., 1., 1.]), colorSpace='rgb', contrast=1.0, depth=-2.0, draggable=False, flipHoriz=False, flipVert=False, font='Open Sans', fontFiles=[], height=np.float64(0.05), italic=False, languageStyle='LTR', name='distr', opacity=1, ori=347, pos=array([0.27537049, 0.46545716]), rgb=UNKNOWN, text='L', units='height', win=Window(...), wrapWidth=1)
7.2527 	EXP 	Created distr = TextStim(__class__=<class 'psychopy.visual.text.TextStim'>, alignHoriz=method-wrapper(...), alignText='center', alignVert=method-wrapper(...), anchorHoriz='center', anchorVert='center', antialias=True, autoDraw=False, autoLog=True, bold=False, color=array([1., 1., 1.]), colorSpace='rgb', contrast=1.0, depth=-2.0, draggable=False, flipHoriz=False, flipVert=False, font='Open Sans', fontFiles=[], height=np.float64(0.05), italic=False, languageStyle='LTR', name='distr', opacity=1, ori=325, pos=array([0.26822798, 0.06554511]), rgb=UNKNOWN, text='L', units='height', win=Window(...), wrapWidth=1)
7.2597 	EXP 	Created distr = TextStim(__class__=<class 'psychopy.visual.text.TextStim'>, alignHoriz=method-wrapper(...), alignText='center', alignVert=method-wrapper(...), anchorHoriz='center', anchorVert='center', antialias=True, autoDraw=False, autoLog=True, bold=False, color=array([1., 1., 1.]), colorSpace='rgb', contrast=1.0, depth=-2.0, draggable=False, flipHoriz=False, flipVert=False, font='Open Sans', fontFiles=[], height=np.float64(0.05), italic=False, languageStyle='LTR', name='distr', opacity=1, ori=163, pos=array([-0.40066434, -0.35895223]), rgb=UNKNOWN, text='L', units='height', win=Window(...), wrapWidth=1)
7.2650 	EXP 	Created distr = TextStim(__class__=<class 'psychopy.visual.text.TextStim'>, alignHoriz=method-wrapper(...), alignText='center', alignVert=method-wrapper(...), anchorHoriz='center', anchorVert='center', antialias=True, autoDraw=False, autoLog=True, bold=False, color=array([1., 1., 1.]), colorSpace='rgb', contrast=1.0, depth=-2.0, draggable=False, flipHoriz=False, flipVert=False, font='Open Sans', fontFiles=[], height=np.float64(0.05), italic=False, languageStyle='LTR', name='distr', opacity=1, ori=342, pos=array([0.05185822, 0.36136829]), rgb=UNKNOWN, text='L', units='height', win=Window(...), wrapWidth=1)
7.2720 	EXP 	Created distr = TextStim(__class__=<class 'psychopy.visual.text.TextStim'>, alignHoriz=method-wrapper(...), alignText='center', alignVert=method-wrapper(...), anchorHoriz='center', anchorVert='center', antialias=True, autoDraw=False, autoLog=True, bold=False, color=array([1., 1., 1.]), colorSpace='rgb', contrast=1.0, depth=-2.0, draggable=False, flipHoriz=False, flipVert=False, font='Open Sans', fontFiles=[], height=np.float64(0.05), italic=False, languageStyle='LTR', name='distr', opacity=1, ori=67, pos=array([0.31857808, 0.37448554]), rgb=UNKNOWN, text='L', units='height', win=Window(...), wrapWidth=1)
7.2771 	EXP 	Created distr = TextStim(__class__=<class 'psychopy.visual.text.TextStim'>, alignHoriz=method-wrapper(...), alignText='center', alignVert=method-wrapper(...), anchorHoriz='center', anchorVert='center', antialias=True, autoDraw=False, autoLog=True, bold=False, color=array([1., 1., 1.]), colorSpace='rgb', contrast=1.0, depth=-2.0, draggable=False, flipHoriz=False, flipVert=False, font='Open Sans', fontFiles=[], height=np.float64(0.05), italic=False, languageStyle='LTR', name='distr', opacity=1, ori=130, pos=array([-0.39862464, -0.24388365]), rgb=UNKNOWN, text='L', units='height', win=Window(...), wrapWidth=1)
7.2821 	EXP 	Created distr = TextStim(__class__=<class 'psychopy.visual.text.TextStim'>, alignHoriz=method-wrapper(...), alignText='center', alignVert=method-wrapper(...), anchorHoriz='center', anchorVert='center', antialias=True, autoDraw=False, autoLog=True, bold=False, color=array([1., 1., 1.]), colorSpace='rgb', contrast=1.0, depth=-2.0, draggable=False, flipHoriz=False, flipVert=False, font='Open Sans', fontFiles=[], height=np.float64(0.05), italic=False, languageStyle='LTR', name='distr', opacity=1, ori=210, pos=array([0.34477086, 0.29939064]), rgb=UNKNOWN, text='L', units='height', win=Window(...), wrapWidth=1)
7.2883 	EXP 	Created distr = TextStim(__class__=<class 'psychopy.visual.text.TextStim'>, alignHoriz=method-wrapper(...), alignText='center', alignVert=method-wrapper(...), anchorHoriz='center', anchorVert='center', antialias=True, autoDraw=False, autoLog=True, bold=False, color=array([1., 1., 1.]), colorSpace='rgb', contrast=1.0, depth=-2.0, draggable=False, flipHoriz=False, flipVert=False, font='Open Sans', fontFiles=[], height=np.float64(0.05), italic=False, languageStyle='LTR', name='distr', opacity=1, ori=99, pos=array([-0.05998427, -0.09808987]), rgb=UNKNOWN, text='L', units='height', win=Window(...), wrapWidth=1)
7.2935 	EXP 	Created distr = TextStim(__class__=<class 'psychopy.visual.text.TextStim'>, alignHoriz=method-wrapper(...), alignText='center', alignVert=method-wrapper(...), anchorHoriz='center', anchorVert='center', antialias=True, autoDraw=False, autoLog=True, bold=False, color=array([1., 1., 1.]), colorSpace='rgb', contrast=1.0, depth=-2.0, draggable=False, flipHoriz=False, flipVert=False, font='Open Sans', fontFiles=[], height=np.float64(0.05), italic=False, languageStyle='LTR', name='distr', opacity=1, ori=90, pos=array([0.05253814, 0.0257921 ]), rgb=UNKNOWN, text='L', units='height', win=Window(...), wrapWidth=1)
7.2941 	DATA 	Mouse:  Left button up, pos=(920,481)
7.3033 	EXP 	fixation: autoDraw = False
7.3033 	EXP 	target: autoDraw = False
7.3033 	EXP 	distr: autoDraw = False
7.3033 	EXP 	distr: autoDraw = False
7.3033 	EXP 	distr: autoDraw = False
7.3033 	EXP 	distr: autoDraw = False
7.3033 	EXP 	distr: autoDraw = False
7.3033 	EXP 	distr: autoDraw = True
7.3033 	EXP 	distr: autoDraw = True
7.3033 	EXP 	distr: autoDraw = True
7.3033 	EXP 	distr: autoDraw = True
7.3033 	EXP 	distr: autoDraw = True
7.3033 	EXP 	distr: autoDraw = True
7.3033 	EXP 	distr: autoDraw = True
7.3033 	EXP 	distr: autoDraw = True
7.3033 	EXP 	distr: autoDraw = True
7.3033 	EXP 	distr: autoDraw = True
7.3033 	EXP 	fixation: autoDraw = True
7.3033 	EXP 	target: autoDraw = True
8.4879 	DATA 	Mouse: Left button down, pos=(921,254)
8.4927 	EXP 	New trial (rep=5, index=0): <Trial 5 (0 in rep 5) data={'thisN': 5, 'thisTrialN': 0, 'thisRepN': 5}>
8.5007 	EXP 	Created distr = TextStim(__class__=<class 'psychopy.visual.text.TextStim'>, alignHoriz=method-wrapper(...), alignText='center', alignVert=method-wrapper(...), anchorHoriz='center', anchorVert='center', antialias=True, autoDraw=False, autoLog=True, bold=False, color=array([1., 1., 1.]), colorSpace='rgb', contrast=1.0, depth=-2.0, draggable=False, flipHoriz=False, flipVert=False, font='Open Sans', fontFiles=[], height=np.float64(0.05), italic=False, languageStyle='LTR', name='distr', opacity=1, ori=313, pos=array([-0.13825394, -0.41506873]), rgb=UNKNOWN, text='L', units='height', win=Window(...), wrapWidth=1)
8.5097 	EXP 	Created distr = TextStim(__class__=<class 'psychopy.visual.text.TextStim'>, alignHoriz=method-wrapper(...), alignText='center', alignVert=method-wrapper(...), anchorHoriz='center', anchorVert='center', antialias=True, autoDraw=False, autoLog=True, bold=False, color=array([1., 1., 1.]), colorSpace='rgb', contrast=1.0, depth=-2.0, draggable=False, flipHoriz=False, flipVert=False, font='Open Sans', fontFiles=[], height=np.float64(0.05), italic=False, languageStyle='LTR', name='distr', opacity=1, ori=348, pos=array([-0.20567733,  0.31734663]), rgb=UNKNOWN, text='L', units='height', win=Window(...), wrapWidth=1)
8.5150 	EXP 	Created distr = TextStim(__class__=<class 'psychopy.visual.text.TextStim'>, alignHoriz=method-wrapper(...), alignText='center', alignVert=method-wrapper(...), anchorHoriz='center', anchorVert='center', antialias=True, autoDraw=False, autoLog=True, bold=False, color=array([1., 1., 1.]), colorSpace='rgb', contrast=1.0, depth=-2.0, draggable=False, flipHoriz=False, flipVert=False, font='Open Sans', fontFiles=[], height=np.float64(0.05), italic=False, languageStyle='LTR', name='distr', opacity=1, ori=239, pos=array([-0.07358894, -0.25076216]), rgb=UNKNOWN, text='L', units='height', win=Window(...), wrapWidth=1)
8.5205 	EXP 	Created distr = TextStim(__class__=<class 'psychopy.visual.text.TextStim'>, alignHoriz=method-wrapper(...), alignText='center', alignVert=method-wrapper(...), anchorHoriz='center', anchorVert='center', antialias=True, autoDraw=False, autoLog=True, bold=False, color=array([1., 1., 1.]), colorSpace='rgb', contrast=1.0, depth=-2.0, draggable=False, flipHoriz=False, flipVert=False, font='Open Sans', fontFiles=[], height=np.float64(0.05), italic=False, languageStyle='LTR', name='distr', opacity=1, ori=187, pos=array([-0.31078339,  0.06503428]), rgb=UNKNOWN, text='L', units='height', win=Window(...), wrapWidth=1)
8.5256 	EXP 	Created distr = TextStim(__class__=<class 'psychopy.visual.text.TextStim'>, alignHoriz=method-wrapper(...), alignText='center', alignVert=method-wrapper(...), anchorHoriz='center', anchorVert='center', antialias=True, autoDraw=False, autoLog=True, bold=False, color=array([1., 1., 1.]), colorSpace='rgb', contrast=1.0, depth=-2.0, draggable=False, flipHoriz=False, flipVert=False, font='Open Sans', fontFiles=[], height=np.float64(0.05), italic=False, languageStyle='LTR', name='distr', opacity=1, ori=171, pos=array([-0.33711069,  0.21794314]), rgb=UNKNOWN, text='L', units='height', win=Window(...), wrapWidth=1)
8.5319 	EXP 	fixation: autoDraw = False
8.5319 	EXP 	target: autoDraw = False
8.5319 	EXP 	distr: autoDraw = False
8.5319 	EXP 	distr: autoDraw = False
8.5319 	EXP 	distr: autoDraw = False
8.5319 	EXP 	distr: autoDraw = False
8.5319 	EXP 	distr: autoDraw = False
8.5319 	EXP 	distr: autoDraw = False
8.5319 	EXP 	distr: autoDraw = False
8.5319 	EXP 	distr: autoDraw = False
8.5319 	EXP 	distr: autoDraw = False
8.5319 	EXP 	distr: autoDraw = False
8.5319 	EXP 	distr: autoDraw = True
8.5319 	EXP 	distr: autoDraw = True
8.5319 	EXP 	distr: autoDraw = True
8.5319 	EXP 	distr: autoDraw = True
8.5319 	EXP 	distr: autoDraw = True
8.5319 	EXP 	fixation: autoDraw = True
8.5319 	EXP 	target: autoDraw = True
8.5542 	DATA 	Mouse:  Left button up, pos=(921,254)
9.2898 	DATA 	Mouse: Left button down, pos=(721,349)
9.2911 	EXP 	New trial (rep=6, index=0): <Trial 6 (0 in rep 6) data={'thisN': 6, 'thisTrialN': 0, 'thisRepN': 6}>
9.3002 	EXP 	Created distr = TextStim(__class__=<class 'psychopy.visual.text.TextStim'>, alignHoriz=method-wrapper(...), alignText='center', alignVert=method-wrapper(...), anchorHoriz='center', anchorVert='center', antialias=True, autoDraw=False, autoLog=True, bold=False, color=array([1., 1., 1.]), colorSpace='rgb', contrast=1.0, depth=-2.0, draggable=False, flipHoriz=False, flipVert=False, font='Open Sans', fontFiles=[], height=np.float64(0.05), italic=False, languageStyle='LTR', name='distr', opacity=1, ori=170, pos=array([-0.06171507,  0.05797926]), rgb=UNKNOWN, text='L', units='height', win=Window(...), wrapWidth=1)
9.3071 	EXP 	Created distr = TextStim(__class__=<class 'psychopy.visual.text.TextStim'>, alignHoriz=method-wrapper(...), alignText='center', alignVert=method-wrapper(...), anchorHoriz='center', anchorVert='center', antialias=True, autoDraw=False, autoLog=True, bold=False, color=array([1., 1., 1.]), colorSpace='rgb', contrast=1.0, depth=-2.0, draggable=False, flipHoriz=False, flipVert=False, font='Open Sans', fontFiles=[], height=np.float64(0.05), italic=False, languageStyle='LTR', name='distr', opacity=1, ori=176, pos=array([0.31586953, 0.33136651]), rgb=UNKNOWN, text='L', units='height', win=Window(...), wrapWidth=1)
9.3127 	EXP 	Created distr = TextStim(__class__=<class 'psychopy.visual.text.TextStim'>, alignHoriz=method-wrapper(...), alignText='center', alignVert=method-wrapper(...), anchorHoriz='center', anchorVert='center', antialias=True, autoDraw=False, autoLog=True, bold=False, color=array([1., 1., 1.]), colorSpace='rgb', contrast=1.0, depth=-2.0, draggable=False, flipHoriz=False, flipVert=False, font='Open Sans', fontFiles=[], height=np.float64(0.05), italic=False, languageStyle='LTR', name='distr', opacity=1, ori=179, pos=array([-0.34655726, -0.40098038]), rgb=UNKNOWN, text='L', units='height', win=Window(...), wrapWidth=1)
9.3203 	EXP 	Created distr = TextStim(__class__=<class 'psychopy.visual.text.TextStim'>, alignHoriz=method-wrapper(...), alignText='center', alignVert=method-wrapper(...), anchorHoriz='center', anchorVert='center', antialias=True, autoDraw=False, autoLog=True, bold=False, color=array([1., 1., 1.]), colorSpace='rgb', contrast=1.0, depth=-2.0, draggable=False, flipHoriz=False, flipVert=False, font='Open Sans', fontFiles=[], height=np.float64(0.05), italic=False, languageStyle='LTR', name='distr', opacity=1, ori=306, pos=array([-0.19430613,  0.13562139]), rgb=UNKNOWN, text='L', units='height', win=Window(...), wrapWidth=1)
9.3261 	EXP 	Created distr = TextStim(__class__=<class 'psychopy.visual.text.TextStim'>, alignHoriz=method-wrapper(...), alignText='center', alignVert=method-wrapper(...), anchorHoriz='center', anchorVert='center', antialias=True, autoDraw=False, autoLog=True, bold=False, color=array([1., 1., 1.]), colorSpace='rgb', contrast=1.0, depth=-2.0, draggable=False, flipHoriz=False, flipVert=False, font='Open Sans', fontFiles=[], height=np.float64(0.05), italic=False, languageStyle='LTR', name='distr', opacity=1, ori=142, pos=array([ 0.23897118, -0.18645695]), rgb=UNKNOWN, text='L', units='height', win=Window(...), wrapWidth=1)
9.3313 	EXP 	Created distr = TextStim(__class__=<class 'psychopy.visual.text.TextStim'>, alignHoriz=method-wrapper(...), alignText='center', alignVert=method-wrapper(...), anchorHoriz='center', anchorVert='center', antialias=True, autoDraw=False, autoLog=True, bold=False, color=array([1., 1., 1.]), colorSpace='rgb', contrast=1.0, depth=-2.0, draggable=False, flipHoriz=False, flipVert=False, font='Open Sans', fontFiles=[], height=np.float64(0.05), italic=False, languageStyle='LTR', name='distr', opacity=1, ori=55, pos=array([ 0.19870643, -0.43465426]), rgb=UNKNOWN, text='L', units='height', win=Window(...), wrapWidth=1)
9.3363 	EXP 	Created distr = TextStim(__class__=<class 'psychopy.visual.text.TextStim'>, alignHoriz=method-wrapper(...), alignText='center', alignVert=method-wrapper(...), anchorHoriz='center', anchorVert='center', antialias=True, autoDraw=False, autoLog=True, bold=False, color=array([1., 1., 1.]), colorSpace='rgb', contrast=1.0, depth=-2.0, draggable=False, flipHoriz=False, flipVert=False, font='Open Sans', fontFiles=[], height=np.float64(0.05), italic=False, languageStyle='LTR', name='distr', opacity=1, ori=155, pos=array([ 0.11987443, -0.0460171 ]), rgb=UNKNOWN, text='L', units='height', win=Window(...), wrapWidth=1)
9.3414 	EXP 	Created distr = TextStim(__class__=<class 'psychopy.visual.text.TextStim'>, alignHoriz=method-wrapper(...), alignText='center', alignVert=method-wrapper(...), anchorHoriz='center', anchorVert='center', antialias=True, autoDraw=False, autoLog=True, bold=False, color=array([1., 1., 1.]), colorSpace='rgb', contrast=1.0, depth=-2.0, draggable=False, flipHoriz=False, flipVert=False, font='Open Sans', fontFiles=[], height=np.float64(0.05), italic=False, languageStyle='LTR', name='distr', opacity=1, ori=246, pos=array([0.49176319, 0.08631147]), rgb=UNKNOWN, text='L', units='height', win=Window(...), wrapWidth=1)
9.3464 	EXP 	Created distr = TextStim(__class__=<class 'psychopy.visual.text.TextStim'>, alignHoriz=method-wrapper(...), alignText='center', alignVert=method-wrapper(...), anchorHoriz='center', anchorVert='center', antialias=True, autoDraw=False, autoLog=True, bold=False, color=array([1., 1., 1.]), colorSpace='rgb', contrast=1.0, depth=-2.0, draggable=False, flipHoriz=False, flipVert=False, font='Open Sans', fontFiles=[], height=np.float64(0.05), italic=False, languageStyle='LTR', name='distr', opacity=1, ori=341, pos=array([-0.32393238,  0.11487506]), rgb=UNKNOWN, text='L', units='height', win=Window(...), wrapWidth=1)
9.3516 	EXP 	Created distr = TextStim(__class__=<class 'psychopy.visual.text.TextStim'>, alignHoriz=method-wrapper(...), alignText='center', alignVert=method-wrapper(...), anchorHoriz='center', anchorVert='center', antialias=True, autoDraw=False, autoLog=True, bold=False, color=array([1., 1., 1.]), colorSpace='rgb', contrast=1.0, depth=-2.0, draggable=False, flipHoriz=False, flipVert=False, font='Open Sans', fontFiles=[], height=np.float64(0.05), italic=False, languageStyle='LTR', name='distr', opacity=1, ori=44, pos=array([-0.03273259, -0.24496383]), rgb=UNKNOWN, text='L', units='height', win=Window(...), wrapWidth=1)
9.3608 	EXP 	fixation: autoDraw = False
9.3608 	EXP 	target: autoDraw = False
9.3608 	EXP 	distr: autoDraw = False
9.3608 	EXP 	distr: autoDraw = False
9.3608 	EXP 	distr: autoDraw = False
9.3608 	EXP 	distr: autoDraw = False
9.3608 	EXP 	distr: autoDraw = False
9.3608 	EXP 	distr: autoDraw = True
9.3608 	EXP 	distr: autoDraw = True
9.3608 	EXP 	distr: autoDraw = True
9.3608 	EXP 	distr: autoDraw = True
9.3608 	EXP 	distr: autoDraw = True
9.3608 	EXP 	distr: autoDraw = True
9.3608 	EXP 	distr: autoDraw = True
9.3608 	EXP 	distr: autoDraw = True
9.3608 	EXP 	distr: autoDraw = True
9.3608 	EXP 	distr: autoDraw = True
9.3608 	EXP 	fixation: autoDraw = True
9.3608 	EXP 	target: autoDraw = True
9.3709 	DATA 	Mouse:  Left button up, pos=(721,349)
10.5707 	DATA 	Mouse: Left button down, pos=(1062,524)
10.5754 	EXP 	New trial (rep=7, index=0): <Trial 7 (0 in rep 7) data={'thisN': 7, 'thisTrialN': 0, 'thisRepN': 7}>
10.5838 	EXP 	Created distr = TextStim(__class__=<class 'psychopy.visual.text.TextStim'>, alignHoriz=method-wrapper(...), alignText='center', alignVert=method-wrapper(...), anchorHoriz='center', anchorVert='center', antialias=True, autoDraw=False, autoLog=True, bold=False, color=array([1., 1., 1.]), colorSpace='rgb', contrast=1.0, depth=-2.0, draggable=False, flipHoriz=False, flipVert=False, font='Open Sans', fontFiles=[], height=np.float64(0.05), italic=False, languageStyle='LTR', name='distr', opacity=1, ori=284, pos=array([-0.21845636,  0.18699552]), rgb=UNKNOWN, text='L', units='height', win=Window(...), wrapWidth=1)
10.5899 	EXP 	Created distr = TextStim(__class__=<class 'psychopy.visual.text.TextStim'>, alignHoriz=method-wrapper(...), alignText='center', alignVert=method-wrapper(...), anchorHoriz='center', anchorVert='center', antialias=True, autoDraw=False, autoLog=True, bold=False, color=array([1., 1., 1.]), colorSpace='rgb', contrast=1.0, depth=-2.0, draggable=False, flipHoriz=False, flipVert=False, font='Open Sans', fontFiles=[], height=np.float64(0.05), italic=False, languageStyle='LTR', name='distr', opacity=1, ori=174, pos=array([-0.40693915,  0.18128842]), rgb=UNKNOWN, text='L', units='height', win=Window(...), wrapWidth=1)
10.5964 	EXP 	Created distr = TextStim(__class__=<class 'psychopy.visual.text.TextStim'>, alignHoriz=method-wrapper(...), alignText='center', alignVert=method-wrapper(...), anchorHoriz='center', anchorVert='center', antialias=True, autoDraw=False, autoLog=True, bold=False, color=array([1., 1., 1.]), colorSpace='rgb', contrast=1.0, depth=-2.0, draggable=False, flipHoriz=False, flipVert=False, font='Open Sans', fontFiles=[], height=np.float64(0.05), italic=False, languageStyle='LTR', name='distr', opacity=1, ori=72, pos=array([ 0.18431604, -0.08460507]), rgb=UNKNOWN, text='L', units='height', win=Window(...), wrapWidth=1)
10.6015 	EXP 	Created distr = TextStim(__class__=<class 'psychopy.visual.text.TextStim'>, alignHoriz=method-wrapper(...), alignText='center', alignVert=method-wrapper(...), anchorHoriz='center', anchorVert='center', antialias=True, autoDraw=False, autoLog=True, bold=False, color=array([1., 1., 1.]), colorSpace='rgb', contrast=1.0, depth=-2.0, draggable=False, flipHoriz=False, flipVert=False, font='Open Sans', fontFiles=[], height=np.float64(0.05), italic=False, languageStyle='LTR', name='distr', opacity=1, ori=40, pos=array([0.42581723, 0.1598132 ]), rgb=UNKNOWN, text='L', units='height', win=Window(...), wrapWidth=1)
10.6068 	EXP 	Created distr = TextStim(__class__=<class 'psychopy.visual.text.TextStim'>, alignHoriz=method-wrapper(...), alignText='center', alignVert=method-wrapper(...), anchorHoriz='center', anchorVert='center', antialias=True, autoDraw=False, autoLog=True, bold=False, color=array([1., 1., 1.]), colorSpace='rgb', contrast=1.0, depth=-2.0, draggable=False, flipHoriz=False, flipVert=False, font='Open Sans', fontFiles=[], height=np.float64(0.05), italic=False, languageStyle='LTR', name='distr', opacity=1, ori=337, pos=array([0.20999089, 0.44681001]), rgb=UNKNOWN, text='L', units='height', win=Window(...), wrapWidth=1)
10.6118 	EXP 	Created distr = TextStim(__class__=<class 'psychopy.visual.text.TextStim'>, alignHoriz=method-wrapper(...), alignText='center', alignVert=method-wrapper(...), anchorHoriz='center', anchorVert='center', antialias=True, autoDraw=False, autoLog=True, bold=False, color=array([1., 1., 1.]), colorSpace='rgb', contrast=1.0, depth=-2.0, draggable=False, flipHoriz=False, flipVert=False, font='Open Sans', fontFiles=[], height=np.float64(0.05), italic=False, languageStyle='LTR', name='distr', opacity=1, ori=255, pos=array([ 0.30451883, -0.13204714]), rgb=UNKNOWN, text='L', units='height', win=Window(...), wrapWidth=1)
10.6169 	EXP 	Created distr = TextStim(__class__=<class 'psychopy.visual.text.TextStim'>, alignHoriz=method-wrapper(...), alignText='center', alignVert=method-wrapper(...), anchorHoriz='center', anchorVert='center', antialias=True, autoDraw=False, autoLog=True, bold=False, color=array([1., 1., 1.]), colorSpace='rgb', contrast=1.0, depth=-2.0, draggable=False, flipHoriz=False, flipVert=False, font='Open Sans', fontFiles=[], height=np.float64(0.05), italic=False, languageStyle='LTR', name='distr', opacity=1, ori=241, pos=array([ 0.48073138, -0.27796759]), rgb=UNKNOWN, text='L', units='height', win=Window(...), wrapWidth=1)
10.6220 	EXP 	Created distr = TextStim(__class__=<class 'psychopy.visual.text.TextStim'>, alignHoriz=method-wrapper(...), alignText='center', alignVert=method-wrapper(...), anchorHoriz='center', anchorVert='center', antialias=True, autoDraw=False, autoLog=True, bold=False, color=array([1., 1., 1.]), colorSpace='rgb', contrast=1.0, depth=-2.0, draggable=False, flipHoriz=False, flipVert=False, font='Open Sans', fontFiles=[], height=np.float64(0.05), italic=False, languageStyle='LTR', name='distr', opacity=1, ori=78, pos=array([-0.30337051, -0.14485305]), rgb=UNKNOWN, text='L', units='height', win=Window(...), wrapWidth=1)
10.6277 	EXP 	Created distr = TextStim(__class__=<class 'psychopy.visual.text.TextStim'>, alignHoriz=method-wrapper(...), alignText='center', alignVert=method-wrapper(...), anchorHoriz='center', anchorVert='center', antialias=True, autoDraw=False, autoLog=True, bold=False, color=array([1., 1., 1.]), colorSpace='rgb', contrast=1.0, depth=-2.0, draggable=False, flipHoriz=False, flipVert=False, font='Open Sans', fontFiles=[], height=np.float64(0.05), italic=False, languageStyle='LTR', name='distr', opacity=1, ori=270, pos=array([-0.09863924,  0.46591113]), rgb=UNKNOWN, text='L', units='height', win=Window(...), wrapWidth=1)
10.6328 	EXP 	Created distr = TextStim(__class__=<class 'psychopy.visual.text.TextStim'>, alignHoriz=method-wrapper(...), alignText='center', alignVert=method-wrapper(...), anchorHoriz='center', anchorVert='center', antialias=True, autoDraw=False, autoLog=True, bold=False, color=array([1., 1., 1.]), colorSpace='rgb', contrast=1.0, depth=-2.0, draggable=False, flipHoriz=False, flipVert=False, font='Open Sans', fontFiles=[], height=np.float64(0.05), italic=False, languageStyle='LTR', name='distr', opacity=1, ori=335, pos=array([ 0.3544871 , -0.03649581]), rgb=UNKNOWN, text='L', units='height', win=Window(...), wrapWidth=1)
10.6421 	EXP 	fixation: autoDraw = False
10.6421 	EXP 	target: autoDraw = False
10.6421 	EXP 	distr: autoDraw = False
10.6421 	EXP 	distr: autoDraw = False
10.6421 	EXP 	distr: autoDraw = False
10.6421 	EXP 	distr: autoDraw = False
10.6421 	EXP 	distr: autoDraw = False
10.6421 	EXP 	distr: autoDraw = False
10.6421 	EXP 	distr: autoDraw = False
10.6421 	EXP 	distr: autoDraw = False
10.6421 	EXP 	distr: autoDraw = False
10.6421 	EXP 	distr: autoDraw = False
10.6421 	EXP 	distr: autoDraw = True
10.6421 	EXP 	distr: autoDraw = True
10.6421 	EXP 	distr: autoDraw = True
10.6421 	EXP 	distr: autoDraw = True
10.6421 	EXP 	distr: autoDraw = True
10.6421 	EXP 	distr: autoDraw = True
10.6421 	EXP 	distr: autoDraw = True
10.6421 	EXP 	distr: autoDraw = True
10.6421 	EXP 	distr: autoDraw = True
10.6421 	EXP 	distr: autoDraw = True
10.6421 	EXP 	fixation: autoDraw = True
10.6421 	EXP 	target: autoDraw = True
10.6881 	DATA 	Mouse:  Left button up, pos=(1062,525)
12.6207 	DATA 	Mouse: Left button down, pos=(603,19)
12.6255 	EXP 	New trial (rep=8, index=0): <Trial 8 (0 in rep 8) data={'thisN': 8, 'thisTrialN': 0, 'thisRepN': 8}>
12.6337 	EXP 	Created distr = TextStim(__class__=<class 'psychopy.visual.text.TextStim'>, alignHoriz=method-wrapper(...), alignText='center', alignVert=method-wrapper(...), anchorHoriz='center', anchorVert='center', antialias=True, autoDraw=False, autoLog=True, bold=False, color=array([1., 1., 1.]), colorSpace='rgb', contrast=1.0, depth=-2.0, draggable=False, flipHoriz=False, flipVert=False, font='Open Sans', fontFiles=[], height=np.float64(0.05), italic=False, languageStyle='LTR', name='distr', opacity=1, ori=234, pos=array([-0.21935923,  0.05796445]), rgb=UNKNOWN, text='L', units='height', win=Window(...), wrapWidth=1)
12.6397 	EXP 	Created distr = TextStim(__class__=<class 'psychopy.visual.text.TextStim'>, alignHoriz=method-wrapper(...), alignText='center', alignVert=method-wrapper(...), anchorHoriz='center', anchorVert='center', antialias=True, autoDraw=False, autoLog=True, bold=False, color=array([1., 1., 1.]), colorSpace='rgb', contrast=1.0, depth=-2.0, draggable=False, flipHoriz=False, flipVert=False, font='Open Sans', fontFiles=[], height=np.float64(0.05), italic=False, languageStyle='LTR', name='distr', opacity=1, ori=346, pos=array([-0.2562651 , -0.17988003]), rgb=UNKNOWN, text='L', units='height', win=Window(...), wrapWidth=1)
12.6452 	EXP 	Created distr = TextStim(__class__=<class 'psychopy.visual.text.TextStim'>, alignHoriz=method-wrapper(...), alignText='center', alignVert=method-wrapper(...), anchorHoriz='center', anchorVert='center', antialias=True, autoDraw=False, autoLog=True, bold=False, color=array([1., 1., 1.]), colorSpace='rgb', contrast=1.0, depth=-2.0, draggable=False, flipHoriz=False, flipVert=False, font='Open Sans', fontFiles=[], height=np.float64(0.05), italic=False, languageStyle='LTR', name='distr', opacity=1, ori=151, pos=array([ 0.22761209, -0.47883637]), rgb=UNKNOWN, text='L', units='height', win=Window(...), wrapWidth=1)
12.6503 	EXP 	Created distr = TextStim(__class__=<class 'psychopy.visual.text.TextStim'>, alignHoriz=method-wrapper(...), alignText='center', alignVert=method-wrapper(...), anchorHoriz='center', anchorVert='center', antialias=True, autoDraw=False, autoLog=True, bold=False, color=array([1., 1., 1.]), colorSpace='rgb', contrast=1.0, depth=-2.0, draggable=False, flipHoriz=False, flipVert=False, font='Open Sans', fontFiles=[], height=np.float64(0.05), italic=False, languageStyle='LTR', name='distr', opacity=1, ori=18, pos=array([ 0.409441  , -0.10410477]), rgb=UNKNOWN, text='L', units='height', win=Window(...), wrapWidth=1)
12.6555 	EXP 	Created distr = TextStim(__class__=<class 'psychopy.visual.text.TextStim'>, alignHoriz=method-wrapper(...), alignText='center', alignVert=method-wrapper(...), anchorHoriz='center', anchorVert='center', antialias=True, autoDraw=False, autoLog=True, bold=False, color=array([1., 1., 1.]), colorSpace='rgb', contrast=1.0, depth=-2.0, draggable=False, flipHoriz=False, flipVert=False, font='Open Sans', fontFiles=[], height=np.float64(0.05), italic=False, languageStyle='LTR', name='distr', opacity=1, ori=292, pos=array([-0.0444208 , -0.30995143]), rgb=UNKNOWN, text='L', units='height', win=Window(...), wrapWidth=1)
12.6606 	EXP 	Created distr = TextStim(__class__=<class 'psychopy.visual.text.TextStim'>, alignHoriz=method-wrapper(...), alignText='center', alignVert=method-wrapper(...), anchorHoriz='center', anchorVert='center', antialias=True, autoDraw=False, autoLog=True, bold=False, color=array([1., 1., 1.]), colorSpace='rgb', contrast=1.0, depth=-2.0, draggable=False, flipHoriz=False, flipVert=False, font='Open Sans', fontFiles=[], height=np.float64(0.05), italic=False, languageStyle='LTR', name='distr', opacity=1, ori=301, pos=array([0.28702381, 0.26314275]), rgb=UNKNOWN, text='L', units='height', win=Window(...), wrapWidth=1)
12.6656 	EXP 	Created distr = TextStim(__class__=<class 'psychopy.visual.text.TextStim'>, alignHoriz=method-wrapper(...), alignText='center', alignVert=method-wrapper(...), anchorHoriz='center', anchorVert='center', antialias=True, autoDraw=False, autoLog=True, bold=False, color=array([1., 1., 1.]), colorSpace='rgb', contrast=1.0, depth=-2.0, draggable=False, flipHoriz=False, flipVert=False, font='Open Sans', fontFiles=[], height=np.float64(0.05), italic=False, languageStyle='LTR', name='distr', opacity=1, ori=295, pos=array([-0.18610119,  0.08789095]), rgb=UNKNOWN, text='L', units='height', win=Window(...), wrapWidth=1)
12.6706 	EXP 	Created distr = TextStim(__class__=<class 'psychopy.visual.text.TextStim'>, alignHoriz=method-wrapper(...), alignText='center', alignVert=method-wrapper(...), anchorHoriz='center', anchorVert='center', antialias=True, autoDraw=False, autoLog=True, bold=False, color=array([1., 1., 1.]), colorSpace='rgb', contrast=1.0, depth=-2.0, draggable=False, flipHoriz=False, flipVert=False, font='Open Sans', fontFiles=[], height=np.float64(0.05), italic=False, languageStyle='LTR', name='distr', opacity=1, ori=314, pos=array([-0.19974256, -0.22964926]), rgb=UNKNOWN, text='L', units='height', win=Window(...), wrapWidth=1)
12.6757 	EXP 	Created distr = TextStim(__class__=<class 'psychopy.visual.text.TextStim'>, alignHoriz=method-wrapper(...), alignText='center', alignVert=method-wrapper(...), anchorHoriz='center', anchorVert='center', antialias=True, autoDraw=False, autoLog=True, bold=False, color=array([1., 1., 1.]), colorSpace='rgb', contrast=1.0, depth=-2.0, draggable=False, flipHoriz=False, flipVert=False, font='Open Sans', fontFiles=[], height=np.float64(0.05), italic=False, languageStyle='LTR', name='distr', opacity=1, ori=94, pos=array([-0.00874606, -0.21425922]), rgb=UNKNOWN, text='L', units='height', win=Window(...), wrapWidth=1)
12.6808 	EXP 	Created distr = TextStim(__class__=<class 'psychopy.visual.text.TextStim'>, alignHoriz=method-wrapper(...), alignText='center', alignVert=method-wrapper(...), anchorHoriz='center', anchorVert='center', antialias=True, autoDraw=False, autoLog=True, bold=False, color=array([1., 1., 1.]), colorSpace='rgb', contrast=1.0, depth=-2.0, draggable=False, flipHoriz=False, flipVert=False, font='Open Sans', fontFiles=[], height=np.float64(0.05), italic=False, languageStyle='LTR', name='distr', opacity=1, ori=357, pos=array([-0.47646692, -0.06555441]), rgb=UNKNOWN, text='L', units='height', win=Window(...), wrapWidth=1)
12.6898 	EXP 	fixation: autoDraw = False
12.6898 	EXP 	target: autoDraw = False
12.6898 	EXP 	distr: autoDraw = False
12.6898 	EXP 	distr: autoDraw = False
12.6898 	EXP 	distr: autoDraw = False
12.6898 	EXP 	distr: autoDraw = False
12.6898 	EXP 	distr: autoDraw = False
12.6898 	EXP 	distr: autoDraw = False
12.6898 	EXP 	distr: autoDraw = False
12.6898 	EXP 	distr: autoDraw = False
12.6898 	EXP 	distr: autoDraw = False
12.6898 	EXP 	distr: autoDraw = False
12.6898 	EXP 	distr: autoDraw = True
12.6898 	EXP 	distr: autoDraw = True
12.6898 	EXP 	distr: autoDraw = True
12.6898 	EXP 	distr: autoDraw = True
12.6898 	EXP 	distr: autoDraw = True
12.6898 	EXP 	distr: autoDraw = True
12.6898 	EXP 	distr: autoDraw = True
12.6898 	EXP 	distr: autoDraw = True
12.6898 	EXP 	distr: autoDraw = True
12.6898 	EXP 	distr: autoDraw = True
12.6898 	EXP 	fixation: autoDraw = True
12.6898 	EXP 	target: autoDraw = True
12.7050 	DATA 	Mouse:  Left button up, pos=(603,19)
14.9375 	DATA 	Mouse: Left button down, pos=(1102,469)
14.9424 	EXP 	New trial (rep=9, index=0): <Trial 9 (0 in rep 9) data={'thisN': 9, 'thisTrialN': 0, 'thisRepN': 9}>
14.9508 	EXP 	Created distr = TextStim(__class__=<class 'psychopy.visual.text.TextStim'>, alignHoriz=method-wrapper(...), alignText='center', alignVert=method-wrapper(...), anchorHoriz='center', anchorVert='center', antialias=True, autoDraw=False, autoLog=True, bold=False, color=array([1., 1., 1.]), colorSpace='rgb', contrast=1.0, depth=-2.0, draggable=False, flipHoriz=False, flipVert=False, font='Open Sans', fontFiles=[], height=np.float64(0.05), italic=False, languageStyle='LTR', name='distr', opacity=1, ori=41, pos=array([-0.14212402,  0.13669712]), rgb=UNKNOWN, text='L', units='height', win=Window(...), wrapWidth=1)
14.9568 	EXP 	Created distr = TextStim(__class__=<class 'psychopy.visual.text.TextStim'>, alignHoriz=method-wrapper(...), alignText='center', alignVert=method-wrapper(...), anchorHoriz='center', anchorVert='center', antialias=True, autoDraw=False, autoLog=True, bold=False, color=array([1., 1., 1.]), colorSpace='rgb', contrast=1.0, depth=-2.0, draggable=False, flipHoriz=False, flipVert=False, font='Open Sans', fontFiles=[], height=np.float64(0.05), italic=False, languageStyle='LTR', name='distr', opacity=1, ori=302, pos=array([ 0.29665056, -0.18955915]), rgb=UNKNOWN, text='L', units='height', win=Window(...), wrapWidth=1)
14.9621 	EXP 	Created distr = TextStim(__class__=<class 'psychopy.visual.text.TextStim'>, alignHoriz=method-wrapper(...), alignText='center', alignVert=method-wrapper(...), anchorHoriz='center', anchorVert='center', antialias=True, autoDraw=False, autoLog=True, bold=False, color=array([1., 1., 1.]), colorSpace='rgb', contrast=1.0, depth=-2.0, draggable=False, flipHoriz=False, flipVert=False, font='Open Sans', fontFiles=[], height=np.float64(0.05), italic=False, languageStyle='LTR', name='distr', opacity=1, ori=163, pos=array([-0.2221159 , -0.03700639]), rgb=UNKNOWN, text='L', units='height', win=Window(...), wrapWidth=1)
14.9672 	EXP 	Created distr = TextStim(__class__=<class 'psychopy.visual.text.TextStim'>, alignHoriz=method-wrapper(...), alignText='center', alignVert=method-wrapper(...), anchorHoriz='center', anchorVert='center', antialias=True, autoDraw=False, autoLog=True, bold=False, color=array([1., 1., 1.]), colorSpace='rgb', contrast=1.0, depth=-2.0, draggable=False, flipHoriz=False, flipVert=False, font='Open Sans', fontFiles=[], height=np.float64(0.05), italic=False, languageStyle='LTR', name='distr', opacity=1, ori=188, pos=array([-0.48503875,  0.21023086]), rgb=UNKNOWN, text='L', units='height', win=Window(...), wrapWidth=1)
14.9724 	EXP 	Created distr = TextStim(__class__=<class 'psychopy.visual.text.TextStim'>, alignHoriz=method-wrapper(...), alignText='center', alignVert=method-wrapper(...), anchorHoriz='center', anchorVert='center', antialias=True, autoDraw=False, autoLog=True, bold=False, color=array([1., 1., 1.]), colorSpace='rgb', contrast=1.0, depth=-2.0, draggable=False, flipHoriz=False, flipVert=False, font='Open Sans', fontFiles=[], height=np.float64(0.05), italic=False, languageStyle='LTR', name='distr', opacity=1, ori=51, pos=array([0.4970247 , 0.02730097]), rgb=UNKNOWN, text='L', units='height', win=Window(...), wrapWidth=1)
14.9774 	EXP 	Created distr = TextStim(__class__=<class 'psychopy.visual.text.TextStim'>, alignHoriz=method-wrapper(...), alignText='center', alignVert=method-wrapper(...), anchorHoriz='center', anchorVert='center', antialias=True, autoDraw=False, autoLog=True, bold=False, color=array([1., 1., 1.]), colorSpace='rgb', contrast=1.0, depth=-2.0, draggable=False, flipHoriz=False, flipVert=False, font='Open Sans', fontFiles=[], height=np.float64(0.05), italic=False, languageStyle='LTR', name='distr', opacity=1, ori=121, pos=array([ 0.31944609, -0.123055  ]), rgb=UNKNOWN, text='L', units='height', win=Window(...), wrapWidth=1)
14.9825 	EXP 	Created distr = TextStim(__class__=<class 'psychopy.visual.text.TextStim'>, alignHoriz=method-wrapper(...), alignText='center', alignVert=method-wrapper(...), anchorHoriz='center', anchorVert='center', antialias=True, autoDraw=False, autoLog=True, bold=False, color=array([1., 1., 1.]), colorSpace='rgb', contrast=1.0, depth=-2.0, draggable=False, flipHoriz=False, flipVert=False, font='Open Sans', fontFiles=[], height=np.float64(0.05), italic=False, languageStyle='LTR', name='distr', opacity=1, ori=116, pos=array([-0.32313229, -0.40809097]), rgb=UNKNOWN, text='L', units='height', win=Window(...), wrapWidth=1)
14.9875 	EXP 	Created distr = TextStim(__class__=<class 'psychopy.visual.text.TextStim'>, alignHoriz=method-wrapper(...), alignText='center', alignVert=method-wrapper(...), anchorHoriz='center', anchorVert='center', antialias=True, autoDraw=False, autoLog=True, bold=False, color=array([1., 1., 1.]), colorSpace='rgb', contrast=1.0, depth=-2.0, draggable=False, flipHoriz=False, flipVert=False, font='Open Sans', fontFiles=[], height=np.float64(0.05), italic=False, languageStyle='LTR', name='distr', opacity=1, ori=209, pos=array([0.26241925, 0.03848038]), rgb=UNKNOWN, text='L', units='height', win=Window(...), wrapWidth=1)
14.9926 	EXP 	Created distr = TextStim(__class__=<class 'psychopy.visual.text.TextStim'>, alignHoriz=method-wrapper(...), alignText='center', alignVert=method-wrapper(...), anchorHoriz='center', anchorVert='center', antialias=True, autoDraw=False, autoLog=True, bold=False, color=array([1., 1., 1.]), colorSpace='rgb', contrast=1.0, depth=-2.0, draggable=False, flipHoriz=False, flipVert=False, font='Open Sans', fontFiles=[], height=np.float64(0.05), italic=False, languageStyle='LTR', name='distr', opacity=1, ori=13, pos=array([-0.2192488,  0.4759504]), rgb=UNKNOWN, text='L', units='height', win=Window(...), wrapWidth=1)
14.9977 	EXP 	Created distr = TextStim(__class__=<class 'psychopy.visual.text.TextStim'>, alignHoriz=method-wrapper(...), alignText='center', alignVert=method-wrapper(...), anchorHoriz='center', anchorVert='center', antialias=True, autoDraw=False, autoLog=True, bold=False, color=array([1., 1., 1.]), colorSpace='rgb', contrast=1.0, depth=-2.0, draggable=False, flipHoriz=False, flipVert=False, font='Open Sans', fontFiles=[], height=np.float64(0.05), italic=False, languageStyle='LTR', name='distr', opacity=1, ori=242, pos=array([ 0.01891062, -0.04348598]), rgb=UNKNOWN, text='L', units='height', win=Window(...), wrapWidth=1)
15.0071 	EXP 	fixation: autoDraw = False
15.0071 	EXP 	target: autoDraw = False
15.0071 	EXP 	distr: autoDraw = False
15.0071 	EXP 	distr: autoDraw = False
15.0071 	EXP 	distr: autoDraw = False
15.0071 	EXP 	distr: autoDraw = False
15.0071 	EXP 	distr: autoDraw = False
15.0071 	EXP 	distr: autoDraw = False
15.0071 	EXP 	distr: autoDraw = False
15.0071 	EXP 	distr: autoDraw = False
15.0071 	EXP 	distr: autoDraw = False
15.0071 	EXP 	distr: autoDraw = False
15.0071 	EXP 	distr: autoDraw = True
15.0071 	EXP 	distr: autoDraw = True
15.0071 	EXP 	distr: autoDraw = True
15.0071 	EXP 	distr: autoDraw = True
15.0071 	EXP 	distr: autoDraw = True
15.0071 	EXP 	distr: autoDraw = True
15.0071 	EXP 	distr: autoDraw = True
15.0071 	EXP 	distr: autoDraw = True
15.0071 	EXP 	distr: autoDraw = True
15.0071 	EXP 	distr: autoDraw = True
15.0071 	EXP 	fixation: autoDraw = True
15.0071 	EXP 	target: autoDraw = True
15.0211 	DATA 	Mouse:  Left button up, pos=(1102,469)
16.1706 	DATA 	Mouse: Left button down, pos=(614,500)
16.1755 	EXP 	New trial (rep=10, index=0): <Trial 10 (0 in rep 10) data={'thisN': 10, 'thisTrialN': 0, 'thisRepN': 10}>
16.1834 	EXP 	Created distr = TextStim(__class__=<class 'psychopy.visual.text.TextStim'>, alignHoriz=method-wrapper(...), alignText='center', alignVert=method-wrapper(...), anchorHoriz='center', anchorVert='center', antialias=True, autoDraw=False, autoLog=True, bold=False, color=array([1., 1., 1.]), colorSpace='rgb', contrast=1.0, depth=-2.0, draggable=False, flipHoriz=False, flipVert=False, font='Open Sans', fontFiles=[], height=np.float64(0.05), italic=False, languageStyle='LTR', name='distr', opacity=1, ori=264, pos=array([-0.26332771, -0.37249643]), rgb=UNKNOWN, text='L', units='height', win=Window(...), wrapWidth=1)
16.1901 	EXP 	Created distr = TextStim(__class__=<class 'psychopy.visual.text.TextStim'>, alignHoriz=method-wrapper(...), alignText='center', alignVert=method-wrapper(...), anchorHoriz='center', anchorVert='center', antialias=True, autoDraw=False, autoLog=True, bold=False, color=array([1., 1., 1.]), colorSpace='rgb', contrast=1.0, depth=-2.0, draggable=False, flipHoriz=False, flipVert=False, font='Open Sans', fontFiles=[], height=np.float64(0.05), italic=False, languageStyle='LTR', name='distr', opacity=1, ori=37, pos=array([ 0.11878839, -0.02714102]), rgb=UNKNOWN, text='L', units='height', win=Window(...), wrapWidth=1)
16.1954 	EXP 	Created distr = TextStim(__class__=<class 'psychopy.visual.text.TextStim'>, alignHoriz=method-wrapper(...), alignText='center', alignVert=method-wrapper(...), anchorHoriz='center', anchorVert='center', antialias=True, autoDraw=False, autoLog=True, bold=False, color=array([1., 1., 1.]), colorSpace='rgb', contrast=1.0, depth=-2.0, draggable=False, flipHoriz=False, flipVert=False, font='Open Sans', fontFiles=[], height=np.float64(0.05), italic=False, languageStyle='LTR', name='distr', opacity=1, ori=18, pos=array([-0.47324404, -0.32133527]), rgb=UNKNOWN, text='L', units='height', win=Window(...), wrapWidth=1)
16.2005 	EXP 	Created distr = TextStim(__class__=<class 'psychopy.visual.text.TextStim'>, alignHoriz=method-wrapper(...), alignText='center', alignVert=method-wrapper(...), anchorHoriz='center', anchorVert='center', antialias=True, autoDraw=False, autoLog=True, bold=False, color=array([1., 1., 1.]), colorSpace='rgb', contrast=1.0, depth=-2.0, draggable=False, flipHoriz=False, flipVert=False, font='Open Sans', fontFiles=[], height=np.float64(0.05), italic=False, languageStyle='LTR', name='distr', opacity=1, ori=163, pos=array([ 0.04957221, -0.36202425]), rgb=UNKNOWN, text='L', units='height', win=Window(...), wrapWidth=1)
16.2057 	EXP 	Created distr = TextStim(__class__=<class 'psychopy.visual.text.TextStim'>, alignHoriz=method-wrapper(...), alignText='center', alignVert=method-wrapper(...), anchorHoriz='center', anchorVert='center', antialias=True, autoDraw=False, autoLog=True, bold=False, color=array([1., 1., 1.]), colorSpace='rgb', contrast=1.0, depth=-2.0, draggable=False, flipHoriz=False, flipVert=False, font='Open Sans', fontFiles=[], height=np.float64(0.05), italic=False, languageStyle='LTR', name='distr', opacity=1, ori=313, pos=array([-0.42415049,  0.29492137]), rgb=UNKNOWN, text='L', units='height', win=Window(...), wrapWidth=1)
16.2121 	EXP 	fixation: autoDraw = False
16.2121 	EXP 	target: autoDraw = False
16.2121 	EXP 	distr: autoDraw = False
16.2121 	EXP 	distr: autoDraw = False
16.2121 	EXP 	distr: autoDraw = False
16.2121 	EXP 	distr: autoDraw = False
16.2121 	EXP 	distr: autoDraw = False
16.2121 	EXP 	distr: autoDraw = False
16.2121 	EXP 	distr: autoDraw = False
16.2121 	EXP 	distr: autoDraw = False
16.2121 	EXP 	distr: autoDraw = False
16.2121 	EXP 	distr: autoDraw = False
16.2121 	EXP 	distr: autoDraw = True
16.2121 	EXP 	distr: autoDraw = True
16.2121 	EXP 	distr: autoDraw = True
16.2121 	EXP 	distr: autoDraw = True
16.2121 	EXP 	distr: autoDraw = True
16.2121 	EXP 	fixation: autoDraw = True
16.2121 	EXP 	target: autoDraw = True
16.2374 	DATA 	Mouse:  Left button up, pos=(614,500)
17.3720 	DATA 	Mouse: Left button down, pos=(267,119)
17.3773 	EXP 	New trial (rep=11, index=0): <Trial 11 (0 in rep 11) data={'thisN': 11, 'thisTrialN': 0, 'thisRepN': 11}>
17.3875 	EXP 	Created distr = TextStim(__class__=<class 'psychopy.visual.text.TextStim'>, alignHoriz=method-wrapper(...), alignText='center', alignVert=method-wrapper(...), anchorHoriz='center', anchorVert='center', antialias=True, autoDraw=False, autoLog=True, bold=False, color=array([1., 1., 1.]), colorSpace='rgb', contrast=1.0, depth=-2.0, draggable=False, flipHoriz=False, flipVert=False, font='Open Sans', fontFiles=[], height=np.float64(0.05), italic=False, languageStyle='LTR', name='distr', opacity=1, ori=79, pos=array([-0.46785543, -0.04834235]), rgb=UNKNOWN, text='L', units='height', win=Window(...), wrapWidth=1)
17.3940 	EXP 	Created distr = TextStim(__class__=<class 'psychopy.visual.text.TextStim'>, alignHoriz=method-wrapper(...), alignText='center', alignVert=method-wrapper(...), anchorHoriz='center', anchorVert='center', antialias=True, autoDraw=False, autoLog=True, bold=False, color=array([1., 1., 1.]), colorSpace='rgb', contrast=1.0, depth=-2.0, draggable=False, flipHoriz=False, flipVert=False, font='Open Sans', fontFiles=[], height=np.float64(0.05), italic=False, languageStyle='LTR', name='distr', opacity=1, ori=26, pos=array([ 0.45184622, -0.24569033]), rgb=UNKNOWN, text='L', units='height', win=Window(...), wrapWidth=1)
17.3996 	EXP 	Created distr = TextStim(__class__=<class 'psychopy.visual.text.TextStim'>, alignHoriz=method-wrapper(...), alignText='center', alignVert=method-wrapper(...), anchorHoriz='center', anchorVert='center', antialias=True, autoDraw=False, autoLog=True, bold=False, color=array([1., 1., 1.]), colorSpace='rgb', contrast=1.0, depth=-2.0, draggable=False, flipHoriz=False, flipVert=False, font='Open Sans', fontFiles=[], height=np.float64(0.05), italic=False, languageStyle='LTR', name='distr', opacity=1, ori=91, pos=array([-0.17024057, -0.48950344]), rgb=UNKNOWN, text='L', units='height', win=Window(...), wrapWidth=1)
17.4048 	EXP 	Created distr = TextStim(__class__=<class 'psychopy.visual.text.TextStim'>, alignHoriz=method-wrapper(...), alignText='center', alignVert=method-wrapper(...), anchorHoriz='center', anchorVert='center', antialias=True, autoDraw=False, autoLog=True, bold=False, color=array([1., 1., 1.]), colorSpace='rgb', contrast=1.0, depth=-2.0, draggable=False, flipHoriz=False, flipVert=False, font='Open Sans', fontFiles=[], height=np.float64(0.05), italic=False, languageStyle='LTR', name='distr', opacity=1, ori=64, pos=array([0.09367904, 0.02066553]), rgb=UNKNOWN, text='L', units='height', win=Window(...), wrapWidth=1)
17.4101 	EXP 	Created distr = TextStim(__class__=<class 'psychopy.visual.text.TextStim'>, alignHoriz=method-wrapper(...), alignText='center', alignVert=method-wrapper(...), anchorHoriz='center', anchorVert='center', antialias=True, autoDraw=False, autoLog=True, bold=False, color=array([1., 1., 1.]), colorSpace='rgb', contrast=1.0, depth=-2.0, draggable=False, flipHoriz=False, flipVert=False, font='Open Sans', fontFiles=[], height=np.float64(0.05), italic=False, languageStyle='LTR', name='distr', opacity=1, ori=90, pos=array([ 0.49654888, -0.27323481]), rgb=UNKNOWN, text='L', units='height', win=Window(...), wrapWidth=1)
17.4165 	EXP 	fixation: autoDraw = False
17.4165 	EXP 	target: autoDraw = False
17.4165 	EXP 	distr: autoDraw = False
17.4165 	EXP 	distr: autoDraw = False
17.4165 	EXP 	distr: autoDraw = False
17.4165 	EXP 	distr: autoDraw = False
17.4165 	EXP 	distr: autoDraw = False
17.4165 	EXP 	distr: autoDraw = True
17.4165 	EXP 	distr: autoDraw = True
17.4165 	EXP 	distr: autoDraw = True
17.4165 	EXP 	distr: autoDraw = True
17.4165 	EXP 	distr: autoDraw = True
17.4165 	EXP 	fixation: autoDraw = True
17.4165 	EXP 	target: autoDraw = True
17.4544 	DATA 	Mouse:  Left button up, pos=(267,119)
18.6887 	DATA 	Mouse: Left button down, pos=(876,739)
18.6941 	EXP 	New trial (rep=12, index=0): <Trial 12 (0 in rep 12) data={'thisN': 12, 'thisTrialN': 0, 'thisRepN': 12}>
18.7045 	EXP 	Created distr = TextStim(__class__=<class 'psychopy.visual.text.TextStim'>, alignHoriz=method-wrapper(...), alignText='center', alignVert=method-wrapper(...), anchorHoriz='center', anchorVert='center', antialias=True, autoDraw=False, autoLog=True, bold=False, color=array([1., 1., 1.]), colorSpace='rgb', contrast=1.0, depth=-2.0, draggable=False, flipHoriz=False, flipVert=False, font='Open Sans', fontFiles=[], height=np.float64(0.05), italic=False, languageStyle='LTR', name='distr', opacity=1, ori=293, pos=array([ 0.00581131, -0.28978971]), rgb=UNKNOWN, text='L', units='height', win=Window(...), wrapWidth=1)
18.7113 	EXP 	Created distr = TextStim(__class__=<class 'psychopy.visual.text.TextStim'>, alignHoriz=method-wrapper(...), alignText='center', alignVert=method-wrapper(...), anchorHoriz='center', anchorVert='center', antialias=True, autoDraw=False, autoLog=True, bold=False, color=array([1., 1., 1.]), colorSpace='rgb', contrast=1.0, depth=-2.0, draggable=False, flipHoriz=False, flipVert=False, font='Open Sans', fontFiles=[], height=np.float64(0.05), italic=False, languageStyle='LTR', name='distr', opacity=1, ori=265, pos=array([-0.05641627, -0.12728493]), rgb=UNKNOWN, text='L', units='height', win=Window(...), wrapWidth=1)
18.7171 	EXP 	Created distr = TextStim(__class__=<class 'psychopy.visual.text.TextStim'>, alignHoriz=method-wrapper(...), alignText='center', alignVert=method-wrapper(...), anchorHoriz='center', anchorVert='center', antialias=True, autoDraw=False, autoLog=True, bold=False, color=array([1., 1., 1.]), colorSpace='rgb', contrast=1.0, depth=-2.0, draggable=False, flipHoriz=False, flipVert=False, font='Open Sans', fontFiles=[], height=np.float64(0.05), italic=False, languageStyle='LTR', name='distr', opacity=1, ori=216, pos=array([0.01020539, 0.34133843]), rgb=UNKNOWN, text='L', units='height', win=Window(...), wrapWidth=1)
18.7224 	EXP 	Created distr = TextStim(__class__=<class 'psychopy.visual.text.TextStim'>, alignHoriz=method-wrapper(...), alignText='center', alignVert=method-wrapper(...), anchorHoriz='center', anchorVert='center', antialias=True, autoDraw=False, autoLog=True, bold=False, color=array([1., 1., 1.]), colorSpace='rgb', contrast=1.0, depth=-2.0, draggable=False, flipHoriz=False, flipVert=False, font='Open Sans', fontFiles=[], height=np.float64(0.05), italic=False, languageStyle='LTR', name='distr', opacity=1, ori=316, pos=array([ 0.06809792, -0.34633875]), rgb=UNKNOWN, text='L', units='height', win=Window(...), wrapWidth=1)
18.7282 	EXP 	Created distr = TextStim(__class__=<class 'psychopy.visual.text.TextStim'>, alignHoriz=method-wrapper(...), alignText='center', alignVert=method-wrapper(...), anchorHoriz='center', anchorVert='center', antialias=True, autoDraw=False, autoLog=True, bold=False, color=array([1., 1., 1.]), colorSpace='rgb', contrast=1.0, depth=-2.0, draggable=False, flipHoriz=False, flipVert=False, font='Open Sans', fontFiles=[], height=np.float64(0.05), italic=False, languageStyle='LTR', name='distr', opacity=1, ori=67, pos=array([0.02510401, 0.4006943 ]), rgb=UNKNOWN, text='L', units='height', win=Window(...), wrapWidth=1)
18.7347 	EXP 	fixation: autoDraw = False
18.7347 	EXP 	target: autoDraw = False
18.7347 	EXP 	distr: autoDraw = False
18.7347 	EXP 	distr: autoDraw = False
18.7347 	EXP 	distr: autoDraw = False
18.7347 	EXP 	distr: autoDraw = False
18.7347 	EXP 	distr: autoDraw = False
18.7347 	EXP 	distr: autoDraw = True
18.7347 	EXP 	distr: autoDraw = True
18.7347 	EXP 	distr: autoDraw = True
18.7347 	EXP 	distr: autoDraw = True
18.7347 	EXP 	distr: autoDraw = True
18.7347 	EXP 	fixation: autoDraw = True
18.7347 	EXP 	target: autoDraw = True
18.7708 	DATA 	Mouse:  Left button up, pos=(876,739)
20.6369 	DATA 	Mouse: Left button down, pos=(901,41)
20.6418 	EXP 	New trial (rep=13, index=0): <Trial 13 (0 in rep 13) data={'thisN': 13, 'thisTrialN': 0, 'thisRepN': 13}>
20.6539 	EXP 	Created distr = TextStim(__class__=<class 'psychopy.visual.text.TextStim'>, alignHoriz=method-wrapper(...), alignText='center', alignVert=method-wrapper(...), anchorHoriz='center', anchorVert='center', antialias=True, autoDraw=False, autoLog=True, bold=False, color=array([1., 1., 1.]), colorSpace='rgb', contrast=1.0, depth=-2.0, draggable=False, flipHoriz=False, flipVert=False, font='Open Sans', fontFiles=[], height=np.float64(0.05), italic=False, languageStyle='LTR', name='distr', opacity=1, ori=81, pos=array([ 0.37545681, -0.38296511]), rgb=UNKNOWN, text='L', units='height', win=Window(...), wrapWidth=1)
20.6605 	EXP 	Created distr = TextStim(__class__=<class 'psychopy.visual.text.TextStim'>, alignHoriz=method-wrapper(...), alignText='center', alignVert=method-wrapper(...), anchorHoriz='center', anchorVert='center', antialias=True, autoDraw=False, autoLog=True, bold=False, color=array([1., 1., 1.]), colorSpace='rgb', contrast=1.0, depth=-2.0, draggable=False, flipHoriz=False, flipVert=False, font='Open Sans', fontFiles=[], height=np.float64(0.05), italic=False, languageStyle='LTR', name='distr', opacity=1, ori=325, pos=array([-0.0636961 ,  0.08278858]), rgb=UNKNOWN, text='L', units='height', win=Window(...), wrapWidth=1)
20.6660 	EXP 	Created distr = TextStim(__class__=<class 'psychopy.visual.text.TextStim'>, alignHoriz=method-wrapper(...), alignText='center', alignVert=method-wrapper(...), anchorHoriz='center', anchorVert='center', antialias=True, autoDraw=False, autoLog=True, bold=False, color=array([1., 1., 1.]), colorSpace='rgb', contrast=1.0, depth=-2.0, draggable=False, flipHoriz=False, flipVert=False, font='Open Sans', fontFiles=[], height=np.float64(0.05), italic=False, languageStyle='LTR', name='distr', opacity=1, ori=137, pos=array([-0.34696052,  0.33766043]), rgb=UNKNOWN, text='L', units='height', win=Window(...), wrapWidth=1)
20.6711 	EXP 	Created distr = TextStim(__class__=<class 'psychopy.visual.text.TextStim'>, alignHoriz=method-wrapper(...), alignText='center', alignVert=method-wrapper(...), anchorHoriz='center', anchorVert='center', antialias=True, autoDraw=False, autoLog=True, bold=False, color=array([1., 1., 1.]), colorSpace='rgb', contrast=1.0, depth=-2.0, draggable=False, flipHoriz=False, flipVert=False, font='Open Sans', fontFiles=[], height=np.float64(0.05), italic=False, languageStyle='LTR', name='distr', opacity=1, ori=260, pos=array([-0.4277304 ,  0.12027185]), rgb=UNKNOWN, text='L', units='height', win=Window(...), wrapWidth=1)
20.6764 	EXP 	Created distr = TextStim(__class__=<class 'psychopy.visual.text.TextStim'>, alignHoriz=method-wrapper(...), alignText='center', alignVert=method-wrapper(...), anchorHoriz='center', anchorVert='center', antialias=True, autoDraw=False, autoLog=True, bold=False, color=array([1., 1., 1.]), colorSpace='rgb', contrast=1.0, depth=-2.0, draggable=False, flipHoriz=False, flipVert=False, font='Open Sans', fontFiles=[], height=np.float64(0.05), italic=False, languageStyle='LTR', name='distr', opacity=1, ori=13, pos=array([0.23424375, 0.17079936]), rgb=UNKNOWN, text='L', units='height', win=Window(...), wrapWidth=1)
20.6814 	EXP 	Created distr = TextStim(__class__=<class 'psychopy.visual.text.TextStim'>, alignHoriz=method-wrapper(...), alignText='center', alignVert=method-wrapper(...), anchorHoriz='center', anchorVert='center', antialias=True, autoDraw=False, autoLog=True, bold=False, color=array([1., 1., 1.]), colorSpace='rgb', contrast=1.0, depth=-2.0, draggable=False, flipHoriz=False, flipVert=False, font='Open Sans', fontFiles=[], height=np.float64(0.05), italic=False, languageStyle='LTR', name='distr', opacity=1, ori=48, pos=array([-0.43957304, -0.42074036]), rgb=UNKNOWN, text='L', units='height', win=Window(...), wrapWidth=1)
20.6865 	EXP 	Created distr = TextStim(__class__=<class 'psychopy.visual.text.TextStim'>, alignHoriz=method-wrapper(...), alignText='center', alignVert=method-wrapper(...), anchorHoriz='center', anchorVert='center', antialias=True, autoDraw=False, autoLog=True, bold=False, color=array([1., 1., 1.]), colorSpace='rgb', contrast=1.0, depth=-2.0, draggable=False, flipHoriz=False, flipVert=False, font='Open Sans', fontFiles=[], height=np.float64(0.05), italic=False, languageStyle='LTR', name='distr', opacity=1, ori=296, pos=array([-0.4584791 , -0.18520751]), rgb=UNKNOWN, text='L', units='height', win=Window(...), wrapWidth=1)
20.6916 	EXP 	Created distr = TextStim(__class__=<class 'psychopy.visual.text.TextStim'>, alignHoriz=method-wrapper(...), alignText='center', alignVert=method-wrapper(...), anchorHoriz='center', anchorVert='center', antialias=True, autoDraw=False, autoLog=True, bold=False, color=array([1., 1., 1.]), colorSpace='rgb', contrast=1.0, depth=-2.0, draggable=False, flipHoriz=False, flipVert=False, font='Open Sans', fontFiles=[], height=np.float64(0.05), italic=False, languageStyle='LTR', name='distr', opacity=1, ori=248, pos=array([-0.19073668,  0.44701188]), rgb=UNKNOWN, text='L', units='height', win=Window(...), wrapWidth=1)
20.6966 	EXP 	Created distr = TextStim(__class__=<class 'psychopy.visual.text.TextStim'>, alignHoriz=method-wrapper(...), alignText='center', alignVert=method-wrapper(...), anchorHoriz='center', anchorVert='center', antialias=True, autoDraw=False, autoLog=True, bold=False, color=array([1., 1., 1.]), colorSpace='rgb', contrast=1.0, depth=-2.0, draggable=False, flipHoriz=False, flipVert=False, font='Open Sans', fontFiles=[], height=np.float64(0.05), italic=False, languageStyle='LTR', name='distr', opacity=1, ori=227, pos=array([0.00401353, 0.04710275]), rgb=UNKNOWN, text='L', units='height', win=Window(...), wrapWidth=1)
20.7017 	EXP 	Created distr = TextStim(__class__=<class 'psychopy.visual.text.TextStim'>, alignHoriz=method-wrapper(...), alignText='center', alignVert=method-wrapper(...), anchorHoriz='center', anchorVert='center', antialias=True, autoDraw=False, autoLog=True, bold=False, color=array([1., 1., 1.]), colorSpace='rgb', contrast=1.0, depth=-2.0, draggable=False, flipHoriz=False, flipVert=False, font='Open Sans', fontFiles=[], height=np.float64(0.05), italic=False, languageStyle='LTR', name='distr', opacity=1, ori=225, pos=array([-0.24360989,  0.43824363]), rgb=UNKNOWN, text='L', units='height', win=Window(...), wrapWidth=1)
20.7113 	EXP 	fixation: autoDraw = False
20.7113 	EXP 	target: autoDraw = False
20.7113 	EXP 	distr: autoDraw = False
20.7113 	EXP 	distr: autoDraw = False
20.7113 	EXP 	distr: autoDraw = False
20.7113 	EXP 	distr: autoDraw = False
20.7113 	EXP 	distr: autoDraw = False
20.7113 	EXP 	distr: autoDraw = True
20.7113 	EXP 	distr: autoDraw = True
20.7113 	EXP 	distr: autoDraw = True
20.7113 	EXP 	distr: autoDraw = True
20.7113 	EXP 	distr: autoDraw = True
20.7113 	EXP 	distr: autoDraw = True
20.7113 	EXP 	distr: autoDraw = True
20.7113 	EXP 	distr: autoDraw = True
20.7113 	EXP 	distr: autoDraw = True
20.7113 	EXP 	distr: autoDraw = True
20.7113 	EXP 	fixation: autoDraw = True
20.7113 	EXP 	target: autoDraw = True
20.7221 	DATA 	Mouse:  Left button up, pos=(901,42)
22.0206 	DATA 	Mouse: Left button down, pos=(859,261)
22.0254 	EXP 	New trial (rep=14, index=0): <Trial 14 (0 in rep 14) data={'thisN': 14, 'thisTrialN': 0, 'thisRepN': 14}>
22.0331 	EXP 	Created distr = TextStim(__class__=<class 'psychopy.visual.text.TextStim'>, alignHoriz=method-wrapper(...), alignText='center', alignVert=method-wrapper(...), anchorHoriz='center', anchorVert='center', antialias=True, autoDraw=False, autoLog=True, bold=False, color=array([1., 1., 1.]), colorSpace='rgb', contrast=1.0, depth=-2.0, draggable=False, flipHoriz=False, flipVert=False, font='Open Sans', fontFiles=[], height=np.float64(0.05), italic=False, languageStyle='LTR', name='distr', opacity=1, ori=266, pos=array([0.48400145, 0.0780439 ]), rgb=UNKNOWN, text='L', units='height', win=Window(...), wrapWidth=1)
22.0398 	EXP 	Created distr = TextStim(__class__=<class 'psychopy.visual.text.TextStim'>, alignHoriz=method-wrapper(...), alignText='center', alignVert=method-wrapper(...), anchorHoriz='center', anchorVert='center', antialias=True, autoDraw=False, autoLog=True, bold=False, color=array([1., 1., 1.]), colorSpace='rgb', contrast=1.0, depth=-2.0, draggable=False, flipHoriz=False, flipVert=False, font='Open Sans', fontFiles=[], height=np.float64(0.05), italic=False, languageStyle='LTR', name='distr', opacity=1, ori=344, pos=array([-0.2487904 ,  0.10041931]), rgb=UNKNOWN, text='L', units='height', win=Window(...), wrapWidth=1)
22.0450 	EXP 	Created distr = TextStim(__class__=<class 'psychopy.visual.text.TextStim'>, alignHoriz=method-wrapper(...), alignText='center', alignVert=method-wrapper(...), anchorHoriz='center', anchorVert='center', antialias=True, autoDraw=False, autoLog=True, bold=False, color=array([1., 1., 1.]), colorSpace='rgb', contrast=1.0, depth=-2.0, draggable=False, flipHoriz=False, flipVert=False, font='Open Sans', fontFiles=[], height=np.float64(0.05), italic=False, languageStyle='LTR', name='distr', opacity=1, ori=195, pos=array([-0.15887627,  0.34012984]), rgb=UNKNOWN, text='L', units='height', win=Window(...), wrapWidth=1)
22.0499 	EXP 	Created distr = TextStim(__class__=<class 'psychopy.visual.text.TextStim'>, alignHoriz=method-wrapper(...), alignText='center', alignVert=method-wrapper(...), anchorHoriz='center', anchorVert='center', antialias=True, autoDraw=False, autoLog=True, bold=False, color=array([1., 1., 1.]), colorSpace='rgb', contrast=1.0, depth=-2.0, draggable=False, flipHoriz=False, flipVert=False, font='Open Sans', fontFiles=[], height=np.float64(0.05), italic=False, languageStyle='LTR', name='distr', opacity=1, ori=223, pos=array([-0.22116568, -0.14378402]), rgb=UNKNOWN, text='L', units='height', win=Window(...), wrapWidth=1)
22.0552 	EXP 	Created distr = TextStim(__class__=<class 'psychopy.visual.text.TextStim'>, alignHoriz=method-wrapper(...), alignText='center', alignVert=method-wrapper(...), anchorHoriz='center', anchorVert='center', antialias=True, autoDraw=False, autoLog=True, bold=False, color=array([1., 1., 1.]), colorSpace='rgb', contrast=1.0, depth=-2.0, draggable=False, flipHoriz=False, flipVert=False, font='Open Sans', fontFiles=[], height=np.float64(0.05), italic=False, languageStyle='LTR', name='distr', opacity=1, ori=67, pos=array([-0.05240953,  0.48647185]), rgb=UNKNOWN, text='L', units='height', win=Window(...), wrapWidth=1)
22.0603 	EXP 	Created distr = TextStim(__class__=<class 'psychopy.visual.text.TextStim'>, alignHoriz=method-wrapper(...), alignText='center', alignVert=method-wrapper(...), anchorHoriz='center', anchorVert='center', antialias=True, autoDraw=False, autoLog=True, bold=False, color=array([1., 1., 1.]), colorSpace='rgb', contrast=1.0, depth=-2.0, draggable=False, flipHoriz=False, flipVert=False, font='Open Sans', fontFiles=[], height=np.float64(0.05), italic=False, languageStyle='LTR', name='distr', opacity=1, ori=293, pos=array([-0.32224171, -0.03189545]), rgb=UNKNOWN, text='L', units='height', win=Window(...), wrapWidth=1)
22.0653 	EXP 	Created distr = TextStim(__class__=<class 'psychopy.visual.text.TextStim'>, alignHoriz=method-wrapper(...), alignText='center', alignVert=method-wrapper(...), anchorHoriz='center', anchorVert='center', antialias=True, autoDraw=False, autoLog=True, bold=False, color=array([1., 1., 1.]), colorSpace='rgb', contrast=1.0, depth=-2.0, draggable=False, flipHoriz=False, flipVert=False, font='Open Sans', fontFiles=[], height=np.float64(0.05), italic=False, languageStyle='LTR', name='distr', opacity=1, ori=65, pos=array([ 0.37358007, -0.41778304]), rgb=UNKNOWN, text='L', units='height', win=Window(...), wrapWidth=1)
22.0703 	EXP 	Created distr = TextStim(__class__=<class 'psychopy.visual.text.TextStim'>, alignHoriz=method-wrapper(...), alignText='center', alignVert=method-wrapper(...), anchorHoriz='center', anchorVert='center', antialias=True, autoDraw=False, autoLog=True, bold=False, color=array([1., 1., 1.]), colorSpace='rgb', contrast=1.0, depth=-2.0, draggable=False, flipHoriz=False, flipVert=False, font='Open Sans', fontFiles=[], height=np.float64(0.05), italic=False, languageStyle='LTR', name='distr', opacity=1, ori=16, pos=array([-0.04911494, -0.28669811]), rgb=UNKNOWN, text='L', units='height', win=Window(...), wrapWidth=1)
22.0754 	EXP 	Created distr = TextStim(__class__=<class 'psychopy.visual.text.TextStim'>, alignHoriz=method-wrapper(...), alignText='center', alignVert=method-wrapper(...), anchorHoriz='center', anchorVert='center', antialias=True, autoDraw=False, autoLog=True, bold=False, color=array([1., 1., 1.]), colorSpace='rgb', contrast=1.0, depth=-2.0, draggable=False, flipHoriz=False, flipVert=False, font='Open Sans', fontFiles=[], height=np.float64(0.05), italic=False, languageStyle='LTR', name='distr', opacity=1, ori=288, pos=array([-0.07705394,  0.00928264]), rgb=UNKNOWN, text='L', units='height', win=Window(...), wrapWidth=1)
22.0807 	EXP 	Created distr = TextStim(__class__=<class 'psychopy.visual.text.TextStim'>, alignHoriz=method-wrapper(...), alignText='center', alignVert=method-wrapper(...), anchorHoriz='center', anchorVert='center', antialias=True, autoDraw=False, autoLog=True, bold=False, color=array([1., 1., 1.]), colorSpace='rgb', contrast=1.0, depth=-2.0, draggable=False, flipHoriz=False, flipVert=False, font='Open Sans', fontFiles=[], height=np.float64(0.05), italic=False, languageStyle='LTR', name='distr', opacity=1, ori=162, pos=array([ 0.20412532, -0.15520563]), rgb=UNKNOWN, text='L', units='height', win=Window(...), wrapWidth=1)
22.0902 	EXP 	fixation: autoDraw = False
22.0902 	EXP 	target: autoDraw = False
22.0902 	EXP 	distr: autoDraw = False
22.0902 	EXP 	distr: autoDraw = False
22.0902 	EXP 	distr: autoDraw = False
22.0902 	EXP 	distr: autoDraw = False
22.0902 	EXP 	distr: autoDraw = False
22.0902 	EXP 	distr: autoDraw = False
22.0902 	EXP 	distr: autoDraw = False
22.0902 	EXP 	distr: autoDraw = False
22.0902 	EXP 	distr: autoDraw = False
22.0902 	EXP 	distr: autoDraw = False
22.0902 	EXP 	distr: autoDraw = True
22.0902 	EXP 	distr: autoDraw = True
22.0902 	EXP 	distr: autoDraw = True
22.0902 	EXP 	distr: autoDraw = True
22.0902 	EXP 	distr: autoDraw = True
22.0902 	EXP 	distr: autoDraw = True
22.0902 	EXP 	distr: autoDraw = True
22.0902 	EXP 	distr: autoDraw = True
22.0902 	EXP 	distr: autoDraw = True
22.0902 	EXP 	distr: autoDraw = True
22.0902 	EXP 	fixation: autoDraw = True
22.0902 	EXP 	target: autoDraw = True
22.1049 	DATA 	Mouse:  Left button up, pos=(859,261)
25.7041 	DATA 	Mouse: Left button down, pos=(1106,786)
25.7090 	EXP 	New trial (rep=15, index=0): <Trial 15 (0 in rep 15) data={'thisN': 15, 'thisTrialN': 0, 'thisRepN': 15}>
25.7168 	EXP 	Created distr = TextStim(__class__=<class 'psychopy.visual.text.TextStim'>, alignHoriz=method-wrapper(...), alignText='center', alignVert=method-wrapper(...), anchorHoriz='center', anchorVert='center', antialias=True, autoDraw=False, autoLog=True, bold=False, color=array([1., 1., 1.]), colorSpace='rgb', contrast=1.0, depth=-2.0, draggable=False, flipHoriz=False, flipVert=False, font='Open Sans', fontFiles=[], height=np.float64(0.05), italic=False, languageStyle='LTR', name='distr', opacity=1, ori=345, pos=array([-0.21204751, -0.45786374]), rgb=UNKNOWN, text='L', units='height', win=Window(...), wrapWidth=1)
25.7225 	EXP 	Created distr = TextStim(__class__=<class 'psychopy.visual.text.TextStim'>, alignHoriz=method-wrapper(...), alignText='center', alignVert=method-wrapper(...), anchorHoriz='center', anchorVert='center', antialias=True, autoDraw=False, autoLog=True, bold=False, color=array([1., 1., 1.]), colorSpace='rgb', contrast=1.0, depth=-2.0, draggable=False, flipHoriz=False, flipVert=False, font='Open Sans', fontFiles=[], height=np.float64(0.05), italic=False, languageStyle='LTR', name='distr', opacity=1, ori=147, pos=array([-0.18035466, -0.4640783 ]), rgb=UNKNOWN, text='L', units='height', win=Window(...), wrapWidth=1)
25.7277 	EXP 	Created distr = TextStim(__class__=<class 'psychopy.visual.text.TextStim'>, alignHoriz=method-wrapper(...), alignText='center', alignVert=method-wrapper(...), anchorHoriz='center', anchorVert='center', antialias=True, autoDraw=False, autoLog=True, bold=False, color=array([1., 1., 1.]), colorSpace='rgb', contrast=1.0, depth=-2.0, draggable=False, flipHoriz=False, flipVert=False, font='Open Sans', fontFiles=[], height=np.float64(0.05), italic=False, languageStyle='LTR', name='distr', opacity=1, ori=299, pos=array([ 0.39444723, -0.26089644]), rgb=UNKNOWN, text='L', units='height', win=Window(...), wrapWidth=1)
25.7329 	EXP 	Created distr = TextStim(__class__=<class 'psychopy.visual.text.TextStim'>, alignHoriz=method-wrapper(...), alignText='center', alignVert=method-wrapper(...), anchorHoriz='center', anchorVert='center', antialias=True, autoDraw=False, autoLog=True, bold=False, color=array([1., 1., 1.]), colorSpace='rgb', contrast=1.0, depth=-2.0, draggable=False, flipHoriz=False, flipVert=False, font='Open Sans', fontFiles=[], height=np.float64(0.05), italic=False, languageStyle='LTR', name='distr', opacity=1, ori=123, pos=array([-0.10564596,  0.48055249]), rgb=UNKNOWN, text='L', units='height', win=Window(...), wrapWidth=1)
25.7380 	EXP 	Created distr = TextStim(__class__=<class 'psychopy.visual.text.TextStim'>, alignHoriz=method-wrapper(...), alignText='center', alignVert=method-wrapper(...), anchorHoriz='center', anchorVert='center', antialias=True, autoDraw=False, autoLog=True, bold=False, color=array([1., 1., 1.]), colorSpace='rgb', contrast=1.0, depth=-2.0, draggable=False, flipHoriz=False, flipVert=False, font='Open Sans', fontFiles=[], height=np.float64(0.05), italic=False, languageStyle='LTR', name='distr', opacity=1, ori=278, pos=array([-0.24308454, -0.34721142]), rgb=UNKNOWN, text='L', units='height', win=Window(...), wrapWidth=1)
25.7429 	EXP 	Created distr = TextStim(__class__=<class 'psychopy.visual.text.TextStim'>, alignHoriz=method-wrapper(...), alignText='center', alignVert=method-wrapper(...), anchorHoriz='center', anchorVert='center', antialias=True, autoDraw=False, autoLog=True, bold=False, color=array([1., 1., 1.]), colorSpace='rgb', contrast=1.0, depth=-2.0, draggable=False, flipHoriz=False, flipVert=False, font='Open Sans', fontFiles=[], height=np.float64(0.05), italic=False, languageStyle='LTR', name='distr', opacity=1, ori=166, pos=array([-0.27640581,  0.12296299]), rgb=UNKNOWN, text='L', units='height', win=Window(...), wrapWidth=1)
25.7478 	EXP 	Created distr = TextStim(__class__=<class 'psychopy.visual.text.TextStim'>, alignHoriz=method-wrapper(...), alignText='center', alignVert=method-wrapper(...), anchorHoriz='center', anchorVert='center', antialias=True, autoDraw=False, autoLog=True, bold=False, color=array([1., 1., 1.]), colorSpace='rgb', contrast=1.0, depth=-2.0, draggable=False, flipHoriz=False, flipVert=False, font='Open Sans', fontFiles=[], height=np.float64(0.05), italic=False, languageStyle='LTR', name='distr', opacity=1, ori=6, pos=array([-0.41041193, -0.01895562]), rgb=UNKNOWN, text='L', units='height', win=Window(...), wrapWidth=1)
25.7527 	EXP 	Created distr = TextStim(__class__=<class 'psychopy.visual.text.TextStim'>, alignHoriz=method-wrapper(...), alignText='center', alignVert=method-wrapper(...), anchorHoriz='center', anchorVert='center', antialias=True, autoDraw=False, autoLog=True, bold=False, color=array([1., 1., 1.]), colorSpace='rgb', contrast=1.0, depth=-2.0, draggable=False, flipHoriz=False, flipVert=False, font='Open Sans', fontFiles=[], height=np.float64(0.05), italic=False, languageStyle='LTR', name='distr', opacity=1, ori=53, pos=array([-0.12660579,  0.14988892]), rgb=UNKNOWN, text='L', units='height', win=Window(...), wrapWidth=1)
25.7576 	EXP 	Created distr = TextStim(__class__=<class 'psychopy.visual.text.TextStim'>, alignHoriz=method-wrapper(...), alignText='center', alignVert=method-wrapper(...), anchorHoriz='center', anchorVert='center', antialias=True, autoDraw=False, autoLog=True, bold=False, color=array([1., 1., 1.]), colorSpace='rgb', contrast=1.0, depth=-2.0, draggable=False, flipHoriz=False, flipVert=False, font='Open Sans', fontFiles=[], height=np.float64(0.05), italic=False, languageStyle='LTR', name='distr', opacity=1, ori=219, pos=array([ 0.22684622, -0.33995051]), rgb=UNKNOWN, text='L', units='height', win=Window(...), wrapWidth=1)
25.7628 	EXP 	Created distr = TextStim(__class__=<class 'psychopy.visual.text.TextStim'>, alignHoriz=method-wrapper(...), alignText='center', alignVert=method-wrapper(...), anchorHoriz='center', anchorVert='center', antialias=True, autoDraw=False, autoLog=True, bold=False, color=array([1., 1., 1.]), colorSpace='rgb', contrast=1.0, depth=-2.0, draggable=False, flipHoriz=False, flipVert=False, font='Open Sans', fontFiles=[], height=np.float64(0.05), italic=False, languageStyle='LTR', name='distr', opacity=1, ori=272, pos=array([-0.01020745,  0.24272821]), rgb=UNKNOWN, text='L', units='height', win=Window(...), wrapWidth=1)
25.7720 	EXP 	fixation: autoDraw = False
25.7720 	EXP 	target: autoDraw = False
25.7720 	EXP 	distr: autoDraw = False
25.7720 	EXP 	distr: autoDraw = False
25.7720 	EXP 	distr: autoDraw = False
25.7720 	EXP 	distr: autoDraw = False
25.7720 	EXP 	distr: autoDraw = False
25.7720 	EXP 	distr: autoDraw = False
25.7720 	EXP 	distr: autoDraw = False
25.7720 	EXP 	distr: autoDraw = False
25.7720 	EXP 	distr: autoDraw = False
25.7720 	EXP 	distr: autoDraw = False
25.7720 	EXP 	distr: autoDraw = True
25.7720 	EXP 	distr: autoDraw = True
25.7720 	EXP 	distr: autoDraw = True
25.7720 	EXP 	distr: autoDraw = True
25.7720 	EXP 	distr: autoDraw = True
25.7720 	EXP 	distr: autoDraw = True
25.7720 	EXP 	distr: autoDraw = True
25.7720 	EXP 	distr: autoDraw = True
25.7720 	EXP 	distr: autoDraw = True
25.7720 	EXP 	distr: autoDraw = True
25.7720 	EXP 	fixation: autoDraw = True
25.7720 	EXP 	target: autoDraw = True
25.8168 	DATA 	Mouse:  Left button up, pos=(1106,786)
26.9872 	DATA 	Mouse: Left button down, pos=(606,684)
26.9920 	EXP 	New trial (rep=16, index=0): <Trial 16 (0 in rep 16) data={'thisN': 16, 'thisTrialN': 0, 'thisRepN': 16}>
26.9994 	EXP 	Created distr = TextStim(__class__=<class 'psychopy.visual.text.TextStim'>, alignHoriz=method-wrapper(...), alignText='center', alignVert=method-wrapper(...), anchorHoriz='center', anchorVert='center', antialias=True, autoDraw=False, autoLog=True, bold=False, color=array([1., 1., 1.]), colorSpace='rgb', contrast=1.0, depth=-2.0, draggable=False, flipHoriz=False, flipVert=False, font='Open Sans', fontFiles=[], height=np.float64(0.05), italic=False, languageStyle='LTR', name='distr', opacity=1, ori=99, pos=array([-0.00513597, -0.40446886]), rgb=UNKNOWN, text='L', units='height', win=Window(...), wrapWidth=1)
27.0059 	EXP 	Created distr = TextStim(__class__=<class 'psychopy.visual.text.TextStim'>, alignHoriz=method-wrapper(...), alignText='center', alignVert=method-wrapper(...), anchorHoriz='center', anchorVert='center', antialias=True, autoDraw=False, autoLog=True, bold=False, color=array([1., 1., 1.]), colorSpace='rgb', contrast=1.0, depth=-2.0, draggable=False, flipHoriz=False, flipVert=False, font='Open Sans', fontFiles=[], height=np.float64(0.05), italic=False, languageStyle='LTR', name='distr', opacity=1, ori=101, pos=array([-0.19898915, -0.45913081]), rgb=UNKNOWN, text='L', units='height', win=Window(...), wrapWidth=1)
27.0111 	EXP 	Created distr = TextStim(__class__=<class 'psychopy.visual.text.TextStim'>, alignHoriz=method-wrapper(...), alignText='center', alignVert=method-wrapper(...), anchorHoriz='center', anchorVert='center', antialias=True, autoDraw=False, autoLog=True, bold=False, color=array([1., 1., 1.]), colorSpace='rgb', contrast=1.0, depth=-2.0, draggable=False, flipHoriz=False, flipVert=False, font='Open Sans', fontFiles=[], height=np.float64(0.05), italic=False, languageStyle='LTR', name='distr', opacity=1, ori=337, pos=array([ 0.20631773, -0.23697631]), rgb=UNKNOWN, text='L', units='height', win=Window(...), wrapWidth=1)
27.0161 	EXP 	Created distr = TextStim(__class__=<class 'psychopy.visual.text.TextStim'>, alignHoriz=method-wrapper(...), alignText='center', alignVert=method-wrapper(...), anchorHoriz='center', anchorVert='center', antialias=True, autoDraw=False, autoLog=True, bold=False, color=array([1., 1., 1.]), colorSpace='rgb', contrast=1.0, depth=-2.0, draggable=False, flipHoriz=False, flipVert=False, font='Open Sans', fontFiles=[], height=np.float64(0.05), italic=False, languageStyle='LTR', name='distr', opacity=1, ori=99, pos=array([ 0.13300237, -0.26794192]), rgb=UNKNOWN, text='L', units='height', win=Window(...), wrapWidth=1)
27.0215 	EXP 	Created distr = TextStim(__class__=<class 'psychopy.visual.text.TextStim'>, alignHoriz=method-wrapper(...), alignText='center', alignVert=method-wrapper(...), anchorHoriz='center', anchorVert='center', antialias=True, autoDraw=False, autoLog=True, bold=False, color=array([1., 1., 1.]), colorSpace='rgb', contrast=1.0, depth=-2.0, draggable=False, flipHoriz=False, flipVert=False, font='Open Sans', fontFiles=[], height=np.float64(0.05), italic=False, languageStyle='LTR', name='distr', opacity=1, ori=95, pos=array([-0.27487138,  0.46500352]), rgb=UNKNOWN, text='L', units='height', win=Window(...), wrapWidth=1)
27.0265 	EXP 	Created distr = TextStim(__class__=<class 'psychopy.visual.text.TextStim'>, alignHoriz=method-wrapper(...), alignText='center', alignVert=method-wrapper(...), anchorHoriz='center', anchorVert='center', antialias=True, autoDraw=False, autoLog=True, bold=False, color=array([1., 1., 1.]), colorSpace='rgb', contrast=1.0, depth=-2.0, draggable=False, flipHoriz=False, flipVert=False, font='Open Sans', fontFiles=[], height=np.float64(0.05), italic=False, languageStyle='LTR', name='distr', opacity=1, ori=25, pos=array([ 0.00278706, -0.11386149]), rgb=UNKNOWN, text='L', units='height', win=Window(...), wrapWidth=1)
27.0316 	EXP 	Created distr = TextStim(__class__=<class 'psychopy.visual.text.TextStim'>, alignHoriz=method-wrapper(...), alignText='center', alignVert=method-wrapper(...), anchorHoriz='center', anchorVert='center', antialias=True, autoDraw=False, autoLog=True, bold=False, color=array([1., 1., 1.]), colorSpace='rgb', contrast=1.0, depth=-2.0, draggable=False, flipHoriz=False, flipVert=False, font='Open Sans', fontFiles=[], height=np.float64(0.05), italic=False, languageStyle='LTR', name='distr', opacity=1, ori=341, pos=array([0.21937207, 0.27710184]), rgb=UNKNOWN, text='L', units='height', win=Window(...), wrapWidth=1)
27.0367 	EXP 	Created distr = TextStim(__class__=<class 'psychopy.visual.text.TextStim'>, alignHoriz=method-wrapper(...), alignText='center', alignVert=method-wrapper(...), anchorHoriz='center', anchorVert='center', antialias=True, autoDraw=False, autoLog=True, bold=False, color=array([1., 1., 1.]), colorSpace='rgb', contrast=1.0, depth=-2.0, draggable=False, flipHoriz=False, flipVert=False, font='Open Sans', fontFiles=[], height=np.float64(0.05), italic=False, languageStyle='LTR', name='distr', opacity=1, ori=46, pos=array([-0.18653506, -0.0243144 ]), rgb=UNKNOWN, text='L', units='height', win=Window(...), wrapWidth=1)
27.0415 	EXP 	Created distr = TextStim(__class__=<class 'psychopy.visual.text.TextStim'>, alignHoriz=method-wrapper(...), alignText='center', alignVert=method-wrapper(...), anchorHoriz='center', anchorVert='center', antialias=True, autoDraw=False, autoLog=True, bold=False, color=array([1., 1., 1.]), colorSpace='rgb', contrast=1.0, depth=-2.0, draggable=False, flipHoriz=False, flipVert=False, font='Open Sans', fontFiles=[], height=np.float64(0.05), italic=False, languageStyle='LTR', name='distr', opacity=1, ori=278, pos=array([-0.42787818,  0.31986607]), rgb=UNKNOWN, text='L', units='height', win=Window(...), wrapWidth=1)
27.0466 	EXP 	Created distr = TextStim(__class__=<class 'psychopy.visual.text.TextStim'>, alignHoriz=method-wrapper(...), alignText='center', alignVert=method-wrapper(...), anchorHoriz='center', anchorVert='center', antialias=True, autoDraw=False, autoLog=True, bold=False, color=array([1., 1., 1.]), colorSpace='rgb', contrast=1.0, depth=-2.0, draggable=False, flipHoriz=False, flipVert=False, font='Open Sans', fontFiles=[], height=np.float64(0.05), italic=False, languageStyle='LTR', name='distr', opacity=1, ori=106, pos=array([ 0.32295629, -0.43264784]), rgb=UNKNOWN, text='L', units='height', win=Window(...), wrapWidth=1)
27.0556 	EXP 	fixation: autoDraw = False
27.0556 	EXP 	target: autoDraw = False
27.0556 	EXP 	distr: autoDraw = False
27.0556 	EXP 	distr: autoDraw = False
27.0556 	EXP 	distr: autoDraw = False
27.0556 	EXP 	distr: autoDraw = False
27.0556 	EXP 	distr: autoDraw = False
27.0556 	EXP 	distr: autoDraw = False
27.0556 	EXP 	distr: autoDraw = False
27.0556 	EXP 	distr: autoDraw = False
27.0556 	EXP 	distr: autoDraw = False
27.0556 	EXP 	distr: autoDraw = False
27.0556 	EXP 	distr: autoDraw = True
27.0556 	EXP 	distr: autoDraw = True
27.0556 	EXP 	distr: autoDraw = True
27.0556 	EXP 	distr: autoDraw = True
27.0556 	EXP 	distr: autoDraw = True
27.0556 	EXP 	distr: autoDraw = True
27.0556 	EXP 	distr: autoDraw = True
27.0556 	EXP 	distr: autoDraw = True
27.0556 	EXP 	distr: autoDraw = True
27.0556 	EXP 	distr: autoDraw = True
27.0556 	EXP 	fixation: autoDraw = True
27.0556 	EXP 	target: autoDraw = True
27.0711 	DATA 	Mouse:  Left button up, pos=(606,684)
28.1873 	DATA 	Mouse: Left button down, pos=(1164,537)
28.1920 	EXP 	New trial (rep=17, index=0): <Trial 17 (0 in rep 17) data={'thisN': 17, 'thisTrialN': 0, 'thisRepN': 17}>
28.2011 	EXP 	Created distr = TextStim(__class__=<class 'psychopy.visual.text.TextStim'>, alignHoriz=method-wrapper(...), alignText='center', alignVert=method-wrapper(...), anchorHoriz='center', anchorVert='center', antialias=True, autoDraw=False, autoLog=True, bold=False, color=array([1., 1., 1.]), colorSpace='rgb', contrast=1.0, depth=-2.0, draggable=False, flipHoriz=False, flipVert=False, font='Open Sans', fontFiles=[], height=np.float64(0.05), italic=False, languageStyle='LTR', name='distr', opacity=1, ori=204, pos=array([ 0.39578055, -0.26157151]), rgb=UNKNOWN, text='L', units='height', win=Window(...), wrapWidth=1)
28.2071 	EXP 	Created distr = TextStim(__class__=<class 'psychopy.visual.text.TextStim'>, alignHoriz=method-wrapper(...), alignText='center', alignVert=method-wrapper(...), anchorHoriz='center', anchorVert='center', antialias=True, autoDraw=False, autoLog=True, bold=False, color=array([1., 1., 1.]), colorSpace='rgb', contrast=1.0, depth=-2.0, draggable=False, flipHoriz=False, flipVert=False, font='Open Sans', fontFiles=[], height=np.float64(0.05), italic=False, languageStyle='LTR', name='distr', opacity=1, ori=160, pos=array([-0.20742855, -0.06001563]), rgb=UNKNOWN, text='L', units='height', win=Window(...), wrapWidth=1)
28.2125 	EXP 	Created distr = TextStim(__class__=<class 'psychopy.visual.text.TextStim'>, alignHoriz=method-wrapper(...), alignText='center', alignVert=method-wrapper(...), anchorHoriz='center', anchorVert='center', antialias=True, autoDraw=False, autoLog=True, bold=False, color=array([1., 1., 1.]), colorSpace='rgb', contrast=1.0, depth=-2.0, draggable=False, flipHoriz=False, flipVert=False, font='Open Sans', fontFiles=[], height=np.float64(0.05), italic=False, languageStyle='LTR', name='distr', opacity=1, ori=255, pos=array([ 0.08330499, -0.08280104]), rgb=UNKNOWN, text='L', units='height', win=Window(...), wrapWidth=1)
28.2176 	EXP 	Created distr = TextStim(__class__=<class 'psychopy.visual.text.TextStim'>, alignHoriz=method-wrapper(...), alignText='center', alignVert=method-wrapper(...), anchorHoriz='center', anchorVert='center', antialias=True, autoDraw=False, autoLog=True, bold=False, color=array([1., 1., 1.]), colorSpace='rgb', contrast=1.0, depth=-2.0, draggable=False, flipHoriz=False, flipVert=False, font='Open Sans', fontFiles=[], height=np.float64(0.05), italic=False, languageStyle='LTR', name='distr', opacity=1, ori=286, pos=array([0.22627588, 0.26901692]), rgb=UNKNOWN, text='L', units='height', win=Window(...), wrapWidth=1)
28.2234 	EXP 	Created distr = TextStim(__class__=<class 'psychopy.visual.text.TextStim'>, alignHoriz=method-wrapper(...), alignText='center', alignVert=method-wrapper(...), anchorHoriz='center', anchorVert='center', antialias=True, autoDraw=False, autoLog=True, bold=False, color=array([1., 1., 1.]), colorSpace='rgb', contrast=1.0, depth=-2.0, draggable=False, flipHoriz=False, flipVert=False, font='Open Sans', fontFiles=[], height=np.float64(0.05), italic=False, languageStyle='LTR', name='distr', opacity=1, ori=154, pos=array([0.13281137, 0.49826695]), rgb=UNKNOWN, text='L', units='height', win=Window(...), wrapWidth=1)
28.2299 	EXP 	fixation: autoDraw = False
28.2299 	EXP 	target: autoDraw = False
28.2299 	EXP 	distr: autoDraw = False
28.2299 	EXP 	distr: autoDraw = False
28.2299 	EXP 	distr: autoDraw = False
28.2299 	EXP 	distr: autoDraw = False
28.2299 	EXP 	distr: autoDraw = False
28.2299 	EXP 	distr: autoDraw = False
28.2299 	EXP 	distr: autoDraw = False
28.2299 	EXP 	distr: autoDraw = False
28.2299 	EXP 	distr: autoDraw = False
28.2299 	EXP 	distr: autoDraw = False
28.2299 	EXP 	distr: autoDraw = True
28.2299 	EXP 	distr: autoDraw = True
28.2299 	EXP 	distr: autoDraw = True
28.2299 	EXP 	distr: autoDraw = True
28.2299 	EXP 	distr: autoDraw = True
28.2299 	EXP 	fixation: autoDraw = True
28.2299 	EXP 	target: autoDraw = True
28.2710 	DATA 	Mouse:  Left button up, pos=(1164,537)
29.4384 	DATA 	Mouse: Left button down, pos=(1167,200)
29.4436 	EXP 	New trial (rep=18, index=0): <Trial 18 (0 in rep 18) data={'thisN': 18, 'thisTrialN': 0, 'thisRepN': 18}>
29.4539 	EXP 	Created distr = TextStim(__class__=<class 'psychopy.visual.text.TextStim'>, alignHoriz=method-wrapper(...), alignText='center', alignVert=method-wrapper(...), anchorHoriz='center', anchorVert='center', antialias=True, autoDraw=False, autoLog=True, bold=False, color=array([1., 1., 1.]), colorSpace='rgb', contrast=1.0, depth=-2.0, draggable=False, flipHoriz=False, flipVert=False, font='Open Sans', fontFiles=[], height=np.float64(0.05), italic=False, languageStyle='LTR', name='distr', opacity=1, ori=280, pos=array([-0.18947504,  0.27273991]), rgb=UNKNOWN, text='L', units='height', win=Window(...), wrapWidth=1)
29.4602 	EXP 	Created distr = TextStim(__class__=<class 'psychopy.visual.text.TextStim'>, alignHoriz=method-wrapper(...), alignText='center', alignVert=method-wrapper(...), anchorHoriz='center', anchorVert='center', antialias=True, autoDraw=False, autoLog=True, bold=False, color=array([1., 1., 1.]), colorSpace='rgb', contrast=1.0, depth=-2.0, draggable=False, flipHoriz=False, flipVert=False, font='Open Sans', fontFiles=[], height=np.float64(0.05), italic=False, languageStyle='LTR', name='distr', opacity=1, ori=88, pos=array([-0.06182146, -0.35047079]), rgb=UNKNOWN, text='L', units='height', win=Window(...), wrapWidth=1)
29.4657 	EXP 	Created distr = TextStim(__class__=<class 'psychopy.visual.text.TextStim'>, alignHoriz=method-wrapper(...), alignText='center', alignVert=method-wrapper(...), anchorHoriz='center', anchorVert='center', antialias=True, autoDraw=False, autoLog=True, bold=False, color=array([1., 1., 1.]), colorSpace='rgb', contrast=1.0, depth=-2.0, draggable=False, flipHoriz=False, flipVert=False, font='Open Sans', fontFiles=[], height=np.float64(0.05), italic=False, languageStyle='LTR', name='distr', opacity=1, ori=230, pos=array([-0.33257385,  0.11840651]), rgb=UNKNOWN, text='L', units='height', win=Window(...), wrapWidth=1)
29.4708 	EXP 	Created distr = TextStim(__class__=<class 'psychopy.visual.text.TextStim'>, alignHoriz=method-wrapper(...), alignText='center', alignVert=method-wrapper(...), anchorHoriz='center', anchorVert='center', antialias=True, autoDraw=False, autoLog=True, bold=False, color=array([1., 1., 1.]), colorSpace='rgb', contrast=1.0, depth=-2.0, draggable=False, flipHoriz=False, flipVert=False, font='Open Sans', fontFiles=[], height=np.float64(0.05), italic=False, languageStyle='LTR', name='distr', opacity=1, ori=7, pos=array([-0.00760863, -0.44465242]), rgb=UNKNOWN, text='L', units='height', win=Window(...), wrapWidth=1)
29.4761 	EXP 	Created distr = TextStim(__class__=<class 'psychopy.visual.text.TextStim'>, alignHoriz=method-wrapper(...), alignText='center', alignVert=method-wrapper(...), anchorHoriz='center', anchorVert='center', antialias=True, autoDraw=False, autoLog=True, bold=False, color=array([1., 1., 1.]), colorSpace='rgb', contrast=1.0, depth=-2.0, draggable=False, flipHoriz=False, flipVert=False, font='Open Sans', fontFiles=[], height=np.float64(0.05), italic=False, languageStyle='LTR', name='distr', opacity=1, ori=83, pos=array([-0.43050133, -0.47987788]), rgb=UNKNOWN, text='L', units='height', win=Window(...), wrapWidth=1)
29.4828 	EXP 	fixation: autoDraw = False
29.4828 	EXP 	target: autoDraw = False
29.4828 	EXP 	distr: autoDraw = False
29.4828 	EXP 	distr: autoDraw = False
29.4828 	EXP 	distr: autoDraw = False
29.4828 	EXP 	distr: autoDraw = False
29.4828 	EXP 	distr: autoDraw = False
29.4828 	EXP 	distr: autoDraw = True
29.4828 	EXP 	distr: autoDraw = True
29.4828 	EXP 	distr: autoDraw = True
29.4828 	EXP 	distr: autoDraw = True
29.4828 	EXP 	distr: autoDraw = True
29.4828 	EXP 	fixation: autoDraw = True
29.4828 	EXP 	target: autoDraw = True
29.5211 	DATA 	Mouse:  Left button up, pos=(1167,200)
30.8537 	DATA 	Mouse: Left button down, pos=(296,398)
30.8585 	EXP 	New trial (rep=19, index=0): <Trial 19 (0 in rep 19) data={'thisN': 19, 'thisTrialN': 0, 'thisRepN': 19}>
30.8704 	EXP 	Created distr = TextStim(__class__=<class 'psychopy.visual.text.TextStim'>, alignHoriz=method-wrapper(...), alignText='center', alignVert=method-wrapper(...), anchorHoriz='center', anchorVert='center', antialias=True, autoDraw=False, autoLog=True, bold=False, color=array([1., 1., 1.]), colorSpace='rgb', contrast=1.0, depth=-2.0, draggable=False, flipHoriz=False, flipVert=False, font='Open Sans', fontFiles=[], height=np.float64(0.05), italic=False, languageStyle='LTR', name='distr', opacity=1, ori=326, pos=array([-0.39652683, -0.12272875]), rgb=UNKNOWN, text='L', units='height', win=Window(...), wrapWidth=1)
30.8768 	EXP 	Created distr = TextStim(__class__=<class 'psychopy.visual.text.TextStim'>, alignHoriz=method-wrapper(...), alignText='center', alignVert=method-wrapper(...), anchorHoriz='center', anchorVert='center', antialias=True, autoDraw=False, autoLog=True, bold=False, color=array([1., 1., 1.]), colorSpace='rgb', contrast=1.0, depth=-2.0, draggable=False, flipHoriz=False, flipVert=False, font='Open Sans', fontFiles=[], height=np.float64(0.05), italic=False, languageStyle='LTR', name='distr', opacity=1, ori=101, pos=array([-0.16070408, -0.28508307]), rgb=UNKNOWN, text='L', units='height', win=Window(...), wrapWidth=1)
30.8823 	EXP 	Created distr = TextStim(__class__=<class 'psychopy.visual.text.TextStim'>, alignHoriz=method-wrapper(...), alignText='center', alignVert=method-wrapper(...), anchorHoriz='center', anchorVert='center', antialias=True, autoDraw=False, autoLog=True, bold=False, color=array([1., 1., 1.]), colorSpace='rgb', contrast=1.0, depth=-2.0, draggable=False, flipHoriz=False, flipVert=False, font='Open Sans', fontFiles=[], height=np.float64(0.05), italic=False, languageStyle='LTR', name='distr', opacity=1, ori=144, pos=array([-0.06020083, -0.49188533]), rgb=UNKNOWN, text='L', units='height', win=Window(...), wrapWidth=1)
30.8875 	EXP 	Created distr = TextStim(__class__=<class 'psychopy.visual.text.TextStim'>, alignHoriz=method-wrapper(...), alignText='center', alignVert=method-wrapper(...), anchorHoriz='center', anchorVert='center', antialias=True, autoDraw=False, autoLog=True, bold=False, color=array([1., 1., 1.]), colorSpace='rgb', contrast=1.0, depth=-2.0, draggable=False, flipHoriz=False, flipVert=False, font='Open Sans', fontFiles=[], height=np.float64(0.05), italic=False, languageStyle='LTR', name='distr', opacity=1, ori=249, pos=array([-0.11158839,  0.35238039]), rgb=UNKNOWN, text='L', units='height', win=Window(...), wrapWidth=1)
30.8929 	EXP 	Created distr = TextStim(__class__=<class 'psychopy.visual.text.TextStim'>, alignHoriz=method-wrapper(...), alignText='center', alignVert=method-wrapper(...), anchorHoriz='center', anchorVert='center', antialias=True, autoDraw=False, autoLog=True, bold=False, color=array([1., 1., 1.]), colorSpace='rgb', contrast=1.0, depth=-2.0, draggable=False, flipHoriz=False, flipVert=False, font='Open Sans', fontFiles=[], height=np.float64(0.05), italic=False, languageStyle='LTR', name='distr', opacity=1, ori=50, pos=array([-0.30011892, -0.03312167]), rgb=UNKNOWN, text='L', units='height', win=Window(...), wrapWidth=1)
30.8979 	EXP 	Created distr = TextStim(__class__=<class 'psychopy.visual.text.TextStim'>, alignHoriz=method-wrapper(...), alignText='center', alignVert=method-wrapper(...), anchorHoriz='center', anchorVert='center', antialias=True, autoDraw=False, autoLog=True, bold=False, color=array([1., 1., 1.]), colorSpace='rgb', contrast=1.0, depth=-2.0, draggable=False, flipHoriz=False, flipVert=False, font='Open Sans', fontFiles=[], height=np.float64(0.05), italic=False, languageStyle='LTR', name='distr', opacity=1, ori=332, pos=array([-0.17353969,  0.37491748]), rgb=UNKNOWN, text='L', units='height', win=Window(...), wrapWidth=1)
30.9030 	EXP 	Created distr = TextStim(__class__=<class 'psychopy.visual.text.TextStim'>, alignHoriz=method-wrapper(...), alignText='center', alignVert=method-wrapper(...), anchorHoriz='center', anchorVert='center', antialias=True, autoDraw=False, autoLog=True, bold=False, color=array([1., 1., 1.]), colorSpace='rgb', contrast=1.0, depth=-2.0, draggable=False, flipHoriz=False, flipVert=False, font='Open Sans', fontFiles=[], height=np.float64(0.05), italic=False, languageStyle='LTR', name='distr', opacity=1, ori=340, pos=array([-0.07593275,  0.07484629]), rgb=UNKNOWN, text='L', units='height', win=Window(...), wrapWidth=1)
30.9080 	EXP 	Created distr = TextStim(__class__=<class 'psychopy.visual.text.TextStim'>, alignHoriz=method-wrapper(...), alignText='center', alignVert=method-wrapper(...), anchorHoriz='center', anchorVert='center', antialias=True, autoDraw=False, autoLog=True, bold=False, color=array([1., 1., 1.]), colorSpace='rgb', contrast=1.0, depth=-2.0, draggable=False, flipHoriz=False, flipVert=False, font='Open Sans', fontFiles=[], height=np.float64(0.05), italic=False, languageStyle='LTR', name='distr', opacity=1, ori=142, pos=array([-0.47633863, -0.47605665]), rgb=UNKNOWN, text='L', units='height', win=Window(...), wrapWidth=1)
30.9130 	EXP 	Created distr = TextStim(__class__=<class 'psychopy.visual.text.TextStim'>, alignHoriz=method-wrapper(...), alignText='center', alignVert=method-wrapper(...), anchorHoriz='center', anchorVert='center', antialias=True, autoDraw=False, autoLog=True, bold=False, color=array([1., 1., 1.]), colorSpace='rgb', contrast=1.0, depth=-2.0, draggable=False, flipHoriz=False, flipVert=False, font='Open Sans', fontFiles=[], height=np.float64(0.05), italic=False, languageStyle='LTR', name='distr', opacity=1, ori=216, pos=array([-0.00326373,  0.06220389]), rgb=UNKNOWN, text='L', units='height', win=Window(...), wrapWidth=1)
30.9180 	EXP 	Created distr = TextStim(__class__=<class 'psychopy.visual.text.TextStim'>, alignHoriz=method-wrapper(...), alignText='center', alignVert=method-wrapper(...), anchorHoriz='center', anchorVert='center', antialias=True, autoDraw=False, autoLog=True, bold=False, color=array([1., 1., 1.]), colorSpace='rgb', contrast=1.0, depth=-2.0, draggable=False, flipHoriz=False, flipVert=False, font='Open Sans', fontFiles=[], height=np.float64(0.05), italic=False, languageStyle='LTR', name='distr', opacity=1, ori=290, pos=array([ 0.14788778, -0.11831537]), rgb=UNKNOWN, text='L', units='height', win=Window(...), wrapWidth=1)
30.9275 	EXP 	fixation: autoDraw = False
30.9275 	EXP 	target: autoDraw = False
30.9275 	EXP 	distr: autoDraw = False
30.9275 	EXP 	distr: autoDraw = False
30.9275 	EXP 	distr: autoDraw = False
30.9275 	EXP 	distr: autoDraw = False
30.9275 	EXP 	distr: autoDraw = False
30.9275 	EXP 	distr: autoDraw = True
30.9275 	EXP 	distr: autoDraw = True
30.9275 	EXP 	distr: autoDraw = True
30.9275 	EXP 	distr: autoDraw = True
30.9275 	EXP 	distr: autoDraw = True
30.9275 	EXP 	distr: autoDraw = True
30.9275 	EXP 	distr: autoDraw = True
30.9275 	EXP 	distr: autoDraw = True
30.9275 	EXP 	distr: autoDraw = True
30.9275 	EXP 	distr: autoDraw = True
30.9275 	EXP 	fixation: autoDraw = True
30.9275 	EXP 	target: autoDraw = True
30.9385 	DATA 	Mouse:  Left button up, pos=(295,398)
31.9878 	DATA 	Mouse: Left button down, pos=(900,520)
31.9924 	EXP 	New trial (rep=20, index=0): <Trial 20 (0 in rep 20) data={'thisN': 20, 'thisTrialN': 0, 'thisRepN': 20}>
32.0009 	EXP 	Created distr = TextStim(__class__=<class 'psychopy.visual.text.TextStim'>, alignHoriz=method-wrapper(...), alignText='center', alignVert=method-wrapper(...), anchorHoriz='center', anchorVert='center', antialias=True, autoDraw=False, autoLog=True, bold=False, color=array([1., 1., 1.]), colorSpace='rgb', contrast=1.0, depth=-2.0, draggable=False, flipHoriz=False, flipVert=False, font='Open Sans', fontFiles=[], height=np.float64(0.05), italic=False, languageStyle='LTR', name='distr', opacity=1, ori=171, pos=array([-0.33183616, -0.33330579]), rgb=UNKNOWN, text='L', units='height', win=Window(...), wrapWidth=1)
32.0072 	EXP 	Created distr = TextStim(__class__=<class 'psychopy.visual.text.TextStim'>, alignHoriz=method-wrapper(...), alignText='center', alignVert=method-wrapper(...), anchorHoriz='center', anchorVert='center', antialias=True, autoDraw=False, autoLog=True, bold=False, color=array([1., 1., 1.]), colorSpace='rgb', contrast=1.0, depth=-2.0, draggable=False, flipHoriz=False, flipVert=False, font='Open Sans', fontFiles=[], height=np.float64(0.05), italic=False, languageStyle='LTR', name='distr', opacity=1, ori=349, pos=array([0.39826785, 0.3670737 ]), rgb=UNKNOWN, text='L', units='height', win=Window(...), wrapWidth=1)
32.0126 	EXP 	Created distr = TextStim(__class__=<class 'psychopy.visual.text.TextStim'>, alignHoriz=method-wrapper(...), alignText='center', alignVert=method-wrapper(...), anchorHoriz='center', anchorVert='center', antialias=True, autoDraw=False, autoLog=True, bold=False, color=array([1., 1., 1.]), colorSpace='rgb', contrast=1.0, depth=-2.0, draggable=False, flipHoriz=False, flipVert=False, font='Open Sans', fontFiles=[], height=np.float64(0.05), italic=False, languageStyle='LTR', name='distr', opacity=1, ori=49, pos=array([-0.0911059 ,  0.43549015]), rgb=UNKNOWN, text='L', units='height', win=Window(...), wrapWidth=1)
32.0177 	EXP 	Created distr = TextStim(__class__=<class 'psychopy.visual.text.TextStim'>, alignHoriz=method-wrapper(...), alignText='center', alignVert=method-wrapper(...), anchorHoriz='center', anchorVert='center', antialias=True, autoDraw=False, autoLog=True, bold=False, color=array([1., 1., 1.]), colorSpace='rgb', contrast=1.0, depth=-2.0, draggable=False, flipHoriz=False, flipVert=False, font='Open Sans', fontFiles=[], height=np.float64(0.05), italic=False, languageStyle='LTR', name='distr', opacity=1, ori=174, pos=array([-0.11966527,  0.32627264]), rgb=UNKNOWN, text='L', units='height', win=Window(...), wrapWidth=1)
32.0231 	EXP 	Created distr = TextStim(__class__=<class 'psychopy.visual.text.TextStim'>, alignHoriz=method-wrapper(...), alignText='center', alignVert=method-wrapper(...), anchorHoriz='center', anchorVert='center', antialias=True, autoDraw=False, autoLog=True, bold=False, color=array([1., 1., 1.]), colorSpace='rgb', contrast=1.0, depth=-2.0, draggable=False, flipHoriz=False, flipVert=False, font='Open Sans', fontFiles=[], height=np.float64(0.05), italic=False, languageStyle='LTR', name='distr', opacity=1, ori=197, pos=array([-0.10226183,  0.41419966]), rgb=UNKNOWN, text='L', units='height', win=Window(...), wrapWidth=1)
32.0282 	EXP 	Created distr = TextStim(__class__=<class 'psychopy.visual.text.TextStim'>, alignHoriz=method-wrapper(...), alignText='center', alignVert=method-wrapper(...), anchorHoriz='center', anchorVert='center', antialias=True, autoDraw=False, autoLog=True, bold=False, color=array([1., 1., 1.]), colorSpace='rgb', contrast=1.0, depth=-2.0, draggable=False, flipHoriz=False, flipVert=False, font='Open Sans', fontFiles=[], height=np.float64(0.05), italic=False, languageStyle='LTR', name='distr', opacity=1, ori=345, pos=array([-0.27497721, -0.02535164]), rgb=UNKNOWN, text='L', units='height', win=Window(...), wrapWidth=1)
32.0332 	EXP 	Created distr = TextStim(__class__=<class 'psychopy.visual.text.TextStim'>, alignHoriz=method-wrapper(...), alignText='center', alignVert=method-wrapper(...), anchorHoriz='center', anchorVert='center', antialias=True, autoDraw=False, autoLog=True, bold=False, color=array([1., 1., 1.]), colorSpace='rgb', contrast=1.0, depth=-2.0, draggable=False, flipHoriz=False, flipVert=False, font='Open Sans', fontFiles=[], height=np.float64(0.05), italic=False, languageStyle='LTR', name='distr', opacity=1, ori=112, pos=array([0.19357791, 0.20329091]), rgb=UNKNOWN, text='L', units='height', win=Window(...), wrapWidth=1)
32.0382 	EXP 	Created distr = TextStim(__class__=<class 'psychopy.visual.text.TextStim'>, alignHoriz=method-wrapper(...), alignText='center', alignVert=method-wrapper(...), anchorHoriz='center', anchorVert='center', antialias=True, autoDraw=False, autoLog=True, bold=False, color=array([1., 1., 1.]), colorSpace='rgb', contrast=1.0, depth=-2.0, draggable=False, flipHoriz=False, flipVert=False, font='Open Sans', fontFiles=[], height=np.float64(0.05), italic=False, languageStyle='LTR', name='distr', opacity=1, ori=55, pos=array([-0.28781717, -0.42172568]), rgb=UNKNOWN, text='L', units='height', win=Window(...), wrapWidth=1)
32.0432 	EXP 	Created distr = TextStim(__class__=<class 'psychopy.visual.text.TextStim'>, alignHoriz=method-wrapper(...), alignText='center', alignVert=method-wrapper(...), anchorHoriz='center', anchorVert='center', antialias=True, autoDraw=False, autoLog=True, bold=False, color=array([1., 1., 1.]), colorSpace='rgb', contrast=1.0, depth=-2.0, draggable=False, flipHoriz=False, flipVert=False, font='Open Sans', fontFiles=[], height=np.float64(0.05), italic=False, languageStyle='LTR', name='distr', opacity=1, ori=214, pos=array([-0.02532596, -0.33573176]), rgb=UNKNOWN, text='L', units='height', win=Window(...), wrapWidth=1)
32.0484 	EXP 	Created distr = TextStim(__class__=<class 'psychopy.visual.text.TextStim'>, alignHoriz=method-wrapper(...), alignText='center', alignVert=method-wrapper(...), anchorHoriz='center', anchorVert='center', antialias=True, autoDraw=False, autoLog=True, bold=False, color=array([1., 1., 1.]), colorSpace='rgb', contrast=1.0, depth=-2.0, draggable=False, flipHoriz=False, flipVert=False, font='Open Sans', fontFiles=[], height=np.float64(0.05), italic=False, languageStyle='LTR', name='distr', opacity=1, ori=241, pos=array([-0.4113221 ,  0.32760893]), rgb=UNKNOWN, text='L', units='height', win=Window(...), wrapWidth=1)
32.0552 	DATA 	Mouse:  Left button up, pos=(900,520)
32.0580 	EXP 	fixation: autoDraw = False
32.0580 	EXP 	target: autoDraw = False
32.0580 	EXP 	distr: autoDraw = False
32.0580 	EXP 	distr: autoDraw = False
32.0580 	EXP 	distr: autoDraw = False
32.0580 	EXP 	distr: autoDraw = False
32.0580 	EXP 	distr: autoDraw = False
32.0580 	EXP 	distr: autoDraw = False
32.0580 	EXP 	distr: autoDraw = False
32.0580 	EXP 	distr: autoDraw = False
32.0580 	EXP 	distr: autoDraw = False
32.0580 	EXP 	distr: autoDraw = False
32.0580 	EXP 	distr: autoDraw = True
32.0580 	EXP 	distr: autoDraw = True
32.0580 	EXP 	distr: autoDraw = True
32.0580 	EXP 	distr: autoDraw = True
32.0580 	EXP 	distr: autoDraw = True
32.0580 	EXP 	distr: autoDraw = True
32.0580 	EXP 	distr: autoDraw = True
32.0580 	EXP 	distr: autoDraw = True
32.0580 	EXP 	distr: autoDraw = True
32.0580 	EXP 	distr: autoDraw = True
32.0580 	EXP 	fixation: autoDraw = True
32.0580 	EXP 	target: autoDraw = True
33.8376 	DATA 	Mouse: Left button down, pos=(306,598)
33.8425 	EXP 	New trial (rep=21, index=0): <Trial 21 (0 in rep 21) data={'thisN': 21, 'thisTrialN': 0, 'thisRepN': 21}>
33.8533 	EXP 	Created distr = TextStim(__class__=<class 'psychopy.visual.text.TextStim'>, alignHoriz=method-wrapper(...), alignText='center', alignVert=method-wrapper(...), anchorHoriz='center', anchorVert='center', antialias=True, autoDraw=False, autoLog=True, bold=False, color=array([1., 1., 1.]), colorSpace='rgb', contrast=1.0, depth=-2.0, draggable=False, flipHoriz=False, flipVert=False, font='Open Sans', fontFiles=[], height=np.float64(0.05), italic=False, languageStyle='LTR', name='distr', opacity=1, ori=160, pos=array([-0.14848652, -0.45285956]), rgb=UNKNOWN, text='L', units='height', win=Window(...), wrapWidth=1)
33.8592 	EXP 	Created distr = TextStim(__class__=<class 'psychopy.visual.text.TextStim'>, alignHoriz=method-wrapper(...), alignText='center', alignVert=method-wrapper(...), anchorHoriz='center', anchorVert='center', antialias=True, autoDraw=False, autoLog=True, bold=False, color=array([1., 1., 1.]), colorSpace='rgb', contrast=1.0, depth=-2.0, draggable=False, flipHoriz=False, flipVert=False, font='Open Sans', fontFiles=[], height=np.float64(0.05), italic=False, languageStyle='LTR', name='distr', opacity=1, ori=178, pos=array([-0.24813421, -0.30097067]), rgb=UNKNOWN, text='L', units='height', win=Window(...), wrapWidth=1)
33.8646 	EXP 	Created distr = TextStim(__class__=<class 'psychopy.visual.text.TextStim'>, alignHoriz=method-wrapper(...), alignText='center', alignVert=method-wrapper(...), anchorHoriz='center', anchorVert='center', antialias=True, autoDraw=False, autoLog=True, bold=False, color=array([1., 1., 1.]), colorSpace='rgb', contrast=1.0, depth=-2.0, draggable=False, flipHoriz=False, flipVert=False, font='Open Sans', fontFiles=[], height=np.float64(0.05), italic=False, languageStyle='LTR', name='distr', opacity=1, ori=45, pos=array([-0.09155945, -0.34328774]), rgb=UNKNOWN, text='L', units='height', win=Window(...), wrapWidth=1)
33.8698 	EXP 	Created distr = TextStim(__class__=<class 'psychopy.visual.text.TextStim'>, alignHoriz=method-wrapper(...), alignText='center', alignVert=method-wrapper(...), anchorHoriz='center', anchorVert='center', antialias=True, autoDraw=False, autoLog=True, bold=False, color=array([1., 1., 1.]), colorSpace='rgb', contrast=1.0, depth=-2.0, draggable=False, flipHoriz=False, flipVert=False, font='Open Sans', fontFiles=[], height=np.float64(0.05), italic=False, languageStyle='LTR', name='distr', opacity=1, ori=202, pos=array([0.44671001, 0.15129014]), rgb=UNKNOWN, text='L', units='height', win=Window(...), wrapWidth=1)
33.8750 	EXP 	Created distr = TextStim(__class__=<class 'psychopy.visual.text.TextStim'>, alignHoriz=method-wrapper(...), alignText='center', alignVert=method-wrapper(...), anchorHoriz='center', anchorVert='center', antialias=True, autoDraw=False, autoLog=True, bold=False, color=array([1., 1., 1.]), colorSpace='rgb', contrast=1.0, depth=-2.0, draggable=False, flipHoriz=False, flipVert=False, font='Open Sans', fontFiles=[], height=np.float64(0.05), italic=False, languageStyle='LTR', name='distr', opacity=1, ori=42, pos=array([ 0.17414845, -0.29279496]), rgb=UNKNOWN, text='L', units='height', win=Window(...), wrapWidth=1)
33.8800 	EXP 	Created distr = TextStim(__class__=<class 'psychopy.visual.text.TextStim'>, alignHoriz=method-wrapper(...), alignText='center', alignVert=method-wrapper(...), anchorHoriz='center', anchorVert='center', antialias=True, autoDraw=False, autoLog=True, bold=False, color=array([1., 1., 1.]), colorSpace='rgb', contrast=1.0, depth=-2.0, draggable=False, flipHoriz=False, flipVert=False, font='Open Sans', fontFiles=[], height=np.float64(0.05), italic=False, languageStyle='LTR', name='distr', opacity=1, ori=97, pos=array([-0.34712041,  0.29296575]), rgb=UNKNOWN, text='L', units='height', win=Window(...), wrapWidth=1)
33.8850 	EXP 	Created distr = TextStim(__class__=<class 'psychopy.visual.text.TextStim'>, alignHoriz=method-wrapper(...), alignText='center', alignVert=method-wrapper(...), anchorHoriz='center', anchorVert='center', antialias=True, autoDraw=False, autoLog=True, bold=False, color=array([1., 1., 1.]), colorSpace='rgb', contrast=1.0, depth=-2.0, draggable=False, flipHoriz=False, flipVert=False, font='Open Sans', fontFiles=[], height=np.float64(0.05), italic=False, languageStyle='LTR', name='distr', opacity=1, ori=138, pos=array([-0.32722358,  0.20990844]), rgb=UNKNOWN, text='L', units='height', win=Window(...), wrapWidth=1)
33.8899 	EXP 	Created distr = TextStim(__class__=<class 'psychopy.visual.text.TextStim'>, alignHoriz=method-wrapper(...), alignText='center', alignVert=method-wrapper(...), anchorHoriz='center', anchorVert='center', antialias=True, autoDraw=False, autoLog=True, bold=False, color=array([1., 1., 1.]), colorSpace='rgb', contrast=1.0, depth=-2.0, draggable=False, flipHoriz=False, flipVert=False, font='Open Sans', fontFiles=[], height=np.float64(0.05), italic=False, languageStyle='LTR', name='distr', opacity=1, ori=264, pos=array([-0.49725021, -0.35364765]), rgb=UNKNOWN, text='L', units='height', win=Window(...), wrapWidth=1)
33.8948 	EXP 	Created distr = TextStim(__class__=<class 'psychopy.visual.text.TextStim'>, alignHoriz=method-wrapper(...), alignText='center', alignVert=method-wrapper(...), anchorHoriz='center', anchorVert='center', antialias=True, autoDraw=False, autoLog=True, bold=False, color=array([1., 1., 1.]), colorSpace='rgb', contrast=1.0, depth=-2.0, draggable=False, flipHoriz=False, flipVert=False, font='Open Sans', fontFiles=[], height=np.float64(0.05), italic=False, languageStyle='LTR', name='distr', opacity=1, ori=96, pos=array([-0.16216523,  0.31496755]), rgb=UNKNOWN, text='L', units='height', win=Window(...), wrapWidth=1)
33.8998 	EXP 	Created distr = TextStim(__class__=<class 'psychopy.visual.text.TextStim'>, alignHoriz=method-wrapper(...), alignText='center', alignVert=method-wrapper(...), anchorHoriz='center', anchorVert='center', antialias=True, autoDraw=False, autoLog=True, bold=False, color=array([1., 1., 1.]), colorSpace='rgb', contrast=1.0, depth=-2.0, draggable=False, flipHoriz=False, flipVert=False, font='Open Sans', fontFiles=[], height=np.float64(0.05), italic=False, languageStyle='LTR', name='distr', opacity=1, ori=290, pos=array([0.01626809, 0.33575197]), rgb=UNKNOWN, text='L', units='height', win=Window(...), wrapWidth=1)
33.9088 	EXP 	fixation: autoDraw = False
33.9088 	EXP 	target: autoDraw = False
33.9088 	EXP 	distr: autoDraw = False
33.9088 	EXP 	distr: autoDraw = False
33.9088 	EXP 	distr: autoDraw = False
33.9088 	EXP 	distr: autoDraw = False
33.9088 	EXP 	distr: autoDraw = False
33.9088 	EXP 	distr: autoDraw = False
33.9088 	EXP 	distr: autoDraw = False
33.9088 	EXP 	distr: autoDraw = False
33.9088 	EXP 	distr: autoDraw = False
33.9088 	EXP 	distr: autoDraw = False
33.9088 	EXP 	distr: autoDraw = True
33.9088 	EXP 	distr: autoDraw = True
33.9088 	EXP 	distr: autoDraw = True
33.9088 	EXP 	distr: autoDraw = True
33.9088 	EXP 	distr: autoDraw = True
33.9088 	EXP 	distr: autoDraw = True
33.9088 	EXP 	distr: autoDraw = True
33.9088 	EXP 	distr: autoDraw = True
33.9088 	EXP 	distr: autoDraw = True
33.9088 	EXP 	distr: autoDraw = True
33.9088 	EXP 	fixation: autoDraw = True
33.9088 	EXP 	target: autoDraw = True
33.9883 	DATA 	Mouse:  Left button up, pos=(306,598)
35.8872 	DATA 	Mouse: Left button down, pos=(476,175)
35.8922 	EXP 	New trial (rep=22, index=0): <Trial 22 (0 in rep 22) data={'thisN': 22, 'thisTrialN': 0, 'thisRepN': 22}>
35.9007 	EXP 	Created distr = TextStim(__class__=<class 'psychopy.visual.text.TextStim'>, alignHoriz=method-wrapper(...), alignText='center', alignVert=method-wrapper(...), anchorHoriz='center', anchorVert='center', antialias=True, autoDraw=False, autoLog=True, bold=False, color=array([1., 1., 1.]), colorSpace='rgb', contrast=1.0, depth=-2.0, draggable=False, flipHoriz=False, flipVert=False, font='Open Sans', fontFiles=[], height=np.float64(0.05), italic=False, languageStyle='LTR', name='distr', opacity=1, ori=299, pos=array([ 0.00223656, -0.17598872]), rgb=UNKNOWN, text='L', units='height', win=Window(...), wrapWidth=1)
35.9068 	EXP 	Created distr = TextStim(__class__=<class 'psychopy.visual.text.TextStim'>, alignHoriz=method-wrapper(...), alignText='center', alignVert=method-wrapper(...), anchorHoriz='center', anchorVert='center', antialias=True, autoDraw=False, autoLog=True, bold=False, color=array([1., 1., 1.]), colorSpace='rgb', contrast=1.0, depth=-2.0, draggable=False, flipHoriz=False, flipVert=False, font='Open Sans', fontFiles=[], height=np.float64(0.05), italic=False, languageStyle='LTR', name='distr', opacity=1, ori=46, pos=array([-0.16213921,  0.08036443]), rgb=UNKNOWN, text='L', units='height', win=Window(...), wrapWidth=1)
35.9121 	EXP 	Created distr = TextStim(__class__=<class 'psychopy.visual.text.TextStim'>, alignHoriz=method-wrapper(...), alignText='center', alignVert=method-wrapper(...), anchorHoriz='center', anchorVert='center', antialias=True, autoDraw=False, autoLog=True, bold=False, color=array([1., 1., 1.]), colorSpace='rgb', contrast=1.0, depth=-2.0, draggable=False, flipHoriz=False, flipVert=False, font='Open Sans', fontFiles=[], height=np.float64(0.05), italic=False, languageStyle='LTR', name='distr', opacity=1, ori=305, pos=array([ 0.34363716, -0.31836171]), rgb=UNKNOWN, text='L', units='height', win=Window(...), wrapWidth=1)
35.9172 	EXP 	Created distr = TextStim(__class__=<class 'psychopy.visual.text.TextStim'>, alignHoriz=method-wrapper(...), alignText='center', alignVert=method-wrapper(...), anchorHoriz='center', anchorVert='center', antialias=True, autoDraw=False, autoLog=True, bold=False, color=array([1., 1., 1.]), colorSpace='rgb', contrast=1.0, depth=-2.0, draggable=False, flipHoriz=False, flipVert=False, font='Open Sans', fontFiles=[], height=np.float64(0.05), italic=False, languageStyle='LTR', name='distr', opacity=1, ori=257, pos=array([-0.24484464, -0.09910586]), rgb=UNKNOWN, text='L', units='height', win=Window(...), wrapWidth=1)
35.9225 	EXP 	Created distr = TextStim(__class__=<class 'psychopy.visual.text.TextStim'>, alignHoriz=method-wrapper(...), alignText='center', alignVert=method-wrapper(...), anchorHoriz='center', anchorVert='center', antialias=True, autoDraw=False, autoLog=True, bold=False, color=array([1., 1., 1.]), colorSpace='rgb', contrast=1.0, depth=-2.0, draggable=False, flipHoriz=False, flipVert=False, font='Open Sans', fontFiles=[], height=np.float64(0.05), italic=False, languageStyle='LTR', name='distr', opacity=1, ori=82, pos=array([-0.39836546, -0.30139953]), rgb=UNKNOWN, text='L', units='height', win=Window(...), wrapWidth=1)
35.9276 	EXP 	Created distr = TextStim(__class__=<class 'psychopy.visual.text.TextStim'>, alignHoriz=method-wrapper(...), alignText='center', alignVert=method-wrapper(...), anchorHoriz='center', anchorVert='center', antialias=True, autoDraw=False, autoLog=True, bold=False, color=array([1., 1., 1.]), colorSpace='rgb', contrast=1.0, depth=-2.0, draggable=False, flipHoriz=False, flipVert=False, font='Open Sans', fontFiles=[], height=np.float64(0.05), italic=False, languageStyle='LTR', name='distr', opacity=1, ori=279, pos=array([-0.25537453,  0.41276575]), rgb=UNKNOWN, text='L', units='height', win=Window(...), wrapWidth=1)
35.9325 	EXP 	Created distr = TextStim(__class__=<class 'psychopy.visual.text.TextStim'>, alignHoriz=method-wrapper(...), alignText='center', alignVert=method-wrapper(...), anchorHoriz='center', anchorVert='center', antialias=True, autoDraw=False, autoLog=True, bold=False, color=array([1., 1., 1.]), colorSpace='rgb', contrast=1.0, depth=-2.0, draggable=False, flipHoriz=False, flipVert=False, font='Open Sans', fontFiles=[], height=np.float64(0.05), italic=False, languageStyle='LTR', name='distr', opacity=1, ori=44, pos=array([-0.12829354,  0.41972015]), rgb=UNKNOWN, text='L', units='height', win=Window(...), wrapWidth=1)
35.9376 	EXP 	Created distr = TextStim(__class__=<class 'psychopy.visual.text.TextStim'>, alignHoriz=method-wrapper(...), alignText='center', alignVert=method-wrapper(...), anchorHoriz='center', anchorVert='center', antialias=True, autoDraw=False, autoLog=True, bold=False, color=array([1., 1., 1.]), colorSpace='rgb', contrast=1.0, depth=-2.0, draggable=False, flipHoriz=False, flipVert=False, font='Open Sans', fontFiles=[], height=np.float64(0.05), italic=False, languageStyle='LTR', name='distr', opacity=1, ori=7, pos=array([0.24973372, 0.17550111]), rgb=UNKNOWN, text='L', units='height', win=Window(...), wrapWidth=1)
35.9425 	EXP 	Created distr = TextStim(__class__=<class 'psychopy.visual.text.TextStim'>, alignHoriz=method-wrapper(...), alignText='center', alignVert=method-wrapper(...), anchorHoriz='center', anchorVert='center', antialias=True, autoDraw=False, autoLog=True, bold=False, color=array([1., 1., 1.]), colorSpace='rgb', contrast=1.0, depth=-2.0, draggable=False, flipHoriz=False, flipVert=False, font='Open Sans', fontFiles=[], height=np.float64(0.05), italic=False, languageStyle='LTR', name='distr', opacity=1, ori=292, pos=array([-0.06901659,  0.11020116]), rgb=UNKNOWN, text='L', units='height', win=Window(...), wrapWidth=1)
35.9475 	EXP 	Created distr = TextStim(__class__=<class 'psychopy.visual.text.TextStim'>, alignHoriz=method-wrapper(...), alignText='center', alignVert=method-wrapper(...), anchorHoriz='center', anchorVert='center', antialias=True, autoDraw=False, autoLog=True, bold=False, color=array([1., 1., 1.]), colorSpace='rgb', contrast=1.0, depth=-2.0, draggable=False, flipHoriz=False, flipVert=False, font='Open Sans', fontFiles=[], height=np.float64(0.05), italic=False, languageStyle='LTR', name='distr', opacity=1, ori=29, pos=array([0.28574258, 0.25707194]), rgb=UNKNOWN, text='L', units='height', win=Window(...), wrapWidth=1)
35.9541 	DATA 	Mouse:  Left button up, pos=(476,175)
35.9569 	EXP 	fixation: autoDraw = False
35.9569 	EXP 	target: autoDraw = False
35.9569 	EXP 	distr: autoDraw = False
35.9569 	EXP 	distr: autoDraw = False
35.9569 	EXP 	distr: autoDraw = False
35.9569 	EXP 	distr: autoDraw = False
35.9569 	EXP 	distr: autoDraw = False
35.9569 	EXP 	distr: autoDraw = False
35.9569 	EXP 	distr: autoDraw = False
35.9569 	EXP 	distr: autoDraw = False
35.9569 	EXP 	distr: autoDraw = False
35.9569 	EXP 	distr: autoDraw = False
35.9569 	EXP 	distr: autoDraw = True
35.9569 	EXP 	distr: autoDraw = True
35.9569 	EXP 	distr: autoDraw = True
35.9569 	EXP 	distr: autoDraw = True
35.9569 	EXP 	distr: autoDraw = True
35.9569 	EXP 	distr: autoDraw = True
35.9569 	EXP 	distr: autoDraw = True
35.9569 	EXP 	distr: autoDraw = True
35.9569 	EXP 	distr: autoDraw = True
35.9569 	EXP 	distr: autoDraw = True
35.9569 	EXP 	fixation: autoDraw = True
35.9569 	EXP 	target: autoDraw = True
37.6039 	DATA 	Mouse: Left button down, pos=(539,690)
37.6087 	EXP 	New trial (rep=23, index=0): <Trial 23 (0 in rep 23) data={'thisN': 23, 'thisTrialN': 0, 'thisRepN': 23}>
37.6215 	EXP 	Created distr = TextStim(__class__=<class 'psychopy.visual.text.TextStim'>, alignHoriz=method-wrapper(...), alignText='center', alignVert=method-wrapper(...), anchorHoriz='center', anchorVert='center', antialias=True, autoDraw=False, autoLog=True, bold=False, color=array([1., 1., 1.]), colorSpace='rgb', contrast=1.0, depth=-2.0, draggable=False, flipHoriz=False, flipVert=False, font='Open Sans', fontFiles=[], height=np.float64(0.05), italic=False, languageStyle='LTR', name='distr', opacity=1, ori=44, pos=array([0.33853535, 0.34982257]), rgb=UNKNOWN, text='L', units='height', win=Window(...), wrapWidth=1)
37.6272 	EXP 	Created distr = TextStim(__class__=<class 'psychopy.visual.text.TextStim'>, alignHoriz=method-wrapper(...), alignText='center', alignVert=method-wrapper(...), anchorHoriz='center', anchorVert='center', antialias=True, autoDraw=False, autoLog=True, bold=False, color=array([1., 1., 1.]), colorSpace='rgb', contrast=1.0, depth=-2.0, draggable=False, flipHoriz=False, flipVert=False, font='Open Sans', fontFiles=[], height=np.float64(0.05), italic=False, languageStyle='LTR', name='distr', opacity=1, ori=236, pos=array([0.14791294, 0.18959245]), rgb=UNKNOWN, text='L', units='height', win=Window(...), wrapWidth=1)
37.6324 	EXP 	Created distr = TextStim(__class__=<class 'psychopy.visual.text.TextStim'>, alignHoriz=method-wrapper(...), alignText='center', alignVert=method-wrapper(...), anchorHoriz='center', anchorVert='center', antialias=True, autoDraw=False, autoLog=True, bold=False, color=array([1., 1., 1.]), colorSpace='rgb', contrast=1.0, depth=-2.0, draggable=False, flipHoriz=False, flipVert=False, font='Open Sans', fontFiles=[], height=np.float64(0.05), italic=False, languageStyle='LTR', name='distr', opacity=1, ori=68, pos=array([0.23013812, 0.28313482]), rgb=UNKNOWN, text='L', units='height', win=Window(...), wrapWidth=1)
37.6389 	EXP 	Created distr = TextStim(__class__=<class 'psychopy.visual.text.TextStim'>, alignHoriz=method-wrapper(...), alignText='center', alignVert=method-wrapper(...), anchorHoriz='center', anchorVert='center', antialias=True, autoDraw=False, autoLog=True, bold=False, color=array([1., 1., 1.]), colorSpace='rgb', contrast=1.0, depth=-2.0, draggable=False, flipHoriz=False, flipVert=False, font='Open Sans', fontFiles=[], height=np.float64(0.05), italic=False, languageStyle='LTR', name='distr', opacity=1, ori=218, pos=array([-0.36873964,  0.45057953]), rgb=UNKNOWN, text='L', units='height', win=Window(...), wrapWidth=1)
37.6444 	EXP 	Created distr = TextStim(__class__=<class 'psychopy.visual.text.TextStim'>, alignHoriz=method-wrapper(...), alignText='center', alignVert=method-wrapper(...), anchorHoriz='center', anchorVert='center', antialias=True, autoDraw=False, autoLog=True, bold=False, color=array([1., 1., 1.]), colorSpace='rgb', contrast=1.0, depth=-2.0, draggable=False, flipHoriz=False, flipVert=False, font='Open Sans', fontFiles=[], height=np.float64(0.05), italic=False, languageStyle='LTR', name='distr', opacity=1, ori=267, pos=array([0.25087059, 0.09116921]), rgb=UNKNOWN, text='L', units='height', win=Window(...), wrapWidth=1)
37.6513 	EXP 	fixation: autoDraw = False
37.6513 	EXP 	target: autoDraw = False
37.6513 	EXP 	distr: autoDraw = False
37.6513 	EXP 	distr: autoDraw = False
37.6513 	EXP 	distr: autoDraw = False
37.6513 	EXP 	distr: autoDraw = False
37.6513 	EXP 	distr: autoDraw = False
37.6513 	EXP 	distr: autoDraw = False
37.6513 	EXP 	distr: autoDraw = False
37.6513 	EXP 	distr: autoDraw = False
37.6513 	EXP 	distr: autoDraw = False
37.6513 	EXP 	distr: autoDraw = False
37.6513 	EXP 	distr: autoDraw = True
37.6513 	EXP 	distr: autoDraw = True
37.6513 	EXP 	distr: autoDraw = True
37.6513 	EXP 	distr: autoDraw = True
37.6513 	EXP 	distr: autoDraw = True
37.6513 	EXP 	fixation: autoDraw = True
37.6513 	EXP 	target: autoDraw = True
37.6876 	DATA 	Mouse:  Left button up, pos=(539,690)
39.2373 	DATA 	Mouse: Left button down, pos=(808,362)
39.2429 	EXP 	New trial (rep=24, index=0): <Trial 24 (0 in rep 24) data={'thisN': 24, 'thisTrialN': 0, 'thisRepN': 24}>
39.2540 	EXP 	Created distr = TextStim(__class__=<class 'psychopy.visual.text.TextStim'>, alignHoriz=method-wrapper(...), alignText='center', alignVert=method-wrapper(...), anchorHoriz='center', anchorVert='center', antialias=True, autoDraw=False, autoLog=True, bold=False, color=array([1., 1., 1.]), colorSpace='rgb', contrast=1.0, depth=-2.0, draggable=False, flipHoriz=False, flipVert=False, font='Open Sans', fontFiles=[], height=np.float64(0.05), italic=False, languageStyle='LTR', name='distr', opacity=1, ori=327, pos=array([0.27131714, 0.29740554]), rgb=UNKNOWN, text='L', units='height', win=Window(...), wrapWidth=1)
39.2603 	EXP 	Created distr = TextStim(__class__=<class 'psychopy.visual.text.TextStim'>, alignHoriz=method-wrapper(...), alignText='center', alignVert=method-wrapper(...), anchorHoriz='center', anchorVert='center', antialias=True, autoDraw=False, autoLog=True, bold=False, color=array([1., 1., 1.]), colorSpace='rgb', contrast=1.0, depth=-2.0, draggable=False, flipHoriz=False, flipVert=False, font='Open Sans', fontFiles=[], height=np.float64(0.05), italic=False, languageStyle='LTR', name='distr', opacity=1, ori=226, pos=array([-0.11648427, -0.11637114]), rgb=UNKNOWN, text='L', units='height', win=Window(...), wrapWidth=1)
39.2659 	EXP 	Created distr = TextStim(__class__=<class 'psychopy.visual.text.TextStim'>, alignHoriz=method-wrapper(...), alignText='center', alignVert=method-wrapper(...), anchorHoriz='center', anchorVert='center', antialias=True, autoDraw=False, autoLog=True, bold=False, color=array([1., 1., 1.]), colorSpace='rgb', contrast=1.0, depth=-2.0, draggable=False, flipHoriz=False, flipVert=False, font='Open Sans', fontFiles=[], height=np.float64(0.05), italic=False, languageStyle='LTR', name='distr', opacity=1, ori=144, pos=array([-0.38873264,  0.13876607]), rgb=UNKNOWN, text='L', units='height', win=Window(...), wrapWidth=1)
39.2711 	EXP 	Created distr = TextStim(__class__=<class 'psychopy.visual.text.TextStim'>, alignHoriz=method-wrapper(...), alignText='center', alignVert=method-wrapper(...), anchorHoriz='center', anchorVert='center', antialias=True, autoDraw=False, autoLog=True, bold=False, color=array([1., 1., 1.]), colorSpace='rgb', contrast=1.0, depth=-2.0, draggable=False, flipHoriz=False, flipVert=False, font='Open Sans', fontFiles=[], height=np.float64(0.05), italic=False, languageStyle='LTR', name='distr', opacity=1, ori=71, pos=array([-0.16699397,  0.23877154]), rgb=UNKNOWN, text='L', units='height', win=Window(...), wrapWidth=1)
39.2762 	EXP 	Created distr = TextStim(__class__=<class 'psychopy.visual.text.TextStim'>, alignHoriz=method-wrapper(...), alignText='center', alignVert=method-wrapper(...), anchorHoriz='center', anchorVert='center', antialias=True, autoDraw=False, autoLog=True, bold=False, color=array([1., 1., 1.]), colorSpace='rgb', contrast=1.0, depth=-2.0, draggable=False, flipHoriz=False, flipVert=False, font='Open Sans', fontFiles=[], height=np.float64(0.05), italic=False, languageStyle='LTR', name='distr', opacity=1, ori=2, pos=array([-0.33147871, -0.00159768]), rgb=UNKNOWN, text='L', units='height', win=Window(...), wrapWidth=1)
39.2826 	EXP 	fixation: autoDraw = False
39.2826 	EXP 	target: autoDraw = False
39.2826 	EXP 	distr: autoDraw = False
39.2826 	EXP 	distr: autoDraw = False
39.2826 	EXP 	distr: autoDraw = False
39.2826 	EXP 	distr: autoDraw = False
39.2826 	EXP 	distr: autoDraw = False
39.2826 	EXP 	distr: autoDraw = True
39.2826 	EXP 	distr: autoDraw = True
39.2826 	EXP 	distr: autoDraw = True
39.2826 	EXP 	distr: autoDraw = True
39.2826 	EXP 	distr: autoDraw = True
39.2826 	EXP 	fixation: autoDraw = True
39.2826 	EXP 	target: autoDraw = True
39.3041 	DATA 	Mouse:  Left button up, pos=(808,362)
40.5368 	DATA 	Mouse: Left button down, pos=(511,604)
40.5416 	EXP 	New trial (rep=25, index=0): <Trial 25 (0 in rep 25) data={'thisN': 25, 'thisTrialN': 0, 'thisRepN': 25}>
40.5507 	EXP 	Created distr = TextStim(__class__=<class 'psychopy.visual.text.TextStim'>, alignHoriz=method-wrapper(...), alignText='center', alignVert=method-wrapper(...), anchorHoriz='center', anchorVert='center', antialias=True, autoDraw=False, autoLog=True, bold=False, color=array([1., 1., 1.]), colorSpace='rgb', contrast=1.0, depth=-2.0, draggable=False, flipHoriz=False, flipVert=False, font='Open Sans', fontFiles=[], height=np.float64(0.05), italic=False, languageStyle='LTR', name='distr', opacity=1, ori=193, pos=array([ 0.14353519, -0.35105705]), rgb=UNKNOWN, text='L', units='height', win=Window(...), wrapWidth=1)
40.5570 	EXP 	Created distr = TextStim(__class__=<class 'psychopy.visual.text.TextStim'>, alignHoriz=method-wrapper(...), alignText='center', alignVert=method-wrapper(...), anchorHoriz='center', anchorVert='center', antialias=True, autoDraw=False, autoLog=True, bold=False, color=array([1., 1., 1.]), colorSpace='rgb', contrast=1.0, depth=-2.0, draggable=False, flipHoriz=False, flipVert=False, font='Open Sans', fontFiles=[], height=np.float64(0.05), italic=False, languageStyle='LTR', name='distr', opacity=1, ori=146, pos=array([-0.20177356,  0.05422663]), rgb=UNKNOWN, text='L', units='height', win=Window(...), wrapWidth=1)
40.5650 	EXP 	Created distr = TextStim(__class__=<class 'psychopy.visual.text.TextStim'>, alignHoriz=method-wrapper(...), alignText='center', alignVert=method-wrapper(...), anchorHoriz='center', anchorVert='center', antialias=True, autoDraw=False, autoLog=True, bold=False, color=array([1., 1., 1.]), colorSpace='rgb', contrast=1.0, depth=-2.0, draggable=False, flipHoriz=False, flipVert=False, font='Open Sans', fontFiles=[], height=np.float64(0.05), italic=False, languageStyle='LTR', name='distr', opacity=1, ori=159, pos=array([0.33434017, 0.04115539]), rgb=UNKNOWN, text='L', units='height', win=Window(...), wrapWidth=1)
40.5706 	EXP 	Created distr = TextStim(__class__=<class 'psychopy.visual.text.TextStim'>, alignHoriz=method-wrapper(...), alignText='center', alignVert=method-wrapper(...), anchorHoriz='center', anchorVert='center', antialias=True, autoDraw=False, autoLog=True, bold=False, color=array([1., 1., 1.]), colorSpace='rgb', contrast=1.0, depth=-2.0, draggable=False, flipHoriz=False, flipVert=False, font='Open Sans', fontFiles=[], height=np.float64(0.05), italic=False, languageStyle='LTR', name='distr', opacity=1, ori=159, pos=array([-0.1873365 , -0.11989475]), rgb=UNKNOWN, text='L', units='height', win=Window(...), wrapWidth=1)
40.5759 	EXP 	Created distr = TextStim(__class__=<class 'psychopy.visual.text.TextStim'>, alignHoriz=method-wrapper(...), alignText='center', alignVert=method-wrapper(...), anchorHoriz='center', anchorVert='center', antialias=True, autoDraw=False, autoLog=True, bold=False, color=array([1., 1., 1.]), colorSpace='rgb', contrast=1.0, depth=-2.0, draggable=False, flipHoriz=False, flipVert=False, font='Open Sans', fontFiles=[], height=np.float64(0.05), italic=False, languageStyle='LTR', name='distr', opacity=1, ori=3, pos=array([-0.12888855, -0.26689854]), rgb=UNKNOWN, text='L', units='height', win=Window(...), wrapWidth=1)
40.5825 	EXP 	fixation: autoDraw = False
40.5825 	EXP 	target: autoDraw = False
40.5825 	EXP 	distr: autoDraw = False
40.5825 	EXP 	distr: autoDraw = False
40.5825 	EXP 	distr: autoDraw = False
40.5825 	EXP 	distr: autoDraw = False
40.5825 	EXP 	distr: autoDraw = False
40.5825 	EXP 	distr: autoDraw = True
40.5825 	EXP 	distr: autoDraw = True
40.5825 	EXP 	distr: autoDraw = True
40.5825 	EXP 	distr: autoDraw = True
40.5825 	EXP 	distr: autoDraw = True
40.5825 	EXP 	fixation: autoDraw = True
40.5825 	EXP 	target: autoDraw = True
40.6207 	DATA 	Mouse:  Left button up, pos=(511,604)
41.7706 	DATA 	Mouse: Left button down, pos=(1095,518)
41.7754 	EXP 	New trial (rep=26, index=0): <Trial 26 (0 in rep 26) data={'thisN': 26, 'thisTrialN': 0, 'thisRepN': 26}>
41.7847 	EXP 	Created distr = TextStim(__class__=<class 'psychopy.visual.text.TextStim'>, alignHoriz=method-wrapper(...), alignText='center', alignVert=method-wrapper(...), anchorHoriz='center', anchorVert='center', antialias=True, autoDraw=False, autoLog=True, bold=False, color=array([1., 1., 1.]), colorSpace='rgb', contrast=1.0, depth=-2.0, draggable=False, flipHoriz=False, flipVert=False, font='Open Sans', fontFiles=[], height=np.float64(0.05), italic=False, languageStyle='LTR', name='distr', opacity=1, ori=305, pos=array([-0.12286132,  0.39997096]), rgb=UNKNOWN, text='L', units='height', win=Window(...), wrapWidth=1)
41.7916 	EXP 	Created distr = TextStim(__class__=<class 'psychopy.visual.text.TextStim'>, alignHoriz=method-wrapper(...), alignText='center', alignVert=method-wrapper(...), anchorHoriz='center', anchorVert='center', antialias=True, autoDraw=False, autoLog=True, bold=False, color=array([1., 1., 1.]), colorSpace='rgb', contrast=1.0, depth=-2.0, draggable=False, flipHoriz=False, flipVert=False, font='Open Sans', fontFiles=[], height=np.float64(0.05), italic=False, languageStyle='LTR', name='distr', opacity=1, ori=83, pos=array([-0.04092567, -0.26290654]), rgb=UNKNOWN, text='L', units='height', win=Window(...), wrapWidth=1)
41.7973 	EXP 	Created distr = TextStim(__class__=<class 'psychopy.visual.text.TextStim'>, alignHoriz=method-wrapper(...), alignText='center', alignVert=method-wrapper(...), anchorHoriz='center', anchorVert='center', antialias=True, autoDraw=False, autoLog=True, bold=False, color=array([1., 1., 1.]), colorSpace='rgb', contrast=1.0, depth=-2.0, draggable=False, flipHoriz=False, flipVert=False, font='Open Sans', fontFiles=[], height=np.float64(0.05), italic=False, languageStyle='LTR', name='distr', opacity=1, ori=55, pos=array([ 0.41532703, -0.07458635]), rgb=UNKNOWN, text='L', units='height', win=Window(...), wrapWidth=1)
41.8026 	EXP 	Created distr = TextStim(__class__=<class 'psychopy.visual.text.TextStim'>, alignHoriz=method-wrapper(...), alignText='center', alignVert=method-wrapper(...), anchorHoriz='center', anchorVert='center', antialias=True, autoDraw=False, autoLog=True, bold=False, color=array([1., 1., 1.]), colorSpace='rgb', contrast=1.0, depth=-2.0, draggable=False, flipHoriz=False, flipVert=False, font='Open Sans', fontFiles=[], height=np.float64(0.05), italic=False, languageStyle='LTR', name='distr', opacity=1, ori=260, pos=array([0.29940635, 0.22762883]), rgb=UNKNOWN, text='L', units='height', win=Window(...), wrapWidth=1)
41.8079 	EXP 	Created distr = TextStim(__class__=<class 'psychopy.visual.text.TextStim'>, alignHoriz=method-wrapper(...), alignText='center', alignVert=method-wrapper(...), anchorHoriz='center', anchorVert='center', antialias=True, autoDraw=False, autoLog=True, bold=False, color=array([1., 1., 1.]), colorSpace='rgb', contrast=1.0, depth=-2.0, draggable=False, flipHoriz=False, flipVert=False, font='Open Sans', fontFiles=[], height=np.float64(0.05), italic=False, languageStyle='LTR', name='distr', opacity=1, ori=280, pos=array([0.28362091, 0.33010286]), rgb=UNKNOWN, text='L', units='height', win=Window(...), wrapWidth=1)
41.8129 	EXP 	Created distr = TextStim(__class__=<class 'psychopy.visual.text.TextStim'>, alignHoriz=method-wrapper(...), alignText='center', alignVert=method-wrapper(...), anchorHoriz='center', anchorVert='center', antialias=True, autoDraw=False, autoLog=True, bold=False, color=array([1., 1., 1.]), colorSpace='rgb', contrast=1.0, depth=-2.0, draggable=False, flipHoriz=False, flipVert=False, font='Open Sans', fontFiles=[], height=np.float64(0.05), italic=False, languageStyle='LTR', name='distr', opacity=1, ori=91, pos=array([-0.42171862,  0.37275972]), rgb=UNKNOWN, text='L', units='height', win=Window(...), wrapWidth=1)
41.8179 	EXP 	Created distr = TextStim(__class__=<class 'psychopy.visual.text.TextStim'>, alignHoriz=method-wrapper(...), alignText='center', alignVert=method-wrapper(...), anchorHoriz='center', anchorVert='center', antialias=True, autoDraw=False, autoLog=True, bold=False, color=array([1., 1., 1.]), colorSpace='rgb', contrast=1.0, depth=-2.0, draggable=False, flipHoriz=False, flipVert=False, font='Open Sans', fontFiles=[], height=np.float64(0.05), italic=False, languageStyle='LTR', name='distr', opacity=1, ori=339, pos=array([-0.15002352, -0.04031111]), rgb=UNKNOWN, text='L', units='height', win=Window(...), wrapWidth=1)
41.8228 	EXP 	Created distr = TextStim(__class__=<class 'psychopy.visual.text.TextStim'>, alignHoriz=method-wrapper(...), alignText='center', alignVert=method-wrapper(...), anchorHoriz='center', anchorVert='center', antialias=True, autoDraw=False, autoLog=True, bold=False, color=array([1., 1., 1.]), colorSpace='rgb', contrast=1.0, depth=-2.0, draggable=False, flipHoriz=False, flipVert=False, font='Open Sans', fontFiles=[], height=np.float64(0.05), italic=False, languageStyle='LTR', name='distr', opacity=1, ori=61, pos=array([ 0.04276919, -0.01307366]), rgb=UNKNOWN, text='L', units='height', win=Window(...), wrapWidth=1)
41.8278 	EXP 	Created distr = TextStim(__class__=<class 'psychopy.visual.text.TextStim'>, alignHoriz=method-wrapper(...), alignText='center', alignVert=method-wrapper(...), anchorHoriz='center', anchorVert='center', antialias=True, autoDraw=False, autoLog=True, bold=False, color=array([1., 1., 1.]), colorSpace='rgb', contrast=1.0, depth=-2.0, draggable=False, flipHoriz=False, flipVert=False, font='Open Sans', fontFiles=[], height=np.float64(0.05), italic=False, languageStyle='LTR', name='distr', opacity=1, ori=207, pos=array([-0.47007095,  0.01924155]), rgb=UNKNOWN, text='L', units='height', win=Window(...), wrapWidth=1)
41.8329 	EXP 	Created distr = TextStim(__class__=<class 'psychopy.visual.text.TextStim'>, alignHoriz=method-wrapper(...), alignText='center', alignVert=method-wrapper(...), anchorHoriz='center', anchorVert='center', antialias=True, autoDraw=False, autoLog=True, bold=False, color=array([1., 1., 1.]), colorSpace='rgb', contrast=1.0, depth=-2.0, draggable=False, flipHoriz=False, flipVert=False, font='Open Sans', fontFiles=[], height=np.float64(0.05), italic=False, languageStyle='LTR', name='distr', opacity=1, ori=3, pos=array([-0.30241016,  0.32760901]), rgb=UNKNOWN, text='L', units='height', win=Window(...), wrapWidth=1)
41.8395 	DATA 	Mouse:  Left button up, pos=(1095,518)
41.8424 	EXP 	fixation: autoDraw = False
41.8424 	EXP 	target: autoDraw = False
41.8424 	EXP 	distr: autoDraw = False
41.8424 	EXP 	distr: autoDraw = False
41.8424 	EXP 	distr: autoDraw = False
41.8424 	EXP 	distr: autoDraw = False
41.8424 	EXP 	distr: autoDraw = False
41.8424 	EXP 	distr: autoDraw = True
41.8424 	EXP 	distr: autoDraw = True
41.8424 	EXP 	distr: autoDraw = True
41.8424 	EXP 	distr: autoDraw = True
41.8424 	EXP 	distr: autoDraw = True
41.8424 	EXP 	distr: autoDraw = True
41.8424 	EXP 	distr: autoDraw = True
41.8424 	EXP 	distr: autoDraw = True
41.8424 	EXP 	distr: autoDraw = True
41.8424 	EXP 	distr: autoDraw = True
41.8424 	EXP 	fixation: autoDraw = True
41.8424 	EXP 	target: autoDraw = True
43.9210 	DATA 	Mouse: Left button down, pos=(898,258)
43.9260 	EXP 	New trial (rep=27, index=0): <Trial 27 (0 in rep 27) data={'thisN': 27, 'thisTrialN': 0, 'thisRepN': 27}>
43.9365 	EXP 	Created distr = TextStim(__class__=<class 'psychopy.visual.text.TextStim'>, alignHoriz=method-wrapper(...), alignText='center', alignVert=method-wrapper(...), anchorHoriz='center', anchorVert='center', antialias=True, autoDraw=False, autoLog=True, bold=False, color=array([1., 1., 1.]), colorSpace='rgb', contrast=1.0, depth=-2.0, draggable=False, flipHoriz=False, flipVert=False, font='Open Sans', fontFiles=[], height=np.float64(0.05), italic=False, languageStyle='LTR', name='distr', opacity=1, ori=90, pos=array([ 0.01579532, -0.06092675]), rgb=UNKNOWN, text='L', units='height', win=Window(...), wrapWidth=1)
43.9427 	EXP 	Created distr = TextStim(__class__=<class 'psychopy.visual.text.TextStim'>, alignHoriz=method-wrapper(...), alignText='center', alignVert=method-wrapper(...), anchorHoriz='center', anchorVert='center', antialias=True, autoDraw=False, autoLog=True, bold=False, color=array([1., 1., 1.]), colorSpace='rgb', contrast=1.0, depth=-2.0, draggable=False, flipHoriz=False, flipVert=False, font='Open Sans', fontFiles=[], height=np.float64(0.05), italic=False, languageStyle='LTR', name='distr', opacity=1, ori=161, pos=array([ 0.3576354 , -0.34730527]), rgb=UNKNOWN, text='L', units='height', win=Window(...), wrapWidth=1)
43.9480 	EXP 	Created distr = TextStim(__class__=<class 'psychopy.visual.text.TextStim'>, alignHoriz=method-wrapper(...), alignText='center', alignVert=method-wrapper(...), anchorHoriz='center', anchorVert='center', antialias=True, autoDraw=False, autoLog=True, bold=False, color=array([1., 1., 1.]), colorSpace='rgb', contrast=1.0, depth=-2.0, draggable=False, flipHoriz=False, flipVert=False, font='Open Sans', fontFiles=[], height=np.float64(0.05), italic=False, languageStyle='LTR', name='distr', opacity=1, ori=254, pos=array([ 0.33483721, -0.36327935]), rgb=UNKNOWN, text='L', units='height', win=Window(...), wrapWidth=1)
43.9532 	EXP 	Created distr = TextStim(__class__=<class 'psychopy.visual.text.TextStim'>, alignHoriz=method-wrapper(...), alignText='center', alignVert=method-wrapper(...), anchorHoriz='center', anchorVert='center', antialias=True, autoDraw=False, autoLog=True, bold=False, color=array([1., 1., 1.]), colorSpace='rgb', contrast=1.0, depth=-2.0, draggable=False, flipHoriz=False, flipVert=False, font='Open Sans', fontFiles=[], height=np.float64(0.05), italic=False, languageStyle='LTR', name='distr', opacity=1, ori=343, pos=array([-0.40688307, -0.17452718]), rgb=UNKNOWN, text='L', units='height', win=Window(...), wrapWidth=1)
43.9584 	EXP 	Created distr = TextStim(__class__=<class 'psychopy.visual.text.TextStim'>, alignHoriz=method-wrapper(...), alignText='center', alignVert=method-wrapper(...), anchorHoriz='center', anchorVert='center', antialias=True, autoDraw=False, autoLog=True, bold=False, color=array([1., 1., 1.]), colorSpace='rgb', contrast=1.0, depth=-2.0, draggable=False, flipHoriz=False, flipVert=False, font='Open Sans', fontFiles=[], height=np.float64(0.05), italic=False, languageStyle='LTR', name='distr', opacity=1, ori=343, pos=array([ 0.31670641, -0.17991765]), rgb=UNKNOWN, text='L', units='height', win=Window(...), wrapWidth=1)
43.9650 	EXP 	fixation: autoDraw = False
43.9650 	EXP 	target: autoDraw = False
43.9650 	EXP 	distr: autoDraw = False
43.9650 	EXP 	distr: autoDraw = False
43.9650 	EXP 	distr: autoDraw = False
43.9650 	EXP 	distr: autoDraw = False
43.9650 	EXP 	distr: autoDraw = False
43.9650 	EXP 	distr: autoDraw = False
43.9650 	EXP 	distr: autoDraw = False
43.9650 	EXP 	distr: autoDraw = False
43.9650 	EXP 	distr: autoDraw = False
43.9650 	EXP 	distr: autoDraw = False
43.9650 	EXP 	distr: autoDraw = True
43.9650 	EXP 	distr: autoDraw = True
43.9650 	EXP 	distr: autoDraw = True
43.9650 	EXP 	distr: autoDraw = True
43.9650 	EXP 	distr: autoDraw = True
43.9650 	EXP 	fixation: autoDraw = True
43.9650 	EXP 	target: autoDraw = True
44.0040 	DATA 	Mouse:  Left button up, pos=(898,258)
45.3548 	DATA 	Mouse: Left button down, pos=(489,376)
45.3601 	EXP 	New trial (rep=28, index=0): <Trial 28 (0 in rep 28) data={'thisN': 28, 'thisTrialN': 0, 'thisRepN': 28}>
45.3708 	EXP 	Created distr = TextStim(__class__=<class 'psychopy.visual.text.TextStim'>, alignHoriz=method-wrapper(...), alignText='center', alignVert=method-wrapper(...), anchorHoriz='center', anchorVert='center', antialias=True, autoDraw=False, autoLog=True, bold=False, color=array([1., 1., 1.]), colorSpace='rgb', contrast=1.0, depth=-2.0, draggable=False, flipHoriz=False, flipVert=False, font='Open Sans', fontFiles=[], height=np.float64(0.05), italic=False, languageStyle='LTR', name='distr', opacity=1, ori=95, pos=array([-0.22318517, -0.08376063]), rgb=UNKNOWN, text='L', units='height', win=Window(...), wrapWidth=1)
45.3773 	EXP 	Created distr = TextStim(__class__=<class 'psychopy.visual.text.TextStim'>, alignHoriz=method-wrapper(...), alignText='center', alignVert=method-wrapper(...), anchorHoriz='center', anchorVert='center', antialias=True, autoDraw=False, autoLog=True, bold=False, color=array([1., 1., 1.]), colorSpace='rgb', contrast=1.0, depth=-2.0, draggable=False, flipHoriz=False, flipVert=False, font='Open Sans', fontFiles=[], height=np.float64(0.05), italic=False, languageStyle='LTR', name='distr', opacity=1, ori=13, pos=array([0.13110874, 0.36628617]), rgb=UNKNOWN, text='L', units='height', win=Window(...), wrapWidth=1)
45.3829 	EXP 	Created distr = TextStim(__class__=<class 'psychopy.visual.text.TextStim'>, alignHoriz=method-wrapper(...), alignText='center', alignVert=method-wrapper(...), anchorHoriz='center', anchorVert='center', antialias=True, autoDraw=False, autoLog=True, bold=False, color=array([1., 1., 1.]), colorSpace='rgb', contrast=1.0, depth=-2.0, draggable=False, flipHoriz=False, flipVert=False, font='Open Sans', fontFiles=[], height=np.float64(0.05), italic=False, languageStyle='LTR', name='distr', opacity=1, ori=149, pos=array([-0.40807342,  0.06613902]), rgb=UNKNOWN, text='L', units='height', win=Window(...), wrapWidth=1)
45.3884 	EXP 	Created distr = TextStim(__class__=<class 'psychopy.visual.text.TextStim'>, alignHoriz=method-wrapper(...), alignText='center', alignVert=method-wrapper(...), anchorHoriz='center', anchorVert='center', antialias=True, autoDraw=False, autoLog=True, bold=False, color=array([1., 1., 1.]), colorSpace='rgb', contrast=1.0, depth=-2.0, draggable=False, flipHoriz=False, flipVert=False, font='Open Sans', fontFiles=[], height=np.float64(0.05), italic=False, languageStyle='LTR', name='distr', opacity=1, ori=265, pos=array([ 0.45089257, -0.01719811]), rgb=UNKNOWN, text='L', units='height', win=Window(...), wrapWidth=1)
45.3938 	EXP 	Created distr = TextStim(__class__=<class 'psychopy.visual.text.TextStim'>, alignHoriz=method-wrapper(...), alignText='center', alignVert=method-wrapper(...), anchorHoriz='center', anchorVert='center', antialias=True, autoDraw=False, autoLog=True, bold=False, color=array([1., 1., 1.]), colorSpace='rgb', contrast=1.0, depth=-2.0, draggable=False, flipHoriz=False, flipVert=False, font='Open Sans', fontFiles=[], height=np.float64(0.05), italic=False, languageStyle='LTR', name='distr', opacity=1, ori=118, pos=array([0.0593562 , 0.10640739]), rgb=UNKNOWN, text='L', units='height', win=Window(...), wrapWidth=1)
45.4001 	EXP 	fixation: autoDraw = False
45.4001 	EXP 	target: autoDraw = False
45.4001 	EXP 	distr: autoDraw = False
45.4001 	EXP 	distr: autoDraw = False
45.4001 	EXP 	distr: autoDraw = False
45.4001 	EXP 	distr: autoDraw = False
45.4001 	EXP 	distr: autoDraw = False
45.4001 	EXP 	distr: autoDraw = True
45.4001 	EXP 	distr: autoDraw = True
45.4001 	EXP 	distr: autoDraw = True
45.4001 	EXP 	distr: autoDraw = True
45.4001 	EXP 	distr: autoDraw = True
45.4001 	EXP 	fixation: autoDraw = True
45.4001 	EXP 	target: autoDraw = True
45.4377 	DATA 	Mouse:  Left button up, pos=(489,376)
46.8702 	DATA 	Mouse: Left button down, pos=(942,109)
46.8750 	EXP 	New trial (rep=29, index=0): <Trial 29 (0 in rep 29) data={'thisN': 29, 'thisTrialN': 0, 'thisRepN': 29}>
46.8843 	EXP 	Created distr = TextStim(__class__=<class 'psychopy.visual.text.TextStim'>, alignHoriz=method-wrapper(...), alignText='center', alignVert=method-wrapper(...), anchorHoriz='center', anchorVert='center', antialias=True, autoDraw=False, autoLog=True, bold=False, color=array([1., 1., 1.]), colorSpace='rgb', contrast=1.0, depth=-2.0, draggable=False, flipHoriz=False, flipVert=False, font='Open Sans', fontFiles=[], height=np.float64(0.05), italic=False, languageStyle='LTR', name='distr', opacity=1, ori=102, pos=array([0.23294593, 0.03338546]), rgb=UNKNOWN, text='L', units='height', win=Window(...), wrapWidth=1)
46.8909 	EXP 	Created distr = TextStim(__class__=<class 'psychopy.visual.text.TextStim'>, alignHoriz=method-wrapper(...), alignText='center', alignVert=method-wrapper(...), anchorHoriz='center', anchorVert='center', antialias=True, autoDraw=False, autoLog=True, bold=False, color=array([1., 1., 1.]), colorSpace='rgb', contrast=1.0, depth=-2.0, draggable=False, flipHoriz=False, flipVert=False, font='Open Sans', fontFiles=[], height=np.float64(0.05), italic=False, languageStyle='LTR', name='distr', opacity=1, ori=32, pos=array([ 0.282901  , -0.08275453]), rgb=UNKNOWN, text='L', units='height', win=Window(...), wrapWidth=1)
46.8966 	EXP 	Created distr = TextStim(__class__=<class 'psychopy.visual.text.TextStim'>, alignHoriz=method-wrapper(...), alignText='center', alignVert=method-wrapper(...), anchorHoriz='center', anchorVert='center', antialias=True, autoDraw=False, autoLog=True, bold=False, color=array([1., 1., 1.]), colorSpace='rgb', contrast=1.0, depth=-2.0, draggable=False, flipHoriz=False, flipVert=False, font='Open Sans', fontFiles=[], height=np.float64(0.05), italic=False, languageStyle='LTR', name='distr', opacity=1, ori=4, pos=array([-0.34282054, -0.10497253]), rgb=UNKNOWN, text='L', units='height', win=Window(...), wrapWidth=1)
46.9021 	EXP 	Created distr = TextStim(__class__=<class 'psychopy.visual.text.TextStim'>, alignHoriz=method-wrapper(...), alignText='center', alignVert=method-wrapper(...), anchorHoriz='center', anchorVert='center', antialias=True, autoDraw=False, autoLog=True, bold=False, color=array([1., 1., 1.]), colorSpace='rgb', contrast=1.0, depth=-2.0, draggable=False, flipHoriz=False, flipVert=False, font='Open Sans', fontFiles=[], height=np.float64(0.05), italic=False, languageStyle='LTR', name='distr', opacity=1, ori=115, pos=array([ 0.31546117, -0.14115654]), rgb=UNKNOWN, text='L', units='height', win=Window(...), wrapWidth=1)
46.9071 	EXP 	Created distr = TextStim(__class__=<class 'psychopy.visual.text.TextStim'>, alignHoriz=method-wrapper(...), alignText='center', alignVert=method-wrapper(...), anchorHoriz='center', anchorVert='center', antialias=True, autoDraw=False, autoLog=True, bold=False, color=array([1., 1., 1.]), colorSpace='rgb', contrast=1.0, depth=-2.0, draggable=False, flipHoriz=False, flipVert=False, font='Open Sans', fontFiles=[], height=np.float64(0.05), italic=False, languageStyle='LTR', name='distr', opacity=1, ori=123, pos=array([-0.08815111, -0.07948544]), rgb=UNKNOWN, text='L', units='height', win=Window(...), wrapWidth=1)
46.9121 	EXP 	Created distr = TextStim(__class__=<class 'psychopy.visual.text.TextStim'>, alignHoriz=method-wrapper(...), alignText='center', alignVert=method-wrapper(...), anchorHoriz='center', anchorVert='center', antialias=True, autoDraw=False, autoLog=True, bold=False, color=array([1., 1., 1.]), colorSpace='rgb', contrast=1.0, depth=-2.0, draggable=False, flipHoriz=False, flipVert=False, font='Open Sans', fontFiles=[], height=np.float64(0.05), italic=False, languageStyle='LTR', name='distr', opacity=1, ori=314, pos=array([ 0.06921427, -0.42384133]), rgb=UNKNOWN, text='L', units='height', win=Window(...), wrapWidth=1)
46.9171 	EXP 	Created distr = TextStim(__class__=<class 'psychopy.visual.text.TextStim'>, alignHoriz=method-wrapper(...), alignText='center', alignVert=method-wrapper(...), anchorHoriz='center', anchorVert='center', antialias=True, autoDraw=False, autoLog=True, bold=False, color=array([1., 1., 1.]), colorSpace='rgb', contrast=1.0, depth=-2.0, draggable=False, flipHoriz=False, flipVert=False, font='Open Sans', fontFiles=[], height=np.float64(0.05), italic=False, languageStyle='LTR', name='distr', opacity=1, ori=62, pos=array([-0.38317917,  0.06211457]), rgb=UNKNOWN, text='L', units='height', win=Window(...), wrapWidth=1)
46.9221 	EXP 	Created distr = TextStim(__class__=<class 'psychopy.visual.text.TextStim'>, alignHoriz=method-wrapper(...), alignText='center', alignVert=method-wrapper(...), anchorHoriz='center', anchorVert='center', antialias=True, autoDraw=False, autoLog=True, bold=False, color=array([1., 1., 1.]), colorSpace='rgb', contrast=1.0, depth=-2.0, draggable=False, flipHoriz=False, flipVert=False, font='Open Sans', fontFiles=[], height=np.float64(0.05), italic=False, languageStyle='LTR', name='distr', opacity=1, ori=298, pos=array([ 0.11397119, -0.10037927]), rgb=UNKNOWN, text='L', units='height', win=Window(...), wrapWidth=1)
46.9273 	EXP 	Created distr = TextStim(__class__=<class 'psychopy.visual.text.TextStim'>, alignHoriz=method-wrapper(...), alignText='center', alignVert=method-wrapper(...), anchorHoriz='center', anchorVert='center', antialias=True, autoDraw=False, autoLog=True, bold=False, color=array([1., 1., 1.]), colorSpace='rgb', contrast=1.0, depth=-2.0, draggable=False, flipHoriz=False, flipVert=False, font='Open Sans', fontFiles=[], height=np.float64(0.05), italic=False, languageStyle='LTR', name='distr', opacity=1, ori=34, pos=array([-0.08967988,  0.27960229]), rgb=UNKNOWN, text='L', units='height', win=Window(...), wrapWidth=1)
46.9323 	EXP 	Created distr = TextStim(__class__=<class 'psychopy.visual.text.TextStim'>, alignHoriz=method-wrapper(...), alignText='center', alignVert=method-wrapper(...), anchorHoriz='center', anchorVert='center', antialias=True, autoDraw=False, autoLog=True, bold=False, color=array([1., 1., 1.]), colorSpace='rgb', contrast=1.0, depth=-2.0, draggable=False, flipHoriz=False, flipVert=False, font='Open Sans', fontFiles=[], height=np.float64(0.05), italic=False, languageStyle='LTR', name='distr', opacity=1, ori=222, pos=array([ 0.36878558, -0.07542106]), rgb=UNKNOWN, text='L', units='height', win=Window(...), wrapWidth=1)
46.9390 	DATA 	Mouse:  Left button up, pos=(942,108)
46.9419 	EXP 	fixation: autoDraw = False
46.9419 	EXP 	target: autoDraw = False
46.9419 	EXP 	distr: autoDraw = False
46.9419 	EXP 	distr: autoDraw = False
46.9419 	EXP 	distr: autoDraw = False
46.9419 	EXP 	distr: autoDraw = False
46.9419 	EXP 	distr: autoDraw = False
46.9419 	EXP 	distr: autoDraw = True
46.9419 	EXP 	distr: autoDraw = True
46.9419 	EXP 	distr: autoDraw = True
46.9419 	EXP 	distr: autoDraw = True
46.9419 	EXP 	distr: autoDraw = True
46.9419 	EXP 	distr: autoDraw = True
46.9419 	EXP 	distr: autoDraw = True
46.9419 	EXP 	distr: autoDraw = True
46.9419 	EXP 	distr: autoDraw = True
46.9419 	EXP 	distr: autoDraw = True
46.9419 	EXP 	fixation: autoDraw = True
46.9419 	EXP 	target: autoDraw = True
48.2038 	DATA 	Mouse: Left button down, pos=(361,308)
48.2086 	EXP 	New trial (rep=30, index=0): <Trial 30 (0 in rep 30) data={'thisN': 30, 'thisTrialN': 0, 'thisRepN': 30}>
48.2201 	EXP 	Created distr = TextStim(__class__=<class 'psychopy.visual.text.TextStim'>, alignHoriz=method-wrapper(...), alignText='center', alignVert=method-wrapper(...), anchorHoriz='center', anchorVert='center', antialias=True, autoDraw=False, autoLog=True, bold=False, color=array([1., 1., 1.]), colorSpace='rgb', contrast=1.0, depth=-2.0, draggable=False, flipHoriz=False, flipVert=False, font='Open Sans', fontFiles=[], height=np.float64(0.05), italic=False, languageStyle='LTR', name='distr', opacity=1, ori=170, pos=array([-0.22668098, -0.33269024]), rgb=UNKNOWN, text='L', units='height', win=Window(...), wrapWidth=1)
48.2259 	EXP 	Created distr = TextStim(__class__=<class 'psychopy.visual.text.TextStim'>, alignHoriz=method-wrapper(...), alignText='center', alignVert=method-wrapper(...), anchorHoriz='center', anchorVert='center', antialias=True, autoDraw=False, autoLog=True, bold=False, color=array([1., 1., 1.]), colorSpace='rgb', contrast=1.0, depth=-2.0, draggable=False, flipHoriz=False, flipVert=False, font='Open Sans', fontFiles=[], height=np.float64(0.05), italic=False, languageStyle='LTR', name='distr', opacity=1, ori=226, pos=array([ 0.26791294, -0.30440287]), rgb=UNKNOWN, text='L', units='height', win=Window(...), wrapWidth=1)
48.2311 	EXP 	Created distr = TextStim(__class__=<class 'psychopy.visual.text.TextStim'>, alignHoriz=method-wrapper(...), alignText='center', alignVert=method-wrapper(...), anchorHoriz='center', anchorVert='center', antialias=True, autoDraw=False, autoLog=True, bold=False, color=array([1., 1., 1.]), colorSpace='rgb', contrast=1.0, depth=-2.0, draggable=False, flipHoriz=False, flipVert=False, font='Open Sans', fontFiles=[], height=np.float64(0.05), italic=False, languageStyle='LTR', name='distr', opacity=1, ori=173, pos=array([-0.07452689, -0.15672354]), rgb=UNKNOWN, text='L', units='height', win=Window(...), wrapWidth=1)
48.2368 	EXP 	Created distr = TextStim(__class__=<class 'psychopy.visual.text.TextStim'>, alignHoriz=method-wrapper(...), alignText='center', alignVert=method-wrapper(...), anchorHoriz='center', anchorVert='center', antialias=True, autoDraw=False, autoLog=True, bold=False, color=array([1., 1., 1.]), colorSpace='rgb', contrast=1.0, depth=-2.0, draggable=False, flipHoriz=False, flipVert=False, font='Open Sans', fontFiles=[], height=np.float64(0.05), italic=False, languageStyle='LTR', name='distr', opacity=1, ori=123, pos=array([-0.12584239, -0.48058218]), rgb=UNKNOWN, text='L', units='height', win=Window(...), wrapWidth=1)
48.2419 	EXP 	Created distr = TextStim(__class__=<class 'psychopy.visual.text.TextStim'>, alignHoriz=method-wrapper(...), alignText='center', alignVert=method-wrapper(...), anchorHoriz='center', anchorVert='center', antialias=True, autoDraw=False, autoLog=True, bold=False, color=array([1., 1., 1.]), colorSpace='rgb', contrast=1.0, depth=-2.0, draggable=False, flipHoriz=False, flipVert=False, font='Open Sans', fontFiles=[], height=np.float64(0.05), italic=False, languageStyle='LTR', name='distr', opacity=1, ori=57, pos=array([0.28509744, 0.44841631]), rgb=UNKNOWN, text='L', units='height', win=Window(...), wrapWidth=1)
48.2470 	EXP 	Created distr = TextStim(__class__=<class 'psychopy.visual.text.TextStim'>, alignHoriz=method-wrapper(...), alignText='center', alignVert=method-wrapper(...), anchorHoriz='center', anchorVert='center', antialias=True, autoDraw=False, autoLog=True, bold=False, color=array([1., 1., 1.]), colorSpace='rgb', contrast=1.0, depth=-2.0, draggable=False, flipHoriz=False, flipVert=False, font='Open Sans', fontFiles=[], height=np.float64(0.05), italic=False, languageStyle='LTR', name='distr', opacity=1, ori=266, pos=array([-0.43841158, -0.03855095]), rgb=UNKNOWN, text='L', units='height', win=Window(...), wrapWidth=1)
48.2520 	EXP 	Created distr = TextStim(__class__=<class 'psychopy.visual.text.TextStim'>, alignHoriz=method-wrapper(...), alignText='center', alignVert=method-wrapper(...), anchorHoriz='center', anchorVert='center', antialias=True, autoDraw=False, autoLog=True, bold=False, color=array([1., 1., 1.]), colorSpace='rgb', contrast=1.0, depth=-2.0, draggable=False, flipHoriz=False, flipVert=False, font='Open Sans', fontFiles=[], height=np.float64(0.05), italic=False, languageStyle='LTR', name='distr', opacity=1, ori=176, pos=array([-0.19876332,  0.32039063]), rgb=UNKNOWN, text='L', units='height', win=Window(...), wrapWidth=1)
48.2569 	EXP 	Created distr = TextStim(__class__=<class 'psychopy.visual.text.TextStim'>, alignHoriz=method-wrapper(...), alignText='center', alignVert=method-wrapper(...), anchorHoriz='center', anchorVert='center', antialias=True, autoDraw=False, autoLog=True, bold=False, color=array([1., 1., 1.]), colorSpace='rgb', contrast=1.0, depth=-2.0, draggable=False, flipHoriz=False, flipVert=False, font='Open Sans', fontFiles=[], height=np.float64(0.05), italic=False, languageStyle='LTR', name='distr', opacity=1, ori=44, pos=array([0.45088988, 0.1364619 ]), rgb=UNKNOWN, text='L', units='height', win=Window(...), wrapWidth=1)
48.2619 	EXP 	Created distr = TextStim(__class__=<class 'psychopy.visual.text.TextStim'>, alignHoriz=method-wrapper(...), alignText='center', alignVert=method-wrapper(...), anchorHoriz='center', anchorVert='center', antialias=True, autoDraw=False, autoLog=True, bold=False, color=array([1., 1., 1.]), colorSpace='rgb', contrast=1.0, depth=-2.0, draggable=False, flipHoriz=False, flipVert=False, font='Open Sans', fontFiles=[], height=np.float64(0.05), italic=False, languageStyle='LTR', name='distr', opacity=1, ori=203, pos=array([ 0.37811828, -0.44397282]), rgb=UNKNOWN, text='L', units='height', win=Window(...), wrapWidth=1)
48.2669 	EXP 	Created distr = TextStim(__class__=<class 'psychopy.visual.text.TextStim'>, alignHoriz=method-wrapper(...), alignText='center', alignVert=method-wrapper(...), anchorHoriz='center', anchorVert='center', antialias=True, autoDraw=False, autoLog=True, bold=False, color=array([1., 1., 1.]), colorSpace='rgb', contrast=1.0, depth=-2.0, draggable=False, flipHoriz=False, flipVert=False, font='Open Sans', fontFiles=[], height=np.float64(0.05), italic=False, languageStyle='LTR', name='distr', opacity=1, ori=256, pos=array([-0.40332783,  0.38511675]), rgb=UNKNOWN, text='L', units='height', win=Window(...), wrapWidth=1)
48.2759 	EXP 	fixation: autoDraw = False
48.2759 	EXP 	target: autoDraw = False
48.2759 	EXP 	distr: autoDraw = False
48.2759 	EXP 	distr: autoDraw = False
48.2759 	EXP 	distr: autoDraw = False
48.2759 	EXP 	distr: autoDraw = False
48.2759 	EXP 	distr: autoDraw = False
48.2759 	EXP 	distr: autoDraw = False
48.2759 	EXP 	distr: autoDraw = False
48.2759 	EXP 	distr: autoDraw = False
48.2759 	EXP 	distr: autoDraw = False
48.2759 	EXP 	distr: autoDraw = False
48.2759 	EXP 	distr: autoDraw = True
48.2759 	EXP 	distr: autoDraw = True
48.2759 	EXP 	distr: autoDraw = True
48.2759 	EXP 	distr: autoDraw = True
48.2759 	EXP 	distr: autoDraw = True
48.2759 	EXP 	distr: autoDraw = True
48.2759 	EXP 	distr: autoDraw = True
48.2759 	EXP 	distr: autoDraw = True
48.2759 	EXP 	distr: autoDraw = True
48.2759 	EXP 	distr: autoDraw = True
48.2759 	EXP 	fixation: autoDraw = True
48.2759 	EXP 	target: autoDraw = True
48.2877 	DATA 	Mouse:  Left button up, pos=(361,308)
49.7891 	DATA 	Mouse: Left button down, pos=(845,240)
49.7903 	EXP 	New trial (rep=31, index=0): <Trial 31 (0 in rep 31) data={'thisN': 31, 'thisTrialN': 0, 'thisRepN': 31}>
49.7983 	EXP 	Created distr = TextStim(__class__=<class 'psychopy.visual.text.TextStim'>, alignHoriz=method-wrapper(...), alignText='center', alignVert=method-wrapper(...), anchorHoriz='center', anchorVert='center', antialias=True, autoDraw=False, autoLog=True, bold=False, color=array([1., 1., 1.]), colorSpace='rgb', contrast=1.0, depth=-2.0, draggable=False, flipHoriz=False, flipVert=False, font='Open Sans', fontFiles=[], height=np.float64(0.05), italic=False, languageStyle='LTR', name='distr', opacity=1, ori=6, pos=array([ 0.4969392 , -0.27306917]), rgb=UNKNOWN, text='L', units='height', win=Window(...), wrapWidth=1)
49.8061 	EXP 	Created distr = TextStim(__class__=<class 'psychopy.visual.text.TextStim'>, alignHoriz=method-wrapper(...), alignText='center', alignVert=method-wrapper(...), anchorHoriz='center', anchorVert='center', antialias=True, autoDraw=False, autoLog=True, bold=False, color=array([1., 1., 1.]), colorSpace='rgb', contrast=1.0, depth=-2.0, draggable=False, flipHoriz=False, flipVert=False, font='Open Sans', fontFiles=[], height=np.float64(0.05), italic=False, languageStyle='LTR', name='distr', opacity=1, ori=5, pos=array([0.24842973, 0.23368811]), rgb=UNKNOWN, text='L', units='height', win=Window(...), wrapWidth=1)
49.8112 	EXP 	Created distr = TextStim(__class__=<class 'psychopy.visual.text.TextStim'>, alignHoriz=method-wrapper(...), alignText='center', alignVert=method-wrapper(...), anchorHoriz='center', anchorVert='center', antialias=True, autoDraw=False, autoLog=True, bold=False, color=array([1., 1., 1.]), colorSpace='rgb', contrast=1.0, depth=-2.0, draggable=False, flipHoriz=False, flipVert=False, font='Open Sans', fontFiles=[], height=np.float64(0.05), italic=False, languageStyle='LTR', name='distr', opacity=1, ori=1, pos=array([-0.17491738,  0.28057313]), rgb=UNKNOWN, text='L', units='height', win=Window(...), wrapWidth=1)
49.8163 	EXP 	Created distr = TextStim(__class__=<class 'psychopy.visual.text.TextStim'>, alignHoriz=method-wrapper(...), alignText='center', alignVert=method-wrapper(...), anchorHoriz='center', anchorVert='center', antialias=True, autoDraw=False, autoLog=True, bold=False, color=array([1., 1., 1.]), colorSpace='rgb', contrast=1.0, depth=-2.0, draggable=False, flipHoriz=False, flipVert=False, font='Open Sans', fontFiles=[], height=np.float64(0.05), italic=False, languageStyle='LTR', name='distr', opacity=1, ori=202, pos=array([-0.19733859,  0.00041875]), rgb=UNKNOWN, text='L', units='height', win=Window(...), wrapWidth=1)
49.8214 	EXP 	Created distr = TextStim(__class__=<class 'psychopy.visual.text.TextStim'>, alignHoriz=method-wrapper(...), alignText='center', alignVert=method-wrapper(...), anchorHoriz='center', anchorVert='center', antialias=True, autoDraw=False, autoLog=True, bold=False, color=array([1., 1., 1.]), colorSpace='rgb', contrast=1.0, depth=-2.0, draggable=False, flipHoriz=False, flipVert=False, font='Open Sans', fontFiles=[], height=np.float64(0.05), italic=False, languageStyle='LTR', name='distr', opacity=1, ori=73, pos=array([ 0.11424553, -0.07908135]), rgb=UNKNOWN, text='L', units='height', win=Window(...), wrapWidth=1)
49.8264 	EXP 	Created distr = TextStim(__class__=<class 'psychopy.visual.text.TextStim'>, alignHoriz=method-wrapper(...), alignText='center', alignVert=method-wrapper(...), anchorHoriz='center', anchorVert='center', antialias=True, autoDraw=False, autoLog=True, bold=False, color=array([1., 1., 1.]), colorSpace='rgb', contrast=1.0, depth=-2.0, draggable=False, flipHoriz=False, flipVert=False, font='Open Sans', fontFiles=[], height=np.float64(0.05), italic=False, languageStyle='LTR', name='distr', opacity=1, ori=320, pos=array([ 0.2467196 , -0.07217438]), rgb=UNKNOWN, text='L', units='height', win=Window(...), wrapWidth=1)
49.8313 	EXP 	Created distr = TextStim(__class__=<class 'psychopy.visual.text.TextStim'>, alignHoriz=method-wrapper(...), alignText='center', alignVert=method-wrapper(...), anchorHoriz='center', anchorVert='center', antialias=True, autoDraw=False, autoLog=True, bold=False, color=array([1., 1., 1.]), colorSpace='rgb', contrast=1.0, depth=-2.0, draggable=False, flipHoriz=False, flipVert=False, font='Open Sans', fontFiles=[], height=np.float64(0.05), italic=False, languageStyle='LTR', name='distr', opacity=1, ori=114, pos=array([ 0.28266368, -0.07703468]), rgb=UNKNOWN, text='L', units='height', win=Window(...), wrapWidth=1)
49.8363 	EXP 	Created distr = TextStim(__class__=<class 'psychopy.visual.text.TextStim'>, alignHoriz=method-wrapper(...), alignText='center', alignVert=method-wrapper(...), anchorHoriz='center', anchorVert='center', antialias=True, autoDraw=False, autoLog=True, bold=False, color=array([1., 1., 1.]), colorSpace='rgb', contrast=1.0, depth=-2.0, draggable=False, flipHoriz=False, flipVert=False, font='Open Sans', fontFiles=[], height=np.float64(0.05), italic=False, languageStyle='LTR', name='distr', opacity=1, ori=16, pos=array([ 0.13729752, -0.39014276]), rgb=UNKNOWN, text='L', units='height', win=Window(...), wrapWidth=1)
49.8413 	EXP 	Created distr = TextStim(__class__=<class 'psychopy.visual.text.TextStim'>, alignHoriz=method-wrapper(...), alignText='center', alignVert=method-wrapper(...), anchorHoriz='center', anchorVert='center', antialias=True, autoDraw=False, autoLog=True, bold=False, color=array([1., 1., 1.]), colorSpace='rgb', contrast=1.0, depth=-2.0, draggable=False, flipHoriz=False, flipVert=False, font='Open Sans', fontFiles=[], height=np.float64(0.05), italic=False, languageStyle='LTR', name='distr', opacity=1, ori=33, pos=array([-0.3767239 ,  0.02649751]), rgb=UNKNOWN, text='L', units='height', win=Window(...), wrapWidth=1)
49.8465 	EXP 	Created distr = TextStim(__class__=<class 'psychopy.visual.text.TextStim'>, alignHoriz=method-wrapper(...), alignText='center', alignVert=method-wrapper(...), anchorHoriz='center', anchorVert='center', antialias=True, autoDraw=False, autoLog=True, bold=False, color=array([1., 1., 1.]), colorSpace='rgb', contrast=1.0, depth=-2.0, draggable=False, flipHoriz=False, flipVert=False, font='Open Sans', fontFiles=[], height=np.float64(0.05), italic=False, languageStyle='LTR', name='distr', opacity=1, ori=135, pos=array([0.22510516, 0.38998804]), rgb=UNKNOWN, text='L', units='height', win=Window(...), wrapWidth=1)
49.8556 	EXP 	fixation: autoDraw = False
49.8556 	EXP 	target: autoDraw = False
49.8556 	EXP 	distr: autoDraw = False
49.8556 	EXP 	distr: autoDraw = False
49.8556 	EXP 	distr: autoDraw = False
49.8556 	EXP 	distr: autoDraw = False
49.8556 	EXP 	distr: autoDraw = False
49.8556 	EXP 	distr: autoDraw = False
49.8556 	EXP 	distr: autoDraw = False
49.8556 	EXP 	distr: autoDraw = False
49.8556 	EXP 	distr: autoDraw = False
49.8556 	EXP 	distr: autoDraw = False
49.8556 	EXP 	distr: autoDraw = True
49.8556 	EXP 	distr: autoDraw = True
49.8556 	EXP 	distr: autoDraw = True
49.8556 	EXP 	distr: autoDraw = True
49.8556 	EXP 	distr: autoDraw = True
49.8556 	EXP 	distr: autoDraw = True
49.8556 	EXP 	distr: autoDraw = True
49.8556 	EXP 	distr: autoDraw = True
49.8556 	EXP 	distr: autoDraw = True
49.8556 	EXP 	distr: autoDraw = True
49.8556 	EXP 	fixation: autoDraw = True
49.8556 	EXP 	target: autoDraw = True
49.8710 	DATA 	Mouse:  Left button up, pos=(845,240)
51.7370 	DATA 	Mouse: Left button down, pos=(1153,518)
51.7418 	EXP 	New trial (rep=32, index=0): <Trial 32 (0 in rep 32) data={'thisN': 32, 'thisTrialN': 0, 'thisRepN': 32}>
51.7494 	EXP 	Created distr = TextStim(__class__=<class 'psychopy.visual.text.TextStim'>, alignHoriz=method-wrapper(...), alignText='center', alignVert=method-wrapper(...), anchorHoriz='center', anchorVert='center', antialias=True, autoDraw=False, autoLog=True, bold=False, color=array([1., 1., 1.]), colorSpace='rgb', contrast=1.0, depth=-2.0, draggable=False, flipHoriz=False, flipVert=False, font='Open Sans', fontFiles=[], height=np.float64(0.05), italic=False, languageStyle='LTR', name='distr', opacity=1, ori=169, pos=array([0.17270267, 0.40671517]), rgb=UNKNOWN, text='L', units='height', win=Window(...), wrapWidth=1)
51.7562 	EXP 	Created distr = TextStim(__class__=<class 'psychopy.visual.text.TextStim'>, alignHoriz=method-wrapper(...), alignText='center', alignVert=method-wrapper(...), anchorHoriz='center', anchorVert='center', antialias=True, autoDraw=False, autoLog=True, bold=False, color=array([1., 1., 1.]), colorSpace='rgb', contrast=1.0, depth=-2.0, draggable=False, flipHoriz=False, flipVert=False, font='Open Sans', fontFiles=[], height=np.float64(0.05), italic=False, languageStyle='LTR', name='distr', opacity=1, ori=311, pos=array([-0.47403336, -0.18376416]), rgb=UNKNOWN, text='L', units='height', win=Window(...), wrapWidth=1)
51.7615 	EXP 	Created distr = TextStim(__class__=<class 'psychopy.visual.text.TextStim'>, alignHoriz=method-wrapper(...), alignText='center', alignVert=method-wrapper(...), anchorHoriz='center', anchorVert='center', antialias=True, autoDraw=False, autoLog=True, bold=False, color=array([1., 1., 1.]), colorSpace='rgb', contrast=1.0, depth=-2.0, draggable=False, flipHoriz=False, flipVert=False, font='Open Sans', fontFiles=[], height=np.float64(0.05), italic=False, languageStyle='LTR', name='distr', opacity=1, ori=276, pos=array([-0.0160143 , -0.04486273]), rgb=UNKNOWN, text='L', units='height', win=Window(...), wrapWidth=1)
51.7665 	EXP 	Created distr = TextStim(__class__=<class 'psychopy.visual.text.TextStim'>, alignHoriz=method-wrapper(...), alignText='center', alignVert=method-wrapper(...), anchorHoriz='center', anchorVert='center', antialias=True, autoDraw=False, autoLog=True, bold=False, color=array([1., 1., 1.]), colorSpace='rgb', contrast=1.0, depth=-2.0, draggable=False, flipHoriz=False, flipVert=False, font='Open Sans', fontFiles=[], height=np.float64(0.05), italic=False, languageStyle='LTR', name='distr', opacity=1, ori=70, pos=array([ 0.06271212, -0.03556461]), rgb=UNKNOWN, text='L', units='height', win=Window(...), wrapWidth=1)
51.7717 	EXP 	Created distr = TextStim(__class__=<class 'psychopy.visual.text.TextStim'>, alignHoriz=method-wrapper(...), alignText='center', alignVert=method-wrapper(...), anchorHoriz='center', anchorVert='center', antialias=True, autoDraw=False, autoLog=True, bold=False, color=array([1., 1., 1.]), colorSpace='rgb', contrast=1.0, depth=-2.0, draggable=False, flipHoriz=False, flipVert=False, font='Open Sans', fontFiles=[], height=np.float64(0.05), italic=False, languageStyle='LTR', name='distr', opacity=1, ori=290, pos=array([-0.30355415, -0.04209102]), rgb=UNKNOWN, text='L', units='height', win=Window(...), wrapWidth=1)
51.7783 	EXP 	fixation: autoDraw = False
51.7783 	EXP 	target: autoDraw = False
51.7783 	EXP 	distr: autoDraw = False
51.7783 	EXP 	distr: autoDraw = False
51.7783 	EXP 	distr: autoDraw = False
51.7783 	EXP 	distr: autoDraw = False
51.7783 	EXP 	distr: autoDraw = False
51.7783 	EXP 	distr: autoDraw = False
51.7783 	EXP 	distr: autoDraw = False
51.7783 	EXP 	distr: autoDraw = False
51.7783 	EXP 	distr: autoDraw = False
51.7783 	EXP 	distr: autoDraw = False
51.7783 	EXP 	distr: autoDraw = True
51.7783 	EXP 	distr: autoDraw = True
51.7783 	EXP 	distr: autoDraw = True
51.7783 	EXP 	distr: autoDraw = True
51.7783 	EXP 	distr: autoDraw = True
51.7783 	EXP 	fixation: autoDraw = True
51.7783 	EXP 	target: autoDraw = True
51.8209 	DATA 	Mouse:  Left button up, pos=(1153,518)
53.9886 	DATA 	Mouse: Left button down, pos=(764,386)
53.9901 	EXP 	New trial (rep=33, index=0): <Trial 33 (0 in rep 33) data={'thisN': 33, 'thisTrialN': 0, 'thisRepN': 33}>
54.0004 	EXP 	Created distr = TextStim(__class__=<class 'psychopy.visual.text.TextStim'>, alignHoriz=method-wrapper(...), alignText='center', alignVert=method-wrapper(...), anchorHoriz='center', anchorVert='center', antialias=True, autoDraw=False, autoLog=True, bold=False, color=array([1., 1., 1.]), colorSpace='rgb', contrast=1.0, depth=-2.0, draggable=False, flipHoriz=False, flipVert=False, font='Open Sans', fontFiles=[], height=np.float64(0.05), italic=False, languageStyle='LTR', name='distr', opacity=1, ori=109, pos=array([-0.22532291, -0.31075443]), rgb=UNKNOWN, text='L', units='height', win=Window(...), wrapWidth=1)
54.0071 	EXP 	Created distr = TextStim(__class__=<class 'psychopy.visual.text.TextStim'>, alignHoriz=method-wrapper(...), alignText='center', alignVert=method-wrapper(...), anchorHoriz='center', anchorVert='center', antialias=True, autoDraw=False, autoLog=True, bold=False, color=array([1., 1., 1.]), colorSpace='rgb', contrast=1.0, depth=-2.0, draggable=False, flipHoriz=False, flipVert=False, font='Open Sans', fontFiles=[], height=np.float64(0.05), italic=False, languageStyle='LTR', name='distr', opacity=1, ori=35, pos=array([ 0.17188176, -0.26451603]), rgb=UNKNOWN, text='L', units='height', win=Window(...), wrapWidth=1)
54.0127 	EXP 	Created distr = TextStim(__class__=<class 'psychopy.visual.text.TextStim'>, alignHoriz=method-wrapper(...), alignText='center', alignVert=method-wrapper(...), anchorHoriz='center', anchorVert='center', antialias=True, autoDraw=False, autoLog=True, bold=False, color=array([1., 1., 1.]), colorSpace='rgb', contrast=1.0, depth=-2.0, draggable=False, flipHoriz=False, flipVert=False, font='Open Sans', fontFiles=[], height=np.float64(0.05), italic=False, languageStyle='LTR', name='distr', opacity=1, ori=186, pos=array([-0.25414697,  0.42782242]), rgb=UNKNOWN, text='L', units='height', win=Window(...), wrapWidth=1)
54.0179 	EXP 	Created distr = TextStim(__class__=<class 'psychopy.visual.text.TextStim'>, alignHoriz=method-wrapper(...), alignText='center', alignVert=method-wrapper(...), anchorHoriz='center', anchorVert='center', antialias=True, autoDraw=False, autoLog=True, bold=False, color=array([1., 1., 1.]), colorSpace='rgb', contrast=1.0, depth=-2.0, draggable=False, flipHoriz=False, flipVert=False, font='Open Sans', fontFiles=[], height=np.float64(0.05), italic=False, languageStyle='LTR', name='distr', opacity=1, ori=65, pos=array([-0.07296831, -0.40227342]), rgb=UNKNOWN, text='L', units='height', win=Window(...), wrapWidth=1)
54.0233 	EXP 	Created distr = TextStim(__class__=<class 'psychopy.visual.text.TextStim'>, alignHoriz=method-wrapper(...), alignText='center', alignVert=method-wrapper(...), anchorHoriz='center', anchorVert='center', antialias=True, autoDraw=False, autoLog=True, bold=False, color=array([1., 1., 1.]), colorSpace='rgb', contrast=1.0, depth=-2.0, draggable=False, flipHoriz=False, flipVert=False, font='Open Sans', fontFiles=[], height=np.float64(0.05), italic=False, languageStyle='LTR', name='distr', opacity=1, ori=313, pos=array([ 0.07743795, -0.49495911]), rgb=UNKNOWN, text='L', units='height', win=Window(...), wrapWidth=1)
54.0283 	EXP 	Created distr = TextStim(__class__=<class 'psychopy.visual.text.TextStim'>, alignHoriz=method-wrapper(...), alignText='center', alignVert=method-wrapper(...), anchorHoriz='center', anchorVert='center', antialias=True, autoDraw=False, autoLog=True, bold=False, color=array([1., 1., 1.]), colorSpace='rgb', contrast=1.0, depth=-2.0, draggable=False, flipHoriz=False, flipVert=False, font='Open Sans', fontFiles=[], height=np.float64(0.05), italic=False, languageStyle='LTR', name='distr', opacity=1, ori=18, pos=array([0.01957981, 0.33602888]), rgb=UNKNOWN, text='L', units='height', win=Window(...), wrapWidth=1)
54.0333 	EXP 	Created distr = TextStim(__class__=<class 'psychopy.visual.text.TextStim'>, alignHoriz=method-wrapper(...), alignText='center', alignVert=method-wrapper(...), anchorHoriz='center', anchorVert='center', antialias=True, autoDraw=False, autoLog=True, bold=False, color=array([1., 1., 1.]), colorSpace='rgb', contrast=1.0, depth=-2.0, draggable=False, flipHoriz=False, flipVert=False, font='Open Sans', fontFiles=[], height=np.float64(0.05), italic=False, languageStyle='LTR', name='distr', opacity=1, ori=294, pos=array([0.43081595, 0.44352014]), rgb=UNKNOWN, text='L', units='height', win=Window(...), wrapWidth=1)
54.0384 	EXP 	Created distr = TextStim(__class__=<class 'psychopy.visual.text.TextStim'>, alignHoriz=method-wrapper(...), alignText='center', alignVert=method-wrapper(...), anchorHoriz='center', anchorVert='center', antialias=True, autoDraw=False, autoLog=True, bold=False, color=array([1., 1., 1.]), colorSpace='rgb', contrast=1.0, depth=-2.0, draggable=False, flipHoriz=False, flipVert=False, font='Open Sans', fontFiles=[], height=np.float64(0.05), italic=False, languageStyle='LTR', name='distr', opacity=1, ori=79, pos=array([ 0.24818126, -0.28501571]), rgb=UNKNOWN, text='L', units='height', win=Window(...), wrapWidth=1)
54.0433 	EXP 	Created distr = TextStim(__class__=<class 'psychopy.visual.text.TextStim'>, alignHoriz=method-wrapper(...), alignText='center', alignVert=method-wrapper(...), anchorHoriz='center', anchorVert='center', antialias=True, autoDraw=False, autoLog=True, bold=False, color=array([1., 1., 1.]), colorSpace='rgb', contrast=1.0, depth=-2.0, draggable=False, flipHoriz=False, flipVert=False, font='Open Sans', fontFiles=[], height=np.float64(0.05), italic=False, languageStyle='LTR', name='distr', opacity=1, ori=116, pos=array([-0.42408098, -0.0775803 ]), rgb=UNKNOWN, text='L', units='height', win=Window(...), wrapWidth=1)
54.0484 	EXP 	Created distr = TextStim(__class__=<class 'psychopy.visual.text.TextStim'>, alignHoriz=method-wrapper(...), alignText='center', alignVert=method-wrapper(...), anchorHoriz='center', anchorVert='center', antialias=True, autoDraw=False, autoLog=True, bold=False, color=array([1., 1., 1.]), colorSpace='rgb', contrast=1.0, depth=-2.0, draggable=False, flipHoriz=False, flipVert=False, font='Open Sans', fontFiles=[], height=np.float64(0.05), italic=False, languageStyle='LTR', name='distr', opacity=1, ori=307, pos=array([0.26999656, 0.46904137]), rgb=UNKNOWN, text='L', units='height', win=Window(...), wrapWidth=1)
54.0577 	EXP 	fixation: autoDraw = False
54.0577 	EXP 	target: autoDraw = False
54.0577 	EXP 	distr: autoDraw = False
54.0577 	EXP 	distr: autoDraw = False
54.0577 	EXP 	distr: autoDraw = False
54.0577 	EXP 	distr: autoDraw = False
54.0577 	EXP 	distr: autoDraw = False
54.0577 	EXP 	distr: autoDraw = True
54.0577 	EXP 	distr: autoDraw = True
54.0577 	EXP 	distr: autoDraw = True
54.0577 	EXP 	distr: autoDraw = True
54.0577 	EXP 	distr: autoDraw = True
54.0577 	EXP 	distr: autoDraw = True
54.0577 	EXP 	distr: autoDraw = True
54.0577 	EXP 	distr: autoDraw = True
54.0577 	EXP 	distr: autoDraw = True
54.0577 	EXP 	distr: autoDraw = True
54.0577 	EXP 	fixation: autoDraw = True
54.0577 	EXP 	target: autoDraw = True
54.0717 	DATA 	Mouse:  Left button up, pos=(764,386)
55.6872 	DATA 	Mouse: Left button down, pos=(962,36)
55.6921 	EXP 	New trial (rep=34, index=0): <Trial 34 (0 in rep 34) data={'thisN': 34, 'thisTrialN': 0, 'thisRepN': 34}>
55.7027 	EXP 	Created distr = TextStim(__class__=<class 'psychopy.visual.text.TextStim'>, alignHoriz=method-wrapper(...), alignText='center', alignVert=method-wrapper(...), anchorHoriz='center', anchorVert='center', antialias=True, autoDraw=False, autoLog=True, bold=False, color=array([1., 1., 1.]), colorSpace='rgb', contrast=1.0, depth=-2.0, draggable=False, flipHoriz=False, flipVert=False, font='Open Sans', fontFiles=[], height=np.float64(0.05), italic=False, languageStyle='LTR', name='distr', opacity=1, ori=272, pos=array([ 0.32251582, -0.05552336]), rgb=UNKNOWN, text='L', units='height', win=Window(...), wrapWidth=1)
55.7083 	EXP 	Created distr = TextStim(__class__=<class 'psychopy.visual.text.TextStim'>, alignHoriz=method-wrapper(...), alignText='center', alignVert=method-wrapper(...), anchorHoriz='center', anchorVert='center', antialias=True, autoDraw=False, autoLog=True, bold=False, color=array([1., 1., 1.]), colorSpace='rgb', contrast=1.0, depth=-2.0, draggable=False, flipHoriz=False, flipVert=False, font='Open Sans', fontFiles=[], height=np.float64(0.05), italic=False, languageStyle='LTR', name='distr', opacity=1, ori=115, pos=array([-0.0928543 , -0.28055452]), rgb=UNKNOWN, text='L', units='height', win=Window(...), wrapWidth=1)
55.7134 	EXP 	Created distr = TextStim(__class__=<class 'psychopy.visual.text.TextStim'>, alignHoriz=method-wrapper(...), alignText='center', alignVert=method-wrapper(...), anchorHoriz='center', anchorVert='center', antialias=True, autoDraw=False, autoLog=True, bold=False, color=array([1., 1., 1.]), colorSpace='rgb', contrast=1.0, depth=-2.0, draggable=False, flipHoriz=False, flipVert=False, font='Open Sans', fontFiles=[], height=np.float64(0.05), italic=False, languageStyle='LTR', name='distr', opacity=1, ori=113, pos=array([-0.49783706,  0.40776887]), rgb=UNKNOWN, text='L', units='height', win=Window(...), wrapWidth=1)
55.7185 	EXP 	Created distr = TextStim(__class__=<class 'psychopy.visual.text.TextStim'>, alignHoriz=method-wrapper(...), alignText='center', alignVert=method-wrapper(...), anchorHoriz='center', anchorVert='center', antialias=True, autoDraw=False, autoLog=True, bold=False, color=array([1., 1., 1.]), colorSpace='rgb', contrast=1.0, depth=-2.0, draggable=False, flipHoriz=False, flipVert=False, font='Open Sans', fontFiles=[], height=np.float64(0.05), italic=False, languageStyle='LTR', name='distr', opacity=1, ori=299, pos=array([ 0.38124927, -0.24271652]), rgb=UNKNOWN, text='L', units='height', win=Window(...), wrapWidth=1)
55.7237 	EXP 	Created distr = TextStim(__class__=<class 'psychopy.visual.text.TextStim'>, alignHoriz=method-wrapper(...), alignText='center', alignVert=method-wrapper(...), anchorHoriz='center', anchorVert='center', antialias=True, autoDraw=False, autoLog=True, bold=False, color=array([1., 1., 1.]), colorSpace='rgb', contrast=1.0, depth=-2.0, draggable=False, flipHoriz=False, flipVert=False, font='Open Sans', fontFiles=[], height=np.float64(0.05), italic=False, languageStyle='LTR', name='distr', opacity=1, ori=249, pos=array([-0.27988708,  0.06998376]), rgb=UNKNOWN, text='L', units='height', win=Window(...), wrapWidth=1)
55.7302 	EXP 	fixation: autoDraw = False
55.7302 	EXP 	target: autoDraw = False
55.7302 	EXP 	distr: autoDraw = False
55.7302 	EXP 	distr: autoDraw = False
55.7302 	EXP 	distr: autoDraw = False
55.7302 	EXP 	distr: autoDraw = False
55.7302 	EXP 	distr: autoDraw = False
55.7302 	EXP 	distr: autoDraw = False
55.7302 	EXP 	distr: autoDraw = False
55.7302 	EXP 	distr: autoDraw = False
55.7302 	EXP 	distr: autoDraw = False
55.7302 	EXP 	distr: autoDraw = False
55.7302 	EXP 	distr: autoDraw = True
55.7302 	EXP 	distr: autoDraw = True
55.7302 	EXP 	distr: autoDraw = True
55.7302 	EXP 	distr: autoDraw = True
55.7302 	EXP 	distr: autoDraw = True
55.7302 	EXP 	fixation: autoDraw = True
55.7302 	EXP 	target: autoDraw = True
55.7707 	DATA 	Mouse:  Left button up, pos=(962,36)
57.5551 	DATA 	Mouse: Left button down, pos=(894,218)
57.5602 	EXP 	New trial (rep=35, index=0): <Trial 35 (0 in rep 35) data={'thisN': 35, 'thisTrialN': 0, 'thisRepN': 35}>
57.5703 	EXP 	Created distr = TextStim(__class__=<class 'psychopy.visual.text.TextStim'>, alignHoriz=method-wrapper(...), alignText='center', alignVert=method-wrapper(...), anchorHoriz='center', anchorVert='center', antialias=True, autoDraw=False, autoLog=True, bold=False, color=array([1., 1., 1.]), colorSpace='rgb', contrast=1.0, depth=-2.0, draggable=False, flipHoriz=False, flipVert=False, font='Open Sans', fontFiles=[], height=np.float64(0.05), italic=False, languageStyle='LTR', name='distr', opacity=1, ori=122, pos=array([-0.45499621, -0.13973625]), rgb=UNKNOWN, text='L', units='height', win=Window(...), wrapWidth=1)
57.5769 	EXP 	Created distr = TextStim(__class__=<class 'psychopy.visual.text.TextStim'>, alignHoriz=method-wrapper(...), alignText='center', alignVert=method-wrapper(...), anchorHoriz='center', anchorVert='center', antialias=True, autoDraw=False, autoLog=True, bold=False, color=array([1., 1., 1.]), colorSpace='rgb', contrast=1.0, depth=-2.0, draggable=False, flipHoriz=False, flipVert=False, font='Open Sans', fontFiles=[], height=np.float64(0.05), italic=False, languageStyle='LTR', name='distr', opacity=1, ori=263, pos=array([0.41759202, 0.03015469]), rgb=UNKNOWN, text='L', units='height', win=Window(...), wrapWidth=1)
57.5825 	EXP 	Created distr = TextStim(__class__=<class 'psychopy.visual.text.TextStim'>, alignHoriz=method-wrapper(...), alignText='center', alignVert=method-wrapper(...), anchorHoriz='center', anchorVert='center', antialias=True, autoDraw=False, autoLog=True, bold=False, color=array([1., 1., 1.]), colorSpace='rgb', contrast=1.0, depth=-2.0, draggable=False, flipHoriz=False, flipVert=False, font='Open Sans', fontFiles=[], height=np.float64(0.05), italic=False, languageStyle='LTR', name='distr', opacity=1, ori=324, pos=array([-0.26124619,  0.19400585]), rgb=UNKNOWN, text='L', units='height', win=Window(...), wrapWidth=1)
57.5875 	EXP 	Created distr = TextStim(__class__=<class 'psychopy.visual.text.TextStim'>, alignHoriz=method-wrapper(...), alignText='center', alignVert=method-wrapper(...), anchorHoriz='center', anchorVert='center', antialias=True, autoDraw=False, autoLog=True, bold=False, color=array([1., 1., 1.]), colorSpace='rgb', contrast=1.0, depth=-2.0, draggable=False, flipHoriz=False, flipVert=False, font='Open Sans', fontFiles=[], height=np.float64(0.05), italic=False, languageStyle='LTR', name='distr', opacity=1, ori=51, pos=array([-0.25411662,  0.01455511]), rgb=UNKNOWN, text='L', units='height', win=Window(...), wrapWidth=1)
57.5928 	EXP 	Created distr = TextStim(__class__=<class 'psychopy.visual.text.TextStim'>, alignHoriz=method-wrapper(...), alignText='center', alignVert=method-wrapper(...), anchorHoriz='center', anchorVert='center', antialias=True, autoDraw=False, autoLog=True, bold=False, color=array([1., 1., 1.]), colorSpace='rgb', contrast=1.0, depth=-2.0, draggable=False, flipHoriz=False, flipVert=False, font='Open Sans', fontFiles=[], height=np.float64(0.05), italic=False, languageStyle='LTR', name='distr', opacity=1, ori=270, pos=array([0.05688451, 0.12518785]), rgb=UNKNOWN, text='L', units='height', win=Window(...), wrapWidth=1)
57.5978 	EXP 	Created distr = TextStim(__class__=<class 'psychopy.visual.text.TextStim'>, alignHoriz=method-wrapper(...), alignText='center', alignVert=method-wrapper(...), anchorHoriz='center', anchorVert='center', antialias=True, autoDraw=False, autoLog=True, bold=False, color=array([1., 1., 1.]), colorSpace='rgb', contrast=1.0, depth=-2.0, draggable=False, flipHoriz=False, flipVert=False, font='Open Sans', fontFiles=[], height=np.float64(0.05), italic=False, languageStyle='LTR', name='distr', opacity=1, ori=206, pos=array([-0.34612114, -0.47628427]), rgb=UNKNOWN, text='L', units='height', win=Window(...), wrapWidth=1)
57.6028 	EXP 	Created distr = TextStim(__class__=<class 'psychopy.visual.text.TextStim'>, alignHoriz=method-wrapper(...), alignText='center', alignVert=method-wrapper(...), anchorHoriz='center', anchorVert='center', antialias=True, autoDraw=False, autoLog=True, bold=False, color=array([1., 1., 1.]), colorSpace='rgb', contrast=1.0, depth=-2.0, draggable=False, flipHoriz=False, flipVert=False, font='Open Sans', fontFiles=[], height=np.float64(0.05), italic=False, languageStyle='LTR', name='distr', opacity=1, ori=303, pos=array([-0.11331717, -0.05282279]), rgb=UNKNOWN, text='L', units='height', win=Window(...), wrapWidth=1)
57.6078 	EXP 	Created distr = TextStim(__class__=<class 'psychopy.visual.text.TextStim'>, alignHoriz=method-wrapper(...), alignText='center', alignVert=method-wrapper(...), anchorHoriz='center', anchorVert='center', antialias=True, autoDraw=False, autoLog=True, bold=False, color=array([1., 1., 1.]), colorSpace='rgb', contrast=1.0, depth=-2.0, draggable=False, flipHoriz=False, flipVert=False, font='Open Sans', fontFiles=[], height=np.float64(0.05), italic=False, languageStyle='LTR', name='distr', opacity=1, ori=130, pos=array([0.48676587, 0.40161945]), rgb=UNKNOWN, text='L', units='height', win=Window(...), wrapWidth=1)
57.6128 	EXP 	Created distr = TextStim(__class__=<class 'psychopy.visual.text.TextStim'>, alignHoriz=method-wrapper(...), alignText='center', alignVert=method-wrapper(...), anchorHoriz='center', anchorVert='center', antialias=True, autoDraw=False, autoLog=True, bold=False, color=array([1., 1., 1.]), colorSpace='rgb', contrast=1.0, depth=-2.0, draggable=False, flipHoriz=False, flipVert=False, font='Open Sans', fontFiles=[], height=np.float64(0.05), italic=False, languageStyle='LTR', name='distr', opacity=1, ori=330, pos=array([-0.48841674, -0.40816165]), rgb=UNKNOWN, text='L', units='height', win=Window(...), wrapWidth=1)
57.6179 	EXP 	Created distr = TextStim(__class__=<class 'psychopy.visual.text.TextStim'>, alignHoriz=method-wrapper(...), alignText='center', alignVert=method-wrapper(...), anchorHoriz='center', anchorVert='center', antialias=True, autoDraw=False, autoLog=True, bold=False, color=array([1., 1., 1.]), colorSpace='rgb', contrast=1.0, depth=-2.0, draggable=False, flipHoriz=False, flipVert=False, font='Open Sans', fontFiles=[], height=np.float64(0.05), italic=False, languageStyle='LTR', name='distr', opacity=1, ori=224, pos=array([-0.14613834,  0.34507058]), rgb=UNKNOWN, text='L', units='height', win=Window(...), wrapWidth=1)
57.6272 	EXP 	fixation: autoDraw = False
57.6272 	EXP 	target: autoDraw = False
57.6272 	EXP 	distr: autoDraw = False
57.6272 	EXP 	distr: autoDraw = False
57.6272 	EXP 	distr: autoDraw = False
57.6272 	EXP 	distr: autoDraw = False
57.6272 	EXP 	distr: autoDraw = False
57.6272 	EXP 	distr: autoDraw = True
57.6272 	EXP 	distr: autoDraw = True
57.6272 	EXP 	distr: autoDraw = True
57.6272 	EXP 	distr: autoDraw = True
57.6272 	EXP 	distr: autoDraw = True
57.6272 	EXP 	distr: autoDraw = True
57.6272 	EXP 	distr: autoDraw = True
57.6272 	EXP 	distr: autoDraw = True
57.6272 	EXP 	distr: autoDraw = True
57.6272 	EXP 	distr: autoDraw = True
57.6272 	EXP 	fixation: autoDraw = True
57.6272 	EXP 	target: autoDraw = True
57.6670 	DATA 	Mouse:  Left button up, pos=(893,218)
58.9894 	DATA 	Mouse: Left button down, pos=(952,112)
58.9905 	EXP 	New trial (rep=36, index=0): <Trial 36 (0 in rep 36) data={'thisN': 36, 'thisTrialN': 0, 'thisRepN': 36}>
58.9993 	EXP 	Created distr = TextStim(__class__=<class 'psychopy.visual.text.TextStim'>, alignHoriz=method-wrapper(...), alignText='center', alignVert=method-wrapper(...), anchorHoriz='center', anchorVert='center', antialias=True, autoDraw=False, autoLog=True, bold=False, color=array([1., 1., 1.]), colorSpace='rgb', contrast=1.0, depth=-2.0, draggable=False, flipHoriz=False, flipVert=False, font='Open Sans', fontFiles=[], height=np.float64(0.05), italic=False, languageStyle='LTR', name='distr', opacity=1, ori=105, pos=array([-0.32776536, -0.04321141]), rgb=UNKNOWN, text='L', units='height', win=Window(...), wrapWidth=1)
59.0063 	EXP 	Created distr = TextStim(__class__=<class 'psychopy.visual.text.TextStim'>, alignHoriz=method-wrapper(...), alignText='center', alignVert=method-wrapper(...), anchorHoriz='center', anchorVert='center', antialias=True, autoDraw=False, autoLog=True, bold=False, color=array([1., 1., 1.]), colorSpace='rgb', contrast=1.0, depth=-2.0, draggable=False, flipHoriz=False, flipVert=False, font='Open Sans', fontFiles=[], height=np.float64(0.05), italic=False, languageStyle='LTR', name='distr', opacity=1, ori=311, pos=array([ 0.41623514, -0.29880478]), rgb=UNKNOWN, text='L', units='height', win=Window(...), wrapWidth=1)
59.0127 	EXP 	Created distr = TextStim(__class__=<class 'psychopy.visual.text.TextStim'>, alignHoriz=method-wrapper(...), alignText='center', alignVert=method-wrapper(...), anchorHoriz='center', anchorVert='center', antialias=True, autoDraw=False, autoLog=True, bold=False, color=array([1., 1., 1.]), colorSpace='rgb', contrast=1.0, depth=-2.0, draggable=False, flipHoriz=False, flipVert=False, font='Open Sans', fontFiles=[], height=np.float64(0.05), italic=False, languageStyle='LTR', name='distr', opacity=1, ori=233, pos=array([ 0.35899825, -0.270015  ]), rgb=UNKNOWN, text='L', units='height', win=Window(...), wrapWidth=1)
59.0191 	EXP 	Created distr = TextStim(__class__=<class 'psychopy.visual.text.TextStim'>, alignHoriz=method-wrapper(...), alignText='center', alignVert=method-wrapper(...), anchorHoriz='center', anchorVert='center', antialias=True, autoDraw=False, autoLog=True, bold=False, color=array([1., 1., 1.]), colorSpace='rgb', contrast=1.0, depth=-2.0, draggable=False, flipHoriz=False, flipVert=False, font='Open Sans', fontFiles=[], height=np.float64(0.05), italic=False, languageStyle='LTR', name='distr', opacity=1, ori=114, pos=array([ 0.20117041, -0.49565104]), rgb=UNKNOWN, text='L', units='height', win=Window(...), wrapWidth=1)
59.0245 	EXP 	Created distr = TextStim(__class__=<class 'psychopy.visual.text.TextStim'>, alignHoriz=method-wrapper(...), alignText='center', alignVert=method-wrapper(...), anchorHoriz='center', anchorVert='center', antialias=True, autoDraw=False, autoLog=True, bold=False, color=array([1., 1., 1.]), colorSpace='rgb', contrast=1.0, depth=-2.0, draggable=False, flipHoriz=False, flipVert=False, font='Open Sans', fontFiles=[], height=np.float64(0.05), italic=False, languageStyle='LTR', name='distr', opacity=1, ori=188, pos=array([0.32350313, 0.27915525]), rgb=UNKNOWN, text='L', units='height', win=Window(...), wrapWidth=1)
59.0312 	EXP 	fixation: autoDraw = False
59.0312 	EXP 	target: autoDraw = False
59.0312 	EXP 	distr: autoDraw = False
59.0312 	EXP 	distr: autoDraw = False
59.0312 	EXP 	distr: autoDraw = False
59.0312 	EXP 	distr: autoDraw = False
59.0312 	EXP 	distr: autoDraw = False
59.0312 	EXP 	distr: autoDraw = False
59.0312 	EXP 	distr: autoDraw = False
59.0312 	EXP 	distr: autoDraw = False
59.0312 	EXP 	distr: autoDraw = False
59.0312 	EXP 	distr: autoDraw = False
59.0312 	EXP 	distr: autoDraw = True
59.0312 	EXP 	distr: autoDraw = True
59.0312 	EXP 	distr: autoDraw = True
59.0312 	EXP 	distr: autoDraw = True
59.0312 	EXP 	distr: autoDraw = True
59.0312 	EXP 	fixation: autoDraw = True
59.0312 	EXP 	target: autoDraw = True
59.0886 	DATA 	Mouse:  Left button up, pos=(952,112)
60.5717 	DATA 	Mouse: Left button down, pos=(858,659)
60.5770 	EXP 	New trial (rep=37, index=0): <Trial 37 (0 in rep 37) data={'thisN': 37, 'thisTrialN': 0, 'thisRepN': 37}>
60.5875 	EXP 	Created distr = TextStim(__class__=<class 'psychopy.visual.text.TextStim'>, alignHoriz=method-wrapper(...), alignText='center', alignVert=method-wrapper(...), anchorHoriz='center', anchorVert='center', antialias=True, autoDraw=False, autoLog=True, bold=False, color=array([1., 1., 1.]), colorSpace='rgb', contrast=1.0, depth=-2.0, draggable=False, flipHoriz=False, flipVert=False, font='Open Sans', fontFiles=[], height=np.float64(0.05), italic=False, languageStyle='LTR', name='distr', opacity=1, ori=159, pos=array([-0.22384394, -0.13063123]), rgb=UNKNOWN, text='L', units='height', win=Window(...), wrapWidth=1)
60.5945 	EXP 	Created distr = TextStim(__class__=<class 'psychopy.visual.text.TextStim'>, alignHoriz=method-wrapper(...), alignText='center', alignVert=method-wrapper(...), anchorHoriz='center', anchorVert='center', antialias=True, autoDraw=False, autoLog=True, bold=False, color=array([1., 1., 1.]), colorSpace='rgb', contrast=1.0, depth=-2.0, draggable=False, flipHoriz=False, flipVert=False, font='Open Sans', fontFiles=[], height=np.float64(0.05), italic=False, languageStyle='LTR', name='distr', opacity=1, ori=120, pos=array([ 0.09555747, -0.27372648]), rgb=UNKNOWN, text='L', units='height', win=Window(...), wrapWidth=1)
60.6003 	EXP 	Created distr = TextStim(__class__=<class 'psychopy.visual.text.TextStim'>, alignHoriz=method-wrapper(...), alignText='center', alignVert=method-wrapper(...), anchorHoriz='center', anchorVert='center', antialias=True, autoDraw=False, autoLog=True, bold=False, color=array([1., 1., 1.]), colorSpace='rgb', contrast=1.0, depth=-2.0, draggable=False, flipHoriz=False, flipVert=False, font='Open Sans', fontFiles=[], height=np.float64(0.05), italic=False, languageStyle='LTR', name='distr', opacity=1, ori=163, pos=array([0.09979118, 0.48854424]), rgb=UNKNOWN, text='L', units='height', win=Window(...), wrapWidth=1)
60.6057 	EXP 	Created distr = TextStim(__class__=<class 'psychopy.visual.text.TextStim'>, alignHoriz=method-wrapper(...), alignText='center', alignVert=method-wrapper(...), anchorHoriz='center', anchorVert='center', antialias=True, autoDraw=False, autoLog=True, bold=False, color=array([1., 1., 1.]), colorSpace='rgb', contrast=1.0, depth=-2.0, draggable=False, flipHoriz=False, flipVert=False, font='Open Sans', fontFiles=[], height=np.float64(0.05), italic=False, languageStyle='LTR', name='distr', opacity=1, ori=310, pos=array([-0.1730382,  0.4999148]), rgb=UNKNOWN, text='L', units='height', win=Window(...), wrapWidth=1)
60.6108 	EXP 	Created distr = TextStim(__class__=<class 'psychopy.visual.text.TextStim'>, alignHoriz=method-wrapper(...), alignText='center', alignVert=method-wrapper(...), anchorHoriz='center', anchorVert='center', antialias=True, autoDraw=False, autoLog=True, bold=False, color=array([1., 1., 1.]), colorSpace='rgb', contrast=1.0, depth=-2.0, draggable=False, flipHoriz=False, flipVert=False, font='Open Sans', fontFiles=[], height=np.float64(0.05), italic=False, languageStyle='LTR', name='distr', opacity=1, ori=133, pos=array([ 0.42528806, -0.22869903]), rgb=UNKNOWN, text='L', units='height', win=Window(...), wrapWidth=1)
60.6172 	EXP 	fixation: autoDraw = False
60.6172 	EXP 	target: autoDraw = False
60.6172 	EXP 	distr: autoDraw = False
60.6172 	EXP 	distr: autoDraw = False
60.6172 	EXP 	distr: autoDraw = False
60.6172 	EXP 	distr: autoDraw = False
60.6172 	EXP 	distr: autoDraw = False
60.6172 	EXP 	distr: autoDraw = True
60.6172 	EXP 	distr: autoDraw = True
60.6172 	EXP 	distr: autoDraw = True
60.6172 	EXP 	distr: autoDraw = True
60.6172 	EXP 	distr: autoDraw = True
60.6172 	EXP 	fixation: autoDraw = True
60.6172 	EXP 	target: autoDraw = True
60.6371 	DATA 	Mouse:  Left button up, pos=(858,659)
61.7868 	DATA 	Mouse: Left button down, pos=(464,573)
61.7921 	EXP 	New trial (rep=38, index=0): <Trial 38 (0 in rep 38) data={'thisN': 38, 'thisTrialN': 0, 'thisRepN': 38}>
61.8033 	EXP 	Created distr = TextStim(__class__=<class 'psychopy.visual.text.TextStim'>, alignHoriz=method-wrapper(...), alignText='center', alignVert=method-wrapper(...), anchorHoriz='center', anchorVert='center', antialias=True, autoDraw=False, autoLog=True, bold=False, color=array([1., 1., 1.]), colorSpace='rgb', contrast=1.0, depth=-2.0, draggable=False, flipHoriz=False, flipVert=False, font='Open Sans', fontFiles=[], height=np.float64(0.05), italic=False, languageStyle='LTR', name='distr', opacity=1, ori=88, pos=array([-0.08765522,  0.28005532]), rgb=UNKNOWN, text='L', units='height', win=Window(...), wrapWidth=1)
61.8100 	EXP 	Created distr = TextStim(__class__=<class 'psychopy.visual.text.TextStim'>, alignHoriz=method-wrapper(...), alignText='center', alignVert=method-wrapper(...), anchorHoriz='center', anchorVert='center', antialias=True, autoDraw=False, autoLog=True, bold=False, color=array([1., 1., 1.]), colorSpace='rgb', contrast=1.0, depth=-2.0, draggable=False, flipHoriz=False, flipVert=False, font='Open Sans', fontFiles=[], height=np.float64(0.05), italic=False, languageStyle='LTR', name='distr', opacity=1, ori=315, pos=array([-0.22266116, -0.04711645]), rgb=UNKNOWN, text='L', units='height', win=Window(...), wrapWidth=1)
61.8154 	EXP 	Created distr = TextStim(__class__=<class 'psychopy.visual.text.TextStim'>, alignHoriz=method-wrapper(...), alignText='center', alignVert=method-wrapper(...), anchorHoriz='center', anchorVert='center', antialias=True, autoDraw=False, autoLog=True, bold=False, color=array([1., 1., 1.]), colorSpace='rgb', contrast=1.0, depth=-2.0, draggable=False, flipHoriz=False, flipVert=False, font='Open Sans', fontFiles=[], height=np.float64(0.05), italic=False, languageStyle='LTR', name='distr', opacity=1, ori=288, pos=array([0.24426986, 0.05709936]), rgb=UNKNOWN, text='L', units='height', win=Window(...), wrapWidth=1)
61.8206 	EXP 	Created distr = TextStim(__class__=<class 'psychopy.visual.text.TextStim'>, alignHoriz=method-wrapper(...), alignText='center', alignVert=method-wrapper(...), anchorHoriz='center', anchorVert='center', antialias=True, autoDraw=False, autoLog=True, bold=False, color=array([1., 1., 1.]), colorSpace='rgb', contrast=1.0, depth=-2.0, draggable=False, flipHoriz=False, flipVert=False, font='Open Sans', fontFiles=[], height=np.float64(0.05), italic=False, languageStyle='LTR', name='distr', opacity=1, ori=36, pos=array([-0.04453599, -0.31010289]), rgb=UNKNOWN, text='L', units='height', win=Window(...), wrapWidth=1)
61.8260 	EXP 	Created distr = TextStim(__class__=<class 'psychopy.visual.text.TextStim'>, alignHoriz=method-wrapper(...), alignText='center', alignVert=method-wrapper(...), anchorHoriz='center', anchorVert='center', antialias=True, autoDraw=False, autoLog=True, bold=False, color=array([1., 1., 1.]), colorSpace='rgb', contrast=1.0, depth=-2.0, draggable=False, flipHoriz=False, flipVert=False, font='Open Sans', fontFiles=[], height=np.float64(0.05), italic=False, languageStyle='LTR', name='distr', opacity=1, ori=290, pos=array([ 0.24099488, -0.14936046]), rgb=UNKNOWN, text='L', units='height', win=Window(...), wrapWidth=1)
61.8310 	EXP 	Created distr = TextStim(__class__=<class 'psychopy.visual.text.TextStim'>, alignHoriz=method-wrapper(...), alignText='center', alignVert=method-wrapper(...), anchorHoriz='center', anchorVert='center', antialias=True, autoDraw=False, autoLog=True, bold=False, color=array([1., 1., 1.]), colorSpace='rgb', contrast=1.0, depth=-2.0, draggable=False, flipHoriz=False, flipVert=False, font='Open Sans', fontFiles=[], height=np.float64(0.05), italic=False, languageStyle='LTR', name='distr', opacity=1, ori=189, pos=array([0.04009365, 0.22787369]), rgb=UNKNOWN, text='L', units='height', win=Window(...), wrapWidth=1)
61.8360 	EXP 	Created distr = TextStim(__class__=<class 'psychopy.visual.text.TextStim'>, alignHoriz=method-wrapper(...), alignText='center', alignVert=method-wrapper(...), anchorHoriz='center', anchorVert='center', antialias=True, autoDraw=False, autoLog=True, bold=False, color=array([1., 1., 1.]), colorSpace='rgb', contrast=1.0, depth=-2.0, draggable=False, flipHoriz=False, flipVert=False, font='Open Sans', fontFiles=[], height=np.float64(0.05), italic=False, languageStyle='LTR', name='distr', opacity=1, ori=222, pos=array([-0.09412857, -0.06823309]), rgb=UNKNOWN, text='L', units='height', win=Window(...), wrapWidth=1)
61.8410 	EXP 	Created distr = TextStim(__class__=<class 'psychopy.visual.text.TextStim'>, alignHoriz=method-wrapper(...), alignText='center', alignVert=method-wrapper(...), anchorHoriz='center', anchorVert='center', antialias=True, autoDraw=False, autoLog=True, bold=False, color=array([1., 1., 1.]), colorSpace='rgb', contrast=1.0, depth=-2.0, draggable=False, flipHoriz=False, flipVert=False, font='Open Sans', fontFiles=[], height=np.float64(0.05), italic=False, languageStyle='LTR', name='distr', opacity=1, ori=192, pos=array([-0.17141453, -0.02581278]), rgb=UNKNOWN, text='L', units='height', win=Window(...), wrapWidth=1)
61.8460 	EXP 	Created distr = TextStim(__class__=<class 'psychopy.visual.text.TextStim'>, alignHoriz=method-wrapper(...), alignText='center', alignVert=method-wrapper(...), anchorHoriz='center', anchorVert='center', antialias=True, autoDraw=False, autoLog=True, bold=False, color=array([1., 1., 1.]), colorSpace='rgb', contrast=1.0, depth=-2.0, draggable=False, flipHoriz=False, flipVert=False, font='Open Sans', fontFiles=[], height=np.float64(0.05), italic=False, languageStyle='LTR', name='distr', opacity=1, ori=306, pos=array([0.12963638, 0.27695041]), rgb=UNKNOWN, text='L', units='height', win=Window(...), wrapWidth=1)
61.8511 	EXP 	Created distr = TextStim(__class__=<class 'psychopy.visual.text.TextStim'>, alignHoriz=method-wrapper(...), alignText='center', alignVert=method-wrapper(...), anchorHoriz='center', anchorVert='center', antialias=True, autoDraw=False, autoLog=True, bold=False, color=array([1., 1., 1.]), colorSpace='rgb', contrast=1.0, depth=-2.0, draggable=False, flipHoriz=False, flipVert=False, font='Open Sans', fontFiles=[], height=np.float64(0.05), italic=False, languageStyle='LTR', name='distr', opacity=1, ori=185, pos=array([ 0.34983968, -0.25344004]), rgb=UNKNOWN, text='L', units='height', win=Window(...), wrapWidth=1)
61.8604 	EXP 	fixation: autoDraw = False
61.8604 	EXP 	target: autoDraw = False
61.8604 	EXP 	distr: autoDraw = False
61.8604 	EXP 	distr: autoDraw = False
61.8604 	EXP 	distr: autoDraw = False
61.8604 	EXP 	distr: autoDraw = False
61.8604 	EXP 	distr: autoDraw = False
61.8604 	EXP 	distr: autoDraw = True
61.8604 	EXP 	distr: autoDraw = True
61.8604 	EXP 	distr: autoDraw = True
61.8604 	EXP 	distr: autoDraw = True
61.8604 	EXP 	distr: autoDraw = True
61.8604 	EXP 	distr: autoDraw = True
61.8604 	EXP 	distr: autoDraw = True
61.8604 	EXP 	distr: autoDraw = True
61.8604 	EXP 	distr: autoDraw = True
61.8604 	EXP 	distr: autoDraw = True
61.8604 	EXP 	fixation: autoDraw = True
61.8604 	EXP 	target: autoDraw = True
61.8719 	DATA 	Mouse:  Left button up, pos=(464,573)
63.7871 	DATA 	Mouse: Left button down, pos=(1083,106)
63.7918 	EXP 	New trial (rep=39, index=0): <Trial 39 (0 in rep 39) data={'thisN': 39, 'thisTrialN': 0, 'thisRepN': 39}>
63.8003 	EXP 	Created distr = TextStim(__class__=<class 'psychopy.visual.text.TextStim'>, alignHoriz=method-wrapper(...), alignText='center', alignVert=method-wrapper(...), anchorHoriz='center', anchorVert='center', antialias=True, autoDraw=False, autoLog=True, bold=False, color=array([1., 1., 1.]), colorSpace='rgb', contrast=1.0, depth=-2.0, draggable=False, flipHoriz=False, flipVert=False, font='Open Sans', fontFiles=[], height=np.float64(0.05), italic=False, languageStyle='LTR', name='distr', opacity=1, ori=282, pos=array([ 0.4195225 , -0.14755227]), rgb=UNKNOWN, text='L', units='height', win=Window(...), wrapWidth=1)
63.8065 	EXP 	Created distr = TextStim(__class__=<class 'psychopy.visual.text.TextStim'>, alignHoriz=method-wrapper(...), alignText='center', alignVert=method-wrapper(...), anchorHoriz='center', anchorVert='center', antialias=True, autoDraw=False, autoLog=True, bold=False, color=array([1., 1., 1.]), colorSpace='rgb', contrast=1.0, depth=-2.0, draggable=False, flipHoriz=False, flipVert=False, font='Open Sans', fontFiles=[], height=np.float64(0.05), italic=False, languageStyle='LTR', name='distr', opacity=1, ori=175, pos=array([ 0.09426068, -0.11351081]), rgb=UNKNOWN, text='L', units='height', win=Window(...), wrapWidth=1)
63.8118 	EXP 	Created distr = TextStim(__class__=<class 'psychopy.visual.text.TextStim'>, alignHoriz=method-wrapper(...), alignText='center', alignVert=method-wrapper(...), anchorHoriz='center', anchorVert='center', antialias=True, autoDraw=False, autoLog=True, bold=False, color=array([1., 1., 1.]), colorSpace='rgb', contrast=1.0, depth=-2.0, draggable=False, flipHoriz=False, flipVert=False, font='Open Sans', fontFiles=[], height=np.float64(0.05), italic=False, languageStyle='LTR', name='distr', opacity=1, ori=249, pos=array([ 0.00149923, -0.11152253]), rgb=UNKNOWN, text='L', units='height', win=Window(...), wrapWidth=1)
63.8169 	EXP 	Created distr = TextStim(__class__=<class 'psychopy.visual.text.TextStim'>, alignHoriz=method-wrapper(...), alignText='center', alignVert=method-wrapper(...), anchorHoriz='center', anchorVert='center', antialias=True, autoDraw=False, autoLog=True, bold=False, color=array([1., 1., 1.]), colorSpace='rgb', contrast=1.0, depth=-2.0, draggable=False, flipHoriz=False, flipVert=False, font='Open Sans', fontFiles=[], height=np.float64(0.05), italic=False, languageStyle='LTR', name='distr', opacity=1, ori=132, pos=array([-0.40648302,  0.45990872]), rgb=UNKNOWN, text='L', units='height', win=Window(...), wrapWidth=1)
63.8222 	EXP 	Created distr = TextStim(__class__=<class 'psychopy.visual.text.TextStim'>, alignHoriz=method-wrapper(...), alignText='center', alignVert=method-wrapper(...), anchorHoriz='center', anchorVert='center', antialias=True, autoDraw=False, autoLog=True, bold=False, color=array([1., 1., 1.]), colorSpace='rgb', contrast=1.0, depth=-2.0, draggable=False, flipHoriz=False, flipVert=False, font='Open Sans', fontFiles=[], height=np.float64(0.05), italic=False, languageStyle='LTR', name='distr', opacity=1, ori=133, pos=array([-0.34075821,  0.06707045]), rgb=UNKNOWN, text='L', units='height', win=Window(...), wrapWidth=1)
63.8285 	EXP 	fixation: autoDraw = False
63.8285 	EXP 	target: autoDraw = False
63.8285 	EXP 	distr: autoDraw = False
63.8285 	EXP 	distr: autoDraw = False
63.8285 	EXP 	distr: autoDraw = False
63.8285 	EXP 	distr: autoDraw = False
63.8285 	EXP 	distr: autoDraw = False
63.8285 	EXP 	distr: autoDraw = False
63.8285 	EXP 	distr: autoDraw = False
63.8285 	EXP 	distr: autoDraw = False
63.8285 	EXP 	distr: autoDraw = False
63.8285 	EXP 	distr: autoDraw = False
63.8285 	EXP 	distr: autoDraw = True
63.8285 	EXP 	distr: autoDraw = True
63.8285 	EXP 	distr: autoDraw = True
63.8285 	EXP 	distr: autoDraw = True
63.8285 	EXP 	distr: autoDraw = True
63.8285 	EXP 	fixation: autoDraw = True
63.8285 	EXP 	target: autoDraw = True
63.8540 	DATA 	Mouse:  Left button up, pos=(1083,106)
65.2541 	DATA 	Mouse: Left button down, pos=(407,334)
65.2593 	EXP 	New trial (rep=40, index=0): <Trial 40 (0 in rep 40) data={'thisN': 40, 'thisTrialN': 0, 'thisRepN': 40}>
65.2701 	EXP 	Created distr = TextStim(__class__=<class 'psychopy.visual.text.TextStim'>, alignHoriz=method-wrapper(...), alignText='center', alignVert=method-wrapper(...), anchorHoriz='center', anchorVert='center', antialias=True, autoDraw=False, autoLog=True, bold=False, color=array([1., 1., 1.]), colorSpace='rgb', contrast=1.0, depth=-2.0, draggable=False, flipHoriz=False, flipVert=False, font='Open Sans', fontFiles=[], height=np.float64(0.05), italic=False, languageStyle='LTR', name='distr', opacity=1, ori=78, pos=array([-0.21009902, -0.3289435 ]), rgb=UNKNOWN, text='L', units='height', win=Window(...), wrapWidth=1)
65.2769 	EXP 	Created distr = TextStim(__class__=<class 'psychopy.visual.text.TextStim'>, alignHoriz=method-wrapper(...), alignText='center', alignVert=method-wrapper(...), anchorHoriz='center', anchorVert='center', antialias=True, autoDraw=False, autoLog=True, bold=False, color=array([1., 1., 1.]), colorSpace='rgb', contrast=1.0, depth=-2.0, draggable=False, flipHoriz=False, flipVert=False, font='Open Sans', fontFiles=[], height=np.float64(0.05), italic=False, languageStyle='LTR', name='distr', opacity=1, ori=140, pos=array([0.45293881, 0.02408342]), rgb=UNKNOWN, text='L', units='height', win=Window(...), wrapWidth=1)
65.2827 	EXP 	Created distr = TextStim(__class__=<class 'psychopy.visual.text.TextStim'>, alignHoriz=method-wrapper(...), alignText='center', alignVert=method-wrapper(...), anchorHoriz='center', anchorVert='center', antialias=True, autoDraw=False, autoLog=True, bold=False, color=array([1., 1., 1.]), colorSpace='rgb', contrast=1.0, depth=-2.0, draggable=False, flipHoriz=False, flipVert=False, font='Open Sans', fontFiles=[], height=np.float64(0.05), italic=False, languageStyle='LTR', name='distr', opacity=1, ori=182, pos=array([-0.14252253,  0.35094411]), rgb=UNKNOWN, text='L', units='height', win=Window(...), wrapWidth=1)
65.2881 	EXP 	Created distr = TextStim(__class__=<class 'psychopy.visual.text.TextStim'>, alignHoriz=method-wrapper(...), alignText='center', alignVert=method-wrapper(...), anchorHoriz='center', anchorVert='center', antialias=True, autoDraw=False, autoLog=True, bold=False, color=array([1., 1., 1.]), colorSpace='rgb', contrast=1.0, depth=-2.0, draggable=False, flipHoriz=False, flipVert=False, font='Open Sans', fontFiles=[], height=np.float64(0.05), italic=False, languageStyle='LTR', name='distr', opacity=1, ori=163, pos=array([-0.06166862, -0.28744477]), rgb=UNKNOWN, text='L', units='height', win=Window(...), wrapWidth=1)
65.2935 	EXP 	Created distr = TextStim(__class__=<class 'psychopy.visual.text.TextStim'>, alignHoriz=method-wrapper(...), alignText='center', alignVert=method-wrapper(...), anchorHoriz='center', anchorVert='center', antialias=True, autoDraw=False, autoLog=True, bold=False, color=array([1., 1., 1.]), colorSpace='rgb', contrast=1.0, depth=-2.0, draggable=False, flipHoriz=False, flipVert=False, font='Open Sans', fontFiles=[], height=np.float64(0.05), italic=False, languageStyle='LTR', name='distr', opacity=1, ori=58, pos=array([ 0.01166222, -0.36611114]), rgb=UNKNOWN, text='L', units='height', win=Window(...), wrapWidth=1)
65.2986 	EXP 	Created distr = TextStim(__class__=<class 'psychopy.visual.text.TextStim'>, alignHoriz=method-wrapper(...), alignText='center', alignVert=method-wrapper(...), anchorHoriz='center', anchorVert='center', antialias=True, autoDraw=False, autoLog=True, bold=False, color=array([1., 1., 1.]), colorSpace='rgb', contrast=1.0, depth=-2.0, draggable=False, flipHoriz=False, flipVert=False, font='Open Sans', fontFiles=[], height=np.float64(0.05), italic=False, languageStyle='LTR', name='distr', opacity=1, ori=160, pos=array([-0.49817706, -0.43123781]), rgb=UNKNOWN, text='L', units='height', win=Window(...), wrapWidth=1)
65.3035 	EXP 	Created distr = TextStim(__class__=<class 'psychopy.visual.text.TextStim'>, alignHoriz=method-wrapper(...), alignText='center', alignVert=method-wrapper(...), anchorHoriz='center', anchorVert='center', antialias=True, autoDraw=False, autoLog=True, bold=False, color=array([1., 1., 1.]), colorSpace='rgb', contrast=1.0, depth=-2.0, draggable=False, flipHoriz=False, flipVert=False, font='Open Sans', fontFiles=[], height=np.float64(0.05), italic=False, languageStyle='LTR', name='distr', opacity=1, ori=286, pos=array([-0.19176914,  0.4732413 ]), rgb=UNKNOWN, text='L', units='height', win=Window(...), wrapWidth=1)
65.3086 	EXP 	Created distr = TextStim(__class__=<class 'psychopy.visual.text.TextStim'>, alignHoriz=method-wrapper(...), alignText='center', alignVert=method-wrapper(...), anchorHoriz='center', anchorVert='center', antialias=True, autoDraw=False, autoLog=True, bold=False, color=array([1., 1., 1.]), colorSpace='rgb', contrast=1.0, depth=-2.0, draggable=False, flipHoriz=False, flipVert=False, font='Open Sans', fontFiles=[], height=np.float64(0.05), italic=False, languageStyle='LTR', name='distr', opacity=1, ori=343, pos=array([-0.32957004, -0.15828789]), rgb=UNKNOWN, text='L', units='height', win=Window(...), wrapWidth=1)
65.3137 	EXP 	Created distr = TextStim(__class__=<class 'psychopy.visual.text.TextStim'>, alignHoriz=method-wrapper(...), alignText='center', alignVert=method-wrapper(...), anchorHoriz='center', anchorVert='center', antialias=True, autoDraw=False, autoLog=True, bold=False, color=array([1., 1., 1.]), colorSpace='rgb', contrast=1.0, depth=-2.0, draggable=False, flipHoriz=False, flipVert=False, font='Open Sans', fontFiles=[], height=np.float64(0.05), italic=False, languageStyle='LTR', name='distr', opacity=1, ori=6, pos=array([-0.13245144, -0.11808928]), rgb=UNKNOWN, text='L', units='height', win=Window(...), wrapWidth=1)
65.3187 	EXP 	Created distr = TextStim(__class__=<class 'psychopy.visual.text.TextStim'>, alignHoriz=method-wrapper(...), alignText='center', alignVert=method-wrapper(...), anchorHoriz='center', anchorVert='center', antialias=True, autoDraw=False, autoLog=True, bold=False, color=array([1., 1., 1.]), colorSpace='rgb', contrast=1.0, depth=-2.0, draggable=False, flipHoriz=False, flipVert=False, font='Open Sans', fontFiles=[], height=np.float64(0.05), italic=False, languageStyle='LTR', name='distr', opacity=1, ori=235, pos=array([-0.02250431,  0.2355318 ]), rgb=UNKNOWN, text='L', units='height', win=Window(...), wrapWidth=1)
65.3277 	EXP 	fixation: autoDraw = False
65.3277 	EXP 	target: autoDraw = False
65.3277 	EXP 	distr: autoDraw = False
65.3277 	EXP 	distr: autoDraw = False
65.3277 	EXP 	distr: autoDraw = False
65.3277 	EXP 	distr: autoDraw = False
65.3277 	EXP 	distr: autoDraw = False
65.3277 	EXP 	distr: autoDraw = True
65.3277 	EXP 	distr: autoDraw = True
65.3277 	EXP 	distr: autoDraw = True
65.3277 	EXP 	distr: autoDraw = True
65.3277 	EXP 	distr: autoDraw = True
65.3277 	EXP 	distr: autoDraw = True
65.3277 	EXP 	distr: autoDraw = True
65.3277 	EXP 	distr: autoDraw = True
65.3277 	EXP 	distr: autoDraw = True
65.3277 	EXP 	distr: autoDraw = True
65.3277 	EXP 	fixation: autoDraw = True
65.3277 	EXP 	target: autoDraw = True
65.3714 	DATA 	Mouse:  Left button up, pos=(407,334)
66.5726 	DATA 	Mouse: Left button down, pos=(1036,189)
66.5737 	EXP 	New trial (rep=41, index=0): <Trial 41 (0 in rep 41) data={'thisN': 41, 'thisTrialN': 0, 'thisRepN': 41}>
66.5814 	EXP 	Created distr = TextStim(__class__=<class 'psychopy.visual.text.TextStim'>, alignHoriz=method-wrapper(...), alignText='center', alignVert=method-wrapper(...), anchorHoriz='center', anchorVert='center', antialias=True, autoDraw=False, autoLog=True, bold=False, color=array([1., 1., 1.]), colorSpace='rgb', contrast=1.0, depth=-2.0, draggable=False, flipHoriz=False, flipVert=False, font='Open Sans', fontFiles=[], height=np.float64(0.05), italic=False, languageStyle='LTR', name='distr', opacity=1, ori=341, pos=array([ 0.3158098, -0.4321997]), rgb=UNKNOWN, text='L', units='height', win=Window(...), wrapWidth=1)
66.5900 	EXP 	Created distr = TextStim(__class__=<class 'psychopy.visual.text.TextStim'>, alignHoriz=method-wrapper(...), alignText='center', alignVert=method-wrapper(...), anchorHoriz='center', anchorVert='center', antialias=True, autoDraw=False, autoLog=True, bold=False, color=array([1., 1., 1.]), colorSpace='rgb', contrast=1.0, depth=-2.0, draggable=False, flipHoriz=False, flipVert=False, font='Open Sans', fontFiles=[], height=np.float64(0.05), italic=False, languageStyle='LTR', name='distr', opacity=1, ori=34, pos=array([0.39770927, 0.19804242]), rgb=UNKNOWN, text='L', units='height', win=Window(...), wrapWidth=1)
66.5973 	EXP 	Created distr = TextStim(__class__=<class 'psychopy.visual.text.TextStim'>, alignHoriz=method-wrapper(...), alignText='center', alignVert=method-wrapper(...), anchorHoriz='center', anchorVert='center', antialias=True, autoDraw=False, autoLog=True, bold=False, color=array([1., 1., 1.]), colorSpace='rgb', contrast=1.0, depth=-2.0, draggable=False, flipHoriz=False, flipVert=False, font='Open Sans', fontFiles=[], height=np.float64(0.05), italic=False, languageStyle='LTR', name='distr', opacity=1, ori=37, pos=array([ 0.11891295, -0.37317463]), rgb=UNKNOWN, text='L', units='height', win=Window(...), wrapWidth=1)
66.6030 	EXP 	Created distr = TextStim(__class__=<class 'psychopy.visual.text.TextStim'>, alignHoriz=method-wrapper(...), alignText='center', alignVert=method-wrapper(...), anchorHoriz='center', anchorVert='center', antialias=True, autoDraw=False, autoLog=True, bold=False, color=array([1., 1., 1.]), colorSpace='rgb', contrast=1.0, depth=-2.0, draggable=False, flipHoriz=False, flipVert=False, font='Open Sans', fontFiles=[], height=np.float64(0.05), italic=False, languageStyle='LTR', name='distr', opacity=1, ori=310, pos=array([-0.29740489, -0.11251669]), rgb=UNKNOWN, text='L', units='height', win=Window(...), wrapWidth=1)
66.6095 	EXP 	Created distr = TextStim(__class__=<class 'psychopy.visual.text.TextStim'>, alignHoriz=method-wrapper(...), alignText='center', alignVert=method-wrapper(...), anchorHoriz='center', anchorVert='center', antialias=True, autoDraw=False, autoLog=True, bold=False, color=array([1., 1., 1.]), colorSpace='rgb', contrast=1.0, depth=-2.0, draggable=False, flipHoriz=False, flipVert=False, font='Open Sans', fontFiles=[], height=np.float64(0.05), italic=False, languageStyle='LTR', name='distr', opacity=1, ori=208, pos=array([-0.04109683, -0.31251712]), rgb=UNKNOWN, text='L', units='height', win=Window(...), wrapWidth=1)
66.6152 	EXP 	Created distr = TextStim(__class__=<class 'psychopy.visual.text.TextStim'>, alignHoriz=method-wrapper(...), alignText='center', alignVert=method-wrapper(...), anchorHoriz='center', anchorVert='center', antialias=True, autoDraw=False, autoLog=True, bold=False, color=array([1., 1., 1.]), colorSpace='rgb', contrast=1.0, depth=-2.0, draggable=False, flipHoriz=False, flipVert=False, font='Open Sans', fontFiles=[], height=np.float64(0.05), italic=False, languageStyle='LTR', name='distr', opacity=1, ori=219, pos=array([ 0.08369056, -0.38984474]), rgb=UNKNOWN, text='L', units='height', win=Window(...), wrapWidth=1)
66.6205 	EXP 	Created distr = TextStim(__class__=<class 'psychopy.visual.text.TextStim'>, alignHoriz=method-wrapper(...), alignText='center', alignVert=method-wrapper(...), anchorHoriz='center', anchorVert='center', antialias=True, autoDraw=False, autoLog=True, bold=False, color=array([1., 1., 1.]), colorSpace='rgb', contrast=1.0, depth=-2.0, draggable=False, flipHoriz=False, flipVert=False, font='Open Sans', fontFiles=[], height=np.float64(0.05), italic=False, languageStyle='LTR', name='distr', opacity=1, ori=153, pos=array([0.18788514, 0.38026524]), rgb=UNKNOWN, text='L', units='height', win=Window(...), wrapWidth=1)
66.6255 	EXP 	Created distr = TextStim(__class__=<class 'psychopy.visual.text.TextStim'>, alignHoriz=method-wrapper(...), alignText='center', alignVert=method-wrapper(...), anchorHoriz='center', anchorVert='center', antialias=True, autoDraw=False, autoLog=True, bold=False, color=array([1., 1., 1.]), colorSpace='rgb', contrast=1.0, depth=-2.0, draggable=False, flipHoriz=False, flipVert=False, font='Open Sans', fontFiles=[], height=np.float64(0.05), italic=False, languageStyle='LTR', name='distr', opacity=1, ori=310, pos=array([ 0.01490442, -0.03997534]), rgb=UNKNOWN, text='L', units='height', win=Window(...), wrapWidth=1)
66.6317 	EXP 	Created distr = TextStim(__class__=<class 'psychopy.visual.text.TextStim'>, alignHoriz=method-wrapper(...), alignText='center', alignVert=method-wrapper(...), anchorHoriz='center', anchorVert='center', antialias=True, autoDraw=False, autoLog=True, bold=False, color=array([1., 1., 1.]), colorSpace='rgb', contrast=1.0, depth=-2.0, draggable=False, flipHoriz=False, flipVert=False, font='Open Sans', fontFiles=[], height=np.float64(0.05), italic=False, languageStyle='LTR', name='distr', opacity=1, ori=35, pos=array([0.11660516, 0.01265663]), rgb=UNKNOWN, text='L', units='height', win=Window(...), wrapWidth=1)
66.6374 	EXP 	Created distr = TextStim(__class__=<class 'psychopy.visual.text.TextStim'>, alignHoriz=method-wrapper(...), alignText='center', alignVert=method-wrapper(...), anchorHoriz='center', anchorVert='center', antialias=True, autoDraw=False, autoLog=True, bold=False, color=array([1., 1., 1.]), colorSpace='rgb', contrast=1.0, depth=-2.0, draggable=False, flipHoriz=False, flipVert=False, font='Open Sans', fontFiles=[], height=np.float64(0.05), italic=False, languageStyle='LTR', name='distr', opacity=1, ori=203, pos=array([-0.23737511,  0.09003789]), rgb=UNKNOWN, text='L', units='height', win=Window(...), wrapWidth=1)
66.6473 	EXP 	fixation: autoDraw = False
66.6473 	EXP 	target: autoDraw = False
66.6473 	EXP 	distr: autoDraw = False
66.6473 	EXP 	distr: autoDraw = False
66.6473 	EXP 	distr: autoDraw = False
66.6473 	EXP 	distr: autoDraw = False
66.6473 	EXP 	distr: autoDraw = False
66.6473 	EXP 	distr: autoDraw = False
66.6473 	EXP 	distr: autoDraw = False
66.6473 	EXP 	distr: autoDraw = False
66.6473 	EXP 	distr: autoDraw = False
66.6473 	EXP 	distr: autoDraw = False
66.6473 	EXP 	distr: autoDraw = True
66.6473 	EXP 	distr: autoDraw = True
66.6473 	EXP 	distr: autoDraw = True
66.6473 	EXP 	distr: autoDraw = True
66.6473 	EXP 	distr: autoDraw = True
66.6473 	EXP 	distr: autoDraw = True
66.6473 	EXP 	distr: autoDraw = True
66.6473 	EXP 	distr: autoDraw = True
66.6473 	EXP 	distr: autoDraw = True
66.6473 	EXP 	distr: autoDraw = True
66.6473 	EXP 	fixation: autoDraw = True
66.6473 	EXP 	target: autoDraw = True
66.6840 	DATA 	Mouse:  Left button up, pos=(1036,189)
69.0380 	DATA 	Mouse: Left button down, pos=(659,187)
69.0434 	EXP 	New trial (rep=42, index=0): <Trial 42 (0 in rep 42) data={'thisN': 42, 'thisTrialN': 0, 'thisRepN': 42}>
69.0544 	EXP 	Created distr = TextStim(__class__=<class 'psychopy.visual.text.TextStim'>, alignHoriz=method-wrapper(...), alignText='center', alignVert=method-wrapper(...), anchorHoriz='center', anchorVert='center', antialias=True, autoDraw=False, autoLog=True, bold=False, color=array([1., 1., 1.]), colorSpace='rgb', contrast=1.0, depth=-2.0, draggable=False, flipHoriz=False, flipVert=False, font='Open Sans', fontFiles=[], height=np.float64(0.05), italic=False, languageStyle='LTR', name='distr', opacity=1, ori=81, pos=array([0.26016614, 0.13652267]), rgb=UNKNOWN, text='L', units='height', win=Window(...), wrapWidth=1)
69.0604 	EXP 	Created distr = TextStim(__class__=<class 'psychopy.visual.text.TextStim'>, alignHoriz=method-wrapper(...), alignText='center', alignVert=method-wrapper(...), anchorHoriz='center', anchorVert='center', antialias=True, autoDraw=False, autoLog=True, bold=False, color=array([1., 1., 1.]), colorSpace='rgb', contrast=1.0, depth=-2.0, draggable=False, flipHoriz=False, flipVert=False, font='Open Sans', fontFiles=[], height=np.float64(0.05), italic=False, languageStyle='LTR', name='distr', opacity=1, ori=288, pos=array([-0.0506719 ,  0.32708567]), rgb=UNKNOWN, text='L', units='height', win=Window(...), wrapWidth=1)
69.0656 	EXP 	Created distr = TextStim(__class__=<class 'psychopy.visual.text.TextStim'>, alignHoriz=method-wrapper(...), alignText='center', alignVert=method-wrapper(...), anchorHoriz='center', anchorVert='center', antialias=True, autoDraw=False, autoLog=True, bold=False, color=array([1., 1., 1.]), colorSpace='rgb', contrast=1.0, depth=-2.0, draggable=False, flipHoriz=False, flipVert=False, font='Open Sans', fontFiles=[], height=np.float64(0.05), italic=False, languageStyle='LTR', name='distr', opacity=1, ori=56, pos=array([-0.11332084, -0.18874413]), rgb=UNKNOWN, text='L', units='height', win=Window(...), wrapWidth=1)
69.0709 	EXP 	Created distr = TextStim(__class__=<class 'psychopy.visual.text.TextStim'>, alignHoriz=method-wrapper(...), alignText='center', alignVert=method-wrapper(...), anchorHoriz='center', anchorVert='center', antialias=True, autoDraw=False, autoLog=True, bold=False, color=array([1., 1., 1.]), colorSpace='rgb', contrast=1.0, depth=-2.0, draggable=False, flipHoriz=False, flipVert=False, font='Open Sans', fontFiles=[], height=np.float64(0.05), italic=False, languageStyle='LTR', name='distr', opacity=1, ori=82, pos=array([0.08520041, 0.44233784]), rgb=UNKNOWN, text='L', units='height', win=Window(...), wrapWidth=1)
69.0761 	EXP 	Created distr = TextStim(__class__=<class 'psychopy.visual.text.TextStim'>, alignHoriz=method-wrapper(...), alignText='center', alignVert=method-wrapper(...), anchorHoriz='center', anchorVert='center', antialias=True, autoDraw=False, autoLog=True, bold=False, color=array([1., 1., 1.]), colorSpace='rgb', contrast=1.0, depth=-2.0, draggable=False, flipHoriz=False, flipVert=False, font='Open Sans', fontFiles=[], height=np.float64(0.05), italic=False, languageStyle='LTR', name='distr', opacity=1, ori=118, pos=array([ 0.04020965, -0.11097032]), rgb=UNKNOWN, text='L', units='height', win=Window(...), wrapWidth=1)
69.0826 	EXP 	fixation: autoDraw = False
69.0826 	EXP 	target: autoDraw = False
69.0826 	EXP 	distr: autoDraw = False
69.0826 	EXP 	distr: autoDraw = False
69.0826 	EXP 	distr: autoDraw = False
69.0826 	EXP 	distr: autoDraw = False
69.0826 	EXP 	distr: autoDraw = False
69.0826 	EXP 	distr: autoDraw = False
69.0826 	EXP 	distr: autoDraw = False
69.0826 	EXP 	distr: autoDraw = False
69.0826 	EXP 	distr: autoDraw = False
69.0826 	EXP 	distr: autoDraw = False
69.0826 	EXP 	distr: autoDraw = True
69.0826 	EXP 	distr: autoDraw = True
69.0826 	EXP 	distr: autoDraw = True
69.0826 	EXP 	distr: autoDraw = True
69.0826 	EXP 	distr: autoDraw = True
69.0826 	EXP 	fixation: autoDraw = True
69.0826 	EXP 	target: autoDraw = True
69.1040 	DATA 	Mouse:  Left button up, pos=(659,187)
70.0369 	DATA 	Mouse: Left button down, pos=(597,446)
70.0422 	EXP 	New trial (rep=43, index=0): <Trial 43 (0 in rep 43) data={'thisN': 43, 'thisTrialN': 0, 'thisRepN': 43}>
70.0538 	EXP 	Created distr = TextStim(__class__=<class 'psychopy.visual.text.TextStim'>, alignHoriz=method-wrapper(...), alignText='center', alignVert=method-wrapper(...), anchorHoriz='center', anchorVert='center', antialias=True, autoDraw=False, autoLog=True, bold=False, color=array([1., 1., 1.]), colorSpace='rgb', contrast=1.0, depth=-2.0, draggable=False, flipHoriz=False, flipVert=False, font='Open Sans', fontFiles=[], height=np.float64(0.05), italic=False, languageStyle='LTR', name='distr', opacity=1, ori=232, pos=array([-0.26206555,  0.14243233]), rgb=UNKNOWN, text='L', units='height', win=Window(...), wrapWidth=1)
70.0600 	EXP 	Created distr = TextStim(__class__=<class 'psychopy.visual.text.TextStim'>, alignHoriz=method-wrapper(...), alignText='center', alignVert=method-wrapper(...), anchorHoriz='center', anchorVert='center', antialias=True, autoDraw=False, autoLog=True, bold=False, color=array([1., 1., 1.]), colorSpace='rgb', contrast=1.0, depth=-2.0, draggable=False, flipHoriz=False, flipVert=False, font='Open Sans', fontFiles=[], height=np.float64(0.05), italic=False, languageStyle='LTR', name='distr', opacity=1, ori=242, pos=array([-0.19175815,  0.29186327]), rgb=UNKNOWN, text='L', units='height', win=Window(...), wrapWidth=1)
70.0654 	EXP 	Created distr = TextStim(__class__=<class 'psychopy.visual.text.TextStim'>, alignHoriz=method-wrapper(...), alignText='center', alignVert=method-wrapper(...), anchorHoriz='center', anchorVert='center', antialias=True, autoDraw=False, autoLog=True, bold=False, color=array([1., 1., 1.]), colorSpace='rgb', contrast=1.0, depth=-2.0, draggable=False, flipHoriz=False, flipVert=False, font='Open Sans', fontFiles=[], height=np.float64(0.05), italic=False, languageStyle='LTR', name='distr', opacity=1, ori=253, pos=array([0.42040429, 0.11861264]), rgb=UNKNOWN, text='L', units='height', win=Window(...), wrapWidth=1)
70.0704 	EXP 	Created distr = TextStim(__class__=<class 'psychopy.visual.text.TextStim'>, alignHoriz=method-wrapper(...), alignText='center', alignVert=method-wrapper(...), anchorHoriz='center', anchorVert='center', antialias=True, autoDraw=False, autoLog=True, bold=False, color=array([1., 1., 1.]), colorSpace='rgb', contrast=1.0, depth=-2.0, draggable=False, flipHoriz=False, flipVert=False, font='Open Sans', fontFiles=[], height=np.float64(0.05), italic=False, languageStyle='LTR', name='distr', opacity=1, ori=268, pos=array([-0.32559413, -0.24807353]), rgb=UNKNOWN, text='L', units='height', win=Window(...), wrapWidth=1)
70.0757 	EXP 	Created distr = TextStim(__class__=<class 'psychopy.visual.text.TextStim'>, alignHoriz=method-wrapper(...), alignText='center', alignVert=method-wrapper(...), anchorHoriz='center', anchorVert='center', antialias=True, autoDraw=False, autoLog=True, bold=False, color=array([1., 1., 1.]), colorSpace='rgb', contrast=1.0, depth=-2.0, draggable=False, flipHoriz=False, flipVert=False, font='Open Sans', fontFiles=[], height=np.float64(0.05), italic=False, languageStyle='LTR', name='distr', opacity=1, ori=235, pos=array([-0.13381484,  0.4340711 ]), rgb=UNKNOWN, text='L', units='height', win=Window(...), wrapWidth=1)
70.0811 	EXP 	Created distr = TextStim(__class__=<class 'psychopy.visual.text.TextStim'>, alignHoriz=method-wrapper(...), alignText='center', alignVert=method-wrapper(...), anchorHoriz='center', anchorVert='center', antialias=True, autoDraw=False, autoLog=True, bold=False, color=array([1., 1., 1.]), colorSpace='rgb', contrast=1.0, depth=-2.0, draggable=False, flipHoriz=False, flipVert=False, font='Open Sans', fontFiles=[], height=np.float64(0.05), italic=False, languageStyle='LTR', name='distr', opacity=1, ori=57, pos=array([-0.27120976, -0.0218553 ]), rgb=UNKNOWN, text='L', units='height', win=Window(...), wrapWidth=1)
70.0862 	EXP 	Created distr = TextStim(__class__=<class 'psychopy.visual.text.TextStim'>, alignHoriz=method-wrapper(...), alignText='center', alignVert=method-wrapper(...), anchorHoriz='center', anchorVert='center', antialias=True, autoDraw=False, autoLog=True, bold=False, color=array([1., 1., 1.]), colorSpace='rgb', contrast=1.0, depth=-2.0, draggable=False, flipHoriz=False, flipVert=False, font='Open Sans', fontFiles=[], height=np.float64(0.05), italic=False, languageStyle='LTR', name='distr', opacity=1, ori=35, pos=array([-0.02581123, -0.49248267]), rgb=UNKNOWN, text='L', units='height', win=Window(...), wrapWidth=1)
70.0913 	EXP 	Created distr = TextStim(__class__=<class 'psychopy.visual.text.TextStim'>, alignHoriz=method-wrapper(...), alignText='center', alignVert=method-wrapper(...), anchorHoriz='center', anchorVert='center', antialias=True, autoDraw=False, autoLog=True, bold=False, color=array([1., 1., 1.]), colorSpace='rgb', contrast=1.0, depth=-2.0, draggable=False, flipHoriz=False, flipVert=False, font='Open Sans', fontFiles=[], height=np.float64(0.05), italic=False, languageStyle='LTR', name='distr', opacity=1, ori=116, pos=array([-0.44631325, -0.31594062]), rgb=UNKNOWN, text='L', units='height', win=Window(...), wrapWidth=1)
70.0964 	EXP 	Created distr = TextStim(__class__=<class 'psychopy.visual.text.TextStim'>, alignHoriz=method-wrapper(...), alignText='center', alignVert=method-wrapper(...), anchorHoriz='center', anchorVert='center', antialias=True, autoDraw=False, autoLog=True, bold=False, color=array([1., 1., 1.]), colorSpace='rgb', contrast=1.0, depth=-2.0, draggable=False, flipHoriz=False, flipVert=False, font='Open Sans', fontFiles=[], height=np.float64(0.05), italic=False, languageStyle='LTR', name='distr', opacity=1, ori=24, pos=array([-0.23287583,  0.36743919]), rgb=UNKNOWN, text='L', units='height', win=Window(...), wrapWidth=1)
70.1015 	EXP 	Created distr = TextStim(__class__=<class 'psychopy.visual.text.TextStim'>, alignHoriz=method-wrapper(...), alignText='center', alignVert=method-wrapper(...), anchorHoriz='center', anchorVert='center', antialias=True, autoDraw=False, autoLog=True, bold=False, color=array([1., 1., 1.]), colorSpace='rgb', contrast=1.0, depth=-2.0, draggable=False, flipHoriz=False, flipVert=False, font='Open Sans', fontFiles=[], height=np.float64(0.05), italic=False, languageStyle='LTR', name='distr', opacity=1, ori=169, pos=array([-0.08448318,  0.17594655]), rgb=UNKNOWN, text='L', units='height', win=Window(...), wrapWidth=1)
70.1021 	DATA 	Mouse:  Left button up, pos=(597,446)
70.1110 	EXP 	fixation: autoDraw = False
70.1110 	EXP 	target: autoDraw = False
70.1110 	EXP 	distr: autoDraw = False
70.1110 	EXP 	distr: autoDraw = False
70.1110 	EXP 	distr: autoDraw = False
70.1110 	EXP 	distr: autoDraw = False
70.1110 	EXP 	distr: autoDraw = False
70.1110 	EXP 	distr: autoDraw = True
70.1110 	EXP 	distr: autoDraw = True
70.1110 	EXP 	distr: autoDraw = True
70.1110 	EXP 	distr: autoDraw = True
70.1110 	EXP 	distr: autoDraw = True
70.1110 	EXP 	distr: autoDraw = True
70.1110 	EXP 	distr: autoDraw = True
70.1110 	EXP 	distr: autoDraw = True
70.1110 	EXP 	distr: autoDraw = True
70.1110 	EXP 	distr: autoDraw = True
70.1110 	EXP 	fixation: autoDraw = True
70.1110 	EXP 	target: autoDraw = True
71.7368 	DATA 	Mouse: Left button down, pos=(1041,693)
71.7415 	EXP 	New trial (rep=44, index=0): <Trial 44 (0 in rep 44) data={'thisN': 44, 'thisTrialN': 0, 'thisRepN': 44}>
71.7496 	EXP 	Created distr = TextStim(__class__=<class 'psychopy.visual.text.TextStim'>, alignHoriz=method-wrapper(...), alignText='center', alignVert=method-wrapper(...), anchorHoriz='center', anchorVert='center', antialias=True, autoDraw=False, autoLog=True, bold=False, color=array([1., 1., 1.]), colorSpace='rgb', contrast=1.0, depth=-2.0, draggable=False, flipHoriz=False, flipVert=False, font='Open Sans', fontFiles=[], height=np.float64(0.05), italic=False, languageStyle='LTR', name='distr', opacity=1, ori=256, pos=array([ 0.25838018, -0.15161335]), rgb=UNKNOWN, text='L', units='height', win=Window(...), wrapWidth=1)
71.7570 	EXP 	Created distr = TextStim(__class__=<class 'psychopy.visual.text.TextStim'>, alignHoriz=method-wrapper(...), alignText='center', alignVert=method-wrapper(...), anchorHoriz='center', anchorVert='center', antialias=True, autoDraw=False, autoLog=True, bold=False, color=array([1., 1., 1.]), colorSpace='rgb', contrast=1.0, depth=-2.0, draggable=False, flipHoriz=False, flipVert=False, font='Open Sans', fontFiles=[], height=np.float64(0.05), italic=False, languageStyle='LTR', name='distr', opacity=1, ori=285, pos=array([-0.40931615,  0.25352742]), rgb=UNKNOWN, text='L', units='height', win=Window(...), wrapWidth=1)
71.7625 	EXP 	Created distr = TextStim(__class__=<class 'psychopy.visual.text.TextStim'>, alignHoriz=method-wrapper(...), alignText='center', alignVert=method-wrapper(...), anchorHoriz='center', anchorVert='center', antialias=True, autoDraw=False, autoLog=True, bold=False, color=array([1., 1., 1.]), colorSpace='rgb', contrast=1.0, depth=-2.0, draggable=False, flipHoriz=False, flipVert=False, font='Open Sans', fontFiles=[], height=np.float64(0.05), italic=False, languageStyle='LTR', name='distr', opacity=1, ori=196, pos=array([-0.00467522,  0.02797138]), rgb=UNKNOWN, text='L', units='height', win=Window(...), wrapWidth=1)
71.7676 	EXP 	Created distr = TextStim(__class__=<class 'psychopy.visual.text.TextStim'>, alignHoriz=method-wrapper(...), alignText='center', alignVert=method-wrapper(...), anchorHoriz='center', anchorVert='center', antialias=True, autoDraw=False, autoLog=True, bold=False, color=array([1., 1., 1.]), colorSpace='rgb', contrast=1.0, depth=-2.0, draggable=False, flipHoriz=False, flipVert=False, font='Open Sans', fontFiles=[], height=np.float64(0.05), italic=False, languageStyle='LTR', name='distr', opacity=1, ori=220, pos=array([ 0.01925546, -0.32945479]), rgb=UNKNOWN, text='L', units='height', win=Window(...), wrapWidth=1)
71.7728 	EXP 	Created distr = TextStim(__class__=<class 'psychopy.visual.text.TextStim'>, alignHoriz=method-wrapper(...), alignText='center', alignVert=method-wrapper(...), anchorHoriz='center', anchorVert='center', antialias=True, autoDraw=False, autoLog=True, bold=False, color=array([1., 1., 1.]), colorSpace='rgb', contrast=1.0, depth=-2.0, draggable=False, flipHoriz=False, flipVert=False, font='Open Sans', fontFiles=[], height=np.float64(0.05), italic=False, languageStyle='LTR', name='distr', opacity=1, ori=262, pos=array([ 0.3683706 , -0.40207537]), rgb=UNKNOWN, text='L', units='height', win=Window(...), wrapWidth=1)
71.7778 	EXP 	Created distr = TextStim(__class__=<class 'psychopy.visual.text.TextStim'>, alignHoriz=method-wrapper(...), alignText='center', alignVert=method-wrapper(...), anchorHoriz='center', anchorVert='center', antialias=True, autoDraw=False, autoLog=True, bold=False, color=array([1., 1., 1.]), colorSpace='rgb', contrast=1.0, depth=-2.0, draggable=False, flipHoriz=False, flipVert=False, font='Open Sans', fontFiles=[], height=np.float64(0.05), italic=False, languageStyle='LTR', name='distr', opacity=1, ori=206, pos=array([-0.44349282,  0.0735822 ]), rgb=UNKNOWN, text='L', units='height', win=Window(...), wrapWidth=1)
71.7829 	EXP 	Created distr = TextStim(__class__=<class 'psychopy.visual.text.TextStim'>, alignHoriz=method-wrapper(...), alignText='center', alignVert=method-wrapper(...), anchorHoriz='center', anchorVert='center', antialias=True, autoDraw=False, autoLog=True, bold=False, color=array([1., 1., 1.]), colorSpace='rgb', contrast=1.0, depth=-2.0, draggable=False, flipHoriz=False, flipVert=False, font='Open Sans', fontFiles=[], height=np.float64(0.05), italic=False, languageStyle='LTR', name='distr', opacity=1, ori=92, pos=array([ 0.01320274, -0.33840176]), rgb=UNKNOWN, text='L', units='height', win=Window(...), wrapWidth=1)
71.7878 	EXP 	Created distr = TextStim(__class__=<class 'psychopy.visual.text.TextStim'>, alignHoriz=method-wrapper(...), alignText='center', alignVert=method-wrapper(...), anchorHoriz='center', anchorVert='center', antialias=True, autoDraw=False, autoLog=True, bold=False, color=array([1., 1., 1.]), colorSpace='rgb', contrast=1.0, depth=-2.0, draggable=False, flipHoriz=False, flipVert=False, font='Open Sans', fontFiles=[], height=np.float64(0.05), italic=False, languageStyle='LTR', name='distr', opacity=1, ori=147, pos=array([-0.31798021,  0.43576371]), rgb=UNKNOWN, text='L', units='height', win=Window(...), wrapWidth=1)
71.7930 	EXP 	Created distr = TextStim(__class__=<class 'psychopy.visual.text.TextStim'>, alignHoriz=method-wrapper(...), alignText='center', alignVert=method-wrapper(...), anchorHoriz='center', anchorVert='center', antialias=True, autoDraw=False, autoLog=True, bold=False, color=array([1., 1., 1.]), colorSpace='rgb', contrast=1.0, depth=-2.0, draggable=False, flipHoriz=False, flipVert=False, font='Open Sans', fontFiles=[], height=np.float64(0.05), italic=False, languageStyle='LTR', name='distr', opacity=1, ori=254, pos=array([ 0.0431852 , -0.08183877]), rgb=UNKNOWN, text='L', units='height', win=Window(...), wrapWidth=1)
71.7980 	EXP 	Created distr = TextStim(__class__=<class 'psychopy.visual.text.TextStim'>, alignHoriz=method-wrapper(...), alignText='center', alignVert=method-wrapper(...), anchorHoriz='center', anchorVert='center', antialias=True, autoDraw=False, autoLog=True, bold=False, color=array([1., 1., 1.]), colorSpace='rgb', contrast=1.0, depth=-2.0, draggable=False, flipHoriz=False, flipVert=False, font='Open Sans', fontFiles=[], height=np.float64(0.05), italic=False, languageStyle='LTR', name='distr', opacity=1, ori=318, pos=array([-0.05217677, -0.01188593]), rgb=UNKNOWN, text='L', units='height', win=Window(...), wrapWidth=1)
71.8047 	DATA 	Mouse:  Left button up, pos=(1041,693)
71.8076 	EXP 	fixation: autoDraw = False
71.8076 	EXP 	target: autoDraw = False
71.8076 	EXP 	distr: autoDraw = False
71.8076 	EXP 	distr: autoDraw = False
71.8076 	EXP 	distr: autoDraw = False
71.8076 	EXP 	distr: autoDraw = False
71.8076 	EXP 	distr: autoDraw = False
71.8076 	EXP 	distr: autoDraw = False
71.8076 	EXP 	distr: autoDraw = False
71.8076 	EXP 	distr: autoDraw = False
71.8076 	EXP 	distr: autoDraw = False
71.8076 	EXP 	distr: autoDraw = False
71.8076 	EXP 	distr: autoDraw = True
71.8076 	EXP 	distr: autoDraw = True
71.8076 	EXP 	distr: autoDraw = True
71.8076 	EXP 	distr: autoDraw = True
71.8076 	EXP 	distr: autoDraw = True
71.8076 	EXP 	distr: autoDraw = True
71.8076 	EXP 	distr: autoDraw = True
71.8076 	EXP 	distr: autoDraw = True
71.8076 	EXP 	distr: autoDraw = True
71.8076 	EXP 	distr: autoDraw = True
71.8076 	EXP 	fixation: autoDraw = True
71.8076 	EXP 	target: autoDraw = True
73.3039 	DATA 	Mouse: Left button down, pos=(330,716)
73.3091 	EXP 	New trial (rep=45, index=0): <Trial 45 (0 in rep 45) data={'thisN': 45, 'thisTrialN': 0, 'thisRepN': 45}>
73.3200 	EXP 	Created distr = TextStim(__class__=<class 'psychopy.visual.text.TextStim'>, alignHoriz=method-wrapper(...), alignText='center', alignVert=method-wrapper(...), anchorHoriz='center', anchorVert='center', antialias=True, autoDraw=False, autoLog=True, bold=False, color=array([1., 1., 1.]), colorSpace='rgb', contrast=1.0, depth=-2.0, draggable=False, flipHoriz=False, flipVert=False, font='Open Sans', fontFiles=[], height=np.float64(0.05), italic=False, languageStyle='LTR', name='distr', opacity=1, ori=66, pos=array([0.21090002, 0.00833818]), rgb=UNKNOWN, text='L', units='height', win=Window(...), wrapWidth=1)
73.3258 	EXP 	Created distr = TextStim(__class__=<class 'psychopy.visual.text.TextStim'>, alignHoriz=method-wrapper(...), alignText='center', alignVert=method-wrapper(...), anchorHoriz='center', anchorVert='center', antialias=True, autoDraw=False, autoLog=True, bold=False, color=array([1., 1., 1.]), colorSpace='rgb', contrast=1.0, depth=-2.0, draggable=False, flipHoriz=False, flipVert=False, font='Open Sans', fontFiles=[], height=np.float64(0.05), italic=False, languageStyle='LTR', name='distr', opacity=1, ori=356, pos=array([0.22802242, 0.35982429]), rgb=UNKNOWN, text='L', units='height', win=Window(...), wrapWidth=1)
73.3311 	EXP 	Created distr = TextStim(__class__=<class 'psychopy.visual.text.TextStim'>, alignHoriz=method-wrapper(...), alignText='center', alignVert=method-wrapper(...), anchorHoriz='center', anchorVert='center', antialias=True, autoDraw=False, autoLog=True, bold=False, color=array([1., 1., 1.]), colorSpace='rgb', contrast=1.0, depth=-2.0, draggable=False, flipHoriz=False, flipVert=False, font='Open Sans', fontFiles=[], height=np.float64(0.05), italic=False, languageStyle='LTR', name='distr', opacity=1, ori=272, pos=array([0.29056317, 0.18554525]), rgb=UNKNOWN, text='L', units='height', win=Window(...), wrapWidth=1)
73.3361 	EXP 	Created distr = TextStim(__class__=<class 'psychopy.visual.text.TextStim'>, alignHoriz=method-wrapper(...), alignText='center', alignVert=method-wrapper(...), anchorHoriz='center', anchorVert='center', antialias=True, autoDraw=False, autoLog=True, bold=False, color=array([1., 1., 1.]), colorSpace='rgb', contrast=1.0, depth=-2.0, draggable=False, flipHoriz=False, flipVert=False, font='Open Sans', fontFiles=[], height=np.float64(0.05), italic=False, languageStyle='LTR', name='distr', opacity=1, ori=224, pos=array([0.33074911, 0.28335565]), rgb=UNKNOWN, text='L', units='height', win=Window(...), wrapWidth=1)
73.3414 	EXP 	Created distr = TextStim(__class__=<class 'psychopy.visual.text.TextStim'>, alignHoriz=method-wrapper(...), alignText='center', alignVert=method-wrapper(...), anchorHoriz='center', anchorVert='center', antialias=True, autoDraw=False, autoLog=True, bold=False, color=array([1., 1., 1.]), colorSpace='rgb', contrast=1.0, depth=-2.0, draggable=False, flipHoriz=False, flipVert=False, font='Open Sans', fontFiles=[], height=np.float64(0.05), italic=False, languageStyle='LTR', name='distr', opacity=1, ori=18, pos=array([-0.2353595 ,  0.10031953]), rgb=UNKNOWN, text='L', units='height', win=Window(...), wrapWidth=1)
73.3480 	EXP 	fixation: autoDraw = False
73.3480 	EXP 	target: autoDraw = False
73.3480 	EXP 	distr: autoDraw = False
73.3480 	EXP 	distr: autoDraw = False
73.3480 	EXP 	distr: autoDraw = False
73.3480 	EXP 	distr: autoDraw = False
73.3480 	EXP 	distr: autoDraw = False
73.3480 	EXP 	distr: autoDraw = False
73.3480 	EXP 	distr: autoDraw = False
73.3480 	EXP 	distr: autoDraw = False
73.3480 	EXP 	distr: autoDraw = False
73.3480 	EXP 	distr: autoDraw = False
73.3480 	EXP 	distr: autoDraw = True
73.3480 	EXP 	distr: autoDraw = True
73.3480 	EXP 	distr: autoDraw = True
73.3480 	EXP 	distr: autoDraw = True
73.3480 	EXP 	distr: autoDraw = True
73.3480 	EXP 	fixation: autoDraw = True
73.3480 	EXP 	target: autoDraw = True
73.3872 	DATA 	Mouse:  Left button up, pos=(330,716)
75.0383 	DATA 	Mouse: Left button down, pos=(750,406)
75.0435 	EXP 	New trial (rep=46, index=0): <Trial 46 (0 in rep 46) data={'thisN': 46, 'thisTrialN': 0, 'thisRepN': 46}>
75.0536 	EXP 	Created distr = TextStim(__class__=<class 'psychopy.visual.text.TextStim'>, alignHoriz=method-wrapper(...), alignText='center', alignVert=method-wrapper(...), anchorHoriz='center', anchorVert='center', antialias=True, autoDraw=False, autoLog=True, bold=False, color=array([1., 1., 1.]), colorSpace='rgb', contrast=1.0, depth=-2.0, draggable=False, flipHoriz=False, flipVert=False, font='Open Sans', fontFiles=[], height=np.float64(0.05), italic=False, languageStyle='LTR', name='distr', opacity=1, ori=68, pos=array([0.1987179 , 0.11198773]), rgb=UNKNOWN, text='L', units='height', win=Window(...), wrapWidth=1)
75.0604 	EXP 	Created distr = TextStim(__class__=<class 'psychopy.visual.text.TextStim'>, alignHoriz=method-wrapper(...), alignText='center', alignVert=method-wrapper(...), anchorHoriz='center', anchorVert='center', antialias=True, autoDraw=False, autoLog=True, bold=False, color=array([1., 1., 1.]), colorSpace='rgb', contrast=1.0, depth=-2.0, draggable=False, flipHoriz=False, flipVert=False, font='Open Sans', fontFiles=[], height=np.float64(0.05), italic=False, languageStyle='LTR', name='distr', opacity=1, ori=168, pos=array([-0.32292586, -0.48118254]), rgb=UNKNOWN, text='L', units='height', win=Window(...), wrapWidth=1)
75.0663 	EXP 	Created distr = TextStim(__class__=<class 'psychopy.visual.text.TextStim'>, alignHoriz=method-wrapper(...), alignText='center', alignVert=method-wrapper(...), anchorHoriz='center', anchorVert='center', antialias=True, autoDraw=False, autoLog=True, bold=False, color=array([1., 1., 1.]), colorSpace='rgb', contrast=1.0, depth=-2.0, draggable=False, flipHoriz=False, flipVert=False, font='Open Sans', fontFiles=[], height=np.float64(0.05), italic=False, languageStyle='LTR', name='distr', opacity=1, ori=334, pos=array([0.12977678, 0.03749492]), rgb=UNKNOWN, text='L', units='height', win=Window(...), wrapWidth=1)
75.0715 	EXP 	Created distr = TextStim(__class__=<class 'psychopy.visual.text.TextStim'>, alignHoriz=method-wrapper(...), alignText='center', alignVert=method-wrapper(...), anchorHoriz='center', anchorVert='center', antialias=True, autoDraw=False, autoLog=True, bold=False, color=array([1., 1., 1.]), colorSpace='rgb', contrast=1.0, depth=-2.0, draggable=False, flipHoriz=False, flipVert=False, font='Open Sans', fontFiles=[], height=np.float64(0.05), italic=False, languageStyle='LTR', name='distr', opacity=1, ori=289, pos=array([-0.25700722,  0.20808789]), rgb=UNKNOWN, text='L', units='height', win=Window(...), wrapWidth=1)
75.0772 	EXP 	Created distr = TextStim(__class__=<class 'psychopy.visual.text.TextStim'>, alignHoriz=method-wrapper(...), alignText='center', alignVert=method-wrapper(...), anchorHoriz='center', anchorVert='center', antialias=True, autoDraw=False, autoLog=True, bold=False, color=array([1., 1., 1.]), colorSpace='rgb', contrast=1.0, depth=-2.0, draggable=False, flipHoriz=False, flipVert=False, font='Open Sans', fontFiles=[], height=np.float64(0.05), italic=False, languageStyle='LTR', name='distr', opacity=1, ori=81, pos=array([-0.29353426, -0.37607854]), rgb=UNKNOWN, text='L', units='height', win=Window(...), wrapWidth=1)
75.0835 	EXP 	fixation: autoDraw = False
75.0835 	EXP 	target: autoDraw = False
75.0835 	EXP 	distr: autoDraw = False
75.0835 	EXP 	distr: autoDraw = False
75.0835 	EXP 	distr: autoDraw = False
75.0835 	EXP 	distr: autoDraw = False
75.0835 	EXP 	distr: autoDraw = False
75.0835 	EXP 	distr: autoDraw = True
75.0835 	EXP 	distr: autoDraw = True
75.0835 	EXP 	distr: autoDraw = True
75.0835 	EXP 	distr: autoDraw = True
75.0835 	EXP 	distr: autoDraw = True
75.0835 	EXP 	fixation: autoDraw = True
75.0835 	EXP 	target: autoDraw = True
75.1377 	DATA 	Mouse:  Left button up, pos=(750,406)
76.4882 	DATA 	Mouse: Left button down, pos=(1110,826)
76.4936 	EXP 	New trial (rep=47, index=0): <Trial 47 (0 in rep 47) data={'thisN': 47, 'thisTrialN': 0, 'thisRepN': 47}>
76.5038 	EXP 	Created distr = TextStim(__class__=<class 'psychopy.visual.text.TextStim'>, alignHoriz=method-wrapper(...), alignText='center', alignVert=method-wrapper(...), anchorHoriz='center', anchorVert='center', antialias=True, autoDraw=False, autoLog=True, bold=False, color=array([1., 1., 1.]), colorSpace='rgb', contrast=1.0, depth=-2.0, draggable=False, flipHoriz=False, flipVert=False, font='Open Sans', fontFiles=[], height=np.float64(0.05), italic=False, languageStyle='LTR', name='distr', opacity=1, ori=251, pos=array([ 0.37868447, -0.4688617 ]), rgb=UNKNOWN, text='L', units='height', win=Window(...), wrapWidth=1)
76.5109 	EXP 	Created distr = TextStim(__class__=<class 'psychopy.visual.text.TextStim'>, alignHoriz=method-wrapper(...), alignText='center', alignVert=method-wrapper(...), anchorHoriz='center', anchorVert='center', antialias=True, autoDraw=False, autoLog=True, bold=False, color=array([1., 1., 1.]), colorSpace='rgb', contrast=1.0, depth=-2.0, draggable=False, flipHoriz=False, flipVert=False, font='Open Sans', fontFiles=[], height=np.float64(0.05), italic=False, languageStyle='LTR', name='distr', opacity=1, ori=186, pos=array([-0.12704607, -0.39026273]), rgb=UNKNOWN, text='L', units='height', win=Window(...), wrapWidth=1)
76.5168 	EXP 	Created distr = TextStim(__class__=<class 'psychopy.visual.text.TextStim'>, alignHoriz=method-wrapper(...), alignText='center', alignVert=method-wrapper(...), anchorHoriz='center', anchorVert='center', antialias=True, autoDraw=False, autoLog=True, bold=False, color=array([1., 1., 1.]), colorSpace='rgb', contrast=1.0, depth=-2.0, draggable=False, flipHoriz=False, flipVert=False, font='Open Sans', fontFiles=[], height=np.float64(0.05), italic=False, languageStyle='LTR', name='distr', opacity=1, ori=353, pos=array([-0.32395935,  0.30842521]), rgb=UNKNOWN, text='L', units='height', win=Window(...), wrapWidth=1)
76.5224 	EXP 	Created distr = TextStim(__class__=<class 'psychopy.visual.text.TextStim'>, alignHoriz=method-wrapper(...), alignText='center', alignVert=method-wrapper(...), anchorHoriz='center', anchorVert='center', antialias=True, autoDraw=False, autoLog=True, bold=False, color=array([1., 1., 1.]), colorSpace='rgb', contrast=1.0, depth=-2.0, draggable=False, flipHoriz=False, flipVert=False, font='Open Sans', fontFiles=[], height=np.float64(0.05), italic=False, languageStyle='LTR', name='distr', opacity=1, ori=302, pos=array([-0.365693  , -0.12758226]), rgb=UNKNOWN, text='L', units='height', win=Window(...), wrapWidth=1)
76.5276 	EXP 	Created distr = TextStim(__class__=<class 'psychopy.visual.text.TextStim'>, alignHoriz=method-wrapper(...), alignText='center', alignVert=method-wrapper(...), anchorHoriz='center', anchorVert='center', antialias=True, autoDraw=False, autoLog=True, bold=False, color=array([1., 1., 1.]), colorSpace='rgb', contrast=1.0, depth=-2.0, draggable=False, flipHoriz=False, flipVert=False, font='Open Sans', fontFiles=[], height=np.float64(0.05), italic=False, languageStyle='LTR', name='distr', opacity=1, ori=223, pos=array([0.22232549, 0.12200354]), rgb=UNKNOWN, text='L', units='height', win=Window(...), wrapWidth=1)
76.5326 	EXP 	Created distr = TextStim(__class__=<class 'psychopy.visual.text.TextStim'>, alignHoriz=method-wrapper(...), alignText='center', alignVert=method-wrapper(...), anchorHoriz='center', anchorVert='center', antialias=True, autoDraw=False, autoLog=True, bold=False, color=array([1., 1., 1.]), colorSpace='rgb', contrast=1.0, depth=-2.0, draggable=False, flipHoriz=False, flipVert=False, font='Open Sans', fontFiles=[], height=np.float64(0.05), italic=False, languageStyle='LTR', name='distr', opacity=1, ori=114, pos=array([-0.29833854,  0.26455316]), rgb=UNKNOWN, text='L', units='height', win=Window(...), wrapWidth=1)
76.5375 	EXP 	Created distr = TextStim(__class__=<class 'psychopy.visual.text.TextStim'>, alignHoriz=method-wrapper(...), alignText='center', alignVert=method-wrapper(...), anchorHoriz='center', anchorVert='center', antialias=True, autoDraw=False, autoLog=True, bold=False, color=array([1., 1., 1.]), colorSpace='rgb', contrast=1.0, depth=-2.0, draggable=False, flipHoriz=False, flipVert=False, font='Open Sans', fontFiles=[], height=np.float64(0.05), italic=False, languageStyle='LTR', name='distr', opacity=1, ori=217, pos=array([-0.15739412, -0.15217131]), rgb=UNKNOWN, text='L', units='height', win=Window(...), wrapWidth=1)
76.5424 	EXP 	Created distr = TextStim(__class__=<class 'psychopy.visual.text.TextStim'>, alignHoriz=method-wrapper(...), alignText='center', alignVert=method-wrapper(...), anchorHoriz='center', anchorVert='center', antialias=True, autoDraw=False, autoLog=True, bold=False, color=array([1., 1., 1.]), colorSpace='rgb', contrast=1.0, depth=-2.0, draggable=False, flipHoriz=False, flipVert=False, font='Open Sans', fontFiles=[], height=np.float64(0.05), italic=False, languageStyle='LTR', name='distr', opacity=1, ori=175, pos=array([ 0.28583131, -0.11684125]), rgb=UNKNOWN, text='L', units='height', win=Window(...), wrapWidth=1)
76.5475 	EXP 	Created distr = TextStim(__class__=<class 'psychopy.visual.text.TextStim'>, alignHoriz=method-wrapper(...), alignText='center', alignVert=method-wrapper(...), anchorHoriz='center', anchorVert='center', antialias=True, autoDraw=False, autoLog=True, bold=False, color=array([1., 1., 1.]), colorSpace='rgb', contrast=1.0, depth=-2.0, draggable=False, flipHoriz=False, flipVert=False, font='Open Sans', fontFiles=[], height=np.float64(0.05), italic=False, languageStyle='LTR', name='distr', opacity=1, ori=356, pos=array([-0.39052043,  0.24780836]), rgb=UNKNOWN, text='L', units='height', win=Window(...), wrapWidth=1)
76.5525 	EXP 	Created distr = TextStim(__class__=<class 'psychopy.visual.text.TextStim'>, alignHoriz=method-wrapper(...), alignText='center', alignVert=method-wrapper(...), anchorHoriz='center', anchorVert='center', antialias=True, autoDraw=False, autoLog=True, bold=False, color=array([1., 1., 1.]), colorSpace='rgb', contrast=1.0, depth=-2.0, draggable=False, flipHoriz=False, flipVert=False, font='Open Sans', fontFiles=[], height=np.float64(0.05), italic=False, languageStyle='LTR', name='distr', opacity=1, ori=84, pos=array([-0.11882888, -0.36089623]), rgb=UNKNOWN, text='L', units='height', win=Window(...), wrapWidth=1)
76.5531 	DATA 	Mouse:  Left button up, pos=(1110,826)
76.5619 	EXP 	fixation: autoDraw = False
76.5619 	EXP 	target: autoDraw = False
76.5619 	EXP 	distr: autoDraw = False
76.5619 	EXP 	distr: autoDraw = False
76.5619 	EXP 	distr: autoDraw = False
76.5619 	EXP 	distr: autoDraw = False
76.5619 	EXP 	distr: autoDraw = False
76.5619 	EXP 	distr: autoDraw = True
76.5619 	EXP 	distr: autoDraw = True
76.5619 	EXP 	distr: autoDraw = True
76.5619 	EXP 	distr: autoDraw = True
76.5619 	EXP 	distr: autoDraw = True
76.5619 	EXP 	distr: autoDraw = True
76.5619 	EXP 	distr: autoDraw = True
76.5619 	EXP 	distr: autoDraw = True
76.5619 	EXP 	distr: autoDraw = True
76.5619 	EXP 	distr: autoDraw = True
76.5619 	EXP 	fixation: autoDraw = True
76.5619 	EXP 	target: autoDraw = True
79.7318 	DATA 	Mouse: Left button down, pos=(652,895)
79.7364 	EXP 	New trial (rep=48, index=0): <Trial 48 (0 in rep 48) data={'thisN': 48, 'thisTrialN': 0, 'thisRepN': 48}>
79.7438 	EXP 	Created distr = TextStim(__class__=<class 'psychopy.visual.text.TextStim'>, alignHoriz=method-wrapper(...), alignText='center', alignVert=method-wrapper(...), anchorHoriz='center', anchorVert='center', antialias=True, autoDraw=False, autoLog=True, bold=False, color=array([1., 1., 1.]), colorSpace='rgb', contrast=1.0, depth=-2.0, draggable=False, flipHoriz=False, flipVert=False, font='Open Sans', fontFiles=[], height=np.float64(0.05), italic=False, languageStyle='LTR', name='distr', opacity=1, ori=241, pos=array([0.4084531 , 0.14056027]), rgb=UNKNOWN, text='L', units='height', win=Window(...), wrapWidth=1)
79.7496 	EXP 	Created distr = TextStim(__class__=<class 'psychopy.visual.text.TextStim'>, alignHoriz=method-wrapper(...), alignText='center', alignVert=method-wrapper(...), anchorHoriz='center', anchorVert='center', antialias=True, autoDraw=False, autoLog=True, bold=False, color=array([1., 1., 1.]), colorSpace='rgb', contrast=1.0, depth=-2.0, draggable=False, flipHoriz=False, flipVert=False, font='Open Sans', fontFiles=[], height=np.float64(0.05), italic=False, languageStyle='LTR', name='distr', opacity=1, ori=26, pos=array([0.21044096, 0.0213426 ]), rgb=UNKNOWN, text='L', units='height', win=Window(...), wrapWidth=1)
79.7554 	EXP 	Created distr = TextStim(__class__=<class 'psychopy.visual.text.TextStim'>, alignHoriz=method-wrapper(...), alignText='center', alignVert=method-wrapper(...), anchorHoriz='center', anchorVert='center', antialias=True, autoDraw=False, autoLog=True, bold=False, color=array([1., 1., 1.]), colorSpace='rgb', contrast=1.0, depth=-2.0, draggable=False, flipHoriz=False, flipVert=False, font='Open Sans', fontFiles=[], height=np.float64(0.05), italic=False, languageStyle='LTR', name='distr', opacity=1, ori=192, pos=array([-0.06520556, -0.07034298]), rgb=UNKNOWN, text='L', units='height', win=Window(...), wrapWidth=1)
79.7607 	EXP 	Created distr = TextStim(__class__=<class 'psychopy.visual.text.TextStim'>, alignHoriz=method-wrapper(...), alignText='center', alignVert=method-wrapper(...), anchorHoriz='center', anchorVert='center', antialias=True, autoDraw=False, autoLog=True, bold=False, color=array([1., 1., 1.]), colorSpace='rgb', contrast=1.0, depth=-2.0, draggable=False, flipHoriz=False, flipVert=False, font='Open Sans', fontFiles=[], height=np.float64(0.05), italic=False, languageStyle='LTR', name='distr', opacity=1, ori=194, pos=array([ 0.16204171, -0.21253685]), rgb=UNKNOWN, text='L', units='height', win=Window(...), wrapWidth=1)
79.7660 	EXP 	Created distr = TextStim(__class__=<class 'psychopy.visual.text.TextStim'>, alignHoriz=method-wrapper(...), alignText='center', alignVert=method-wrapper(...), anchorHoriz='center', anchorVert='center', antialias=True, autoDraw=False, autoLog=True, bold=False, color=array([1., 1., 1.]), colorSpace='rgb', contrast=1.0, depth=-2.0, draggable=False, flipHoriz=False, flipVert=False, font='Open Sans', fontFiles=[], height=np.float64(0.05), italic=False, languageStyle='LTR', name='distr', opacity=1, ori=159, pos=array([0.16206732, 0.41815432]), rgb=UNKNOWN, text='L', units='height', win=Window(...), wrapWidth=1)
79.7710 	EXP 	Created distr = TextStim(__class__=<class 'psychopy.visual.text.TextStim'>, alignHoriz=method-wrapper(...), alignText='center', alignVert=method-wrapper(...), anchorHoriz='center', anchorVert='center', antialias=True, autoDraw=False, autoLog=True, bold=False, color=array([1., 1., 1.]), colorSpace='rgb', contrast=1.0, depth=-2.0, draggable=False, flipHoriz=False, flipVert=False, font='Open Sans', fontFiles=[], height=np.float64(0.05), italic=False, languageStyle='LTR', name='distr', opacity=1, ori=134, pos=array([-0.45447479, -0.18816478]), rgb=UNKNOWN, text='L', units='height', win=Window(...), wrapWidth=1)
79.7761 	EXP 	Created distr = TextStim(__class__=<class 'psychopy.visual.text.TextStim'>, alignHoriz=method-wrapper(...), alignText='center', alignVert=method-wrapper(...), anchorHoriz='center', anchorVert='center', antialias=True, autoDraw=False, autoLog=True, bold=False, color=array([1., 1., 1.]), colorSpace='rgb', contrast=1.0, depth=-2.0, draggable=False, flipHoriz=False, flipVert=False, font='Open Sans', fontFiles=[], height=np.float64(0.05), italic=False, languageStyle='LTR', name='distr', opacity=1, ori=135, pos=array([-0.32512178,  0.38676036]), rgb=UNKNOWN, text='L', units='height', win=Window(...), wrapWidth=1)
79.7811 	EXP 	Created distr = TextStim(__class__=<class 'psychopy.visual.text.TextStim'>, alignHoriz=method-wrapper(...), alignText='center', alignVert=method-wrapper(...), anchorHoriz='center', anchorVert='center', antialias=True, autoDraw=False, autoLog=True, bold=False, color=array([1., 1., 1.]), colorSpace='rgb', contrast=1.0, depth=-2.0, draggable=False, flipHoriz=False, flipVert=False, font='Open Sans', fontFiles=[], height=np.float64(0.05), italic=False, languageStyle='LTR', name='distr', opacity=1, ori=301, pos=array([-0.37029583, -0.48128602]), rgb=UNKNOWN, text='L', units='height', win=Window(...), wrapWidth=1)
79.7861 	EXP 	Created distr = TextStim(__class__=<class 'psychopy.visual.text.TextStim'>, alignHoriz=method-wrapper(...), alignText='center', alignVert=method-wrapper(...), anchorHoriz='center', anchorVert='center', antialias=True, autoDraw=False, autoLog=True, bold=False, color=array([1., 1., 1.]), colorSpace='rgb', contrast=1.0, depth=-2.0, draggable=False, flipHoriz=False, flipVert=False, font='Open Sans', fontFiles=[], height=np.float64(0.05), italic=False, languageStyle='LTR', name='distr', opacity=1, ori=232, pos=array([-0.42619511, -0.11292594]), rgb=UNKNOWN, text='L', units='height', win=Window(...), wrapWidth=1)
79.7912 	EXP 	Created distr = TextStim(__class__=<class 'psychopy.visual.text.TextStim'>, alignHoriz=method-wrapper(...), alignText='center', alignVert=method-wrapper(...), anchorHoriz='center', anchorVert='center', antialias=True, autoDraw=False, autoLog=True, bold=False, color=array([1., 1., 1.]), colorSpace='rgb', contrast=1.0, depth=-2.0, draggable=False, flipHoriz=False, flipVert=False, font='Open Sans', fontFiles=[], height=np.float64(0.05), italic=False, languageStyle='LTR', name='distr', opacity=1, ori=305, pos=array([0.25220766, 0.06213438]), rgb=UNKNOWN, text='L', units='height', win=Window(...), wrapWidth=1)
79.7920 	DATA 	Mouse:  Left button up, pos=(652,895)
79.8012 	EXP 	fixation: autoDraw = False
79.8012 	EXP 	target: autoDraw = False
79.8012 	EXP 	distr: autoDraw = False
79.8012 	EXP 	distr: autoDraw = False
79.8012 	EXP 	distr: autoDraw = False
79.8012 	EXP 	distr: autoDraw = False
79.8012 	EXP 	distr: autoDraw = False
79.8012 	EXP 	distr: autoDraw = False
79.8012 	EXP 	distr: autoDraw = False
79.8012 	EXP 	distr: autoDraw = False
79.8012 	EXP 	distr: autoDraw = False
79.8012 	EXP 	distr: autoDraw = False
79.8012 	EXP 	distr: autoDraw = True
79.8012 	EXP 	distr: autoDraw = True
79.8012 	EXP 	distr: autoDraw = True
79.8012 	EXP 	distr: autoDraw = True
79.8012 	EXP 	distr: autoDraw = True
79.8012 	EXP 	distr: autoDraw = True
79.8012 	EXP 	distr: autoDraw = True
79.8012 	EXP 	distr: autoDraw = True
79.8012 	EXP 	distr: autoDraw = True
79.8012 	EXP 	distr: autoDraw = True
79.8012 	EXP 	fixation: autoDraw = True
79.8012 	EXP 	target: autoDraw = True
82.4537 	DATA 	Mouse: Left button down, pos=(723,58)
82.4586 	EXP 	New trial (rep=49, index=0): <Trial 49 (0 in rep 49) data={'thisN': 49, 'thisTrialN': 0, 'thisRepN': 49}>
82.4698 	EXP 	Created distr = TextStim(__class__=<class 'psychopy.visual.text.TextStim'>, alignHoriz=method-wrapper(...), alignText='center', alignVert=method-wrapper(...), anchorHoriz='center', anchorVert='center', antialias=True, autoDraw=False, autoLog=True, bold=False, color=array([1., 1., 1.]), colorSpace='rgb', contrast=1.0, depth=-2.0, draggable=False, flipHoriz=False, flipVert=False, font='Open Sans', fontFiles=[], height=np.float64(0.05), italic=False, languageStyle='LTR', name='distr', opacity=1, ori=64, pos=array([0.18395385, 0.05611882]), rgb=UNKNOWN, text='L', units='height', win=Window(...), wrapWidth=1)
82.4757 	EXP 	Created distr = TextStim(__class__=<class 'psychopy.visual.text.TextStim'>, alignHoriz=method-wrapper(...), alignText='center', alignVert=method-wrapper(...), anchorHoriz='center', anchorVert='center', antialias=True, autoDraw=False, autoLog=True, bold=False, color=array([1., 1., 1.]), colorSpace='rgb', contrast=1.0, depth=-2.0, draggable=False, flipHoriz=False, flipVert=False, font='Open Sans', fontFiles=[], height=np.float64(0.05), italic=False, languageStyle='LTR', name='distr', opacity=1, ori=48, pos=array([0.15520419, 0.37551714]), rgb=UNKNOWN, text='L', units='height', win=Window(...), wrapWidth=1)
82.4810 	EXP 	Created distr = TextStim(__class__=<class 'psychopy.visual.text.TextStim'>, alignHoriz=method-wrapper(...), alignText='center', alignVert=method-wrapper(...), anchorHoriz='center', anchorVert='center', antialias=True, autoDraw=False, autoLog=True, bold=False, color=array([1., 1., 1.]), colorSpace='rgb', contrast=1.0, depth=-2.0, draggable=False, flipHoriz=False, flipVert=False, font='Open Sans', fontFiles=[], height=np.float64(0.05), italic=False, languageStyle='LTR', name='distr', opacity=1, ori=152, pos=array([0.0541737 , 0.30706696]), rgb=UNKNOWN, text='L', units='height', win=Window(...), wrapWidth=1)
82.4860 	EXP 	Created distr = TextStim(__class__=<class 'psychopy.visual.text.TextStim'>, alignHoriz=method-wrapper(...), alignText='center', alignVert=method-wrapper(...), anchorHoriz='center', anchorVert='center', antialias=True, autoDraw=False, autoLog=True, bold=False, color=array([1., 1., 1.]), colorSpace='rgb', contrast=1.0, depth=-2.0, draggable=False, flipHoriz=False, flipVert=False, font='Open Sans', fontFiles=[], height=np.float64(0.05), italic=False, languageStyle='LTR', name='distr', opacity=1, ori=312, pos=array([-0.05938417,  0.33171257]), rgb=UNKNOWN, text='L', units='height', win=Window(...), wrapWidth=1)
82.4913 	EXP 	Created distr = TextStim(__class__=<class 'psychopy.visual.text.TextStim'>, alignHoriz=method-wrapper(...), alignText='center', alignVert=method-wrapper(...), anchorHoriz='center', anchorVert='center', antialias=True, autoDraw=False, autoLog=True, bold=False, color=array([1., 1., 1.]), colorSpace='rgb', contrast=1.0, depth=-2.0, draggable=False, flipHoriz=False, flipVert=False, font='Open Sans', fontFiles=[], height=np.float64(0.05), italic=False, languageStyle='LTR', name='distr', opacity=1, ori=130, pos=array([0.40115325, 0.03370653]), rgb=UNKNOWN, text='L', units='height', win=Window(...), wrapWidth=1)
82.4964 	EXP 	Created distr = TextStim(__class__=<class 'psychopy.visual.text.TextStim'>, alignHoriz=method-wrapper(...), alignText='center', alignVert=method-wrapper(...), anchorHoriz='center', anchorVert='center', antialias=True, autoDraw=False, autoLog=True, bold=False, color=array([1., 1., 1.]), colorSpace='rgb', contrast=1.0, depth=-2.0, draggable=False, flipHoriz=False, flipVert=False, font='Open Sans', fontFiles=[], height=np.float64(0.05), italic=False, languageStyle='LTR', name='distr', opacity=1, ori=137, pos=array([0.41266019, 0.26536655]), rgb=UNKNOWN, text='L', units='height', win=Window(...), wrapWidth=1)
82.5014 	EXP 	Created distr = TextStim(__class__=<class 'psychopy.visual.text.TextStim'>, alignHoriz=method-wrapper(...), alignText='center', alignVert=method-wrapper(...), anchorHoriz='center', anchorVert='center', antialias=True, autoDraw=False, autoLog=True, bold=False, color=array([1., 1., 1.]), colorSpace='rgb', contrast=1.0, depth=-2.0, draggable=False, flipHoriz=False, flipVert=False, font='Open Sans', fontFiles=[], height=np.float64(0.05), italic=False, languageStyle='LTR', name='distr', opacity=1, ori=34, pos=array([0.3603665, 0.2980304]), rgb=UNKNOWN, text='L', units='height', win=Window(...), wrapWidth=1)
82.5064 	EXP 	Created distr = TextStim(__class__=<class 'psychopy.visual.text.TextStim'>, alignHoriz=method-wrapper(...), alignText='center', alignVert=method-wrapper(...), anchorHoriz='center', anchorVert='center', antialias=True, autoDraw=False, autoLog=True, bold=False, color=array([1., 1., 1.]), colorSpace='rgb', contrast=1.0, depth=-2.0, draggable=False, flipHoriz=False, flipVert=False, font='Open Sans', fontFiles=[], height=np.float64(0.05), italic=False, languageStyle='LTR', name='distr', opacity=1, ori=156, pos=array([-0.37637648,  0.48124649]), rgb=UNKNOWN, text='L', units='height', win=Window(...), wrapWidth=1)
82.5113 	EXP 	Created distr = TextStim(__class__=<class 'psychopy.visual.text.TextStim'>, alignHoriz=method-wrapper(...), alignText='center', alignVert=method-wrapper(...), anchorHoriz='center', anchorVert='center', antialias=True, autoDraw=False, autoLog=True, bold=False, color=array([1., 1., 1.]), colorSpace='rgb', contrast=1.0, depth=-2.0, draggable=False, flipHoriz=False, flipVert=False, font='Open Sans', fontFiles=[], height=np.float64(0.05), italic=False, languageStyle='LTR', name='distr', opacity=1, ori=341, pos=array([ 0.20383285, -0.45953663]), rgb=UNKNOWN, text='L', units='height', win=Window(...), wrapWidth=1)
82.5164 	EXP 	Created distr = TextStim(__class__=<class 'psychopy.visual.text.TextStim'>, alignHoriz=method-wrapper(...), alignText='center', alignVert=method-wrapper(...), anchorHoriz='center', anchorVert='center', antialias=True, autoDraw=False, autoLog=True, bold=False, color=array([1., 1., 1.]), colorSpace='rgb', contrast=1.0, depth=-2.0, draggable=False, flipHoriz=False, flipVert=False, font='Open Sans', fontFiles=[], height=np.float64(0.05), italic=False, languageStyle='LTR', name='distr', opacity=1, ori=112, pos=array([0.35521041, 0.36769272]), rgb=UNKNOWN, text='L', units='height', win=Window(...), wrapWidth=1)
82.5257 	EXP 	fixation: autoDraw = False
82.5257 	EXP 	target: autoDraw = False
82.5257 	EXP 	distr: autoDraw = False
82.5257 	EXP 	distr: autoDraw = False
82.5257 	EXP 	distr: autoDraw = False
82.5257 	EXP 	distr: autoDraw = False
82.5257 	EXP 	distr: autoDraw = False
82.5257 	EXP 	distr: autoDraw = False
82.5257 	EXP 	distr: autoDraw = False
82.5257 	EXP 	distr: autoDraw = False
82.5257 	EXP 	distr: autoDraw = False
82.5257 	EXP 	distr: autoDraw = False
82.5257 	EXP 	distr: autoDraw = True
82.5257 	EXP 	distr: autoDraw = True
82.5257 	EXP 	distr: autoDraw = True
82.5257 	EXP 	distr: autoDraw = True
82.5257 	EXP 	distr: autoDraw = True
82.5257 	EXP 	distr: autoDraw = True
82.5257 	EXP 	distr: autoDraw = True
82.5257 	EXP 	distr: autoDraw = True
82.5257 	EXP 	distr: autoDraw = True
82.5257 	EXP 	distr: autoDraw = True
82.5257 	EXP 	fixation: autoDraw = True
82.5257 	EXP 	target: autoDraw = True
82.5669 	DATA 	Mouse:  Left button up, pos=(723,58)
84.2205 	DATA 	Mouse: Left button down, pos=(596,785)
84.2254 	EXP 	New trial (rep=50, index=0): <Trial 50 (0 in rep 50) data={'thisN': 50, 'thisTrialN': 0, 'thisRepN': 50}>
84.2337 	EXP 	Created distr = TextStim(__class__=<class 'psychopy.visual.text.TextStim'>, alignHoriz=method-wrapper(...), alignText='center', alignVert=method-wrapper(...), anchorHoriz='center', anchorVert='center', antialias=True, autoDraw=False, autoLog=True, bold=False, color=array([1., 1., 1.]), colorSpace='rgb', contrast=1.0, depth=-2.0, draggable=False, flipHoriz=False, flipVert=False, font='Open Sans', fontFiles=[], height=np.float64(0.05), italic=False, languageStyle='LTR', name='distr', opacity=1, ori=80, pos=array([0.10408461, 0.10956419]), rgb=UNKNOWN, text='L', units='height', win=Window(...), wrapWidth=1)
84.2402 	EXP 	Created distr = TextStim(__class__=<class 'psychopy.visual.text.TextStim'>, alignHoriz=method-wrapper(...), alignText='center', alignVert=method-wrapper(...), anchorHoriz='center', anchorVert='center', antialias=True, autoDraw=False, autoLog=True, bold=False, color=array([1., 1., 1.]), colorSpace='rgb', contrast=1.0, depth=-2.0, draggable=False, flipHoriz=False, flipVert=False, font='Open Sans', fontFiles=[], height=np.float64(0.05), italic=False, languageStyle='LTR', name='distr', opacity=1, ori=176, pos=array([-0.49653637,  0.44954724]), rgb=UNKNOWN, text='L', units='height', win=Window(...), wrapWidth=1)
84.2454 	EXP 	Created distr = TextStim(__class__=<class 'psychopy.visual.text.TextStim'>, alignHoriz=method-wrapper(...), alignText='center', alignVert=method-wrapper(...), anchorHoriz='center', anchorVert='center', antialias=True, autoDraw=False, autoLog=True, bold=False, color=array([1., 1., 1.]), colorSpace='rgb', contrast=1.0, depth=-2.0, draggable=False, flipHoriz=False, flipVert=False, font='Open Sans', fontFiles=[], height=np.float64(0.05), italic=False, languageStyle='LTR', name='distr', opacity=1, ori=133, pos=array([ 0.20130121, -0.22812525]), rgb=UNKNOWN, text='L', units='height', win=Window(...), wrapWidth=1)
84.2504 	EXP 	Created distr = TextStim(__class__=<class 'psychopy.visual.text.TextStim'>, alignHoriz=method-wrapper(...), alignText='center', alignVert=method-wrapper(...), anchorHoriz='center', anchorVert='center', antialias=True, autoDraw=False, autoLog=True, bold=False, color=array([1., 1., 1.]), colorSpace='rgb', contrast=1.0, depth=-2.0, draggable=False, flipHoriz=False, flipVert=False, font='Open Sans', fontFiles=[], height=np.float64(0.05), italic=False, languageStyle='LTR', name='distr', opacity=1, ori=233, pos=array([0.08737703, 0.41587499]), rgb=UNKNOWN, text='L', units='height', win=Window(...), wrapWidth=1)
84.2556 	EXP 	Created distr = TextStim(__class__=<class 'psychopy.visual.text.TextStim'>, alignHoriz=method-wrapper(...), alignText='center', alignVert=method-wrapper(...), anchorHoriz='center', anchorVert='center', antialias=True, autoDraw=False, autoLog=True, bold=False, color=array([1., 1., 1.]), colorSpace='rgb', contrast=1.0, depth=-2.0, draggable=False, flipHoriz=False, flipVert=False, font='Open Sans', fontFiles=[], height=np.float64(0.05), italic=False, languageStyle='LTR', name='distr', opacity=1, ori=37, pos=array([ 0.35767922, -0.34695008]), rgb=UNKNOWN, text='L', units='height', win=Window(...), wrapWidth=1)
84.2607 	EXP 	Created distr = TextStim(__class__=<class 'psychopy.visual.text.TextStim'>, alignHoriz=method-wrapper(...), alignText='center', alignVert=method-wrapper(...), anchorHoriz='center', anchorVert='center', antialias=True, autoDraw=False, autoLog=True, bold=False, color=array([1., 1., 1.]), colorSpace='rgb', contrast=1.0, depth=-2.0, draggable=False, flipHoriz=False, flipVert=False, font='Open Sans', fontFiles=[], height=np.float64(0.05), italic=False, languageStyle='LTR', name='distr', opacity=1, ori=24, pos=array([-0.33784659,  0.08418162]), rgb=UNKNOWN, text='L', units='height', win=Window(...), wrapWidth=1)
84.2656 	EXP 	Created distr = TextStim(__class__=<class 'psychopy.visual.text.TextStim'>, alignHoriz=method-wrapper(...), alignText='center', alignVert=method-wrapper(...), anchorHoriz='center', anchorVert='center', antialias=True, autoDraw=False, autoLog=True, bold=False, color=array([1., 1., 1.]), colorSpace='rgb', contrast=1.0, depth=-2.0, draggable=False, flipHoriz=False, flipVert=False, font='Open Sans', fontFiles=[], height=np.float64(0.05), italic=False, languageStyle='LTR', name='distr', opacity=1, ori=105, pos=array([ 0.47719609, -0.33466109]), rgb=UNKNOWN, text='L', units='height', win=Window(...), wrapWidth=1)
84.2706 	EXP 	Created distr = TextStim(__class__=<class 'psychopy.visual.text.TextStim'>, alignHoriz=method-wrapper(...), alignText='center', alignVert=method-wrapper(...), anchorHoriz='center', anchorVert='center', antialias=True, autoDraw=False, autoLog=True, bold=False, color=array([1., 1., 1.]), colorSpace='rgb', contrast=1.0, depth=-2.0, draggable=False, flipHoriz=False, flipVert=False, font='Open Sans', fontFiles=[], height=np.float64(0.05), italic=False, languageStyle='LTR', name='distr', opacity=1, ori=215, pos=array([ 0.09652158, -0.06806354]), rgb=UNKNOWN, text='L', units='height', win=Window(...), wrapWidth=1)
84.2756 	EXP 	Created distr = TextStim(__class__=<class 'psychopy.visual.text.TextStim'>, alignHoriz=method-wrapper(...), alignText='center', alignVert=method-wrapper(...), anchorHoriz='center', anchorVert='center', antialias=True, autoDraw=False, autoLog=True, bold=False, color=array([1., 1., 1.]), colorSpace='rgb', contrast=1.0, depth=-2.0, draggable=False, flipHoriz=False, flipVert=False, font='Open Sans', fontFiles=[], height=np.float64(0.05), italic=False, languageStyle='LTR', name='distr', opacity=1, ori=77, pos=array([ 0.40928611, -0.23315792]), rgb=UNKNOWN, text='L', units='height', win=Window(...), wrapWidth=1)
84.2811 	EXP 	Created distr = TextStim(__class__=<class 'psychopy.visual.text.TextStim'>, alignHoriz=method-wrapper(...), alignText='center', alignVert=method-wrapper(...), anchorHoriz='center', anchorVert='center', antialias=True, autoDraw=False, autoLog=True, bold=False, color=array([1., 1., 1.]), colorSpace='rgb', contrast=1.0, depth=-2.0, draggable=False, flipHoriz=False, flipVert=False, font='Open Sans', fontFiles=[], height=np.float64(0.05), italic=False, languageStyle='LTR', name='distr', opacity=1, ori=113, pos=array([0.27184912, 0.31333878]), rgb=UNKNOWN, text='L', units='height', win=Window(...), wrapWidth=1)
84.2900 	EXP 	fixation: autoDraw = False
84.2900 	EXP 	target: autoDraw = False
84.2900 	EXP 	distr: autoDraw = False
84.2900 	EXP 	distr: autoDraw = False
84.2900 	EXP 	distr: autoDraw = False
84.2900 	EXP 	distr: autoDraw = False
84.2900 	EXP 	distr: autoDraw = False
84.2900 	EXP 	distr: autoDraw = False
84.2900 	EXP 	distr: autoDraw = False
84.2900 	EXP 	distr: autoDraw = False
84.2900 	EXP 	distr: autoDraw = False
84.2900 	EXP 	distr: autoDraw = False
84.2900 	EXP 	distr: autoDraw = True
84.2900 	EXP 	distr: autoDraw = True
84.2900 	EXP 	distr: autoDraw = True
84.2900 	EXP 	distr: autoDraw = True
84.2900 	EXP 	distr: autoDraw = True
84.2900 	EXP 	distr: autoDraw = True
84.2900 	EXP 	distr: autoDraw = True
84.2900 	EXP 	distr: autoDraw = True
84.2900 	EXP 	distr: autoDraw = True
84.2900 	EXP 	distr: autoDraw = True
84.2900 	EXP 	fixation: autoDraw = True
84.2900 	EXP 	target: autoDraw = True
84.3042 	DATA 	Mouse:  Left button up, pos=(596,785)
85.6372 	DATA 	Mouse: Left button down, pos=(294,325)
85.6420 	EXP 	New trial (rep=51, index=0): <Trial 51 (0 in rep 51) data={'thisN': 51, 'thisTrialN': 0, 'thisRepN': 51}>
85.6501 	EXP 	Created distr = TextStim(__class__=<class 'psychopy.visual.text.TextStim'>, alignHoriz=method-wrapper(...), alignText='center', alignVert=method-wrapper(...), anchorHoriz='center', anchorVert='center', antialias=True, autoDraw=False, autoLog=True, bold=False, color=array([1., 1., 1.]), colorSpace='rgb', contrast=1.0, depth=-2.0, draggable=False, flipHoriz=False, flipVert=False, font='Open Sans', fontFiles=[], height=np.float64(0.05), italic=False, languageStyle='LTR', name='distr', opacity=1, ori=121, pos=array([-0.28834983,  0.22499717]), rgb=UNKNOWN, text='L', units='height', win=Window(...), wrapWidth=1)
85.6560 	EXP 	Created distr = TextStim(__class__=<class 'psychopy.visual.text.TextStim'>, alignHoriz=method-wrapper(...), alignText='center', alignVert=method-wrapper(...), anchorHoriz='center', anchorVert='center', antialias=True, autoDraw=False, autoLog=True, bold=False, color=array([1., 1., 1.]), colorSpace='rgb', contrast=1.0, depth=-2.0, draggable=False, flipHoriz=False, flipVert=False, font='Open Sans', fontFiles=[], height=np.float64(0.05), italic=False, languageStyle='LTR', name='distr', opacity=1, ori=260, pos=array([-0.19349538,  0.0713189 ]), rgb=UNKNOWN, text='L', units='height', win=Window(...), wrapWidth=1)
85.6612 	EXP 	Created distr = TextStim(__class__=<class 'psychopy.visual.text.TextStim'>, alignHoriz=method-wrapper(...), alignText='center', alignVert=method-wrapper(...), anchorHoriz='center', anchorVert='center', antialias=True, autoDraw=False, autoLog=True, bold=False, color=array([1., 1., 1.]), colorSpace='rgb', contrast=1.0, depth=-2.0, draggable=False, flipHoriz=False, flipVert=False, font='Open Sans', fontFiles=[], height=np.float64(0.05), italic=False, languageStyle='LTR', name='distr', opacity=1, ori=86, pos=array([ 0.0549307 , -0.32434801]), rgb=UNKNOWN, text='L', units='height', win=Window(...), wrapWidth=1)
85.6662 	EXP 	Created distr = TextStim(__class__=<class 'psychopy.visual.text.TextStim'>, alignHoriz=method-wrapper(...), alignText='center', alignVert=method-wrapper(...), anchorHoriz='center', anchorVert='center', antialias=True, autoDraw=False, autoLog=True, bold=False, color=array([1., 1., 1.]), colorSpace='rgb', contrast=1.0, depth=-2.0, draggable=False, flipHoriz=False, flipVert=False, font='Open Sans', fontFiles=[], height=np.float64(0.05), italic=False, languageStyle='LTR', name='distr', opacity=1, ori=245, pos=array([0.09075778, 0.2974479 ]), rgb=UNKNOWN, text='L', units='height', win=Window(...), wrapWidth=1)
85.6716 	EXP 	Created distr = TextStim(__class__=<class 'psychopy.visual.text.TextStim'>, alignHoriz=method-wrapper(...), alignText='center', alignVert=method-wrapper(...), anchorHoriz='center', anchorVert='center', antialias=True, autoDraw=False, autoLog=True, bold=False, color=array([1., 1., 1.]), colorSpace='rgb', contrast=1.0, depth=-2.0, draggable=False, flipHoriz=False, flipVert=False, font='Open Sans', fontFiles=[], height=np.float64(0.05), italic=False, languageStyle='LTR', name='distr', opacity=1, ori=7, pos=array([0.12786719, 0.05250353]), rgb=UNKNOWN, text='L', units='height', win=Window(...), wrapWidth=1)
85.6766 	EXP 	Created distr = TextStim(__class__=<class 'psychopy.visual.text.TextStim'>, alignHoriz=method-wrapper(...), alignText='center', alignVert=method-wrapper(...), anchorHoriz='center', anchorVert='center', antialias=True, autoDraw=False, autoLog=True, bold=False, color=array([1., 1., 1.]), colorSpace='rgb', contrast=1.0, depth=-2.0, draggable=False, flipHoriz=False, flipVert=False, font='Open Sans', fontFiles=[], height=np.float64(0.05), italic=False, languageStyle='LTR', name='distr', opacity=1, ori=28, pos=array([-0.02872189, -0.31860942]), rgb=UNKNOWN, text='L', units='height', win=Window(...), wrapWidth=1)
85.6816 	EXP 	Created distr = TextStim(__class__=<class 'psychopy.visual.text.TextStim'>, alignHoriz=method-wrapper(...), alignText='center', alignVert=method-wrapper(...), anchorHoriz='center', anchorVert='center', antialias=True, autoDraw=False, autoLog=True, bold=False, color=array([1., 1., 1.]), colorSpace='rgb', contrast=1.0, depth=-2.0, draggable=False, flipHoriz=False, flipVert=False, font='Open Sans', fontFiles=[], height=np.float64(0.05), italic=False, languageStyle='LTR', name='distr', opacity=1, ori=55, pos=array([-0.25678367, -0.30903133]), rgb=UNKNOWN, text='L', units='height', win=Window(...), wrapWidth=1)
85.6866 	EXP 	Created distr = TextStim(__class__=<class 'psychopy.visual.text.TextStim'>, alignHoriz=method-wrapper(...), alignText='center', alignVert=method-wrapper(...), anchorHoriz='center', anchorVert='center', antialias=True, autoDraw=False, autoLog=True, bold=False, color=array([1., 1., 1.]), colorSpace='rgb', contrast=1.0, depth=-2.0, draggable=False, flipHoriz=False, flipVert=False, font='Open Sans', fontFiles=[], height=np.float64(0.05), italic=False, languageStyle='LTR', name='distr', opacity=1, ori=8, pos=array([-0.12539304,  0.17648111]), rgb=UNKNOWN, text='L', units='height', win=Window(...), wrapWidth=1)
85.6915 	EXP 	Created distr = TextStim(__class__=<class 'psychopy.visual.text.TextStim'>, alignHoriz=method-wrapper(...), alignText='center', alignVert=method-wrapper(...), anchorHoriz='center', anchorVert='center', antialias=True, autoDraw=False, autoLog=True, bold=False, color=array([1., 1., 1.]), colorSpace='rgb', contrast=1.0, depth=-2.0, draggable=False, flipHoriz=False, flipVert=False, font='Open Sans', fontFiles=[], height=np.float64(0.05), italic=False, languageStyle='LTR', name='distr', opacity=1, ori=335, pos=array([0.49238076, 0.38158101]), rgb=UNKNOWN, text='L', units='height', win=Window(...), wrapWidth=1)
85.6966 	EXP 	Created distr = TextStim(__class__=<class 'psychopy.visual.text.TextStim'>, alignHoriz=method-wrapper(...), alignText='center', alignVert=method-wrapper(...), anchorHoriz='center', anchorVert='center', antialias=True, autoDraw=False, autoLog=True, bold=False, color=array([1., 1., 1.]), colorSpace='rgb', contrast=1.0, depth=-2.0, draggable=False, flipHoriz=False, flipVert=False, font='Open Sans', fontFiles=[], height=np.float64(0.05), italic=False, languageStyle='LTR', name='distr', opacity=1, ori=329, pos=array([0.33002661, 0.35837552]), rgb=UNKNOWN, text='L', units='height', win=Window(...), wrapWidth=1)
85.7031 	DATA 	Mouse:  Left button up, pos=(294,325)
85.7060 	EXP 	fixation: autoDraw = False
85.7060 	EXP 	target: autoDraw = False
85.7060 	EXP 	distr: autoDraw = False
85.7060 	EXP 	distr: autoDraw = False
85.7060 	EXP 	distr: autoDraw = False
85.7060 	EXP 	distr: autoDraw = False
85.7060 	EXP 	distr: autoDraw = False
85.7060 	EXP 	distr: autoDraw = False
85.7060 	EXP 	distr: autoDraw = False
85.7060 	EXP 	distr: autoDraw = False
85.7060 	EXP 	distr: autoDraw = False
85.7060 	EXP 	distr: autoDraw = False
85.7060 	EXP 	distr: autoDraw = True
85.7060 	EXP 	distr: autoDraw = True
85.7060 	EXP 	distr: autoDraw = True
85.7060 	EXP 	distr: autoDraw = True
85.7060 	EXP 	distr: autoDraw = True
85.7060 	EXP 	distr: autoDraw = True
85.7060 	EXP 	distr: autoDraw = True
85.7060 	EXP 	distr: autoDraw = True
85.7060 	EXP 	distr: autoDraw = True
85.7060 	EXP 	distr: autoDraw = True
85.7060 	EXP 	fixation: autoDraw = True
85.7060 	EXP 	target: autoDraw = True
86.9543 	DATA 	Mouse: Left button down, pos=(502,494)
86.9592 	EXP 	New trial (rep=52, index=0): <Trial 52 (0 in rep 52) data={'thisN': 52, 'thisTrialN': 0, 'thisRepN': 52}>
86.9674 	EXP 	Created distr = TextStim(__class__=<class 'psychopy.visual.text.TextStim'>, alignHoriz=method-wrapper(...), alignText='center', alignVert=method-wrapper(...), anchorHoriz='center', anchorVert='center', antialias=True, autoDraw=False, autoLog=True, bold=False, color=array([1., 1., 1.]), colorSpace='rgb', contrast=1.0, depth=-2.0, draggable=False, flipHoriz=False, flipVert=False, font='Open Sans', fontFiles=[], height=np.float64(0.05), italic=False, languageStyle='LTR', name='distr', opacity=1, ori=337, pos=array([-0.27306083,  0.44425711]), rgb=UNKNOWN, text='L', units='height', win=Window(...), wrapWidth=1)
86.9736 	EXP 	Created distr = TextStim(__class__=<class 'psychopy.visual.text.TextStim'>, alignHoriz=method-wrapper(...), alignText='center', alignVert=method-wrapper(...), anchorHoriz='center', anchorVert='center', antialias=True, autoDraw=False, autoLog=True, bold=False, color=array([1., 1., 1.]), colorSpace='rgb', contrast=1.0, depth=-2.0, draggable=False, flipHoriz=False, flipVert=False, font='Open Sans', fontFiles=[], height=np.float64(0.05), italic=False, languageStyle='LTR', name='distr', opacity=1, ori=338, pos=array([-0.33645805, -0.10849103]), rgb=UNKNOWN, text='L', units='height', win=Window(...), wrapWidth=1)
86.9789 	EXP 	Created distr = TextStim(__class__=<class 'psychopy.visual.text.TextStim'>, alignHoriz=method-wrapper(...), alignText='center', alignVert=method-wrapper(...), anchorHoriz='center', anchorVert='center', antialias=True, autoDraw=False, autoLog=True, bold=False, color=array([1., 1., 1.]), colorSpace='rgb', contrast=1.0, depth=-2.0, draggable=False, flipHoriz=False, flipVert=False, font='Open Sans', fontFiles=[], height=np.float64(0.05), italic=False, languageStyle='LTR', name='distr', opacity=1, ori=34, pos=array([ 0.11515801, -0.49111305]), rgb=UNKNOWN, text='L', units='height', win=Window(...), wrapWidth=1)
86.9840 	EXP 	Created distr = TextStim(__class__=<class 'psychopy.visual.text.TextStim'>, alignHoriz=method-wrapper(...), alignText='center', alignVert=method-wrapper(...), anchorHoriz='center', anchorVert='center', antialias=True, autoDraw=False, autoLog=True, bold=False, color=array([1., 1., 1.]), colorSpace='rgb', contrast=1.0, depth=-2.0, draggable=False, flipHoriz=False, flipVert=False, font='Open Sans', fontFiles=[], height=np.float64(0.05), italic=False, languageStyle='LTR', name='distr', opacity=1, ori=8, pos=array([-0.21999261,  0.01743651]), rgb=UNKNOWN, text='L', units='height', win=Window(...), wrapWidth=1)
86.9892 	EXP 	Created distr = TextStim(__class__=<class 'psychopy.visual.text.TextStim'>, alignHoriz=method-wrapper(...), alignText='center', alignVert=method-wrapper(...), anchorHoriz='center', anchorVert='center', antialias=True, autoDraw=False, autoLog=True, bold=False, color=array([1., 1., 1.]), colorSpace='rgb', contrast=1.0, depth=-2.0, draggable=False, flipHoriz=False, flipVert=False, font='Open Sans', fontFiles=[], height=np.float64(0.05), italic=False, languageStyle='LTR', name='distr', opacity=1, ori=161, pos=array([ 0.12227709, -0.00811204]), rgb=UNKNOWN, text='L', units='height', win=Window(...), wrapWidth=1)
86.9942 	EXP 	Created distr = TextStim(__class__=<class 'psychopy.visual.text.TextStim'>, alignHoriz=method-wrapper(...), alignText='center', alignVert=method-wrapper(...), anchorHoriz='center', anchorVert='center', antialias=True, autoDraw=False, autoLog=True, bold=False, color=array([1., 1., 1.]), colorSpace='rgb', contrast=1.0, depth=-2.0, draggable=False, flipHoriz=False, flipVert=False, font='Open Sans', fontFiles=[], height=np.float64(0.05), italic=False, languageStyle='LTR', name='distr', opacity=1, ori=261, pos=array([-0.23532969,  0.15551672]), rgb=UNKNOWN, text='L', units='height', win=Window(...), wrapWidth=1)
86.9992 	EXP 	Created distr = TextStim(__class__=<class 'psychopy.visual.text.TextStim'>, alignHoriz=method-wrapper(...), alignText='center', alignVert=method-wrapper(...), anchorHoriz='center', anchorVert='center', antialias=True, autoDraw=False, autoLog=True, bold=False, color=array([1., 1., 1.]), colorSpace='rgb', contrast=1.0, depth=-2.0, draggable=False, flipHoriz=False, flipVert=False, font='Open Sans', fontFiles=[], height=np.float64(0.05), italic=False, languageStyle='LTR', name='distr', opacity=1, ori=206, pos=array([-0.15200643, -0.25635527]), rgb=UNKNOWN, text='L', units='height', win=Window(...), wrapWidth=1)
87.0042 	EXP 	Created distr = TextStim(__class__=<class 'psychopy.visual.text.TextStim'>, alignHoriz=method-wrapper(...), alignText='center', alignVert=method-wrapper(...), anchorHoriz='center', anchorVert='center', antialias=True, autoDraw=False, autoLog=True, bold=False, color=array([1., 1., 1.]), colorSpace='rgb', contrast=1.0, depth=-2.0, draggable=False, flipHoriz=False, flipVert=False, font='Open Sans', fontFiles=[], height=np.float64(0.05), italic=False, languageStyle='LTR', name='distr', opacity=1, ori=114, pos=array([-0.33129543,  0.34862842]), rgb=UNKNOWN, text='L', units='height', win=Window(...), wrapWidth=1)
87.0091 	EXP 	Created distr = TextStim(__class__=<class 'psychopy.visual.text.TextStim'>, alignHoriz=method-wrapper(...), alignText='center', alignVert=method-wrapper(...), anchorHoriz='center', anchorVert='center', antialias=True, autoDraw=False, autoLog=True, bold=False, color=array([1., 1., 1.]), colorSpace='rgb', contrast=1.0, depth=-2.0, draggable=False, flipHoriz=False, flipVert=False, font='Open Sans', fontFiles=[], height=np.float64(0.05), italic=False, languageStyle='LTR', name='distr', opacity=1, ori=167, pos=array([-0.12268307,  0.35810187]), rgb=UNKNOWN, text='L', units='height', win=Window(...), wrapWidth=1)
87.0142 	EXP 	Created distr = TextStim(__class__=<class 'psychopy.visual.text.TextStim'>, alignHoriz=method-wrapper(...), alignText='center', alignVert=method-wrapper(...), anchorHoriz='center', anchorVert='center', antialias=True, autoDraw=False, autoLog=True, bold=False, color=array([1., 1., 1.]), colorSpace='rgb', contrast=1.0, depth=-2.0, draggable=False, flipHoriz=False, flipVert=False, font='Open Sans', fontFiles=[], height=np.float64(0.05), italic=False, languageStyle='LTR', name='distr', opacity=1, ori=212, pos=array([-0.08079522, -0.21064782]), rgb=UNKNOWN, text='L', units='height', win=Window(...), wrapWidth=1)
87.0231 	EXP 	fixation: autoDraw = False
87.0231 	EXP 	target: autoDraw = False
87.0231 	EXP 	distr: autoDraw = False
87.0231 	EXP 	distr: autoDraw = False
87.0231 	EXP 	distr: autoDraw = False
87.0231 	EXP 	distr: autoDraw = False
87.0231 	EXP 	distr: autoDraw = False
87.0231 	EXP 	distr: autoDraw = False
87.0231 	EXP 	distr: autoDraw = False
87.0231 	EXP 	distr: autoDraw = False
87.0231 	EXP 	distr: autoDraw = False
87.0231 	EXP 	distr: autoDraw = False
87.0231 	EXP 	distr: autoDraw = True
87.0231 	EXP 	distr: autoDraw = True
87.0231 	EXP 	distr: autoDraw = True
87.0231 	EXP 	distr: autoDraw = True
87.0231 	EXP 	distr: autoDraw = True
87.0231 	EXP 	distr: autoDraw = True
87.0231 	EXP 	distr: autoDraw = True
87.0231 	EXP 	distr: autoDraw = True
87.0231 	EXP 	distr: autoDraw = True
87.0231 	EXP 	distr: autoDraw = True
87.0231 	EXP 	fixation: autoDraw = True
87.0231 	EXP 	target: autoDraw = True
87.0380 	DATA 	Mouse:  Left button up, pos=(502,494)
89.7205 	DATA 	Mouse: Left button down, pos=(729,19)
89.7256 	EXP 	New trial (rep=53, index=0): <Trial 53 (0 in rep 53) data={'thisN': 53, 'thisTrialN': 0, 'thisRepN': 53}>
89.7334 	EXP 	Created distr = TextStim(__class__=<class 'psychopy.visual.text.TextStim'>, alignHoriz=method-wrapper(...), alignText='center', alignVert=method-wrapper(...), anchorHoriz='center', anchorVert='center', antialias=True, autoDraw=False, autoLog=True, bold=False, color=array([1., 1., 1.]), colorSpace='rgb', contrast=1.0, depth=-2.0, draggable=False, flipHoriz=False, flipVert=False, font='Open Sans', fontFiles=[], height=np.float64(0.05), italic=False, languageStyle='LTR', name='distr', opacity=1, ori=271, pos=array([-0.05462648, -0.46912434]), rgb=UNKNOWN, text='L', units='height', win=Window(...), wrapWidth=1)
89.7403 	EXP 	Created distr = TextStim(__class__=<class 'psychopy.visual.text.TextStim'>, alignHoriz=method-wrapper(...), alignText='center', alignVert=method-wrapper(...), anchorHoriz='center', anchorVert='center', antialias=True, autoDraw=False, autoLog=True, bold=False, color=array([1., 1., 1.]), colorSpace='rgb', contrast=1.0, depth=-2.0, draggable=False, flipHoriz=False, flipVert=False, font='Open Sans', fontFiles=[], height=np.float64(0.05), italic=False, languageStyle='LTR', name='distr', opacity=1, ori=81, pos=array([-0.27790969,  0.33120095]), rgb=UNKNOWN, text='L', units='height', win=Window(...), wrapWidth=1)
89.7456 	EXP 	Created distr = TextStim(__class__=<class 'psychopy.visual.text.TextStim'>, alignHoriz=method-wrapper(...), alignText='center', alignVert=method-wrapper(...), anchorHoriz='center', anchorVert='center', antialias=True, autoDraw=False, autoLog=True, bold=False, color=array([1., 1., 1.]), colorSpace='rgb', contrast=1.0, depth=-2.0, draggable=False, flipHoriz=False, flipVert=False, font='Open Sans', fontFiles=[], height=np.float64(0.05), italic=False, languageStyle='LTR', name='distr', opacity=1, ori=211, pos=array([-0.21094908,  0.48690386]), rgb=UNKNOWN, text='L', units='height', win=Window(...), wrapWidth=1)
89.7515 	EXP 	Created distr = TextStim(__class__=<class 'psychopy.visual.text.TextStim'>, alignHoriz=method-wrapper(...), alignText='center', alignVert=method-wrapper(...), anchorHoriz='center', anchorVert='center', antialias=True, autoDraw=False, autoLog=True, bold=False, color=array([1., 1., 1.]), colorSpace='rgb', contrast=1.0, depth=-2.0, draggable=False, flipHoriz=False, flipVert=False, font='Open Sans', fontFiles=[], height=np.float64(0.05), italic=False, languageStyle='LTR', name='distr', opacity=1, ori=350, pos=array([ 0.27656609, -0.36174515]), rgb=UNKNOWN, text='L', units='height', win=Window(...), wrapWidth=1)
89.7570 	EXP 	Created distr = TextStim(__class__=<class 'psychopy.visual.text.TextStim'>, alignHoriz=method-wrapper(...), alignText='center', alignVert=method-wrapper(...), anchorHoriz='center', anchorVert='center', antialias=True, autoDraw=False, autoLog=True, bold=False, color=array([1., 1., 1.]), colorSpace='rgb', contrast=1.0, depth=-2.0, draggable=False, flipHoriz=False, flipVert=False, font='Open Sans', fontFiles=[], height=np.float64(0.05), italic=False, languageStyle='LTR', name='distr', opacity=1, ori=324, pos=array([ 0.36235859, -0.3170084 ]), rgb=UNKNOWN, text='L', units='height', win=Window(...), wrapWidth=1)
89.7631 	EXP 	Created distr = TextStim(__class__=<class 'psychopy.visual.text.TextStim'>, alignHoriz=method-wrapper(...), alignText='center', alignVert=method-wrapper(...), anchorHoriz='center', anchorVert='center', antialias=True, autoDraw=False, autoLog=True, bold=False, color=array([1., 1., 1.]), colorSpace='rgb', contrast=1.0, depth=-2.0, draggable=False, flipHoriz=False, flipVert=False, font='Open Sans', fontFiles=[], height=np.float64(0.05), italic=False, languageStyle='LTR', name='distr', opacity=1, ori=74, pos=array([ 4.50544088e-04, -4.51815474e-01]), rgb=UNKNOWN, text='L', units='height', win=Window(...), wrapWidth=1)
89.7681 	EXP 	Created distr = TextStim(__class__=<class 'psychopy.visual.text.TextStim'>, alignHoriz=method-wrapper(...), alignText='center', alignVert=method-wrapper(...), anchorHoriz='center', anchorVert='center', antialias=True, autoDraw=False, autoLog=True, bold=False, color=array([1., 1., 1.]), colorSpace='rgb', contrast=1.0, depth=-2.0, draggable=False, flipHoriz=False, flipVert=False, font='Open Sans', fontFiles=[], height=np.float64(0.05), italic=False, languageStyle='LTR', name='distr', opacity=1, ori=80, pos=array([ 0.19180034, -0.35957809]), rgb=UNKNOWN, text='L', units='height', win=Window(...), wrapWidth=1)
89.7730 	EXP 	Created distr = TextStim(__class__=<class 'psychopy.visual.text.TextStim'>, alignHoriz=method-wrapper(...), alignText='center', alignVert=method-wrapper(...), anchorHoriz='center', anchorVert='center', antialias=True, autoDraw=False, autoLog=True, bold=False, color=array([1., 1., 1.]), colorSpace='rgb', contrast=1.0, depth=-2.0, draggable=False, flipHoriz=False, flipVert=False, font='Open Sans', fontFiles=[], height=np.float64(0.05), italic=False, languageStyle='LTR', name='distr', opacity=1, ori=82, pos=array([0.21822418, 0.0707484 ]), rgb=UNKNOWN, text='L', units='height', win=Window(...), wrapWidth=1)
89.7779 	EXP 	Created distr = TextStim(__class__=<class 'psychopy.visual.text.TextStim'>, alignHoriz=method-wrapper(...), alignText='center', alignVert=method-wrapper(...), anchorHoriz='center', anchorVert='center', antialias=True, autoDraw=False, autoLog=True, bold=False, color=array([1., 1., 1.]), colorSpace='rgb', contrast=1.0, depth=-2.0, draggable=False, flipHoriz=False, flipVert=False, font='Open Sans', fontFiles=[], height=np.float64(0.05), italic=False, languageStyle='LTR', name='distr', opacity=1, ori=37, pos=array([ 0.19846378, -0.0957992 ]), rgb=UNKNOWN, text='L', units='height', win=Window(...), wrapWidth=1)
89.7830 	EXP 	Created distr = TextStim(__class__=<class 'psychopy.visual.text.TextStim'>, alignHoriz=method-wrapper(...), alignText='center', alignVert=method-wrapper(...), anchorHoriz='center', anchorVert='center', antialias=True, autoDraw=False, autoLog=True, bold=False, color=array([1., 1., 1.]), colorSpace='rgb', contrast=1.0, depth=-2.0, draggable=False, flipHoriz=False, flipVert=False, font='Open Sans', fontFiles=[], height=np.float64(0.05), italic=False, languageStyle='LTR', name='distr', opacity=1, ori=282, pos=array([ 0.04486854, -0.12193622]), rgb=UNKNOWN, text='L', units='height', win=Window(...), wrapWidth=1)
89.7921 	EXP 	fixation: autoDraw = False
89.7921 	EXP 	target: autoDraw = False
89.7921 	EXP 	distr: autoDraw = False
89.7921 	EXP 	distr: autoDraw = False
89.7921 	EXP 	distr: autoDraw = False
89.7921 	EXP 	distr: autoDraw = False
89.7921 	EXP 	distr: autoDraw = False
89.7921 	EXP 	distr: autoDraw = False
89.7921 	EXP 	distr: autoDraw = False
89.7921 	EXP 	distr: autoDraw = False
89.7921 	EXP 	distr: autoDraw = False
89.7921 	EXP 	distr: autoDraw = False
89.7921 	EXP 	distr: autoDraw = True
89.7921 	EXP 	distr: autoDraw = True
89.7921 	EXP 	distr: autoDraw = True
89.7921 	EXP 	distr: autoDraw = True
89.7921 	EXP 	distr: autoDraw = True
89.7921 	EXP 	distr: autoDraw = True
89.7921 	EXP 	distr: autoDraw = True
89.7921 	EXP 	distr: autoDraw = True
89.7921 	EXP 	distr: autoDraw = True
89.7921 	EXP 	distr: autoDraw = True
89.7921 	EXP 	fixation: autoDraw = True
89.7921 	EXP 	target: autoDraw = True
89.8048 	DATA 	Mouse:  Left button up, pos=(729,19)
91.2539 	DATA 	Mouse: Left button down, pos=(771,80)
91.2586 	EXP 	New trial (rep=54, index=0): <Trial 54 (0 in rep 54) data={'thisN': 54, 'thisTrialN': 0, 'thisRepN': 54}>
91.2667 	EXP 	Created distr = TextStim(__class__=<class 'psychopy.visual.text.TextStim'>, alignHoriz=method-wrapper(...), alignText='center', alignVert=method-wrapper(...), anchorHoriz='center', anchorVert='center', antialias=True, autoDraw=False, autoLog=True, bold=False, color=array([1., 1., 1.]), colorSpace='rgb', contrast=1.0, depth=-2.0, draggable=False, flipHoriz=False, flipVert=False, font='Open Sans', fontFiles=[], height=np.float64(0.05), italic=False, languageStyle='LTR', name='distr', opacity=1, ori=243, pos=array([ 0.48577669, -0.08763478]), rgb=UNKNOWN, text='L', units='height', win=Window(...), wrapWidth=1)
91.2732 	EXP 	Created distr = TextStim(__class__=<class 'psychopy.visual.text.TextStim'>, alignHoriz=method-wrapper(...), alignText='center', alignVert=method-wrapper(...), anchorHoriz='center', anchorVert='center', antialias=True, autoDraw=False, autoLog=True, bold=False, color=array([1., 1., 1.]), colorSpace='rgb', contrast=1.0, depth=-2.0, draggable=False, flipHoriz=False, flipVert=False, font='Open Sans', fontFiles=[], height=np.float64(0.05), italic=False, languageStyle='LTR', name='distr', opacity=1, ori=329, pos=array([ 0.16075571, -0.15820196]), rgb=UNKNOWN, text='L', units='height', win=Window(...), wrapWidth=1)
91.2785 	EXP 	Created distr = TextStim(__class__=<class 'psychopy.visual.text.TextStim'>, alignHoriz=method-wrapper(...), alignText='center', alignVert=method-wrapper(...), anchorHoriz='center', anchorVert='center', antialias=True, autoDraw=False, autoLog=True, bold=False, color=array([1., 1., 1.]), colorSpace='rgb', contrast=1.0, depth=-2.0, draggable=False, flipHoriz=False, flipVert=False, font='Open Sans', fontFiles=[], height=np.float64(0.05), italic=False, languageStyle='LTR', name='distr', opacity=1, ori=276, pos=array([-0.30769561,  0.34897254]), rgb=UNKNOWN, text='L', units='height', win=Window(...), wrapWidth=1)
91.2835 	EXP 	Created distr = TextStim(__class__=<class 'psychopy.visual.text.TextStim'>, alignHoriz=method-wrapper(...), alignText='center', alignVert=method-wrapper(...), anchorHoriz='center', anchorVert='center', antialias=True, autoDraw=False, autoLog=True, bold=False, color=array([1., 1., 1.]), colorSpace='rgb', contrast=1.0, depth=-2.0, draggable=False, flipHoriz=False, flipVert=False, font='Open Sans', fontFiles=[], height=np.float64(0.05), italic=False, languageStyle='LTR', name='distr', opacity=1, ori=143, pos=array([-0.05961783,  0.15038754]), rgb=UNKNOWN, text='L', units='height', win=Window(...), wrapWidth=1)
91.2889 	EXP 	Created distr = TextStim(__class__=<class 'psychopy.visual.text.TextStim'>, alignHoriz=method-wrapper(...), alignText='center', alignVert=method-wrapper(...), anchorHoriz='center', anchorVert='center', antialias=True, autoDraw=False, autoLog=True, bold=False, color=array([1., 1., 1.]), colorSpace='rgb', contrast=1.0, depth=-2.0, draggable=False, flipHoriz=False, flipVert=False, font='Open Sans', fontFiles=[], height=np.float64(0.05), italic=False, languageStyle='LTR', name='distr', opacity=1, ori=312, pos=array([ 0.18232792, -0.47217953]), rgb=UNKNOWN, text='L', units='height', win=Window(...), wrapWidth=1)
91.2939 	EXP 	Created distr = TextStim(__class__=<class 'psychopy.visual.text.TextStim'>, alignHoriz=method-wrapper(...), alignText='center', alignVert=method-wrapper(...), anchorHoriz='center', anchorVert='center', antialias=True, autoDraw=False, autoLog=True, bold=False, color=array([1., 1., 1.]), colorSpace='rgb', contrast=1.0, depth=-2.0, draggable=False, flipHoriz=False, flipVert=False, font='Open Sans', fontFiles=[], height=np.float64(0.05), italic=False, languageStyle='LTR', name='distr', opacity=1, ori=198, pos=array([-0.42579318, -0.08259395]), rgb=UNKNOWN, text='L', units='height', win=Window(...), wrapWidth=1)
91.2989 	EXP 	Created distr = TextStim(__class__=<class 'psychopy.visual.text.TextStim'>, alignHoriz=method-wrapper(...), alignText='center', alignVert=method-wrapper(...), anchorHoriz='center', anchorVert='center', antialias=True, autoDraw=False, autoLog=True, bold=False, color=array([1., 1., 1.]), colorSpace='rgb', contrast=1.0, depth=-2.0, draggable=False, flipHoriz=False, flipVert=False, font='Open Sans', fontFiles=[], height=np.float64(0.05), italic=False, languageStyle='LTR', name='distr', opacity=1, ori=133, pos=array([-0.1316328 , -0.34059108]), rgb=UNKNOWN, text='L', units='height', win=Window(...), wrapWidth=1)
91.3039 	EXP 	Created distr = TextStim(__class__=<class 'psychopy.visual.text.TextStim'>, alignHoriz=method-wrapper(...), alignText='center', alignVert=method-wrapper(...), anchorHoriz='center', anchorVert='center', antialias=True, autoDraw=False, autoLog=True, bold=False, color=array([1., 1., 1.]), colorSpace='rgb', contrast=1.0, depth=-2.0, draggable=False, flipHoriz=False, flipVert=False, font='Open Sans', fontFiles=[], height=np.float64(0.05), italic=False, languageStyle='LTR', name='distr', opacity=1, ori=319, pos=array([0.3033856 , 0.22057785]), rgb=UNKNOWN, text='L', units='height', win=Window(...), wrapWidth=1)
91.3089 	EXP 	Created distr = TextStim(__class__=<class 'psychopy.visual.text.TextStim'>, alignHoriz=method-wrapper(...), alignText='center', alignVert=method-wrapper(...), anchorHoriz='center', anchorVert='center', antialias=True, autoDraw=False, autoLog=True, bold=False, color=array([1., 1., 1.]), colorSpace='rgb', contrast=1.0, depth=-2.0, draggable=False, flipHoriz=False, flipVert=False, font='Open Sans', fontFiles=[], height=np.float64(0.05), italic=False, languageStyle='LTR', name='distr', opacity=1, ori=58, pos=array([-0.19283596, -0.36140444]), rgb=UNKNOWN, text='L', units='height', win=Window(...), wrapWidth=1)
91.3139 	EXP 	Created distr = TextStim(__class__=<class 'psychopy.visual.text.TextStim'>, alignHoriz=method-wrapper(...), alignText='center', alignVert=method-wrapper(...), anchorHoriz='center', anchorVert='center', antialias=True, autoDraw=False, autoLog=True, bold=False, color=array([1., 1., 1.]), colorSpace='rgb', contrast=1.0, depth=-2.0, draggable=False, flipHoriz=False, flipVert=False, font='Open Sans', fontFiles=[], height=np.float64(0.05), italic=False, languageStyle='LTR', name='distr', opacity=1, ori=22, pos=array([-0.28157839, -0.49913191]), rgb=UNKNOWN, text='L', units='height', win=Window(...), wrapWidth=1)
91.3232 	EXP 	fixation: autoDraw = False
91.3232 	EXP 	target: autoDraw = False
91.3232 	EXP 	distr: autoDraw = False
91.3232 	EXP 	distr: autoDraw = False
91.3232 	EXP 	distr: autoDraw = False
91.3232 	EXP 	distr: autoDraw = False
91.3232 	EXP 	distr: autoDraw = False
91.3232 	EXP 	distr: autoDraw = False
91.3232 	EXP 	distr: autoDraw = False
91.3232 	EXP 	distr: autoDraw = False
91.3232 	EXP 	distr: autoDraw = False
91.3232 	EXP 	distr: autoDraw = False
91.3232 	EXP 	distr: autoDraw = True
91.3232 	EXP 	distr: autoDraw = True
91.3232 	EXP 	distr: autoDraw = True
91.3232 	EXP 	distr: autoDraw = True
91.3232 	EXP 	distr: autoDraw = True
91.3232 	EXP 	distr: autoDraw = True
91.3232 	EXP 	distr: autoDraw = True
91.3232 	EXP 	distr: autoDraw = True
91.3232 	EXP 	distr: autoDraw = True
91.3232 	EXP 	distr: autoDraw = True
91.3232 	EXP 	fixation: autoDraw = True
91.3232 	EXP 	target: autoDraw = True
91.3375 	DATA 	Mouse:  Left button up, pos=(771,80)
92.6704 	DATA 	Mouse: Left button down, pos=(275,582)
92.6752 	EXP 	New trial (rep=55, index=0): <Trial 55 (0 in rep 55) data={'thisN': 55, 'thisTrialN': 0, 'thisRepN': 55}>
92.6828 	EXP 	Created distr = TextStim(__class__=<class 'psychopy.visual.text.TextStim'>, alignHoriz=method-wrapper(...), alignText='center', alignVert=method-wrapper(...), anchorHoriz='center', anchorVert='center', antialias=True, autoDraw=False, autoLog=True, bold=False, color=array([1., 1., 1.]), colorSpace='rgb', contrast=1.0, depth=-2.0, draggable=False, flipHoriz=False, flipVert=False, font='Open Sans', fontFiles=[], height=np.float64(0.05), italic=False, languageStyle='LTR', name='distr', opacity=1, ori=240, pos=array([0.4444652 , 0.03966923]), rgb=UNKNOWN, text='L', units='height', win=Window(...), wrapWidth=1)
92.6893 	EXP 	Created distr = TextStim(__class__=<class 'psychopy.visual.text.TextStim'>, alignHoriz=method-wrapper(...), alignText='center', alignVert=method-wrapper(...), anchorHoriz='center', anchorVert='center', antialias=True, autoDraw=False, autoLog=True, bold=False, color=array([1., 1., 1.]), colorSpace='rgb', contrast=1.0, depth=-2.0, draggable=False, flipHoriz=False, flipVert=False, font='Open Sans', fontFiles=[], height=np.float64(0.05), italic=False, languageStyle='LTR', name='distr', opacity=1, ori=310, pos=array([-0.27884619,  0.38743202]), rgb=UNKNOWN, text='L', units='height', win=Window(...), wrapWidth=1)
92.6947 	EXP 	Created distr = TextStim(__class__=<class 'psychopy.visual.text.TextStim'>, alignHoriz=method-wrapper(...), alignText='center', alignVert=method-wrapper(...), anchorHoriz='center', anchorVert='center', antialias=True, autoDraw=False, autoLog=True, bold=False, color=array([1., 1., 1.]), colorSpace='rgb', contrast=1.0, depth=-2.0, draggable=False, flipHoriz=False, flipVert=False, font='Open Sans', fontFiles=[], height=np.float64(0.05), italic=False, languageStyle='LTR', name='distr', opacity=1, ori=58, pos=array([-0.08643512,  0.00996484]), rgb=UNKNOWN, text='L', units='height', win=Window(...), wrapWidth=1)
92.6997 	EXP 	Created distr = TextStim(__class__=<class 'psychopy.visual.text.TextStim'>, alignHoriz=method-wrapper(...), alignText='center', alignVert=method-wrapper(...), anchorHoriz='center', anchorVert='center', antialias=True, autoDraw=False, autoLog=True, bold=False, color=array([1., 1., 1.]), colorSpace='rgb', contrast=1.0, depth=-2.0, draggable=False, flipHoriz=False, flipVert=False, font='Open Sans', fontFiles=[], height=np.float64(0.05), italic=False, languageStyle='LTR', name='distr', opacity=1, ori=287, pos=array([0.17157296, 0.19443844]), rgb=UNKNOWN, text='L', units='height', win=Window(...), wrapWidth=1)
92.7050 	EXP 	Created distr = TextStim(__class__=<class 'psychopy.visual.text.TextStim'>, alignHoriz=method-wrapper(...), alignText='center', alignVert=method-wrapper(...), anchorHoriz='center', anchorVert='center', antialias=True, autoDraw=False, autoLog=True, bold=False, color=array([1., 1., 1.]), colorSpace='rgb', contrast=1.0, depth=-2.0, draggable=False, flipHoriz=False, flipVert=False, font='Open Sans', fontFiles=[], height=np.float64(0.05), italic=False, languageStyle='LTR', name='distr', opacity=1, ori=328, pos=array([-0.3691578 , -0.19033141]), rgb=UNKNOWN, text='L', units='height', win=Window(...), wrapWidth=1)
92.7099 	EXP 	Created distr = TextStim(__class__=<class 'psychopy.visual.text.TextStim'>, alignHoriz=method-wrapper(...), alignText='center', alignVert=method-wrapper(...), anchorHoriz='center', anchorVert='center', antialias=True, autoDraw=False, autoLog=True, bold=False, color=array([1., 1., 1.]), colorSpace='rgb', contrast=1.0, depth=-2.0, draggable=False, flipHoriz=False, flipVert=False, font='Open Sans', fontFiles=[], height=np.float64(0.05), italic=False, languageStyle='LTR', name='distr', opacity=1, ori=337, pos=array([-0.29563226,  0.30954995]), rgb=UNKNOWN, text='L', units='height', win=Window(...), wrapWidth=1)
92.7150 	EXP 	Created distr = TextStim(__class__=<class 'psychopy.visual.text.TextStim'>, alignHoriz=method-wrapper(...), alignText='center', alignVert=method-wrapper(...), anchorHoriz='center', anchorVert='center', antialias=True, autoDraw=False, autoLog=True, bold=False, color=array([1., 1., 1.]), colorSpace='rgb', contrast=1.0, depth=-2.0, draggable=False, flipHoriz=False, flipVert=False, font='Open Sans', fontFiles=[], height=np.float64(0.05), italic=False, languageStyle='LTR', name='distr', opacity=1, ori=199, pos=array([-0.45196457, -0.30870898]), rgb=UNKNOWN, text='L', units='height', win=Window(...), wrapWidth=1)
92.7199 	EXP 	Created distr = TextStim(__class__=<class 'psychopy.visual.text.TextStim'>, alignHoriz=method-wrapper(...), alignText='center', alignVert=method-wrapper(...), anchorHoriz='center', anchorVert='center', antialias=True, autoDraw=False, autoLog=True, bold=False, color=array([1., 1., 1.]), colorSpace='rgb', contrast=1.0, depth=-2.0, draggable=False, flipHoriz=False, flipVert=False, font='Open Sans', fontFiles=[], height=np.float64(0.05), italic=False, languageStyle='LTR', name='distr', opacity=1, ori=244, pos=array([-0.22864072, -0.34278529]), rgb=UNKNOWN, text='L', units='height', win=Window(...), wrapWidth=1)
92.7253 	EXP 	Created distr = TextStim(__class__=<class 'psychopy.visual.text.TextStim'>, alignHoriz=method-wrapper(...), alignText='center', alignVert=method-wrapper(...), anchorHoriz='center', anchorVert='center', antialias=True, autoDraw=False, autoLog=True, bold=False, color=array([1., 1., 1.]), colorSpace='rgb', contrast=1.0, depth=-2.0, draggable=False, flipHoriz=False, flipVert=False, font='Open Sans', fontFiles=[], height=np.float64(0.05), italic=False, languageStyle='LTR', name='distr', opacity=1, ori=87, pos=array([ 0.40500444, -0.05592911]), rgb=UNKNOWN, text='L', units='height', win=Window(...), wrapWidth=1)
92.7305 	EXP 	Created distr = TextStim(__class__=<class 'psychopy.visual.text.TextStim'>, alignHoriz=method-wrapper(...), alignText='center', alignVert=method-wrapper(...), anchorHoriz='center', anchorVert='center', antialias=True, autoDraw=False, autoLog=True, bold=False, color=array([1., 1., 1.]), colorSpace='rgb', contrast=1.0, depth=-2.0, draggable=False, flipHoriz=False, flipVert=False, font='Open Sans', fontFiles=[], height=np.float64(0.05), italic=False, languageStyle='LTR', name='distr', opacity=1, ori=212, pos=array([ 0.28072178, -0.18292146]), rgb=UNKNOWN, text='L', units='height', win=Window(...), wrapWidth=1)
92.7376 	DATA 	Mouse:  Left button up, pos=(275,582)
92.7412 	EXP 	fixation: autoDraw = False
92.7412 	EXP 	target: autoDraw = False
92.7412 	EXP 	distr: autoDraw = False
92.7412 	EXP 	distr: autoDraw = False
92.7412 	EXP 	distr: autoDraw = False
92.7412 	EXP 	distr: autoDraw = False
92.7412 	EXP 	distr: autoDraw = False
92.7412 	EXP 	distr: autoDraw = False
92.7412 	EXP 	distr: autoDraw = False
92.7412 	EXP 	distr: autoDraw = False
92.7412 	EXP 	distr: autoDraw = False
92.7412 	EXP 	distr: autoDraw = False
92.7412 	EXP 	distr: autoDraw = True
92.7412 	EXP 	distr: autoDraw = True
92.7412 	EXP 	distr: autoDraw = True
92.7412 	EXP 	distr: autoDraw = True
92.7412 	EXP 	distr: autoDraw = True
92.7412 	EXP 	distr: autoDraw = True
92.7412 	EXP 	distr: autoDraw = True
92.7412 	EXP 	distr: autoDraw = True
92.7412 	EXP 	distr: autoDraw = True
92.7412 	EXP 	distr: autoDraw = True
92.7412 	EXP 	fixation: autoDraw = True
92.7412 	EXP 	target: autoDraw = True
93.8706 	DATA 	Mouse: Left button down, pos=(1092,343)
93.8758 	EXP 	New trial (rep=56, index=0): <Trial 56 (0 in rep 56) data={'thisN': 56, 'thisTrialN': 0, 'thisRepN': 56}>
93.8868 	EXP 	Created distr = TextStim(__class__=<class 'psychopy.visual.text.TextStim'>, alignHoriz=method-wrapper(...), alignText='center', alignVert=method-wrapper(...), anchorHoriz='center', anchorVert='center', antialias=True, autoDraw=False, autoLog=True, bold=False, color=array([1., 1., 1.]), colorSpace='rgb', contrast=1.0, depth=-2.0, draggable=False, flipHoriz=False, flipVert=False, font='Open Sans', fontFiles=[], height=np.float64(0.05), italic=False, languageStyle='LTR', name='distr', opacity=1, ori=304, pos=array([-0.19340701, -0.04423249]), rgb=UNKNOWN, text='L', units='height', win=Window(...), wrapWidth=1)
93.8927 	EXP 	Created distr = TextStim(__class__=<class 'psychopy.visual.text.TextStim'>, alignHoriz=method-wrapper(...), alignText='center', alignVert=method-wrapper(...), anchorHoriz='center', anchorVert='center', antialias=True, autoDraw=False, autoLog=True, bold=False, color=array([1., 1., 1.]), colorSpace='rgb', contrast=1.0, depth=-2.0, draggable=False, flipHoriz=False, flipVert=False, font='Open Sans', fontFiles=[], height=np.float64(0.05), italic=False, languageStyle='LTR', name='distr', opacity=1, ori=353, pos=array([0.04114517, 0.47910497]), rgb=UNKNOWN, text='L', units='height', win=Window(...), wrapWidth=1)
93.8980 	EXP 	Created distr = TextStim(__class__=<class 'psychopy.visual.text.TextStim'>, alignHoriz=method-wrapper(...), alignText='center', alignVert=method-wrapper(...), anchorHoriz='center', anchorVert='center', antialias=True, autoDraw=False, autoLog=True, bold=False, color=array([1., 1., 1.]), colorSpace='rgb', contrast=1.0, depth=-2.0, draggable=False, flipHoriz=False, flipVert=False, font='Open Sans', fontFiles=[], height=np.float64(0.05), italic=False, languageStyle='LTR', name='distr', opacity=1, ori=240, pos=array([0.34055258, 0.13238409]), rgb=UNKNOWN, text='L', units='height', win=Window(...), wrapWidth=1)
93.9031 	EXP 	Created distr = TextStim(__class__=<class 'psychopy.visual.text.TextStim'>, alignHoriz=method-wrapper(...), alignText='center', alignVert=method-wrapper(...), anchorHoriz='center', anchorVert='center', antialias=True, autoDraw=False, autoLog=True, bold=False, color=array([1., 1., 1.]), colorSpace='rgb', contrast=1.0, depth=-2.0, draggable=False, flipHoriz=False, flipVert=False, font='Open Sans', fontFiles=[], height=np.float64(0.05), italic=False, languageStyle='LTR', name='distr', opacity=1, ori=213, pos=array([-0.16386862, -0.16860062]), rgb=UNKNOWN, text='L', units='height', win=Window(...), wrapWidth=1)
93.9090 	EXP 	Created distr = TextStim(__class__=<class 'psychopy.visual.text.TextStim'>, alignHoriz=method-wrapper(...), alignText='center', alignVert=method-wrapper(...), anchorHoriz='center', anchorVert='center', antialias=True, autoDraw=False, autoLog=True, bold=False, color=array([1., 1., 1.]), colorSpace='rgb', contrast=1.0, depth=-2.0, draggable=False, flipHoriz=False, flipVert=False, font='Open Sans', fontFiles=[], height=np.float64(0.05), italic=False, languageStyle='LTR', name='distr', opacity=1, ori=72, pos=array([-0.0797452 ,  0.19242654]), rgb=UNKNOWN, text='L', units='height', win=Window(...), wrapWidth=1)
93.9140 	EXP 	Created distr = TextStim(__class__=<class 'psychopy.visual.text.TextStim'>, alignHoriz=method-wrapper(...), alignText='center', alignVert=method-wrapper(...), anchorHoriz='center', anchorVert='center', antialias=True, autoDraw=False, autoLog=True, bold=False, color=array([1., 1., 1.]), colorSpace='rgb', contrast=1.0, depth=-2.0, draggable=False, flipHoriz=False, flipVert=False, font='Open Sans', fontFiles=[], height=np.float64(0.05), italic=False, languageStyle='LTR', name='distr', opacity=1, ori=116, pos=array([ 0.40922983, -0.20526802]), rgb=UNKNOWN, text='L', units='height', win=Window(...), wrapWidth=1)
93.9190 	EXP 	Created distr = TextStim(__class__=<class 'psychopy.visual.text.TextStim'>, alignHoriz=method-wrapper(...), alignText='center', alignVert=method-wrapper(...), anchorHoriz='center', anchorVert='center', antialias=True, autoDraw=False, autoLog=True, bold=False, color=array([1., 1., 1.]), colorSpace='rgb', contrast=1.0, depth=-2.0, draggable=False, flipHoriz=False, flipVert=False, font='Open Sans', fontFiles=[], height=np.float64(0.05), italic=False, languageStyle='LTR', name='distr', opacity=1, ori=347, pos=array([ 0.4974327 , -0.39184493]), rgb=UNKNOWN, text='L', units='height', win=Window(...), wrapWidth=1)
93.9241 	EXP 	Created distr = TextStim(__class__=<class 'psychopy.visual.text.TextStim'>, alignHoriz=method-wrapper(...), alignText='center', alignVert=method-wrapper(...), anchorHoriz='center', anchorVert='center', antialias=True, autoDraw=False, autoLog=True, bold=False, color=array([1., 1., 1.]), colorSpace='rgb', contrast=1.0, depth=-2.0, draggable=False, flipHoriz=False, flipVert=False, font='Open Sans', fontFiles=[], height=np.float64(0.05), italic=False, languageStyle='LTR', name='distr', opacity=1, ori=26, pos=array([-0.25284043,  0.02487357]), rgb=UNKNOWN, text='L', units='height', win=Window(...), wrapWidth=1)
93.9291 	EXP 	Created distr = TextStim(__class__=<class 'psychopy.visual.text.TextStim'>, alignHoriz=method-wrapper(...), alignText='center', alignVert=method-wrapper(...), anchorHoriz='center', anchorVert='center', antialias=True, autoDraw=False, autoLog=True, bold=False, color=array([1., 1., 1.]), colorSpace='rgb', contrast=1.0, depth=-2.0, draggable=False, flipHoriz=False, flipVert=False, font='Open Sans', fontFiles=[], height=np.float64(0.05), italic=False, languageStyle='LTR', name='distr', opacity=1, ori=355, pos=array([ 0.33530213, -0.26651822]), rgb=UNKNOWN, text='L', units='height', win=Window(...), wrapWidth=1)
94.0948 	EXP 	Created distr = TextStim(__class__=<class 'psychopy.visual.text.TextStim'>, alignHoriz=method-wrapper(...), alignText='center', alignVert=method-wrapper(...), anchorHoriz='center', anchorVert='center', antialias=True, autoDraw=False, autoLog=True, bold=False, color=array([1., 1., 1.]), colorSpace='rgb', contrast=1.0, depth=-2.0, draggable=False, flipHoriz=False, flipVert=False, font='Open Sans', fontFiles=[], height=np.float64(0.05), italic=False, languageStyle='LTR', name='distr', opacity=1, ori=153, pos=array([-0.04706744, -0.09254193]), rgb=UNKNOWN, text='L', units='height', win=Window(...), wrapWidth=1)
94.0960 	DATA 	Mouse:  Left button up, pos=(1092,343)
94.1058 	EXP 	fixation: autoDraw = False
94.1058 	EXP 	target: autoDraw = False
94.1058 	EXP 	distr: autoDraw = False
94.1058 	EXP 	distr: autoDraw = False
94.1058 	EXP 	distr: autoDraw = False
94.1058 	EXP 	distr: autoDraw = False
94.1058 	EXP 	distr: autoDraw = False
94.1058 	EXP 	distr: autoDraw = False
94.1058 	EXP 	distr: autoDraw = False
94.1058 	EXP 	distr: autoDraw = False
94.1058 	EXP 	distr: autoDraw = False
94.1058 	EXP 	distr: autoDraw = False
94.1058 	EXP 	distr: autoDraw = True
94.1058 	EXP 	distr: autoDraw = True
94.1058 	EXP 	distr: autoDraw = True
94.1058 	EXP 	distr: autoDraw = True
94.1058 	EXP 	distr: autoDraw = True
94.1058 	EXP 	distr: autoDraw = True
94.1058 	EXP 	distr: autoDraw = True
94.1058 	EXP 	distr: autoDraw = True
94.1058 	EXP 	distr: autoDraw = True
94.1058 	EXP 	distr: autoDraw = True
94.1058 	EXP 	fixation: autoDraw = True
94.1058 	EXP 	target: autoDraw = True
95.4723 	DATA 	Mouse: Left button down, pos=(775,332)
95.4734 	EXP 	New trial (rep=57, index=0): <Trial 57 (0 in rep 57) data={'thisN': 57, 'thisTrialN': 0, 'thisRepN': 57}>
95.4814 	EXP 	Created distr = TextStim(__class__=<class 'psychopy.visual.text.TextStim'>, alignHoriz=method-wrapper(...), alignText='center', alignVert=method-wrapper(...), anchorHoriz='center', anchorVert='center', antialias=True, autoDraw=False, autoLog=True, bold=False, color=array([1., 1., 1.]), colorSpace='rgb', contrast=1.0, depth=-2.0, draggable=False, flipHoriz=False, flipVert=False, font='Open Sans', fontFiles=[], height=np.float64(0.05), italic=False, languageStyle='LTR', name='distr', opacity=1, ori=268, pos=array([ 0.22618562, -0.47918167]), rgb=UNKNOWN, text='L', units='height', win=Window(...), wrapWidth=1)
95.4892 	EXP 	Created distr = TextStim(__class__=<class 'psychopy.visual.text.TextStim'>, alignHoriz=method-wrapper(...), alignText='center', alignVert=method-wrapper(...), anchorHoriz='center', anchorVert='center', antialias=True, autoDraw=False, autoLog=True, bold=False, color=array([1., 1., 1.]), colorSpace='rgb', contrast=1.0, depth=-2.0, draggable=False, flipHoriz=False, flipVert=False, font='Open Sans', fontFiles=[], height=np.float64(0.05), italic=False, languageStyle='LTR', name='distr', opacity=1, ori=71, pos=array([0.22669362, 0.19439214]), rgb=UNKNOWN, text='L', units='height', win=Window(...), wrapWidth=1)
95.4944 	EXP 	Created distr = TextStim(__class__=<class 'psychopy.visual.text.TextStim'>, alignHoriz=method-wrapper(...), alignText='center', alignVert=method-wrapper(...), anchorHoriz='center', anchorVert='center', antialias=True, autoDraw=False, autoLog=True, bold=False, color=array([1., 1., 1.]), colorSpace='rgb', contrast=1.0, depth=-2.0, draggable=False, flipHoriz=False, flipVert=False, font='Open Sans', fontFiles=[], height=np.float64(0.05), italic=False, languageStyle='LTR', name='distr', opacity=1, ori=293, pos=array([-0.21543053,  0.44757744]), rgb=UNKNOWN, text='L', units='height', win=Window(...), wrapWidth=1)
95.4995 	EXP 	Created distr = TextStim(__class__=<class 'psychopy.visual.text.TextStim'>, alignHoriz=method-wrapper(...), alignText='center', alignVert=method-wrapper(...), anchorHoriz='center', anchorVert='center', antialias=True, autoDraw=False, autoLog=True, bold=False, color=array([1., 1., 1.]), colorSpace='rgb', contrast=1.0, depth=-2.0, draggable=False, flipHoriz=False, flipVert=False, font='Open Sans', fontFiles=[], height=np.float64(0.05), italic=False, languageStyle='LTR', name='distr', opacity=1, ori=167, pos=array([0.43149967, 0.36654865]), rgb=UNKNOWN, text='L', units='height', win=Window(...), wrapWidth=1)
95.5049 	EXP 	Created distr = TextStim(__class__=<class 'psychopy.visual.text.TextStim'>, alignHoriz=method-wrapper(...), alignText='center', alignVert=method-wrapper(...), anchorHoriz='center', anchorVert='center', antialias=True, autoDraw=False, autoLog=True, bold=False, color=array([1., 1., 1.]), colorSpace='rgb', contrast=1.0, depth=-2.0, draggable=False, flipHoriz=False, flipVert=False, font='Open Sans', fontFiles=[], height=np.float64(0.05), italic=False, languageStyle='LTR', name='distr', opacity=1, ori=62, pos=array([-0.34707149, -0.37045855]), rgb=UNKNOWN, text='L', units='height', win=Window(...), wrapWidth=1)
95.5100 	EXP 	Created distr = TextStim(__class__=<class 'psychopy.visual.text.TextStim'>, alignHoriz=method-wrapper(...), alignText='center', alignVert=method-wrapper(...), anchorHoriz='center', anchorVert='center', antialias=True, autoDraw=False, autoLog=True, bold=False, color=array([1., 1., 1.]), colorSpace='rgb', contrast=1.0, depth=-2.0, draggable=False, flipHoriz=False, flipVert=False, font='Open Sans', fontFiles=[], height=np.float64(0.05), italic=False, languageStyle='LTR', name='distr', opacity=1, ori=86, pos=array([ 0.10159547, -0.18071666]), rgb=UNKNOWN, text='L', units='height', win=Window(...), wrapWidth=1)
95.5149 	EXP 	Created distr = TextStim(__class__=<class 'psychopy.visual.text.TextStim'>, alignHoriz=method-wrapper(...), alignText='center', alignVert=method-wrapper(...), anchorHoriz='center', anchorVert='center', antialias=True, autoDraw=False, autoLog=True, bold=False, color=array([1., 1., 1.]), colorSpace='rgb', contrast=1.0, depth=-2.0, draggable=False, flipHoriz=False, flipVert=False, font='Open Sans', fontFiles=[], height=np.float64(0.05), italic=False, languageStyle='LTR', name='distr', opacity=1, ori=291, pos=array([-0.02510453,  0.2754255 ]), rgb=UNKNOWN, text='L', units='height', win=Window(...), wrapWidth=1)
95.5199 	EXP 	Created distr = TextStim(__class__=<class 'psychopy.visual.text.TextStim'>, alignHoriz=method-wrapper(...), alignText='center', alignVert=method-wrapper(...), anchorHoriz='center', anchorVert='center', antialias=True, autoDraw=False, autoLog=True, bold=False, color=array([1., 1., 1.]), colorSpace='rgb', contrast=1.0, depth=-2.0, draggable=False, flipHoriz=False, flipVert=False, font='Open Sans', fontFiles=[], height=np.float64(0.05), italic=False, languageStyle='LTR', name='distr', opacity=1, ori=16, pos=array([-0.0231266 , -0.36838322]), rgb=UNKNOWN, text='L', units='height', win=Window(...), wrapWidth=1)
95.5249 	EXP 	Created distr = TextStim(__class__=<class 'psychopy.visual.text.TextStim'>, alignHoriz=method-wrapper(...), alignText='center', alignVert=method-wrapper(...), anchorHoriz='center', anchorVert='center', antialias=True, autoDraw=False, autoLog=True, bold=False, color=array([1., 1., 1.]), colorSpace='rgb', contrast=1.0, depth=-2.0, draggable=False, flipHoriz=False, flipVert=False, font='Open Sans', fontFiles=[], height=np.float64(0.05), italic=False, languageStyle='LTR', name='distr', opacity=1, ori=8, pos=array([ 0.1414161 , -0.46040125]), rgb=UNKNOWN, text='L', units='height', win=Window(...), wrapWidth=1)
95.5300 	EXP 	Created distr = TextStim(__class__=<class 'psychopy.visual.text.TextStim'>, alignHoriz=method-wrapper(...), alignText='center', alignVert=method-wrapper(...), anchorHoriz='center', anchorVert='center', antialias=True, autoDraw=False, autoLog=True, bold=False, color=array([1., 1., 1.]), colorSpace='rgb', contrast=1.0, depth=-2.0, draggable=False, flipHoriz=False, flipVert=False, font='Open Sans', fontFiles=[], height=np.float64(0.05), italic=False, languageStyle='LTR', name='distr', opacity=1, ori=261, pos=array([-0.17238786,  0.0399708 ]), rgb=UNKNOWN, text='L', units='height', win=Window(...), wrapWidth=1)
95.5392 	EXP 	fixation: autoDraw = False
95.5392 	EXP 	target: autoDraw = False
95.5392 	EXP 	distr: autoDraw = False
95.5392 	EXP 	distr: autoDraw = False
95.5392 	EXP 	distr: autoDraw = False
95.5392 	EXP 	distr: autoDraw = False
95.5392 	EXP 	distr: autoDraw = False
95.5392 	EXP 	distr: autoDraw = False
95.5392 	EXP 	distr: autoDraw = False
95.5392 	EXP 	distr: autoDraw = False
95.5392 	EXP 	distr: autoDraw = False
95.5392 	EXP 	distr: autoDraw = False
95.5392 	EXP 	distr: autoDraw = True
95.5392 	EXP 	distr: autoDraw = True
95.5392 	EXP 	distr: autoDraw = True
95.5392 	EXP 	distr: autoDraw = True
95.5392 	EXP 	distr: autoDraw = True
95.5392 	EXP 	distr: autoDraw = True
95.5392 	EXP 	distr: autoDraw = True
95.5392 	EXP 	distr: autoDraw = True
95.5392 	EXP 	distr: autoDraw = True
95.5392 	EXP 	distr: autoDraw = True
95.5392 	EXP 	fixation: autoDraw = True
95.5392 	EXP 	target: autoDraw = True
95.5836 	DATA 	Mouse:  Left button up, pos=(775,332)
96.9871 	DATA 	Mouse: Left button down, pos=(928,546)
96.9919 	EXP 	New trial (rep=58, index=0): <Trial 58 (0 in rep 58) data={'thisN': 58, 'thisTrialN': 0, 'thisRepN': 58}>
96.9999 	EXP 	Created distr = TextStim(__class__=<class 'psychopy.visual.text.TextStim'>, alignHoriz=method-wrapper(...), alignText='center', alignVert=method-wrapper(...), anchorHoriz='center', anchorVert='center', antialias=True, autoDraw=False, autoLog=True, bold=False, color=array([1., 1., 1.]), colorSpace='rgb', contrast=1.0, depth=-2.0, draggable=False, flipHoriz=False, flipVert=False, font='Open Sans', fontFiles=[], height=np.float64(0.05), italic=False, languageStyle='LTR', name='distr', opacity=1, ori=35, pos=array([0.2137028 , 0.42596594]), rgb=UNKNOWN, text='L', units='height', win=Window(...), wrapWidth=1)
97.0065 	EXP 	Created distr = TextStim(__class__=<class 'psychopy.visual.text.TextStim'>, alignHoriz=method-wrapper(...), alignText='center', alignVert=method-wrapper(...), anchorHoriz='center', anchorVert='center', antialias=True, autoDraw=False, autoLog=True, bold=False, color=array([1., 1., 1.]), colorSpace='rgb', contrast=1.0, depth=-2.0, draggable=False, flipHoriz=False, flipVert=False, font='Open Sans', fontFiles=[], height=np.float64(0.05), italic=False, languageStyle='LTR', name='distr', opacity=1, ori=317, pos=array([0.36487644, 0.38612189]), rgb=UNKNOWN, text='L', units='height', win=Window(...), wrapWidth=1)
97.0118 	EXP 	Created distr = TextStim(__class__=<class 'psychopy.visual.text.TextStim'>, alignHoriz=method-wrapper(...), alignText='center', alignVert=method-wrapper(...), anchorHoriz='center', anchorVert='center', antialias=True, autoDraw=False, autoLog=True, bold=False, color=array([1., 1., 1.]), colorSpace='rgb', contrast=1.0, depth=-2.0, draggable=False, flipHoriz=False, flipVert=False, font='Open Sans', fontFiles=[], height=np.float64(0.05), italic=False, languageStyle='LTR', name='distr', opacity=1, ori=311, pos=array([-0.09276571,  0.0248295 ]), rgb=UNKNOWN, text='L', units='height', win=Window(...), wrapWidth=1)
97.0169 	EXP 	Created distr = TextStim(__class__=<class 'psychopy.visual.text.TextStim'>, alignHoriz=method-wrapper(...), alignText='center', alignVert=method-wrapper(...), anchorHoriz='center', anchorVert='center', antialias=True, autoDraw=False, autoLog=True, bold=False, color=array([1., 1., 1.]), colorSpace='rgb', contrast=1.0, depth=-2.0, draggable=False, flipHoriz=False, flipVert=False, font='Open Sans', fontFiles=[], height=np.float64(0.05), italic=False, languageStyle='LTR', name='distr', opacity=1, ori=131, pos=array([-0.44359794,  0.10974686]), rgb=UNKNOWN, text='L', units='height', win=Window(...), wrapWidth=1)
97.0222 	EXP 	Created distr = TextStim(__class__=<class 'psychopy.visual.text.TextStim'>, alignHoriz=method-wrapper(...), alignText='center', alignVert=method-wrapper(...), anchorHoriz='center', anchorVert='center', antialias=True, autoDraw=False, autoLog=True, bold=False, color=array([1., 1., 1.]), colorSpace='rgb', contrast=1.0, depth=-2.0, draggable=False, flipHoriz=False, flipVert=False, font='Open Sans', fontFiles=[], height=np.float64(0.05), italic=False, languageStyle='LTR', name='distr', opacity=1, ori=268, pos=array([-0.03846534, -0.35057529]), rgb=UNKNOWN, text='L', units='height', win=Window(...), wrapWidth=1)
97.0273 	EXP 	Created distr = TextStim(__class__=<class 'psychopy.visual.text.TextStim'>, alignHoriz=method-wrapper(...), alignText='center', alignVert=method-wrapper(...), anchorHoriz='center', anchorVert='center', antialias=True, autoDraw=False, autoLog=True, bold=False, color=array([1., 1., 1.]), colorSpace='rgb', contrast=1.0, depth=-2.0, draggable=False, flipHoriz=False, flipVert=False, font='Open Sans', fontFiles=[], height=np.float64(0.05), italic=False, languageStyle='LTR', name='distr', opacity=1, ori=344, pos=array([-0.12530348, -0.21344414]), rgb=UNKNOWN, text='L', units='height', win=Window(...), wrapWidth=1)
97.0323 	EXP 	Created distr = TextStim(__class__=<class 'psychopy.visual.text.TextStim'>, alignHoriz=method-wrapper(...), alignText='center', alignVert=method-wrapper(...), anchorHoriz='center', anchorVert='center', antialias=True, autoDraw=False, autoLog=True, bold=False, color=array([1., 1., 1.]), colorSpace='rgb', contrast=1.0, depth=-2.0, draggable=False, flipHoriz=False, flipVert=False, font='Open Sans', fontFiles=[], height=np.float64(0.05), italic=False, languageStyle='LTR', name='distr', opacity=1, ori=258, pos=array([0.43373708, 0.26423956]), rgb=UNKNOWN, text='L', units='height', win=Window(...), wrapWidth=1)
97.0373 	EXP 	Created distr = TextStim(__class__=<class 'psychopy.visual.text.TextStim'>, alignHoriz=method-wrapper(...), alignText='center', alignVert=method-wrapper(...), anchorHoriz='center', anchorVert='center', antialias=True, autoDraw=False, autoLog=True, bold=False, color=array([1., 1., 1.]), colorSpace='rgb', contrast=1.0, depth=-2.0, draggable=False, flipHoriz=False, flipVert=False, font='Open Sans', fontFiles=[], height=np.float64(0.05), italic=False, languageStyle='LTR', name='distr', opacity=1, ori=359, pos=array([-0.01318795,  0.26293771]), rgb=UNKNOWN, text='L', units='height', win=Window(...), wrapWidth=1)
97.0423 	EXP 	Created distr = TextStim(__class__=<class 'psychopy.visual.text.TextStim'>, alignHoriz=method-wrapper(...), alignText='center', alignVert=method-wrapper(...), anchorHoriz='center', anchorVert='center', antialias=True, autoDraw=False, autoLog=True, bold=False, color=array([1., 1., 1.]), colorSpace='rgb', contrast=1.0, depth=-2.0, draggable=False, flipHoriz=False, flipVert=False, font='Open Sans', fontFiles=[], height=np.float64(0.05), italic=False, languageStyle='LTR', name='distr', opacity=1, ori=278, pos=array([ 0.41739074, -0.30526596]), rgb=UNKNOWN, text='L', units='height', win=Window(...), wrapWidth=1)
97.0474 	EXP 	Created distr = TextStim(__class__=<class 'psychopy.visual.text.TextStim'>, alignHoriz=method-wrapper(...), alignText='center', alignVert=method-wrapper(...), anchorHoriz='center', anchorVert='center', antialias=True, autoDraw=False, autoLog=True, bold=False, color=array([1., 1., 1.]), colorSpace='rgb', contrast=1.0, depth=-2.0, draggable=False, flipHoriz=False, flipVert=False, font='Open Sans', fontFiles=[], height=np.float64(0.05), italic=False, languageStyle='LTR', name='distr', opacity=1, ori=319, pos=array([-0.40520847,  0.11421086]), rgb=UNKNOWN, text='L', units='height', win=Window(...), wrapWidth=1)
97.0540 	DATA 	Mouse:  Left button up, pos=(928,546)
97.0569 	EXP 	fixation: autoDraw = False
97.0569 	EXP 	target: autoDraw = False
97.0569 	EXP 	distr: autoDraw = False
97.0569 	EXP 	distr: autoDraw = False
97.0569 	EXP 	distr: autoDraw = False
97.0569 	EXP 	distr: autoDraw = False
97.0569 	EXP 	distr: autoDraw = False
97.0569 	EXP 	distr: autoDraw = False
97.0569 	EXP 	distr: autoDraw = False
97.0569 	EXP 	distr: autoDraw = False
97.0569 	EXP 	distr: autoDraw = False
97.0569 	EXP 	distr: autoDraw = False
97.0569 	EXP 	distr: autoDraw = True
97.0569 	EXP 	distr: autoDraw = True
97.0569 	EXP 	distr: autoDraw = True
97.0569 	EXP 	distr: autoDraw = True
97.0569 	EXP 	distr: autoDraw = True
97.0569 	EXP 	distr: autoDraw = True
97.0569 	EXP 	distr: autoDraw = True
97.0569 	EXP 	distr: autoDraw = True
97.0569 	EXP 	distr: autoDraw = True
97.0569 	EXP 	distr: autoDraw = True
97.0569 	EXP 	fixation: autoDraw = True
97.0569 	EXP 	target: autoDraw = True
98.3870 	DATA 	Mouse: Left button down, pos=(1137,41)
98.3919 	EXP 	New trial (rep=59, index=0): <Trial 59 (0 in rep 59) data={'thisN': 59, 'thisTrialN': 0, 'thisRepN': 59}>
98.4034 	EXP 	Created distr = TextStim(__class__=<class 'psychopy.visual.text.TextStim'>, alignHoriz=method-wrapper(...), alignText='center', alignVert=method-wrapper(...), anchorHoriz='center', anchorVert='center', antialias=True, autoDraw=False, autoLog=True, bold=False, color=array([1., 1., 1.]), colorSpace='rgb', contrast=1.0, depth=-2.0, draggable=False, flipHoriz=False, flipVert=False, font='Open Sans', fontFiles=[], height=np.float64(0.05), italic=False, languageStyle='LTR', name='distr', opacity=1, ori=231, pos=array([-0.44484713, -0.33961903]), rgb=UNKNOWN, text='L', units='height', win=Window(...), wrapWidth=1)
98.4093 	EXP 	Created distr = TextStim(__class__=<class 'psychopy.visual.text.TextStim'>, alignHoriz=method-wrapper(...), alignText='center', alignVert=method-wrapper(...), anchorHoriz='center', anchorVert='center', antialias=True, autoDraw=False, autoLog=True, bold=False, color=array([1., 1., 1.]), colorSpace='rgb', contrast=1.0, depth=-2.0, draggable=False, flipHoriz=False, flipVert=False, font='Open Sans', fontFiles=[], height=np.float64(0.05), italic=False, languageStyle='LTR', name='distr', opacity=1, ori=5, pos=array([-0.26315139,  0.0158068 ]), rgb=UNKNOWN, text='L', units='height', win=Window(...), wrapWidth=1)
98.4144 	EXP 	Created distr = TextStim(__class__=<class 'psychopy.visual.text.TextStim'>, alignHoriz=method-wrapper(...), alignText='center', alignVert=method-wrapper(...), anchorHoriz='center', anchorVert='center', antialias=True, autoDraw=False, autoLog=True, bold=False, color=array([1., 1., 1.]), colorSpace='rgb', contrast=1.0, depth=-2.0, draggable=False, flipHoriz=False, flipVert=False, font='Open Sans', fontFiles=[], height=np.float64(0.05), italic=False, languageStyle='LTR', name='distr', opacity=1, ori=333, pos=array([ 0.25221682, -0.07674648]), rgb=UNKNOWN, text='L', units='height', win=Window(...), wrapWidth=1)
98.4195 	EXP 	Created distr = TextStim(__class__=<class 'psychopy.visual.text.TextStim'>, alignHoriz=method-wrapper(...), alignText='center', alignVert=method-wrapper(...), anchorHoriz='center', anchorVert='center', antialias=True, autoDraw=False, autoLog=True, bold=False, color=array([1., 1., 1.]), colorSpace='rgb', contrast=1.0, depth=-2.0, draggable=False, flipHoriz=False, flipVert=False, font='Open Sans', fontFiles=[], height=np.float64(0.05), italic=False, languageStyle='LTR', name='distr', opacity=1, ori=273, pos=array([-0.20434261, -0.0692545 ]), rgb=UNKNOWN, text='L', units='height', win=Window(...), wrapWidth=1)
98.4247 	EXP 	Created distr = TextStim(__class__=<class 'psychopy.visual.text.TextStim'>, alignHoriz=method-wrapper(...), alignText='center', alignVert=method-wrapper(...), anchorHoriz='center', anchorVert='center', antialias=True, autoDraw=False, autoLog=True, bold=False, color=array([1., 1., 1.]), colorSpace='rgb', contrast=1.0, depth=-2.0, draggable=False, flipHoriz=False, flipVert=False, font='Open Sans', fontFiles=[], height=np.float64(0.05), italic=False, languageStyle='LTR', name='distr', opacity=1, ori=147, pos=array([0.46405226, 0.41369949]), rgb=UNKNOWN, text='L', units='height', win=Window(...), wrapWidth=1)
98.4298 	EXP 	Created distr = TextStim(__class__=<class 'psychopy.visual.text.TextStim'>, alignHoriz=method-wrapper(...), alignText='center', alignVert=method-wrapper(...), anchorHoriz='center', anchorVert='center', antialias=True, autoDraw=False, autoLog=True, bold=False, color=array([1., 1., 1.]), colorSpace='rgb', contrast=1.0, depth=-2.0, draggable=False, flipHoriz=False, flipVert=False, font='Open Sans', fontFiles=[], height=np.float64(0.05), italic=False, languageStyle='LTR', name='distr', opacity=1, ori=66, pos=array([0.11122006, 0.47002471]), rgb=UNKNOWN, text='L', units='height', win=Window(...), wrapWidth=1)
98.4348 	EXP 	Created distr = TextStim(__class__=<class 'psychopy.visual.text.TextStim'>, alignHoriz=method-wrapper(...), alignText='center', alignVert=method-wrapper(...), anchorHoriz='center', anchorVert='center', antialias=True, autoDraw=False, autoLog=True, bold=False, color=array([1., 1., 1.]), colorSpace='rgb', contrast=1.0, depth=-2.0, draggable=False, flipHoriz=False, flipVert=False, font='Open Sans', fontFiles=[], height=np.float64(0.05), italic=False, languageStyle='LTR', name='distr', opacity=1, ori=124, pos=array([-0.48156801, -0.34320804]), rgb=UNKNOWN, text='L', units='height', win=Window(...), wrapWidth=1)
98.4398 	EXP 	Created distr = TextStim(__class__=<class 'psychopy.visual.text.TextStim'>, alignHoriz=method-wrapper(...), alignText='center', alignVert=method-wrapper(...), anchorHoriz='center', anchorVert='center', antialias=True, autoDraw=False, autoLog=True, bold=False, color=array([1., 1., 1.]), colorSpace='rgb', contrast=1.0, depth=-2.0, draggable=False, flipHoriz=False, flipVert=False, font='Open Sans', fontFiles=[], height=np.float64(0.05), italic=False, languageStyle='LTR', name='distr', opacity=1, ori=303, pos=array([ 0.05907828, -0.15181649]), rgb=UNKNOWN, text='L', units='height', win=Window(...), wrapWidth=1)
98.4447 	EXP 	Created distr = TextStim(__class__=<class 'psychopy.visual.text.TextStim'>, alignHoriz=method-wrapper(...), alignText='center', alignVert=method-wrapper(...), anchorHoriz='center', anchorVert='center', antialias=True, autoDraw=False, autoLog=True, bold=False, color=array([1., 1., 1.]), colorSpace='rgb', contrast=1.0, depth=-2.0, draggable=False, flipHoriz=False, flipVert=False, font='Open Sans', fontFiles=[], height=np.float64(0.05), italic=False, languageStyle='LTR', name='distr', opacity=1, ori=222, pos=array([-0.29891587,  0.19076675]), rgb=UNKNOWN, text='L', units='height', win=Window(...), wrapWidth=1)
98.4498 	EXP 	Created distr = TextStim(__class__=<class 'psychopy.visual.text.TextStim'>, alignHoriz=method-wrapper(...), alignText='center', alignVert=method-wrapper(...), anchorHoriz='center', anchorVert='center', antialias=True, autoDraw=False, autoLog=True, bold=False, color=array([1., 1., 1.]), colorSpace='rgb', contrast=1.0, depth=-2.0, draggable=False, flipHoriz=False, flipVert=False, font='Open Sans', fontFiles=[], height=np.float64(0.05), italic=False, languageStyle='LTR', name='distr', opacity=1, ori=326, pos=array([0.04472361, 0.07268587]), rgb=UNKNOWN, text='L', units='height', win=Window(...), wrapWidth=1)
98.4567 	DATA 	Mouse:  Left button up, pos=(1137,41)
98.4596 	EXP 	fixation: autoDraw = False
98.4596 	EXP 	target: autoDraw = False
98.4596 	EXP 	distr: autoDraw = False
98.4596 	EXP 	distr: autoDraw = False
98.4596 	EXP 	distr: autoDraw = False
98.4596 	EXP 	distr: autoDraw = False
98.4596 	EXP 	distr: autoDraw = False
98.4596 	EXP 	distr: autoDraw = False
98.4596 	EXP 	distr: autoDraw = False
98.4596 	EXP 	distr: autoDraw = False
98.4596 	EXP 	distr: autoDraw = False
98.4596 	EXP 	distr: autoDraw = False
98.4596 	EXP 	distr: autoDraw = True
98.4596 	EXP 	distr: autoDraw = True
98.4596 	EXP 	distr: autoDraw = True
98.4596 	EXP 	distr: autoDraw = True
98.4596 	EXP 	distr: autoDraw = True
98.4596 	EXP 	distr: autoDraw = True
98.4596 	EXP 	distr: autoDraw = True
98.4596 	EXP 	distr: autoDraw = True
98.4596 	EXP 	distr: autoDraw = True
98.4596 	EXP 	distr: autoDraw = True
98.4596 	EXP 	fixation: autoDraw = True
98.4596 	EXP 	target: autoDraw = True
100.1536 	DATA 	Mouse: Left button down, pos=(612,349)
100.1585 	EXP 	New trial (rep=60, index=0): <Trial 60 (0 in rep 60) data={'thisN': 60, 'thisTrialN': 0, 'thisRepN': 60}>
100.1667 	EXP 	Created distr = TextStim(__class__=<class 'psychopy.visual.text.TextStim'>, alignHoriz=method-wrapper(...), alignText='center', alignVert=method-wrapper(...), anchorHoriz='center', anchorVert='center', antialias=True, autoDraw=False, autoLog=True, bold=False, color=array([1., 1., 1.]), colorSpace='rgb', contrast=1.0, depth=-2.0, draggable=False, flipHoriz=False, flipVert=False, font='Open Sans', fontFiles=[], height=np.float64(0.05), italic=False, languageStyle='LTR', name='distr', opacity=1, ori=54, pos=array([ 0.24784314, -0.04764381]), rgb=UNKNOWN, text='L', units='height', win=Window(...), wrapWidth=1)
100.1735 	EXP 	Created distr = TextStim(__class__=<class 'psychopy.visual.text.TextStim'>, alignHoriz=method-wrapper(...), alignText='center', alignVert=method-wrapper(...), anchorHoriz='center', anchorVert='center', antialias=True, autoDraw=False, autoLog=True, bold=False, color=array([1., 1., 1.]), colorSpace='rgb', contrast=1.0, depth=-2.0, draggable=False, flipHoriz=False, flipVert=False, font='Open Sans', fontFiles=[], height=np.float64(0.05), italic=False, languageStyle='LTR', name='distr', opacity=1, ori=75, pos=array([ 0.16741271, -0.34240249]), rgb=UNKNOWN, text='L', units='height', win=Window(...), wrapWidth=1)
100.1789 	EXP 	Created distr = TextStim(__class__=<class 'psychopy.visual.text.TextStim'>, alignHoriz=method-wrapper(...), alignText='center', alignVert=method-wrapper(...), anchorHoriz='center', anchorVert='center', antialias=True, autoDraw=False, autoLog=True, bold=False, color=array([1., 1., 1.]), colorSpace='rgb', contrast=1.0, depth=-2.0, draggable=False, flipHoriz=False, flipVert=False, font='Open Sans', fontFiles=[], height=np.float64(0.05), italic=False, languageStyle='LTR', name='distr', opacity=1, ori=91, pos=array([-0.05161061,  0.21021836]), rgb=UNKNOWN, text='L', units='height', win=Window(...), wrapWidth=1)
100.1840 	EXP 	Created distr = TextStim(__class__=<class 'psychopy.visual.text.TextStim'>, alignHoriz=method-wrapper(...), alignText='center', alignVert=method-wrapper(...), anchorHoriz='center', anchorVert='center', antialias=True, autoDraw=False, autoLog=True, bold=False, color=array([1., 1., 1.]), colorSpace='rgb', contrast=1.0, depth=-2.0, draggable=False, flipHoriz=False, flipVert=False, font='Open Sans', fontFiles=[], height=np.float64(0.05), italic=False, languageStyle='LTR', name='distr', opacity=1, ori=10, pos=array([-0.24173342, -0.08155281]), rgb=UNKNOWN, text='L', units='height', win=Window(...), wrapWidth=1)
100.1891 	EXP 	Created distr = TextStim(__class__=<class 'psychopy.visual.text.TextStim'>, alignHoriz=method-wrapper(...), alignText='center', alignVert=method-wrapper(...), anchorHoriz='center', anchorVert='center', antialias=True, autoDraw=False, autoLog=True, bold=False, color=array([1., 1., 1.]), colorSpace='rgb', contrast=1.0, depth=-2.0, draggable=False, flipHoriz=False, flipVert=False, font='Open Sans', fontFiles=[], height=np.float64(0.05), italic=False, languageStyle='LTR', name='distr', opacity=1, ori=229, pos=array([-0.44154988, -0.3887095 ]), rgb=UNKNOWN, text='L', units='height', win=Window(...), wrapWidth=1)
100.1941 	EXP 	Created distr = TextStim(__class__=<class 'psychopy.visual.text.TextStim'>, alignHoriz=method-wrapper(...), alignText='center', alignVert=method-wrapper(...), anchorHoriz='center', anchorVert='center', antialias=True, autoDraw=False, autoLog=True, bold=False, color=array([1., 1., 1.]), colorSpace='rgb', contrast=1.0, depth=-2.0, draggable=False, flipHoriz=False, flipVert=False, font='Open Sans', fontFiles=[], height=np.float64(0.05), italic=False, languageStyle='LTR', name='distr', opacity=1, ori=125, pos=array([-0.35122951, -0.37344794]), rgb=UNKNOWN, text='L', units='height', win=Window(...), wrapWidth=1)
100.1990 	EXP 	Created distr = TextStim(__class__=<class 'psychopy.visual.text.TextStim'>, alignHoriz=method-wrapper(...), alignText='center', alignVert=method-wrapper(...), anchorHoriz='center', anchorVert='center', antialias=True, autoDraw=False, autoLog=True, bold=False, color=array([1., 1., 1.]), colorSpace='rgb', contrast=1.0, depth=-2.0, draggable=False, flipHoriz=False, flipVert=False, font='Open Sans', fontFiles=[], height=np.float64(0.05), italic=False, languageStyle='LTR', name='distr', opacity=1, ori=99, pos=array([ 0.49176079, -0.13418765]), rgb=UNKNOWN, text='L', units='height', win=Window(...), wrapWidth=1)
100.2040 	EXP 	Created distr = TextStim(__class__=<class 'psychopy.visual.text.TextStim'>, alignHoriz=method-wrapper(...), alignText='center', alignVert=method-wrapper(...), anchorHoriz='center', anchorVert='center', antialias=True, autoDraw=False, autoLog=True, bold=False, color=array([1., 1., 1.]), colorSpace='rgb', contrast=1.0, depth=-2.0, draggable=False, flipHoriz=False, flipVert=False, font='Open Sans', fontFiles=[], height=np.float64(0.05), italic=False, languageStyle='LTR', name='distr', opacity=1, ori=213, pos=array([0.12310972, 0.21041553]), rgb=UNKNOWN, text='L', units='height', win=Window(...), wrapWidth=1)
100.2090 	EXP 	Created distr = TextStim(__class__=<class 'psychopy.visual.text.TextStim'>, alignHoriz=method-wrapper(...), alignText='center', alignVert=method-wrapper(...), anchorHoriz='center', anchorVert='center', antialias=True, autoDraw=False, autoLog=True, bold=False, color=array([1., 1., 1.]), colorSpace='rgb', contrast=1.0, depth=-2.0, draggable=False, flipHoriz=False, flipVert=False, font='Open Sans', fontFiles=[], height=np.float64(0.05), italic=False, languageStyle='LTR', name='distr', opacity=1, ori=23, pos=array([-0.2096227 , -0.37632414]), rgb=UNKNOWN, text='L', units='height', win=Window(...), wrapWidth=1)
100.2140 	EXP 	Created distr = TextStim(__class__=<class 'psychopy.visual.text.TextStim'>, alignHoriz=method-wrapper(...), alignText='center', alignVert=method-wrapper(...), anchorHoriz='center', anchorVert='center', antialias=True, autoDraw=False, autoLog=True, bold=False, color=array([1., 1., 1.]), colorSpace='rgb', contrast=1.0, depth=-2.0, draggable=False, flipHoriz=False, flipVert=False, font='Open Sans', fontFiles=[], height=np.float64(0.05), italic=False, languageStyle='LTR', name='distr', opacity=1, ori=242, pos=array([ 0.38074904, -0.17372968]), rgb=UNKNOWN, text='L', units='height', win=Window(...), wrapWidth=1)
100.2206 	DATA 	Mouse:  Left button up, pos=(612,349)
100.2234 	EXP 	fixation: autoDraw = False
100.2234 	EXP 	target: autoDraw = False
100.2234 	EXP 	distr: autoDraw = False
100.2234 	EXP 	distr: autoDraw = False
100.2234 	EXP 	distr: autoDraw = False
100.2234 	EXP 	distr: autoDraw = False
100.2234 	EXP 	distr: autoDraw = False
100.2234 	EXP 	distr: autoDraw = False
100.2234 	EXP 	distr: autoDraw = False
100.2234 	EXP 	distr: autoDraw = False
100.2234 	EXP 	distr: autoDraw = False
100.2234 	EXP 	distr: autoDraw = False
100.2234 	EXP 	distr: autoDraw = True
100.2234 	EXP 	distr: autoDraw = True
100.2234 	EXP 	distr: autoDraw = True
100.2234 	EXP 	distr: autoDraw = True
100.2234 	EXP 	distr: autoDraw = True
100.2234 	EXP 	distr: autoDraw = True
100.2234 	EXP 	distr: autoDraw = True
100.2234 	EXP 	distr: autoDraw = True
100.2234 	EXP 	distr: autoDraw = True
100.2234 	EXP 	distr: autoDraw = True
100.2234 	EXP 	fixation: autoDraw = True
100.2234 	EXP 	target: autoDraw = True
101.7226 	DATA 	Mouse: Left button down, pos=(971,177)
101.7240 	EXP 	New trial (rep=61, index=0): <Trial 61 (0 in rep 61) data={'thisN': 61, 'thisTrialN': 0, 'thisRepN': 61}>
101.7321 	EXP 	Created distr = TextStim(__class__=<class 'psychopy.visual.text.TextStim'>, alignHoriz=method-wrapper(...), alignText='center', alignVert=method-wrapper(...), anchorHoriz='center', anchorVert='center', antialias=True, autoDraw=False, autoLog=True, bold=False, color=array([1., 1., 1.]), colorSpace='rgb', contrast=1.0, depth=-2.0, draggable=False, flipHoriz=False, flipVert=False, font='Open Sans', fontFiles=[], height=np.float64(0.05), italic=False, languageStyle='LTR', name='distr', opacity=1, ori=236, pos=array([-0.23653916, -0.38511428]), rgb=UNKNOWN, text='L', units='height', win=Window(...), wrapWidth=1)
101.7404 	EXP 	Created distr = TextStim(__class__=<class 'psychopy.visual.text.TextStim'>, alignHoriz=method-wrapper(...), alignText='center', alignVert=method-wrapper(...), anchorHoriz='center', anchorVert='center', antialias=True, autoDraw=False, autoLog=True, bold=False, color=array([1., 1., 1.]), colorSpace='rgb', contrast=1.0, depth=-2.0, draggable=False, flipHoriz=False, flipVert=False, font='Open Sans', fontFiles=[], height=np.float64(0.05), italic=False, languageStyle='LTR', name='distr', opacity=1, ori=335, pos=array([-0.15808288,  0.03923376]), rgb=UNKNOWN, text='L', units='height', win=Window(...), wrapWidth=1)
101.7457 	EXP 	Created distr = TextStim(__class__=<class 'psychopy.visual.text.TextStim'>, alignHoriz=method-wrapper(...), alignText='center', alignVert=method-wrapper(...), anchorHoriz='center', anchorVert='center', antialias=True, autoDraw=False, autoLog=True, bold=False, color=array([1., 1., 1.]), colorSpace='rgb', contrast=1.0, depth=-2.0, draggable=False, flipHoriz=False, flipVert=False, font='Open Sans', fontFiles=[], height=np.float64(0.05), italic=False, languageStyle='LTR', name='distr', opacity=1, ori=21, pos=array([0.30098675, 0.40409871]), rgb=UNKNOWN, text='L', units='height', win=Window(...), wrapWidth=1)
101.7507 	EXP 	Created distr = TextStim(__class__=<class 'psychopy.visual.text.TextStim'>, alignHoriz=method-wrapper(...), alignText='center', alignVert=method-wrapper(...), anchorHoriz='center', anchorVert='center', antialias=True, autoDraw=False, autoLog=True, bold=False, color=array([1., 1., 1.]), colorSpace='rgb', contrast=1.0, depth=-2.0, draggable=False, flipHoriz=False, flipVert=False, font='Open Sans', fontFiles=[], height=np.float64(0.05), italic=False, languageStyle='LTR', name='distr', opacity=1, ori=2, pos=array([0.44069082, 0.04040673]), rgb=UNKNOWN, text='L', units='height', win=Window(...), wrapWidth=1)
101.7560 	EXP 	Created distr = TextStim(__class__=<class 'psychopy.visual.text.TextStim'>, alignHoriz=method-wrapper(...), alignText='center', alignVert=method-wrapper(...), anchorHoriz='center', anchorVert='center', antialias=True, autoDraw=False, autoLog=True, bold=False, color=array([1., 1., 1.]), colorSpace='rgb', contrast=1.0, depth=-2.0, draggable=False, flipHoriz=False, flipVert=False, font='Open Sans', fontFiles=[], height=np.float64(0.05), italic=False, languageStyle='LTR', name='distr', opacity=1, ori=150, pos=array([-0.37837614,  0.14046007]), rgb=UNKNOWN, text='L', units='height', win=Window(...), wrapWidth=1)
101.7627 	EXP 	fixation: autoDraw = False
101.7627 	EXP 	target: autoDraw = False
101.7627 	EXP 	distr: autoDraw = False
101.7627 	EXP 	distr: autoDraw = False
101.7627 	EXP 	distr: autoDraw = False
101.7627 	EXP 	distr: autoDraw = False
101.7627 	EXP 	distr: autoDraw = False
101.7627 	EXP 	distr: autoDraw = False
101.7627 	EXP 	distr: autoDraw = False
101.7627 	EXP 	distr: autoDraw = False
101.7627 	EXP 	distr: autoDraw = False
101.7627 	EXP 	distr: autoDraw = False
101.7627 	EXP 	distr: autoDraw = True
101.7627 	EXP 	distr: autoDraw = True
101.7627 	EXP 	distr: autoDraw = True
101.7627 	EXP 	distr: autoDraw = True
101.7627 	EXP 	distr: autoDraw = True
101.7627 	EXP 	fixation: autoDraw = True
101.7627 	EXP 	target: autoDraw = True
101.8040 	DATA 	Mouse:  Left button up, pos=(971,177)
103.0705 	DATA 	Mouse: Left button down, pos=(536,313)
103.0757 	EXP 	New trial (rep=62, index=0): <Trial 62 (0 in rep 62) data={'thisN': 62, 'thisTrialN': 0, 'thisRepN': 62}>
103.0870 	EXP 	Created distr = TextStim(__class__=<class 'psychopy.visual.text.TextStim'>, alignHoriz=method-wrapper(...), alignText='center', alignVert=method-wrapper(...), anchorHoriz='center', anchorVert='center', antialias=True, autoDraw=False, autoLog=True, bold=False, color=array([1., 1., 1.]), colorSpace='rgb', contrast=1.0, depth=-2.0, draggable=False, flipHoriz=False, flipVert=False, font='Open Sans', fontFiles=[], height=np.float64(0.05), italic=False, languageStyle='LTR', name='distr', opacity=1, ori=87, pos=array([ 0.13615934, -0.24579112]), rgb=UNKNOWN, text='L', units='height', win=Window(...), wrapWidth=1)
103.0931 	EXP 	Created distr = TextStim(__class__=<class 'psychopy.visual.text.TextStim'>, alignHoriz=method-wrapper(...), alignText='center', alignVert=method-wrapper(...), anchorHoriz='center', anchorVert='center', antialias=True, autoDraw=False, autoLog=True, bold=False, color=array([1., 1., 1.]), colorSpace='rgb', contrast=1.0, depth=-2.0, draggable=False, flipHoriz=False, flipVert=False, font='Open Sans', fontFiles=[], height=np.float64(0.05), italic=False, languageStyle='LTR', name='distr', opacity=1, ori=187, pos=array([-0.37172981, -0.24102517]), rgb=UNKNOWN, text='L', units='height', win=Window(...), wrapWidth=1)
103.0992 	EXP 	Created distr = TextStim(__class__=<class 'psychopy.visual.text.TextStim'>, alignHoriz=method-wrapper(...), alignText='center', alignVert=method-wrapper(...), anchorHoriz='center', anchorVert='center', antialias=True, autoDraw=False, autoLog=True, bold=False, color=array([1., 1., 1.]), colorSpace='rgb', contrast=1.0, depth=-2.0, draggable=False, flipHoriz=False, flipVert=False, font='Open Sans', fontFiles=[], height=np.float64(0.05), italic=False, languageStyle='LTR', name='distr', opacity=1, ori=111, pos=array([0.03258347, 0.46350845]), rgb=UNKNOWN, text='L', units='height', win=Window(...), wrapWidth=1)
103.1044 	EXP 	Created distr = TextStim(__class__=<class 'psychopy.visual.text.TextStim'>, alignHoriz=method-wrapper(...), alignText='center', alignVert=method-wrapper(...), anchorHoriz='center', anchorVert='center', antialias=True, autoDraw=False, autoLog=True, bold=False, color=array([1., 1., 1.]), colorSpace='rgb', contrast=1.0, depth=-2.0, draggable=False, flipHoriz=False, flipVert=False, font='Open Sans', fontFiles=[], height=np.float64(0.05), italic=False, languageStyle='LTR', name='distr', opacity=1, ori=124, pos=array([0.32245067, 0.24861169]), rgb=UNKNOWN, text='L', units='height', win=Window(...), wrapWidth=1)
103.1098 	EXP 	Created distr = TextStim(__class__=<class 'psychopy.visual.text.TextStim'>, alignHoriz=method-wrapper(...), alignText='center', alignVert=method-wrapper(...), anchorHoriz='center', anchorVert='center', antialias=True, autoDraw=False, autoLog=True, bold=False, color=array([1., 1., 1.]), colorSpace='rgb', contrast=1.0, depth=-2.0, draggable=False, flipHoriz=False, flipVert=False, font='Open Sans', fontFiles=[], height=np.float64(0.05), italic=False, languageStyle='LTR', name='distr', opacity=1, ori=103, pos=array([-0.40062157, -0.28148146]), rgb=UNKNOWN, text='L', units='height', win=Window(...), wrapWidth=1)
103.1148 	EXP 	Created distr = TextStim(__class__=<class 'psychopy.visual.text.TextStim'>, alignHoriz=method-wrapper(...), alignText='center', alignVert=method-wrapper(...), anchorHoriz='center', anchorVert='center', antialias=True, autoDraw=False, autoLog=True, bold=False, color=array([1., 1., 1.]), colorSpace='rgb', contrast=1.0, depth=-2.0, draggable=False, flipHoriz=False, flipVert=False, font='Open Sans', fontFiles=[], height=np.float64(0.05), italic=False, languageStyle='LTR', name='distr', opacity=1, ori=134, pos=array([ 0.07758167, -0.15162108]), rgb=UNKNOWN, text='L', units='height', win=Window(...), wrapWidth=1)
103.1198 	EXP 	Created distr = TextStim(__class__=<class 'psychopy.visual.text.TextStim'>, alignHoriz=method-wrapper(...), alignText='center', alignVert=method-wrapper(...), anchorHoriz='center', anchorVert='center', antialias=True, autoDraw=False, autoLog=True, bold=False, color=array([1., 1., 1.]), colorSpace='rgb', contrast=1.0, depth=-2.0, draggable=False, flipHoriz=False, flipVert=False, font='Open Sans', fontFiles=[], height=np.float64(0.05), italic=False, languageStyle='LTR', name='distr', opacity=1, ori=117, pos=array([-0.44745609,  0.40985782]), rgb=UNKNOWN, text='L', units='height', win=Window(...), wrapWidth=1)
103.1249 	EXP 	Created distr = TextStim(__class__=<class 'psychopy.visual.text.TextStim'>, alignHoriz=method-wrapper(...), alignText='center', alignVert=method-wrapper(...), anchorHoriz='center', anchorVert='center', antialias=True, autoDraw=False, autoLog=True, bold=False, color=array([1., 1., 1.]), colorSpace='rgb', contrast=1.0, depth=-2.0, draggable=False, flipHoriz=False, flipVert=False, font='Open Sans', fontFiles=[], height=np.float64(0.05), italic=False, languageStyle='LTR', name='distr', opacity=1, ori=238, pos=array([ 0.46178946, -0.14156125]), rgb=UNKNOWN, text='L', units='height', win=Window(...), wrapWidth=1)
103.1297 	EXP 	Created distr = TextStim(__class__=<class 'psychopy.visual.text.TextStim'>, alignHoriz=method-wrapper(...), alignText='center', alignVert=method-wrapper(...), anchorHoriz='center', anchorVert='center', antialias=True, autoDraw=False, autoLog=True, bold=False, color=array([1., 1., 1.]), colorSpace='rgb', contrast=1.0, depth=-2.0, draggable=False, flipHoriz=False, flipVert=False, font='Open Sans', fontFiles=[], height=np.float64(0.05), italic=False, languageStyle='LTR', name='distr', opacity=1, ori=132, pos=array([-0.00603037, -0.30363485]), rgb=UNKNOWN, text='L', units='height', win=Window(...), wrapWidth=1)
103.1352 	EXP 	Created distr = TextStim(__class__=<class 'psychopy.visual.text.TextStim'>, alignHoriz=method-wrapper(...), alignText='center', alignVert=method-wrapper(...), anchorHoriz='center', anchorVert='center', antialias=True, autoDraw=False, autoLog=True, bold=False, color=array([1., 1., 1.]), colorSpace='rgb', contrast=1.0, depth=-2.0, draggable=False, flipHoriz=False, flipVert=False, font='Open Sans', fontFiles=[], height=np.float64(0.05), italic=False, languageStyle='LTR', name='distr', opacity=1, ori=299, pos=array([-0.03702821, -0.07316625]), rgb=UNKNOWN, text='L', units='height', win=Window(...), wrapWidth=1)
103.1445 	EXP 	fixation: autoDraw = False
103.1445 	EXP 	target: autoDraw = False
103.1445 	EXP 	distr: autoDraw = False
103.1445 	EXP 	distr: autoDraw = False
103.1445 	EXP 	distr: autoDraw = False
103.1445 	EXP 	distr: autoDraw = False
103.1445 	EXP 	distr: autoDraw = False
103.1445 	EXP 	distr: autoDraw = True
103.1445 	EXP 	distr: autoDraw = True
103.1445 	EXP 	distr: autoDraw = True
103.1445 	EXP 	distr: autoDraw = True
103.1445 	EXP 	distr: autoDraw = True
103.1445 	EXP 	distr: autoDraw = True
103.1445 	EXP 	distr: autoDraw = True
103.1445 	EXP 	distr: autoDraw = True
103.1445 	EXP 	distr: autoDraw = True
103.1445 	EXP 	distr: autoDraw = True
103.1445 	EXP 	fixation: autoDraw = True
103.1445 	EXP 	target: autoDraw = True
103.1878 	DATA 	Mouse:  Left button up, pos=(535,313)
105.2203 	DATA 	Mouse: Left button down, pos=(581,549)
105.2251 	EXP 	New trial (rep=63, index=0): <Trial 63 (0 in rep 63) data={'thisN': 63, 'thisTrialN': 0, 'thisRepN': 63}>
105.2344 	EXP 	Created distr = TextStim(__class__=<class 'psychopy.visual.text.TextStim'>, alignHoriz=method-wrapper(...), alignText='center', alignVert=method-wrapper(...), anchorHoriz='center', anchorVert='center', antialias=True, autoDraw=False, autoLog=True, bold=False, color=array([1., 1., 1.]), colorSpace='rgb', contrast=1.0, depth=-2.0, draggable=False, flipHoriz=False, flipVert=False, font='Open Sans', fontFiles=[], height=np.float64(0.05), italic=False, languageStyle='LTR', name='distr', opacity=1, ori=273, pos=array([0.41850424, 0.18136974]), rgb=UNKNOWN, text='L', units='height', win=Window(...), wrapWidth=1)
105.2404 	EXP 	Created distr = TextStim(__class__=<class 'psychopy.visual.text.TextStim'>, alignHoriz=method-wrapper(...), alignText='center', alignVert=method-wrapper(...), anchorHoriz='center', anchorVert='center', antialias=True, autoDraw=False, autoLog=True, bold=False, color=array([1., 1., 1.]), colorSpace='rgb', contrast=1.0, depth=-2.0, draggable=False, flipHoriz=False, flipVert=False, font='Open Sans', fontFiles=[], height=np.float64(0.05), italic=False, languageStyle='LTR', name='distr', opacity=1, ori=91, pos=array([-0.22683516, -0.34009086]), rgb=UNKNOWN, text='L', units='height', win=Window(...), wrapWidth=1)
105.2460 	EXP 	Created distr = TextStim(__class__=<class 'psychopy.visual.text.TextStim'>, alignHoriz=method-wrapper(...), alignText='center', alignVert=method-wrapper(...), anchorHoriz='center', anchorVert='center', antialias=True, autoDraw=False, autoLog=True, bold=False, color=array([1., 1., 1.]), colorSpace='rgb', contrast=1.0, depth=-2.0, draggable=False, flipHoriz=False, flipVert=False, font='Open Sans', fontFiles=[], height=np.float64(0.05), italic=False, languageStyle='LTR', name='distr', opacity=1, ori=275, pos=array([ 0.04167318, -0.18119378]), rgb=UNKNOWN, text='L', units='height', win=Window(...), wrapWidth=1)
105.2511 	EXP 	Created distr = TextStim(__class__=<class 'psychopy.visual.text.TextStim'>, alignHoriz=method-wrapper(...), alignText='center', alignVert=method-wrapper(...), anchorHoriz='center', anchorVert='center', antialias=True, autoDraw=False, autoLog=True, bold=False, color=array([1., 1., 1.]), colorSpace='rgb', contrast=1.0, depth=-2.0, draggable=False, flipHoriz=False, flipVert=False, font='Open Sans', fontFiles=[], height=np.float64(0.05), italic=False, languageStyle='LTR', name='distr', opacity=1, ori=216, pos=array([-0.25510129,  0.12914664]), rgb=UNKNOWN, text='L', units='height', win=Window(...), wrapWidth=1)
105.2564 	EXP 	Created distr = TextStim(__class__=<class 'psychopy.visual.text.TextStim'>, alignHoriz=method-wrapper(...), alignText='center', alignVert=method-wrapper(...), anchorHoriz='center', anchorVert='center', antialias=True, autoDraw=False, autoLog=True, bold=False, color=array([1., 1., 1.]), colorSpace='rgb', contrast=1.0, depth=-2.0, draggable=False, flipHoriz=False, flipVert=False, font='Open Sans', fontFiles=[], height=np.float64(0.05), italic=False, languageStyle='LTR', name='distr', opacity=1, ori=161, pos=array([-0.43419154, -0.27477927]), rgb=UNKNOWN, text='L', units='height', win=Window(...), wrapWidth=1)
105.2614 	EXP 	Created distr = TextStim(__class__=<class 'psychopy.visual.text.TextStim'>, alignHoriz=method-wrapper(...), alignText='center', alignVert=method-wrapper(...), anchorHoriz='center', anchorVert='center', antialias=True, autoDraw=False, autoLog=True, bold=False, color=array([1., 1., 1.]), colorSpace='rgb', contrast=1.0, depth=-2.0, draggable=False, flipHoriz=False, flipVert=False, font='Open Sans', fontFiles=[], height=np.float64(0.05), italic=False, languageStyle='LTR', name='distr', opacity=1, ori=209, pos=array([ 0.4280317 , -0.05085835]), rgb=UNKNOWN, text='L', units='height', win=Window(...), wrapWidth=1)
105.2664 	EXP 	Created distr = TextStim(__class__=<class 'psychopy.visual.text.TextStim'>, alignHoriz=method-wrapper(...), alignText='center', alignVert=method-wrapper(...), anchorHoriz='center', anchorVert='center', antialias=True, autoDraw=False, autoLog=True, bold=False, color=array([1., 1., 1.]), colorSpace='rgb', contrast=1.0, depth=-2.0, draggable=False, flipHoriz=False, flipVert=False, font='Open Sans', fontFiles=[], height=np.float64(0.05), italic=False, languageStyle='LTR', name='distr', opacity=1, ori=69, pos=array([ 0.37240828, -0.10448226]), rgb=UNKNOWN, text='L', units='height', win=Window(...), wrapWidth=1)
105.2715 	EXP 	Created distr = TextStim(__class__=<class 'psychopy.visual.text.TextStim'>, alignHoriz=method-wrapper(...), alignText='center', alignVert=method-wrapper(...), anchorHoriz='center', anchorVert='center', antialias=True, autoDraw=False, autoLog=True, bold=False, color=array([1., 1., 1.]), colorSpace='rgb', contrast=1.0, depth=-2.0, draggable=False, flipHoriz=False, flipVert=False, font='Open Sans', fontFiles=[], height=np.float64(0.05), italic=False, languageStyle='LTR', name='distr', opacity=1, ori=128, pos=array([-0.05691024, -0.47658761]), rgb=UNKNOWN, text='L', units='height', win=Window(...), wrapWidth=1)
105.2764 	EXP 	Created distr = TextStim(__class__=<class 'psychopy.visual.text.TextStim'>, alignHoriz=method-wrapper(...), alignText='center', alignVert=method-wrapper(...), anchorHoriz='center', anchorVert='center', antialias=True, autoDraw=False, autoLog=True, bold=False, color=array([1., 1., 1.]), colorSpace='rgb', contrast=1.0, depth=-2.0, draggable=False, flipHoriz=False, flipVert=False, font='Open Sans', fontFiles=[], height=np.float64(0.05), italic=False, languageStyle='LTR', name='distr', opacity=1, ori=256, pos=array([-0.1028819 ,  0.02827553]), rgb=UNKNOWN, text='L', units='height', win=Window(...), wrapWidth=1)
105.2816 	EXP 	Created distr = TextStim(__class__=<class 'psychopy.visual.text.TextStim'>, alignHoriz=method-wrapper(...), alignText='center', alignVert=method-wrapper(...), anchorHoriz='center', anchorVert='center', antialias=True, autoDraw=False, autoLog=True, bold=False, color=array([1., 1., 1.]), colorSpace='rgb', contrast=1.0, depth=-2.0, draggable=False, flipHoriz=False, flipVert=False, font='Open Sans', fontFiles=[], height=np.float64(0.05), italic=False, languageStyle='LTR', name='distr', opacity=1, ori=268, pos=array([ 0.18631315, -0.01912085]), rgb=UNKNOWN, text='L', units='height', win=Window(...), wrapWidth=1)
105.2882 	DATA 	Mouse:  Left button up, pos=(581,549)
105.2911 	EXP 	fixation: autoDraw = False
105.2911 	EXP 	target: autoDraw = False
105.2911 	EXP 	distr: autoDraw = False
105.2911 	EXP 	distr: autoDraw = False
105.2911 	EXP 	distr: autoDraw = False
105.2911 	EXP 	distr: autoDraw = False
105.2911 	EXP 	distr: autoDraw = False
105.2911 	EXP 	distr: autoDraw = False
105.2911 	EXP 	distr: autoDraw = False
105.2911 	EXP 	distr: autoDraw = False
105.2911 	EXP 	distr: autoDraw = False
105.2911 	EXP 	distr: autoDraw = False
105.2911 	EXP 	distr: autoDraw = True
105.2911 	EXP 	distr: autoDraw = True
105.2911 	EXP 	distr: autoDraw = True
105.2911 	EXP 	distr: autoDraw = True
105.2911 	EXP 	distr: autoDraw = True
105.2911 	EXP 	distr: autoDraw = True
105.2911 	EXP 	distr: autoDraw = True
105.2911 	EXP 	distr: autoDraw = True
105.2911 	EXP 	distr: autoDraw = True
105.2911 	EXP 	distr: autoDraw = True
105.2911 	EXP 	fixation: autoDraw = True
105.2911 	EXP 	target: autoDraw = True
106.5702 	DATA 	Mouse: Left button down, pos=(1157,435)
106.5751 	EXP 	New trial (rep=64, index=0): <Trial 64 (0 in rep 64) data={'thisN': 64, 'thisTrialN': 0, 'thisRepN': 64}>
106.5829 	EXP 	Created distr = TextStim(__class__=<class 'psychopy.visual.text.TextStim'>, alignHoriz=method-wrapper(...), alignText='center', alignVert=method-wrapper(...), anchorHoriz='center', anchorVert='center', antialias=True, autoDraw=False, autoLog=True, bold=False, color=array([1., 1., 1.]), colorSpace='rgb', contrast=1.0, depth=-2.0, draggable=False, flipHoriz=False, flipVert=False, font='Open Sans', fontFiles=[], height=np.float64(0.05), italic=False, languageStyle='LTR', name='distr', opacity=1, ori=89, pos=array([0.41919595, 0.21688511]), rgb=UNKNOWN, text='L', units='height', win=Window(...), wrapWidth=1)
106.5898 	EXP 	Created distr = TextStim(__class__=<class 'psychopy.visual.text.TextStim'>, alignHoriz=method-wrapper(...), alignText='center', alignVert=method-wrapper(...), anchorHoriz='center', anchorVert='center', antialias=True, autoDraw=False, autoLog=True, bold=False, color=array([1., 1., 1.]), colorSpace='rgb', contrast=1.0, depth=-2.0, draggable=False, flipHoriz=False, flipVert=False, font='Open Sans', fontFiles=[], height=np.float64(0.05), italic=False, languageStyle='LTR', name='distr', opacity=1, ori=135, pos=array([0.44472348, 0.02623586]), rgb=UNKNOWN, text='L', units='height', win=Window(...), wrapWidth=1)
106.5950 	EXP 	Created distr = TextStim(__class__=<class 'psychopy.visual.text.TextStim'>, alignHoriz=method-wrapper(...), alignText='center', alignVert=method-wrapper(...), anchorHoriz='center', anchorVert='center', antialias=True, autoDraw=False, autoLog=True, bold=False, color=array([1., 1., 1.]), colorSpace='rgb', contrast=1.0, depth=-2.0, draggable=False, flipHoriz=False, flipVert=False, font='Open Sans', fontFiles=[], height=np.float64(0.05), italic=False, languageStyle='LTR', name='distr', opacity=1, ori=122, pos=array([-0.48126211, -0.06922312]), rgb=UNKNOWN, text='L', units='height', win=Window(...), wrapWidth=1)
106.6002 	EXP 	Created distr = TextStim(__class__=<class 'psychopy.visual.text.TextStim'>, alignHoriz=method-wrapper(...), alignText='center', alignVert=method-wrapper(...), anchorHoriz='center', anchorVert='center', antialias=True, autoDraw=False, autoLog=True, bold=False, color=array([1., 1., 1.]), colorSpace='rgb', contrast=1.0, depth=-2.0, draggable=False, flipHoriz=False, flipVert=False, font='Open Sans', fontFiles=[], height=np.float64(0.05), italic=False, languageStyle='LTR', name='distr', opacity=1, ori=4, pos=array([0.4538136 , 0.26016072]), rgb=UNKNOWN, text='L', units='height', win=Window(...), wrapWidth=1)
106.6055 	EXP 	Created distr = TextStim(__class__=<class 'psychopy.visual.text.TextStim'>, alignHoriz=method-wrapper(...), alignText='center', alignVert=method-wrapper(...), anchorHoriz='center', anchorVert='center', antialias=True, autoDraw=False, autoLog=True, bold=False, color=array([1., 1., 1.]), colorSpace='rgb', contrast=1.0, depth=-2.0, draggable=False, flipHoriz=False, flipVert=False, font='Open Sans', fontFiles=[], height=np.float64(0.05), italic=False, languageStyle='LTR', name='distr', opacity=1, ori=67, pos=array([-0.18993998, -0.23227696]), rgb=UNKNOWN, text='L', units='height', win=Window(...), wrapWidth=1)
106.6120 	EXP 	fixation: autoDraw = False
106.6120 	EXP 	target: autoDraw = False
106.6120 	EXP 	distr: autoDraw = False
106.6120 	EXP 	distr: autoDraw = False
106.6120 	EXP 	distr: autoDraw = False
106.6120 	EXP 	distr: autoDraw = False
106.6120 	EXP 	distr: autoDraw = False
106.6120 	EXP 	distr: autoDraw = False
106.6120 	EXP 	distr: autoDraw = False
106.6120 	EXP 	distr: autoDraw = False
106.6120 	EXP 	distr: autoDraw = False
106.6120 	EXP 	distr: autoDraw = False
106.6120 	EXP 	distr: autoDraw = True
106.6120 	EXP 	distr: autoDraw = True
106.6120 	EXP 	distr: autoDraw = True
106.6120 	EXP 	distr: autoDraw = True
106.6120 	EXP 	distr: autoDraw = True
106.6120 	EXP 	fixation: autoDraw = True
106.6120 	EXP 	target: autoDraw = True
106.6707 	DATA 	Mouse:  Left button up, pos=(1157,436)
107.9383 	DATA 	Mouse: Left button down, pos=(337,211)
107.9399 	EXP 	New trial (rep=65, index=0): <Trial 65 (0 in rep 65) data={'thisN': 65, 'thisTrialN': 0, 'thisRepN': 65}>
107.9491 	EXP 	Created distr = TextStim(__class__=<class 'psychopy.visual.text.TextStim'>, alignHoriz=method-wrapper(...), alignText='center', alignVert=method-wrapper(...), anchorHoriz='center', anchorVert='center', antialias=True, autoDraw=False, autoLog=True, bold=False, color=array([1., 1., 1.]), colorSpace='rgb', contrast=1.0, depth=-2.0, draggable=False, flipHoriz=False, flipVert=False, font='Open Sans', fontFiles=[], height=np.float64(0.05), italic=False, languageStyle='LTR', name='distr', opacity=1, ori=355, pos=array([ 0.45361867, -0.21332473]), rgb=UNKNOWN, text='L', units='height', win=Window(...), wrapWidth=1)
107.9562 	EXP 	Created distr = TextStim(__class__=<class 'psychopy.visual.text.TextStim'>, alignHoriz=method-wrapper(...), alignText='center', alignVert=method-wrapper(...), anchorHoriz='center', anchorVert='center', antialias=True, autoDraw=False, autoLog=True, bold=False, color=array([1., 1., 1.]), colorSpace='rgb', contrast=1.0, depth=-2.0, draggable=False, flipHoriz=False, flipVert=False, font='Open Sans', fontFiles=[], height=np.float64(0.05), italic=False, languageStyle='LTR', name='distr', opacity=1, ori=34, pos=array([0.10559872, 0.41737945]), rgb=UNKNOWN, text='L', units='height', win=Window(...), wrapWidth=1)
107.9614 	EXP 	Created distr = TextStim(__class__=<class 'psychopy.visual.text.TextStim'>, alignHoriz=method-wrapper(...), alignText='center', alignVert=method-wrapper(...), anchorHoriz='center', anchorVert='center', antialias=True, autoDraw=False, autoLog=True, bold=False, color=array([1., 1., 1.]), colorSpace='rgb', contrast=1.0, depth=-2.0, draggable=False, flipHoriz=False, flipVert=False, font='Open Sans', fontFiles=[], height=np.float64(0.05), italic=False, languageStyle='LTR', name='distr', opacity=1, ori=42, pos=array([ 0.01071738, -0.06347571]), rgb=UNKNOWN, text='L', units='height', win=Window(...), wrapWidth=1)
107.9666 	EXP 	Created distr = TextStim(__class__=<class 'psychopy.visual.text.TextStim'>, alignHoriz=method-wrapper(...), alignText='center', alignVert=method-wrapper(...), anchorHoriz='center', anchorVert='center', antialias=True, autoDraw=False, autoLog=True, bold=False, color=array([1., 1., 1.]), colorSpace='rgb', contrast=1.0, depth=-2.0, draggable=False, flipHoriz=False, flipVert=False, font='Open Sans', fontFiles=[], height=np.float64(0.05), italic=False, languageStyle='LTR', name='distr', opacity=1, ori=175, pos=array([0.28574348, 0.00376096]), rgb=UNKNOWN, text='L', units='height', win=Window(...), wrapWidth=1)
107.9720 	EXP 	Created distr = TextStim(__class__=<class 'psychopy.visual.text.TextStim'>, alignHoriz=method-wrapper(...), alignText='center', alignVert=method-wrapper(...), anchorHoriz='center', anchorVert='center', antialias=True, autoDraw=False, autoLog=True, bold=False, color=array([1., 1., 1.]), colorSpace='rgb', contrast=1.0, depth=-2.0, draggable=False, flipHoriz=False, flipVert=False, font='Open Sans', fontFiles=[], height=np.float64(0.05), italic=False, languageStyle='LTR', name='distr', opacity=1, ori=352, pos=array([-0.34466295,  0.23644211]), rgb=UNKNOWN, text='L', units='height', win=Window(...), wrapWidth=1)
107.9783 	EXP 	fixation: autoDraw = False
107.9783 	EXP 	target: autoDraw = False
107.9783 	EXP 	distr: autoDraw = False
107.9783 	EXP 	distr: autoDraw = False
107.9783 	EXP 	distr: autoDraw = False
107.9783 	EXP 	distr: autoDraw = False
107.9783 	EXP 	distr: autoDraw = False
107.9783 	EXP 	distr: autoDraw = True
107.9783 	EXP 	distr: autoDraw = True
107.9783 	EXP 	distr: autoDraw = True
107.9783 	EXP 	distr: autoDraw = True
107.9783 	EXP 	distr: autoDraw = True
107.9783 	EXP 	fixation: autoDraw = True
107.9783 	EXP 	target: autoDraw = True
108.0206 	DATA 	Mouse:  Left button up, pos=(337,211)
109.0373 	DATA 	Mouse: Left button down, pos=(674,787)
109.0423 	EXP 	New trial (rep=66, index=0): <Trial 66 (0 in rep 66) data={'thisN': 66, 'thisTrialN': 0, 'thisRepN': 66}>
109.0538 	EXP 	Created distr = TextStim(__class__=<class 'psychopy.visual.text.TextStim'>, alignHoriz=method-wrapper(...), alignText='center', alignVert=method-wrapper(...), anchorHoriz='center', anchorVert='center', antialias=True, autoDraw=False, autoLog=True, bold=False, color=array([1., 1., 1.]), colorSpace='rgb', contrast=1.0, depth=-2.0, draggable=False, flipHoriz=False, flipVert=False, font='Open Sans', fontFiles=[], height=np.float64(0.05), italic=False, languageStyle='LTR', name='distr', opacity=1, ori=97, pos=array([ 0.2993065 , -0.46517368]), rgb=UNKNOWN, text='L', units='height', win=Window(...), wrapWidth=1)
109.0639 	EXP 	Created distr = TextStim(__class__=<class 'psychopy.visual.text.TextStim'>, alignHoriz=method-wrapper(...), alignText='center', alignVert=method-wrapper(...), anchorHoriz='center', anchorVert='center', antialias=True, autoDraw=False, autoLog=True, bold=False, color=array([1., 1., 1.]), colorSpace='rgb', contrast=1.0, depth=-2.0, draggable=False, flipHoriz=False, flipVert=False, font='Open Sans', fontFiles=[], height=np.float64(0.05), italic=False, languageStyle='LTR', name='distr', opacity=1, ori=122, pos=array([0.14301362, 0.05694489]), rgb=UNKNOWN, text='L', units='height', win=Window(...), wrapWidth=1)
109.0694 	EXP 	Created distr = TextStim(__class__=<class 'psychopy.visual.text.TextStim'>, alignHoriz=method-wrapper(...), alignText='center', alignVert=method-wrapper(...), anchorHoriz='center', anchorVert='center', antialias=True, autoDraw=False, autoLog=True, bold=False, color=array([1., 1., 1.]), colorSpace='rgb', contrast=1.0, depth=-2.0, draggable=False, flipHoriz=False, flipVert=False, font='Open Sans', fontFiles=[], height=np.float64(0.05), italic=False, languageStyle='LTR', name='distr', opacity=1, ori=170, pos=array([-0.20317325,  0.42527372]), rgb=UNKNOWN, text='L', units='height', win=Window(...), wrapWidth=1)
109.0748 	EXP 	Created distr = TextStim(__class__=<class 'psychopy.visual.text.TextStim'>, alignHoriz=method-wrapper(...), alignText='center', alignVert=method-wrapper(...), anchorHoriz='center', anchorVert='center', antialias=True, autoDraw=False, autoLog=True, bold=False, color=array([1., 1., 1.]), colorSpace='rgb', contrast=1.0, depth=-2.0, draggable=False, flipHoriz=False, flipVert=False, font='Open Sans', fontFiles=[], height=np.float64(0.05), italic=False, languageStyle='LTR', name='distr', opacity=1, ori=19, pos=array([-0.04265377, -0.00810162]), rgb=UNKNOWN, text='L', units='height', win=Window(...), wrapWidth=1)
109.0804 	EXP 	Created distr = TextStim(__class__=<class 'psychopy.visual.text.TextStim'>, alignHoriz=method-wrapper(...), alignText='center', alignVert=method-wrapper(...), anchorHoriz='center', anchorVert='center', antialias=True, autoDraw=False, autoLog=True, bold=False, color=array([1., 1., 1.]), colorSpace='rgb', contrast=1.0, depth=-2.0, draggable=False, flipHoriz=False, flipVert=False, font='Open Sans', fontFiles=[], height=np.float64(0.05), italic=False, languageStyle='LTR', name='distr', opacity=1, ori=201, pos=array([ 0.46897842, -0.47193883]), rgb=UNKNOWN, text='L', units='height', win=Window(...), wrapWidth=1)
109.0854 	EXP 	Created distr = TextStim(__class__=<class 'psychopy.visual.text.TextStim'>, alignHoriz=method-wrapper(...), alignText='center', alignVert=method-wrapper(...), anchorHoriz='center', anchorVert='center', antialias=True, autoDraw=False, autoLog=True, bold=False, color=array([1., 1., 1.]), colorSpace='rgb', contrast=1.0, depth=-2.0, draggable=False, flipHoriz=False, flipVert=False, font='Open Sans', fontFiles=[], height=np.float64(0.05), italic=False, languageStyle='LTR', name='distr', opacity=1, ori=139, pos=array([-0.13939293,  0.01095671]), rgb=UNKNOWN, text='L', units='height', win=Window(...), wrapWidth=1)
109.0903 	EXP 	Created distr = TextStim(__class__=<class 'psychopy.visual.text.TextStim'>, alignHoriz=method-wrapper(...), alignText='center', alignVert=method-wrapper(...), anchorHoriz='center', anchorVert='center', antialias=True, autoDraw=False, autoLog=True, bold=False, color=array([1., 1., 1.]), colorSpace='rgb', contrast=1.0, depth=-2.0, draggable=False, flipHoriz=False, flipVert=False, font='Open Sans', fontFiles=[], height=np.float64(0.05), italic=False, languageStyle='LTR', name='distr', opacity=1, ori=110, pos=array([-0.16753048, -0.4996901 ]), rgb=UNKNOWN, text='L', units='height', win=Window(...), wrapWidth=1)
109.0954 	EXP 	Created distr = TextStim(__class__=<class 'psychopy.visual.text.TextStim'>, alignHoriz=method-wrapper(...), alignText='center', alignVert=method-wrapper(...), anchorHoriz='center', anchorVert='center', antialias=True, autoDraw=False, autoLog=True, bold=False, color=array([1., 1., 1.]), colorSpace='rgb', contrast=1.0, depth=-2.0, draggable=False, flipHoriz=False, flipVert=False, font='Open Sans', fontFiles=[], height=np.float64(0.05), italic=False, languageStyle='LTR', name='distr', opacity=1, ori=327, pos=array([-0.04886081,  0.15254836]), rgb=UNKNOWN, text='L', units='height', win=Window(...), wrapWidth=1)
109.1004 	EXP 	Created distr = TextStim(__class__=<class 'psychopy.visual.text.TextStim'>, alignHoriz=method-wrapper(...), alignText='center', alignVert=method-wrapper(...), anchorHoriz='center', anchorVert='center', antialias=True, autoDraw=False, autoLog=True, bold=False, color=array([1., 1., 1.]), colorSpace='rgb', contrast=1.0, depth=-2.0, draggable=False, flipHoriz=False, flipVert=False, font='Open Sans', fontFiles=[], height=np.float64(0.05), italic=False, languageStyle='LTR', name='distr', opacity=1, ori=329, pos=array([-0.02704075,  0.19491747]), rgb=UNKNOWN, text='L', units='height', win=Window(...), wrapWidth=1)
109.1055 	EXP 	Created distr = TextStim(__class__=<class 'psychopy.visual.text.TextStim'>, alignHoriz=method-wrapper(...), alignText='center', alignVert=method-wrapper(...), anchorHoriz='center', anchorVert='center', antialias=True, autoDraw=False, autoLog=True, bold=False, color=array([1., 1., 1.]), colorSpace='rgb', contrast=1.0, depth=-2.0, draggable=False, flipHoriz=False, flipVert=False, font='Open Sans', fontFiles=[], height=np.float64(0.05), italic=False, languageStyle='LTR', name='distr', opacity=1, ori=167, pos=array([ 0.40638758, -0.14067551]), rgb=UNKNOWN, text='L', units='height', win=Window(...), wrapWidth=1)
109.1146 	EXP 	fixation: autoDraw = False
109.1146 	EXP 	target: autoDraw = False
109.1146 	EXP 	distr: autoDraw = False
109.1146 	EXP 	distr: autoDraw = False
109.1146 	EXP 	distr: autoDraw = False
109.1146 	EXP 	distr: autoDraw = False
109.1146 	EXP 	distr: autoDraw = False
109.1146 	EXP 	distr: autoDraw = True
109.1146 	EXP 	distr: autoDraw = True
109.1146 	EXP 	distr: autoDraw = True
109.1146 	EXP 	distr: autoDraw = True
109.1146 	EXP 	distr: autoDraw = True
109.1146 	EXP 	distr: autoDraw = True
109.1146 	EXP 	distr: autoDraw = True
109.1146 	EXP 	distr: autoDraw = True
109.1146 	EXP 	distr: autoDraw = True
109.1146 	EXP 	distr: autoDraw = True
109.1146 	EXP 	fixation: autoDraw = True
109.1146 	EXP 	target: autoDraw = True
109.1204 	DATA 	Mouse:  Left button up, pos=(674,787)
110.1203 	DATA 	Mouse: Left button down, pos=(980,867)
110.1250 	EXP 	New trial (rep=67, index=0): <Trial 67 (0 in rep 67) data={'thisN': 67, 'thisTrialN': 0, 'thisRepN': 67}>
110.1328 	EXP 	Created distr = TextStim(__class__=<class 'psychopy.visual.text.TextStim'>, alignHoriz=method-wrapper(...), alignText='center', alignVert=method-wrapper(...), anchorHoriz='center', anchorVert='center', antialias=True, autoDraw=False, autoLog=True, bold=False, color=array([1., 1., 1.]), colorSpace='rgb', contrast=1.0, depth=-2.0, draggable=False, flipHoriz=False, flipVert=False, font='Open Sans', fontFiles=[], height=np.float64(0.05), italic=False, languageStyle='LTR', name='distr', opacity=1, ori=349, pos=array([0.3119135 , 0.27878679]), rgb=UNKNOWN, text='L', units='height', win=Window(...), wrapWidth=1)
110.1396 	EXP 	Created distr = TextStim(__class__=<class 'psychopy.visual.text.TextStim'>, alignHoriz=method-wrapper(...), alignText='center', alignVert=method-wrapper(...), anchorHoriz='center', anchorVert='center', antialias=True, autoDraw=False, autoLog=True, bold=False, color=array([1., 1., 1.]), colorSpace='rgb', contrast=1.0, depth=-2.0, draggable=False, flipHoriz=False, flipVert=False, font='Open Sans', fontFiles=[], height=np.float64(0.05), italic=False, languageStyle='LTR', name='distr', opacity=1, ori=34, pos=array([ 0.16693986, -0.16631884]), rgb=UNKNOWN, text='L', units='height', win=Window(...), wrapWidth=1)
110.1447 	EXP 	Created distr = TextStim(__class__=<class 'psychopy.visual.text.TextStim'>, alignHoriz=method-wrapper(...), alignText='center', alignVert=method-wrapper(...), anchorHoriz='center', anchorVert='center', antialias=True, autoDraw=False, autoLog=True, bold=False, color=array([1., 1., 1.]), colorSpace='rgb', contrast=1.0, depth=-2.0, draggable=False, flipHoriz=False, flipVert=False, font='Open Sans', fontFiles=[], height=np.float64(0.05), italic=False, languageStyle='LTR', name='distr', opacity=1, ori=143, pos=array([-0.4963944 ,  0.49064083]), rgb=UNKNOWN, text='L', units='height', win=Window(...), wrapWidth=1)
110.1498 	EXP 	Created distr = TextStim(__class__=<class 'psychopy.visual.text.TextStim'>, alignHoriz=method-wrapper(...), alignText='center', alignVert=method-wrapper(...), anchorHoriz='center', anchorVert='center', antialias=True, autoDraw=False, autoLog=True, bold=False, color=array([1., 1., 1.]), colorSpace='rgb', contrast=1.0, depth=-2.0, draggable=False, flipHoriz=False, flipVert=False, font='Open Sans', fontFiles=[], height=np.float64(0.05), italic=False, languageStyle='LTR', name='distr', opacity=1, ori=283, pos=array([-0.22422684,  0.08487585]), rgb=UNKNOWN, text='L', units='height', win=Window(...), wrapWidth=1)
110.1550 	EXP 	Created distr = TextStim(__class__=<class 'psychopy.visual.text.TextStim'>, alignHoriz=method-wrapper(...), alignText='center', alignVert=method-wrapper(...), anchorHoriz='center', anchorVert='center', antialias=True, autoDraw=False, autoLog=True, bold=False, color=array([1., 1., 1.]), colorSpace='rgb', contrast=1.0, depth=-2.0, draggable=False, flipHoriz=False, flipVert=False, font='Open Sans', fontFiles=[], height=np.float64(0.05), italic=False, languageStyle='LTR', name='distr', opacity=1, ori=258, pos=array([-0.06045459,  0.36091015]), rgb=UNKNOWN, text='L', units='height', win=Window(...), wrapWidth=1)
110.1613 	EXP 	fixation: autoDraw = False
110.1613 	EXP 	target: autoDraw = False
110.1613 	EXP 	distr: autoDraw = False
110.1613 	EXP 	distr: autoDraw = False
110.1613 	EXP 	distr: autoDraw = False
110.1613 	EXP 	distr: autoDraw = False
110.1613 	EXP 	distr: autoDraw = False
110.1613 	EXP 	distr: autoDraw = False
110.1613 	EXP 	distr: autoDraw = False
110.1613 	EXP 	distr: autoDraw = False
110.1613 	EXP 	distr: autoDraw = False
110.1613 	EXP 	distr: autoDraw = False
110.1613 	EXP 	distr: autoDraw = True
110.1613 	EXP 	distr: autoDraw = True
110.1613 	EXP 	distr: autoDraw = True
110.1613 	EXP 	distr: autoDraw = True
110.1613 	EXP 	distr: autoDraw = True
110.1613 	EXP 	fixation: autoDraw = True
110.1613 	EXP 	target: autoDraw = True
110.2040 	DATA 	Mouse:  Left button up, pos=(980,867)
111.1867 	DATA 	Mouse: Left button down, pos=(1049,581)
111.1917 	EXP 	New trial (rep=68, index=0): <Trial 68 (0 in rep 68) data={'thisN': 68, 'thisTrialN': 0, 'thisRepN': 68}>
111.2011 	EXP 	Created distr = TextStim(__class__=<class 'psychopy.visual.text.TextStim'>, alignHoriz=method-wrapper(...), alignText='center', alignVert=method-wrapper(...), anchorHoriz='center', anchorVert='center', antialias=True, autoDraw=False, autoLog=True, bold=False, color=array([1., 1., 1.]), colorSpace='rgb', contrast=1.0, depth=-2.0, draggable=False, flipHoriz=False, flipVert=False, font='Open Sans', fontFiles=[], height=np.float64(0.05), italic=False, languageStyle='LTR', name='distr', opacity=1, ori=301, pos=array([-0.488725 ,  0.1798567]), rgb=UNKNOWN, text='L', units='height', win=Window(...), wrapWidth=1)
111.2078 	EXP 	Created distr = TextStim(__class__=<class 'psychopy.visual.text.TextStim'>, alignHoriz=method-wrapper(...), alignText='center', alignVert=method-wrapper(...), anchorHoriz='center', anchorVert='center', antialias=True, autoDraw=False, autoLog=True, bold=False, color=array([1., 1., 1.]), colorSpace='rgb', contrast=1.0, depth=-2.0, draggable=False, flipHoriz=False, flipVert=False, font='Open Sans', fontFiles=[], height=np.float64(0.05), italic=False, languageStyle='LTR', name='distr', opacity=1, ori=39, pos=array([ 0.28029869, -0.03906334]), rgb=UNKNOWN, text='L', units='height', win=Window(...), wrapWidth=1)
111.2136 	EXP 	Created distr = TextStim(__class__=<class 'psychopy.visual.text.TextStim'>, alignHoriz=method-wrapper(...), alignText='center', alignVert=method-wrapper(...), anchorHoriz='center', anchorVert='center', antialias=True, autoDraw=False, autoLog=True, bold=False, color=array([1., 1., 1.]), colorSpace='rgb', contrast=1.0, depth=-2.0, draggable=False, flipHoriz=False, flipVert=False, font='Open Sans', fontFiles=[], height=np.float64(0.05), italic=False, languageStyle='LTR', name='distr', opacity=1, ori=126, pos=array([-0.27231288,  0.08946558]), rgb=UNKNOWN, text='L', units='height', win=Window(...), wrapWidth=1)
111.2188 	EXP 	Created distr = TextStim(__class__=<class 'psychopy.visual.text.TextStim'>, alignHoriz=method-wrapper(...), alignText='center', alignVert=method-wrapper(...), anchorHoriz='center', anchorVert='center', antialias=True, autoDraw=False, autoLog=True, bold=False, color=array([1., 1., 1.]), colorSpace='rgb', contrast=1.0, depth=-2.0, draggable=False, flipHoriz=False, flipVert=False, font='Open Sans', fontFiles=[], height=np.float64(0.05), italic=False, languageStyle='LTR', name='distr', opacity=1, ori=13, pos=array([ 0.43257809, -0.04989707]), rgb=UNKNOWN, text='L', units='height', win=Window(...), wrapWidth=1)
111.2241 	EXP 	Created distr = TextStim(__class__=<class 'psychopy.visual.text.TextStim'>, alignHoriz=method-wrapper(...), alignText='center', alignVert=method-wrapper(...), anchorHoriz='center', anchorVert='center', antialias=True, autoDraw=False, autoLog=True, bold=False, color=array([1., 1., 1.]), colorSpace='rgb', contrast=1.0, depth=-2.0, draggable=False, flipHoriz=False, flipVert=False, font='Open Sans', fontFiles=[], height=np.float64(0.05), italic=False, languageStyle='LTR', name='distr', opacity=1, ori=193, pos=array([-0.17306227,  0.46688895]), rgb=UNKNOWN, text='L', units='height', win=Window(...), wrapWidth=1)
111.2291 	EXP 	Created distr = TextStim(__class__=<class 'psychopy.visual.text.TextStim'>, alignHoriz=method-wrapper(...), alignText='center', alignVert=method-wrapper(...), anchorHoriz='center', anchorVert='center', antialias=True, autoDraw=False, autoLog=True, bold=False, color=array([1., 1., 1.]), colorSpace='rgb', contrast=1.0, depth=-2.0, draggable=False, flipHoriz=False, flipVert=False, font='Open Sans', fontFiles=[], height=np.float64(0.05), italic=False, languageStyle='LTR', name='distr', opacity=1, ori=8, pos=array([0.18037078, 0.22977182]), rgb=UNKNOWN, text='L', units='height', win=Window(...), wrapWidth=1)
111.2341 	EXP 	Created distr = TextStim(__class__=<class 'psychopy.visual.text.TextStim'>, alignHoriz=method-wrapper(...), alignText='center', alignVert=method-wrapper(...), anchorHoriz='center', anchorVert='center', antialias=True, autoDraw=False, autoLog=True, bold=False, color=array([1., 1., 1.]), colorSpace='rgb', contrast=1.0, depth=-2.0, draggable=False, flipHoriz=False, flipVert=False, font='Open Sans', fontFiles=[], height=np.float64(0.05), italic=False, languageStyle='LTR', name='distr', opacity=1, ori=249, pos=array([0.04503035, 0.40951672]), rgb=UNKNOWN, text='L', units='height', win=Window(...), wrapWidth=1)
111.2390 	EXP 	Created distr = TextStim(__class__=<class 'psychopy.visual.text.TextStim'>, alignHoriz=method-wrapper(...), alignText='center', alignVert=method-wrapper(...), anchorHoriz='center', anchorVert='center', antialias=True, autoDraw=False, autoLog=True, bold=False, color=array([1., 1., 1.]), colorSpace='rgb', contrast=1.0, depth=-2.0, draggable=False, flipHoriz=False, flipVert=False, font='Open Sans', fontFiles=[], height=np.float64(0.05), italic=False, languageStyle='LTR', name='distr', opacity=1, ori=306, pos=array([ 0.30794254, -0.04027985]), rgb=UNKNOWN, text='L', units='height', win=Window(...), wrapWidth=1)
111.2439 	EXP 	Created distr = TextStim(__class__=<class 'psychopy.visual.text.TextStim'>, alignHoriz=method-wrapper(...), alignText='center', alignVert=method-wrapper(...), anchorHoriz='center', anchorVert='center', antialias=True, autoDraw=False, autoLog=True, bold=False, color=array([1., 1., 1.]), colorSpace='rgb', contrast=1.0, depth=-2.0, draggable=False, flipHoriz=False, flipVert=False, font='Open Sans', fontFiles=[], height=np.float64(0.05), italic=False, languageStyle='LTR', name='distr', opacity=1, ori=343, pos=array([ 0.40083065, -0.2188389 ]), rgb=UNKNOWN, text='L', units='height', win=Window(...), wrapWidth=1)
111.2490 	EXP 	Created distr = TextStim(__class__=<class 'psychopy.visual.text.TextStim'>, alignHoriz=method-wrapper(...), alignText='center', alignVert=method-wrapper(...), anchorHoriz='center', anchorVert='center', antialias=True, autoDraw=False, autoLog=True, bold=False, color=array([1., 1., 1.]), colorSpace='rgb', contrast=1.0, depth=-2.0, draggable=False, flipHoriz=False, flipVert=False, font='Open Sans', fontFiles=[], height=np.float64(0.05), italic=False, languageStyle='LTR', name='distr', opacity=1, ori=135, pos=array([-0.20998605,  0.27379499]), rgb=UNKNOWN, text='L', units='height', win=Window(...), wrapWidth=1)
111.2582 	EXP 	fixation: autoDraw = False
111.2582 	EXP 	target: autoDraw = False
111.2582 	EXP 	distr: autoDraw = False
111.2582 	EXP 	distr: autoDraw = False
111.2582 	EXP 	distr: autoDraw = False
111.2582 	EXP 	distr: autoDraw = False
111.2582 	EXP 	distr: autoDraw = False
111.2582 	EXP 	distr: autoDraw = True
111.2582 	EXP 	distr: autoDraw = True
111.2582 	EXP 	distr: autoDraw = True
111.2582 	EXP 	distr: autoDraw = True
111.2582 	EXP 	distr: autoDraw = True
111.2582 	EXP 	distr: autoDraw = True
111.2582 	EXP 	distr: autoDraw = True
111.2582 	EXP 	distr: autoDraw = True
111.2582 	EXP 	distr: autoDraw = True
111.2582 	EXP 	distr: autoDraw = True
111.2582 	EXP 	fixation: autoDraw = True
111.2582 	EXP 	target: autoDraw = True
111.3001 	DATA 	Mouse:  Left button up, pos=(1049,581)
112.2701 	DATA 	Mouse: Left button down, pos=(1069,691)
112.2748 	EXP 	New trial (rep=69, index=0): <Trial 69 (0 in rep 69) data={'thisN': 69, 'thisTrialN': 0, 'thisRepN': 69}>
112.2823 	EXP 	Created distr = TextStim(__class__=<class 'psychopy.visual.text.TextStim'>, alignHoriz=method-wrapper(...), alignText='center', alignVert=method-wrapper(...), anchorHoriz='center', anchorVert='center', antialias=True, autoDraw=False, autoLog=True, bold=False, color=array([1., 1., 1.]), colorSpace='rgb', contrast=1.0, depth=-2.0, draggable=False, flipHoriz=False, flipVert=False, font='Open Sans', fontFiles=[], height=np.float64(0.05), italic=False, languageStyle='LTR', name='distr', opacity=1, ori=285, pos=array([-0.36612279, -0.24579492]), rgb=UNKNOWN, text='L', units='height', win=Window(...), wrapWidth=1)
112.2893 	EXP 	Created distr = TextStim(__class__=<class 'psychopy.visual.text.TextStim'>, alignHoriz=method-wrapper(...), alignText='center', alignVert=method-wrapper(...), anchorHoriz='center', anchorVert='center', antialias=True, autoDraw=False, autoLog=True, bold=False, color=array([1., 1., 1.]), colorSpace='rgb', contrast=1.0, depth=-2.0, draggable=False, flipHoriz=False, flipVert=False, font='Open Sans', fontFiles=[], height=np.float64(0.05), italic=False, languageStyle='LTR', name='distr', opacity=1, ori=203, pos=array([ 0.38995425, -0.19364025]), rgb=UNKNOWN, text='L', units='height', win=Window(...), wrapWidth=1)
112.2946 	EXP 	Created distr = TextStim(__class__=<class 'psychopy.visual.text.TextStim'>, alignHoriz=method-wrapper(...), alignText='center', alignVert=method-wrapper(...), anchorHoriz='center', anchorVert='center', antialias=True, autoDraw=False, autoLog=True, bold=False, color=array([1., 1., 1.]), colorSpace='rgb', contrast=1.0, depth=-2.0, draggable=False, flipHoriz=False, flipVert=False, font='Open Sans', fontFiles=[], height=np.float64(0.05), italic=False, languageStyle='LTR', name='distr', opacity=1, ori=215, pos=array([-0.02757795,  0.22957951]), rgb=UNKNOWN, text='L', units='height', win=Window(...), wrapWidth=1)
112.2997 	EXP 	Created distr = TextStim(__class__=<class 'psychopy.visual.text.TextStim'>, alignHoriz=method-wrapper(...), alignText='center', alignVert=method-wrapper(...), anchorHoriz='center', anchorVert='center', antialias=True, autoDraw=False, autoLog=True, bold=False, color=array([1., 1., 1.]), colorSpace='rgb', contrast=1.0, depth=-2.0, draggable=False, flipHoriz=False, flipVert=False, font='Open Sans', fontFiles=[], height=np.float64(0.05), italic=False, languageStyle='LTR', name='distr', opacity=1, ori=29, pos=array([-0.33011637,  0.36624973]), rgb=UNKNOWN, text='L', units='height', win=Window(...), wrapWidth=1)
112.3050 	EXP 	Created distr = TextStim(__class__=<class 'psychopy.visual.text.TextStim'>, alignHoriz=method-wrapper(...), alignText='center', alignVert=method-wrapper(...), anchorHoriz='center', anchorVert='center', antialias=True, autoDraw=False, autoLog=True, bold=False, color=array([1., 1., 1.]), colorSpace='rgb', contrast=1.0, depth=-2.0, draggable=False, flipHoriz=False, flipVert=False, font='Open Sans', fontFiles=[], height=np.float64(0.05), italic=False, languageStyle='LTR', name='distr', opacity=1, ori=69, pos=array([-0.27142457,  0.3273825 ]), rgb=UNKNOWN, text='L', units='height', win=Window(...), wrapWidth=1)
112.3113 	EXP 	fixation: autoDraw = False
112.3113 	EXP 	target: autoDraw = False
112.3113 	EXP 	distr: autoDraw = False
112.3113 	EXP 	distr: autoDraw = False
112.3113 	EXP 	distr: autoDraw = False
112.3113 	EXP 	distr: autoDraw = False
112.3113 	EXP 	distr: autoDraw = False
112.3113 	EXP 	distr: autoDraw = False
112.3113 	EXP 	distr: autoDraw = False
112.3113 	EXP 	distr: autoDraw = False
112.3113 	EXP 	distr: autoDraw = False
112.3113 	EXP 	distr: autoDraw = False
112.3113 	EXP 	distr: autoDraw = True
112.3113 	EXP 	distr: autoDraw = True
112.3113 	EXP 	distr: autoDraw = True
112.3113 	EXP 	distr: autoDraw = True
112.3113 	EXP 	distr: autoDraw = True
112.3113 	EXP 	fixation: autoDraw = True
112.3113 	EXP 	target: autoDraw = True
112.3541 	DATA 	Mouse:  Left button up, pos=(1069,691)
113.7388 	DATA 	Mouse: Left button down, pos=(731,446)
113.7402 	EXP 	New trial (rep=70, index=0): <Trial 70 (0 in rep 70) data={'thisN': 70, 'thisTrialN': 0, 'thisRepN': 70}>
113.7507 	EXP 	Created distr = TextStim(__class__=<class 'psychopy.visual.text.TextStim'>, alignHoriz=method-wrapper(...), alignText='center', alignVert=method-wrapper(...), anchorHoriz='center', anchorVert='center', antialias=True, autoDraw=False, autoLog=True, bold=False, color=array([1., 1., 1.]), colorSpace='rgb', contrast=1.0, depth=-2.0, draggable=False, flipHoriz=False, flipVert=False, font='Open Sans', fontFiles=[], height=np.float64(0.05), italic=False, languageStyle='LTR', name='distr', opacity=1, ori=251, pos=array([0.32622306, 0.35136567]), rgb=UNKNOWN, text='L', units='height', win=Window(...), wrapWidth=1)
113.7571 	EXP 	Created distr = TextStim(__class__=<class 'psychopy.visual.text.TextStim'>, alignHoriz=method-wrapper(...), alignText='center', alignVert=method-wrapper(...), anchorHoriz='center', anchorVert='center', antialias=True, autoDraw=False, autoLog=True, bold=False, color=array([1., 1., 1.]), colorSpace='rgb', contrast=1.0, depth=-2.0, draggable=False, flipHoriz=False, flipVert=False, font='Open Sans', fontFiles=[], height=np.float64(0.05), italic=False, languageStyle='LTR', name='distr', opacity=1, ori=195, pos=array([-0.00277254, -0.29335771]), rgb=UNKNOWN, text='L', units='height', win=Window(...), wrapWidth=1)
113.7624 	EXP 	Created distr = TextStim(__class__=<class 'psychopy.visual.text.TextStim'>, alignHoriz=method-wrapper(...), alignText='center', alignVert=method-wrapper(...), anchorHoriz='center', anchorVert='center', antialias=True, autoDraw=False, autoLog=True, bold=False, color=array([1., 1., 1.]), colorSpace='rgb', contrast=1.0, depth=-2.0, draggable=False, flipHoriz=False, flipVert=False, font='Open Sans', fontFiles=[], height=np.float64(0.05), italic=False, languageStyle='LTR', name='distr', opacity=1, ori=359, pos=array([ 0.11696919, -0.15294856]), rgb=UNKNOWN, text='L', units='height', win=Window(...), wrapWidth=1)
113.7675 	EXP 	Created distr = TextStim(__class__=<class 'psychopy.visual.text.TextStim'>, alignHoriz=method-wrapper(...), alignText='center', alignVert=method-wrapper(...), anchorHoriz='center', anchorVert='center', antialias=True, autoDraw=False, autoLog=True, bold=False, color=array([1., 1., 1.]), colorSpace='rgb', contrast=1.0, depth=-2.0, draggable=False, flipHoriz=False, flipVert=False, font='Open Sans', fontFiles=[], height=np.float64(0.05), italic=False, languageStyle='LTR', name='distr', opacity=1, ori=148, pos=array([0.20470869, 0.19334313]), rgb=UNKNOWN, text='L', units='height', win=Window(...), wrapWidth=1)
113.7732 	EXP 	Created distr = TextStim(__class__=<class 'psychopy.visual.text.TextStim'>, alignHoriz=method-wrapper(...), alignText='center', alignVert=method-wrapper(...), anchorHoriz='center', anchorVert='center', antialias=True, autoDraw=False, autoLog=True, bold=False, color=array([1., 1., 1.]), colorSpace='rgb', contrast=1.0, depth=-2.0, draggable=False, flipHoriz=False, flipVert=False, font='Open Sans', fontFiles=[], height=np.float64(0.05), italic=False, languageStyle='LTR', name='distr', opacity=1, ori=102, pos=array([0.15980461, 0.32824069]), rgb=UNKNOWN, text='L', units='height', win=Window(...), wrapWidth=1)
113.7796 	EXP 	fixation: autoDraw = False
113.7796 	EXP 	target: autoDraw = False
113.7796 	EXP 	distr: autoDraw = False
113.7796 	EXP 	distr: autoDraw = False
113.7796 	EXP 	distr: autoDraw = False
113.7796 	EXP 	distr: autoDraw = False
113.7796 	EXP 	distr: autoDraw = False
113.7796 	EXP 	distr: autoDraw = True
113.7796 	EXP 	distr: autoDraw = True
113.7796 	EXP 	distr: autoDraw = True
113.7796 	EXP 	distr: autoDraw = True
113.7796 	EXP 	distr: autoDraw = True
113.7796 	EXP 	fixation: autoDraw = True
113.7796 	EXP 	target: autoDraw = True
113.8171 	DATA 	Mouse:  Left button up, pos=(731,446)
115.4232 	DATA 	Mouse: Left button down, pos=(983,138)
115.4251 	EXP 	New trial (rep=71, index=0): <Trial 71 (0 in rep 71) data={'thisN': 71, 'thisTrialN': 0, 'thisRepN': 71}>
115.4367 	EXP 	Created distr = TextStim(__class__=<class 'psychopy.visual.text.TextStim'>, alignHoriz=method-wrapper(...), alignText='center', alignVert=method-wrapper(...), anchorHoriz='center', anchorVert='center', antialias=True, autoDraw=False, autoLog=True, bold=False, color=array([1., 1., 1.]), colorSpace='rgb', contrast=1.0, depth=-2.0, draggable=False, flipHoriz=False, flipVert=False, font='Open Sans', fontFiles=[], height=np.float64(0.05), italic=False, languageStyle='LTR', name='distr', opacity=1, ori=99, pos=array([-0.4130844 ,  0.11508268]), rgb=UNKNOWN, text='L', units='height', win=Window(...), wrapWidth=1)
115.4430 	EXP 	Created distr = TextStim(__class__=<class 'psychopy.visual.text.TextStim'>, alignHoriz=method-wrapper(...), alignText='center', alignVert=method-wrapper(...), anchorHoriz='center', anchorVert='center', antialias=True, autoDraw=False, autoLog=True, bold=False, color=array([1., 1., 1.]), colorSpace='rgb', contrast=1.0, depth=-2.0, draggable=False, flipHoriz=False, flipVert=False, font='Open Sans', fontFiles=[], height=np.float64(0.05), italic=False, languageStyle='LTR', name='distr', opacity=1, ori=218, pos=array([-0.14979409,  0.09393429]), rgb=UNKNOWN, text='L', units='height', win=Window(...), wrapWidth=1)
115.4485 	EXP 	Created distr = TextStim(__class__=<class 'psychopy.visual.text.TextStim'>, alignHoriz=method-wrapper(...), alignText='center', alignVert=method-wrapper(...), anchorHoriz='center', anchorVert='center', antialias=True, autoDraw=False, autoLog=True, bold=False, color=array([1., 1., 1.]), colorSpace='rgb', contrast=1.0, depth=-2.0, draggable=False, flipHoriz=False, flipVert=False, font='Open Sans', fontFiles=[], height=np.float64(0.05), italic=False, languageStyle='LTR', name='distr', opacity=1, ori=331, pos=array([-0.46045069, -0.28759504]), rgb=UNKNOWN, text='L', units='height', win=Window(...), wrapWidth=1)
115.4536 	EXP 	Created distr = TextStim(__class__=<class 'psychopy.visual.text.TextStim'>, alignHoriz=method-wrapper(...), alignText='center', alignVert=method-wrapper(...), anchorHoriz='center', anchorVert='center', antialias=True, autoDraw=False, autoLog=True, bold=False, color=array([1., 1., 1.]), colorSpace='rgb', contrast=1.0, depth=-2.0, draggable=False, flipHoriz=False, flipVert=False, font='Open Sans', fontFiles=[], height=np.float64(0.05), italic=False, languageStyle='LTR', name='distr', opacity=1, ori=149, pos=array([-0.39478388, -0.08371386]), rgb=UNKNOWN, text='L', units='height', win=Window(...), wrapWidth=1)
115.4587 	EXP 	Created distr = TextStim(__class__=<class 'psychopy.visual.text.TextStim'>, alignHoriz=method-wrapper(...), alignText='center', alignVert=method-wrapper(...), anchorHoriz='center', anchorVert='center', antialias=True, autoDraw=False, autoLog=True, bold=False, color=array([1., 1., 1.]), colorSpace='rgb', contrast=1.0, depth=-2.0, draggable=False, flipHoriz=False, flipVert=False, font='Open Sans', fontFiles=[], height=np.float64(0.05), italic=False, languageStyle='LTR', name='distr', opacity=1, ori=93, pos=array([0.43457745, 0.24102509]), rgb=UNKNOWN, text='L', units='height', win=Window(...), wrapWidth=1)
115.4650 	EXP 	fixation: autoDraw = False
115.4650 	EXP 	target: autoDraw = False
115.4650 	EXP 	distr: autoDraw = False
115.4650 	EXP 	distr: autoDraw = False
115.4650 	EXP 	distr: autoDraw = False
115.4650 	EXP 	distr: autoDraw = False
115.4650 	EXP 	distr: autoDraw = False
115.4650 	EXP 	distr: autoDraw = True
115.4650 	EXP 	distr: autoDraw = True
115.4650 	EXP 	distr: autoDraw = True
115.4650 	EXP 	distr: autoDraw = True
115.4650 	EXP 	distr: autoDraw = True
115.4650 	EXP 	fixation: autoDraw = True
115.4650 	EXP 	target: autoDraw = True
115.5040 	DATA 	Mouse:  Left button up, pos=(983,138)
117.1048 	DATA 	Mouse: Left button down, pos=(1000,707)
117.1100 	EXP 	New trial (rep=72, index=0): <Trial 72 (0 in rep 72) data={'thisN': 72, 'thisTrialN': 0, 'thisRepN': 72}>
117.1206 	EXP 	Created distr = TextStim(__class__=<class 'psychopy.visual.text.TextStim'>, alignHoriz=method-wrapper(...), alignText='center', alignVert=method-wrapper(...), anchorHoriz='center', anchorVert='center', antialias=True, autoDraw=False, autoLog=True, bold=False, color=array([1., 1., 1.]), colorSpace='rgb', contrast=1.0, depth=-2.0, draggable=False, flipHoriz=False, flipVert=False, font='Open Sans', fontFiles=[], height=np.float64(0.05), italic=False, languageStyle='LTR', name='distr', opacity=1, ori=62, pos=array([0.1385311 , 0.01578732]), rgb=UNKNOWN, text='L', units='height', win=Window(...), wrapWidth=1)
117.1273 	EXP 	Created distr = TextStim(__class__=<class 'psychopy.visual.text.TextStim'>, alignHoriz=method-wrapper(...), alignText='center', alignVert=method-wrapper(...), anchorHoriz='center', anchorVert='center', antialias=True, autoDraw=False, autoLog=True, bold=False, color=array([1., 1., 1.]), colorSpace='rgb', contrast=1.0, depth=-2.0, draggable=False, flipHoriz=False, flipVert=False, font='Open Sans', fontFiles=[], height=np.float64(0.05), italic=False, languageStyle='LTR', name='distr', opacity=1, ori=356, pos=array([-0.20301993, -0.41869793]), rgb=UNKNOWN, text='L', units='height', win=Window(...), wrapWidth=1)
117.1331 	EXP 	Created distr = TextStim(__class__=<class 'psychopy.visual.text.TextStim'>, alignHoriz=method-wrapper(...), alignText='center', alignVert=method-wrapper(...), anchorHoriz='center', anchorVert='center', antialias=True, autoDraw=False, autoLog=True, bold=False, color=array([1., 1., 1.]), colorSpace='rgb', contrast=1.0, depth=-2.0, draggable=False, flipHoriz=False, flipVert=False, font='Open Sans', fontFiles=[], height=np.float64(0.05), italic=False, languageStyle='LTR', name='distr', opacity=1, ori=53, pos=array([0.03163381, 0.18565194]), rgb=UNKNOWN, text='L', units='height', win=Window(...), wrapWidth=1)
117.1383 	EXP 	Created distr = TextStim(__class__=<class 'psychopy.visual.text.TextStim'>, alignHoriz=method-wrapper(...), alignText='center', alignVert=method-wrapper(...), anchorHoriz='center', anchorVert='center', antialias=True, autoDraw=False, autoLog=True, bold=False, color=array([1., 1., 1.]), colorSpace='rgb', contrast=1.0, depth=-2.0, draggable=False, flipHoriz=False, flipVert=False, font='Open Sans', fontFiles=[], height=np.float64(0.05), italic=False, languageStyle='LTR', name='distr', opacity=1, ori=152, pos=array([ 0.49095327, -0.35947665]), rgb=UNKNOWN, text='L', units='height', win=Window(...), wrapWidth=1)
117.1437 	EXP 	Created distr = TextStim(__class__=<class 'psychopy.visual.text.TextStim'>, alignHoriz=method-wrapper(...), alignText='center', alignVert=method-wrapper(...), anchorHoriz='center', anchorVert='center', antialias=True, autoDraw=False, autoLog=True, bold=False, color=array([1., 1., 1.]), colorSpace='rgb', contrast=1.0, depth=-2.0, draggable=False, flipHoriz=False, flipVert=False, font='Open Sans', fontFiles=[], height=np.float64(0.05), italic=False, languageStyle='LTR', name='distr', opacity=1, ori=279, pos=array([-0.36439025, -0.13437511]), rgb=UNKNOWN, text='L', units='height', win=Window(...), wrapWidth=1)
117.1500 	EXP 	fixation: autoDraw = False
117.1500 	EXP 	target: autoDraw = False
117.1500 	EXP 	distr: autoDraw = False
117.1500 	EXP 	distr: autoDraw = False
117.1500 	EXP 	distr: autoDraw = False
117.1500 	EXP 	distr: autoDraw = False
117.1500 	EXP 	distr: autoDraw = False
117.1500 	EXP 	distr: autoDraw = True
117.1500 	EXP 	distr: autoDraw = True
117.1500 	EXP 	distr: autoDraw = True
117.1500 	EXP 	distr: autoDraw = True
117.1500 	EXP 	distr: autoDraw = True
117.1500 	EXP 	fixation: autoDraw = True
117.1500 	EXP 	target: autoDraw = True
117.1870 	DATA 	Mouse:  Left button up, pos=(1000,707)
119.0381 	DATA 	Mouse: Left button down, pos=(565,109)
119.0438 	EXP 	New trial (rep=73, index=0): <Trial 73 (0 in rep 73) data={'thisN': 73, 'thisTrialN': 0, 'thisRepN': 73}>
119.0546 	EXP 	Created distr = TextStim(__class__=<class 'psychopy.visual.text.TextStim'>, alignHoriz=method-wrapper(...), alignText='center', alignVert=method-wrapper(...), anchorHoriz='center', anchorVert='center', antialias=True, autoDraw=False, autoLog=True, bold=False, color=array([1., 1., 1.]), colorSpace='rgb', contrast=1.0, depth=-2.0, draggable=False, flipHoriz=False, flipVert=False, font='Open Sans', fontFiles=[], height=np.float64(0.05), italic=False, languageStyle='LTR', name='distr', opacity=1, ori=98, pos=array([-0.09032642, -0.4531325 ]), rgb=UNKNOWN, text='L', units='height', win=Window(...), wrapWidth=1)
119.0613 	EXP 	Created distr = TextStim(__class__=<class 'psychopy.visual.text.TextStim'>, alignHoriz=method-wrapper(...), alignText='center', alignVert=method-wrapper(...), anchorHoriz='center', anchorVert='center', antialias=True, autoDraw=False, autoLog=True, bold=False, color=array([1., 1., 1.]), colorSpace='rgb', contrast=1.0, depth=-2.0, draggable=False, flipHoriz=False, flipVert=False, font='Open Sans', fontFiles=[], height=np.float64(0.05), italic=False, languageStyle='LTR', name='distr', opacity=1, ori=260, pos=array([ 0.46314884, -0.08432822]), rgb=UNKNOWN, text='L', units='height', win=Window(...), wrapWidth=1)
119.0671 	EXP 	Created distr = TextStim(__class__=<class 'psychopy.visual.text.TextStim'>, alignHoriz=method-wrapper(...), alignText='center', alignVert=method-wrapper(...), anchorHoriz='center', anchorVert='center', antialias=True, autoDraw=False, autoLog=True, bold=False, color=array([1., 1., 1.]), colorSpace='rgb', contrast=1.0, depth=-2.0, draggable=False, flipHoriz=False, flipVert=False, font='Open Sans', fontFiles=[], height=np.float64(0.05), italic=False, languageStyle='LTR', name='distr', opacity=1, ori=348, pos=array([0.11961951, 0.2034362 ]), rgb=UNKNOWN, text='L', units='height', win=Window(...), wrapWidth=1)
119.0721 	EXP 	Created distr = TextStim(__class__=<class 'psychopy.visual.text.TextStim'>, alignHoriz=method-wrapper(...), alignText='center', alignVert=method-wrapper(...), anchorHoriz='center', anchorVert='center', antialias=True, autoDraw=False, autoLog=True, bold=False, color=array([1., 1., 1.]), colorSpace='rgb', contrast=1.0, depth=-2.0, draggable=False, flipHoriz=False, flipVert=False, font='Open Sans', fontFiles=[], height=np.float64(0.05), italic=False, languageStyle='LTR', name='distr', opacity=1, ori=346, pos=array([-0.22813715, -0.16596953]), rgb=UNKNOWN, text='L', units='height', win=Window(...), wrapWidth=1)
119.0773 	EXP 	Created distr = TextStim(__class__=<class 'psychopy.visual.text.TextStim'>, alignHoriz=method-wrapper(...), alignText='center', alignVert=method-wrapper(...), anchorHoriz='center', anchorVert='center', antialias=True, autoDraw=False, autoLog=True, bold=False, color=array([1., 1., 1.]), colorSpace='rgb', contrast=1.0, depth=-2.0, draggable=False, flipHoriz=False, flipVert=False, font='Open Sans', fontFiles=[], height=np.float64(0.05), italic=False, languageStyle='LTR', name='distr', opacity=1, ori=352, pos=array([-0.05752255, -0.36244073]), rgb=UNKNOWN, text='L', units='height', win=Window(...), wrapWidth=1)
119.0837 	EXP 	fixation: autoDraw = False
119.0837 	EXP 	target: autoDraw = False
119.0837 	EXP 	distr: autoDraw = False
119.0837 	EXP 	distr: autoDraw = False
119.0837 	EXP 	distr: autoDraw = False
119.0837 	EXP 	distr: autoDraw = False
119.0837 	EXP 	distr: autoDraw = False
119.0837 	EXP 	distr: autoDraw = True
119.0837 	EXP 	distr: autoDraw = True
119.0837 	EXP 	distr: autoDraw = True
119.0837 	EXP 	distr: autoDraw = True
119.0837 	EXP 	distr: autoDraw = True
119.0837 	EXP 	fixation: autoDraw = True
119.0837 	EXP 	target: autoDraw = True
119.1036 	DATA 	Mouse:  Left button up, pos=(565,109)
120.3395 	DATA 	Mouse: Left button down, pos=(952,222)
120.3412 	EXP 	New trial (rep=74, index=0): <Trial 74 (0 in rep 74) data={'thisN': 74, 'thisTrialN': 0, 'thisRepN': 74}>
120.3535 	EXP 	Created distr = TextStim(__class__=<class 'psychopy.visual.text.TextStim'>, alignHoriz=method-wrapper(...), alignText='center', alignVert=method-wrapper(...), anchorHoriz='center', anchorVert='center', antialias=True, autoDraw=False, autoLog=True, bold=False, color=array([1., 1., 1.]), colorSpace='rgb', contrast=1.0, depth=-2.0, draggable=False, flipHoriz=False, flipVert=False, font='Open Sans', fontFiles=[], height=np.float64(0.05), italic=False, languageStyle='LTR', name='distr', opacity=1, ori=192, pos=array([-0.38724923, -0.18770404]), rgb=UNKNOWN, text='L', units='height', win=Window(...), wrapWidth=1)
120.3601 	EXP 	Created distr = TextStim(__class__=<class 'psychopy.visual.text.TextStim'>, alignHoriz=method-wrapper(...), alignText='center', alignVert=method-wrapper(...), anchorHoriz='center', anchorVert='center', antialias=True, autoDraw=False, autoLog=True, bold=False, color=array([1., 1., 1.]), colorSpace='rgb', contrast=1.0, depth=-2.0, draggable=False, flipHoriz=False, flipVert=False, font='Open Sans', fontFiles=[], height=np.float64(0.05), italic=False, languageStyle='LTR', name='distr', opacity=1, ori=279, pos=array([0.07443253, 0.07367391]), rgb=UNKNOWN, text='L', units='height', win=Window(...), wrapWidth=1)
120.3658 	EXP 	Created distr = TextStim(__class__=<class 'psychopy.visual.text.TextStim'>, alignHoriz=method-wrapper(...), alignText='center', alignVert=method-wrapper(...), anchorHoriz='center', anchorVert='center', antialias=True, autoDraw=False, autoLog=True, bold=False, color=array([1., 1., 1.]), colorSpace='rgb', contrast=1.0, depth=-2.0, draggable=False, flipHoriz=False, flipVert=False, font='Open Sans', fontFiles=[], height=np.float64(0.05), italic=False, languageStyle='LTR', name='distr', opacity=1, ori=157, pos=array([0.29253446, 0.04836347]), rgb=UNKNOWN, text='L', units='height', win=Window(...), wrapWidth=1)
120.3708 	EXP 	Created distr = TextStim(__class__=<class 'psychopy.visual.text.TextStim'>, alignHoriz=method-wrapper(...), alignText='center', alignVert=method-wrapper(...), anchorHoriz='center', anchorVert='center', antialias=True, autoDraw=False, autoLog=True, bold=False, color=array([1., 1., 1.]), colorSpace='rgb', contrast=1.0, depth=-2.0, draggable=False, flipHoriz=False, flipVert=False, font='Open Sans', fontFiles=[], height=np.float64(0.05), italic=False, languageStyle='LTR', name='distr', opacity=1, ori=316, pos=array([ 0.18831838, -0.40885878]), rgb=UNKNOWN, text='L', units='height', win=Window(...), wrapWidth=1)
120.3763 	EXP 	Created distr = TextStim(__class__=<class 'psychopy.visual.text.TextStim'>, alignHoriz=method-wrapper(...), alignText='center', alignVert=method-wrapper(...), anchorHoriz='center', anchorVert='center', antialias=True, autoDraw=False, autoLog=True, bold=False, color=array([1., 1., 1.]), colorSpace='rgb', contrast=1.0, depth=-2.0, draggable=False, flipHoriz=False, flipVert=False, font='Open Sans', fontFiles=[], height=np.float64(0.05), italic=False, languageStyle='LTR', name='distr', opacity=1, ori=38, pos=array([-0.18807361,  0.16259694]), rgb=UNKNOWN, text='L', units='height', win=Window(...), wrapWidth=1)
120.3814 	EXP 	Created distr = TextStim(__class__=<class 'psychopy.visual.text.TextStim'>, alignHoriz=method-wrapper(...), alignText='center', alignVert=method-wrapper(...), anchorHoriz='center', anchorVert='center', antialias=True, autoDraw=False, autoLog=True, bold=False, color=array([1., 1., 1.]), colorSpace='rgb', contrast=1.0, depth=-2.0, draggable=False, flipHoriz=False, flipVert=False, font='Open Sans', fontFiles=[], height=np.float64(0.05), italic=False, languageStyle='LTR', name='distr', opacity=1, ori=186, pos=array([0.49802652, 0.018628  ]), rgb=UNKNOWN, text='L', units='height', win=Window(...), wrapWidth=1)
120.3863 	EXP 	Created distr = TextStim(__class__=<class 'psychopy.visual.text.TextStim'>, alignHoriz=method-wrapper(...), alignText='center', alignVert=method-wrapper(...), anchorHoriz='center', anchorVert='center', antialias=True, autoDraw=False, autoLog=True, bold=False, color=array([1., 1., 1.]), colorSpace='rgb', contrast=1.0, depth=-2.0, draggable=False, flipHoriz=False, flipVert=False, font='Open Sans', fontFiles=[], height=np.float64(0.05), italic=False, languageStyle='LTR', name='distr', opacity=1, ori=289, pos=array([-0.11608082, -0.48299302]), rgb=UNKNOWN, text='L', units='height', win=Window(...), wrapWidth=1)
120.3916 	EXP 	Created distr = TextStim(__class__=<class 'psychopy.visual.text.TextStim'>, alignHoriz=method-wrapper(...), alignText='center', alignVert=method-wrapper(...), anchorHoriz='center', anchorVert='center', antialias=True, autoDraw=False, autoLog=True, bold=False, color=array([1., 1., 1.]), colorSpace='rgb', contrast=1.0, depth=-2.0, draggable=False, flipHoriz=False, flipVert=False, font='Open Sans', fontFiles=[], height=np.float64(0.05), italic=False, languageStyle='LTR', name='distr', opacity=1, ori=187, pos=array([ 0.32584642, -0.23462195]), rgb=UNKNOWN, text='L', units='height', win=Window(...), wrapWidth=1)
120.3966 	EXP 	Created distr = TextStim(__class__=<class 'psychopy.visual.text.TextStim'>, alignHoriz=method-wrapper(...), alignText='center', alignVert=method-wrapper(...), anchorHoriz='center', anchorVert='center', antialias=True, autoDraw=False, autoLog=True, bold=False, color=array([1., 1., 1.]), colorSpace='rgb', contrast=1.0, depth=-2.0, draggable=False, flipHoriz=False, flipVert=False, font='Open Sans', fontFiles=[], height=np.float64(0.05), italic=False, languageStyle='LTR', name='distr', opacity=1, ori=116, pos=array([ 0.29737752, -0.12570304]), rgb=UNKNOWN, text='L', units='height', win=Window(...), wrapWidth=1)
120.4017 	EXP 	Created distr = TextStim(__class__=<class 'psychopy.visual.text.TextStim'>, alignHoriz=method-wrapper(...), alignText='center', alignVert=method-wrapper(...), anchorHoriz='center', anchorVert='center', antialias=True, autoDraw=False, autoLog=True, bold=False, color=array([1., 1., 1.]), colorSpace='rgb', contrast=1.0, depth=-2.0, draggable=False, flipHoriz=False, flipVert=False, font='Open Sans', fontFiles=[], height=np.float64(0.05), italic=False, languageStyle='LTR', name='distr', opacity=1, ori=300, pos=array([ 0.20049362, -0.37697594]), rgb=UNKNOWN, text='L', units='height', win=Window(...), wrapWidth=1)
120.4108 	EXP 	fixation: autoDraw = False
120.4108 	EXP 	target: autoDraw = False
120.4108 	EXP 	distr: autoDraw = False
120.4108 	EXP 	distr: autoDraw = False
120.4108 	EXP 	distr: autoDraw = False
120.4108 	EXP 	distr: autoDraw = False
120.4108 	EXP 	distr: autoDraw = False
120.4108 	EXP 	distr: autoDraw = True
120.4108 	EXP 	distr: autoDraw = True
120.4108 	EXP 	distr: autoDraw = True
120.4108 	EXP 	distr: autoDraw = True
120.4108 	EXP 	distr: autoDraw = True
120.4108 	EXP 	distr: autoDraw = True
120.4108 	EXP 	distr: autoDraw = True
120.4108 	EXP 	distr: autoDraw = True
120.4108 	EXP 	distr: autoDraw = True
120.4108 	EXP 	distr: autoDraw = True
120.4108 	EXP 	fixation: autoDraw = True
120.4108 	EXP 	target: autoDraw = True
120.4208 	DATA 	Mouse:  Left button up, pos=(952,222)
122.6204 	DATA 	Mouse: Left button down, pos=(520,23)
122.6254 	EXP 	New trial (rep=75, index=0): <Trial 75 (0 in rep 75) data={'thisN': 75, 'thisTrialN': 0, 'thisRepN': 75}>
122.6343 	EXP 	Created distr = TextStim(__class__=<class 'psychopy.visual.text.TextStim'>, alignHoriz=method-wrapper(...), alignText='center', alignVert=method-wrapper(...), anchorHoriz='center', anchorVert='center', antialias=True, autoDraw=False, autoLog=True, bold=False, color=array([1., 1., 1.]), colorSpace='rgb', contrast=1.0, depth=-2.0, draggable=False, flipHoriz=False, flipVert=False, font='Open Sans', fontFiles=[], height=np.float64(0.05), italic=False, languageStyle='LTR', name='distr', opacity=1, ori=145, pos=array([-0.4256361, -0.1591076]), rgb=UNKNOWN, text='L', units='height', win=Window(...), wrapWidth=1)
122.6407 	EXP 	Created distr = TextStim(__class__=<class 'psychopy.visual.text.TextStim'>, alignHoriz=method-wrapper(...), alignText='center', alignVert=method-wrapper(...), anchorHoriz='center', anchorVert='center', antialias=True, autoDraw=False, autoLog=True, bold=False, color=array([1., 1., 1.]), colorSpace='rgb', contrast=1.0, depth=-2.0, draggable=False, flipHoriz=False, flipVert=False, font='Open Sans', fontFiles=[], height=np.float64(0.05), italic=False, languageStyle='LTR', name='distr', opacity=1, ori=292, pos=array([-0.38286136,  0.18915886]), rgb=UNKNOWN, text='L', units='height', win=Window(...), wrapWidth=1)
122.6477 	EXP 	Created distr = TextStim(__class__=<class 'psychopy.visual.text.TextStim'>, alignHoriz=method-wrapper(...), alignText='center', alignVert=method-wrapper(...), anchorHoriz='center', anchorVert='center', antialias=True, autoDraw=False, autoLog=True, bold=False, color=array([1., 1., 1.]), colorSpace='rgb', contrast=1.0, depth=-2.0, draggable=False, flipHoriz=False, flipVert=False, font='Open Sans', fontFiles=[], height=np.float64(0.05), italic=False, languageStyle='LTR', name='distr', opacity=1, ori=67, pos=array([-0.22363495, -0.23764617]), rgb=UNKNOWN, text='L', units='height', win=Window(...), wrapWidth=1)
122.6529 	EXP 	Created distr = TextStim(__class__=<class 'psychopy.visual.text.TextStim'>, alignHoriz=method-wrapper(...), alignText='center', alignVert=method-wrapper(...), anchorHoriz='center', anchorVert='center', antialias=True, autoDraw=False, autoLog=True, bold=False, color=array([1., 1., 1.]), colorSpace='rgb', contrast=1.0, depth=-2.0, draggable=False, flipHoriz=False, flipVert=False, font='Open Sans', fontFiles=[], height=np.float64(0.05), italic=False, languageStyle='LTR', name='distr', opacity=1, ori=128, pos=array([-0.47188163,  0.43158219]), rgb=UNKNOWN, text='L', units='height', win=Window(...), wrapWidth=1)
122.6581 	EXP 	Created distr = TextStim(__class__=<class 'psychopy.visual.text.TextStim'>, alignHoriz=method-wrapper(...), alignText='center', alignVert=method-wrapper(...), anchorHoriz='center', anchorVert='center', antialias=True, autoDraw=False, autoLog=True, bold=False, color=array([1., 1., 1.]), colorSpace='rgb', contrast=1.0, depth=-2.0, draggable=False, flipHoriz=False, flipVert=False, font='Open Sans', fontFiles=[], height=np.float64(0.05), italic=False, languageStyle='LTR', name='distr', opacity=1, ori=86, pos=array([ 0.40214839, -0.44649352]), rgb=UNKNOWN, text='L', units='height', win=Window(...), wrapWidth=1)
122.6631 	EXP 	Created distr = TextStim(__class__=<class 'psychopy.visual.text.TextStim'>, alignHoriz=method-wrapper(...), alignText='center', alignVert=method-wrapper(...), anchorHoriz='center', anchorVert='center', antialias=True, autoDraw=False, autoLog=True, bold=False, color=array([1., 1., 1.]), colorSpace='rgb', contrast=1.0, depth=-2.0, draggable=False, flipHoriz=False, flipVert=False, font='Open Sans', fontFiles=[], height=np.float64(0.05), italic=False, languageStyle='LTR', name='distr', opacity=1, ori=75, pos=array([0.43073965, 0.0897292 ]), rgb=UNKNOWN, text='L', units='height', win=Window(...), wrapWidth=1)
122.6681 	EXP 	Created distr = TextStim(__class__=<class 'psychopy.visual.text.TextStim'>, alignHoriz=method-wrapper(...), alignText='center', alignVert=method-wrapper(...), anchorHoriz='center', anchorVert='center', antialias=True, autoDraw=False, autoLog=True, bold=False, color=array([1., 1., 1.]), colorSpace='rgb', contrast=1.0, depth=-2.0, draggable=False, flipHoriz=False, flipVert=False, font='Open Sans', fontFiles=[], height=np.float64(0.05), italic=False, languageStyle='LTR', name='distr', opacity=1, ori=96, pos=array([-0.02980966,  0.0559377 ]), rgb=UNKNOWN, text='L', units='height', win=Window(...), wrapWidth=1)
122.6731 	EXP 	Created distr = TextStim(__class__=<class 'psychopy.visual.text.TextStim'>, alignHoriz=method-wrapper(...), alignText='center', alignVert=method-wrapper(...), anchorHoriz='center', anchorVert='center', antialias=True, autoDraw=False, autoLog=True, bold=False, color=array([1., 1., 1.]), colorSpace='rgb', contrast=1.0, depth=-2.0, draggable=False, flipHoriz=False, flipVert=False, font='Open Sans', fontFiles=[], height=np.float64(0.05), italic=False, languageStyle='LTR', name='distr', opacity=1, ori=81, pos=array([-0.20495193, -0.38327055]), rgb=UNKNOWN, text='L', units='height', win=Window(...), wrapWidth=1)
122.6779 	EXP 	Created distr = TextStim(__class__=<class 'psychopy.visual.text.TextStim'>, alignHoriz=method-wrapper(...), alignText='center', alignVert=method-wrapper(...), anchorHoriz='center', anchorVert='center', antialias=True, autoDraw=False, autoLog=True, bold=False, color=array([1., 1., 1.]), colorSpace='rgb', contrast=1.0, depth=-2.0, draggable=False, flipHoriz=False, flipVert=False, font='Open Sans', fontFiles=[], height=np.float64(0.05), italic=False, languageStyle='LTR', name='distr', opacity=1, ori=134, pos=array([ 0.41652868, -0.48281597]), rgb=UNKNOWN, text='L', units='height', win=Window(...), wrapWidth=1)
122.6828 	EXP 	Created distr = TextStim(__class__=<class 'psychopy.visual.text.TextStim'>, alignHoriz=method-wrapper(...), alignText='center', alignVert=method-wrapper(...), anchorHoriz='center', anchorVert='center', antialias=True, autoDraw=False, autoLog=True, bold=False, color=array([1., 1., 1.]), colorSpace='rgb', contrast=1.0, depth=-2.0, draggable=False, flipHoriz=False, flipVert=False, font='Open Sans', fontFiles=[], height=np.float64(0.05), italic=False, languageStyle='LTR', name='distr', opacity=1, ori=306, pos=array([-0.20986311, -0.20070858]), rgb=UNKNOWN, text='L', units='height', win=Window(...), wrapWidth=1)
122.6917 	EXP 	fixation: autoDraw = False
122.6917 	EXP 	target: autoDraw = False
122.6917 	EXP 	distr: autoDraw = False
122.6917 	EXP 	distr: autoDraw = False
122.6917 	EXP 	distr: autoDraw = False
122.6917 	EXP 	distr: autoDraw = False
122.6917 	EXP 	distr: autoDraw = False
122.6917 	EXP 	distr: autoDraw = False
122.6917 	EXP 	distr: autoDraw = False
122.6917 	EXP 	distr: autoDraw = False
122.6917 	EXP 	distr: autoDraw = False
122.6917 	EXP 	distr: autoDraw = False
122.6917 	EXP 	distr: autoDraw = True
122.6917 	EXP 	distr: autoDraw = True
122.6917 	EXP 	distr: autoDraw = True
122.6917 	EXP 	distr: autoDraw = True
122.6917 	EXP 	distr: autoDraw = True
122.6917 	EXP 	distr: autoDraw = True
122.6917 	EXP 	distr: autoDraw = True
122.6917 	EXP 	distr: autoDraw = True
122.6917 	EXP 	distr: autoDraw = True
122.6917 	EXP 	distr: autoDraw = True
122.6917 	EXP 	fixation: autoDraw = True
122.6917 	EXP 	target: autoDraw = True
122.7041 	DATA 	Mouse:  Left button up, pos=(520,23)
124.1374 	DATA 	Mouse: Left button down, pos=(569,330)
124.1422 	EXP 	New trial (rep=76, index=0): <Trial 76 (0 in rep 76) data={'thisN': 76, 'thisTrialN': 0, 'thisRepN': 76}>
124.1507 	EXP 	Created distr = TextStim(__class__=<class 'psychopy.visual.text.TextStim'>, alignHoriz=method-wrapper(...), alignText='center', alignVert=method-wrapper(...), anchorHoriz='center', anchorVert='center', antialias=True, autoDraw=False, autoLog=True, bold=False, color=array([1., 1., 1.]), colorSpace='rgb', contrast=1.0, depth=-2.0, draggable=False, flipHoriz=False, flipVert=False, font='Open Sans', fontFiles=[], height=np.float64(0.05), italic=False, languageStyle='LTR', name='distr', opacity=1, ori=26, pos=array([ 0.33515695, -0.06807163]), rgb=UNKNOWN, text='L', units='height', win=Window(...), wrapWidth=1)
124.1568 	EXP 	Created distr = TextStim(__class__=<class 'psychopy.visual.text.TextStim'>, alignHoriz=method-wrapper(...), alignText='center', alignVert=method-wrapper(...), anchorHoriz='center', anchorVert='center', antialias=True, autoDraw=False, autoLog=True, bold=False, color=array([1., 1., 1.]), colorSpace='rgb', contrast=1.0, depth=-2.0, draggable=False, flipHoriz=False, flipVert=False, font='Open Sans', fontFiles=[], height=np.float64(0.05), italic=False, languageStyle='LTR', name='distr', opacity=1, ori=51, pos=array([ 0.16241298, -0.11540605]), rgb=UNKNOWN, text='L', units='height', win=Window(...), wrapWidth=1)
124.1622 	EXP 	Created distr = TextStim(__class__=<class 'psychopy.visual.text.TextStim'>, alignHoriz=method-wrapper(...), alignText='center', alignVert=method-wrapper(...), anchorHoriz='center', anchorVert='center', antialias=True, autoDraw=False, autoLog=True, bold=False, color=array([1., 1., 1.]), colorSpace='rgb', contrast=1.0, depth=-2.0, draggable=False, flipHoriz=False, flipVert=False, font='Open Sans', fontFiles=[], height=np.float64(0.05), italic=False, languageStyle='LTR', name='distr', opacity=1, ori=302, pos=array([0.39268285, 0.30694848]), rgb=UNKNOWN, text='L', units='height', win=Window(...), wrapWidth=1)
124.1675 	EXP 	Created distr = TextStim(__class__=<class 'psychopy.visual.text.TextStim'>, alignHoriz=method-wrapper(...), alignText='center', alignVert=method-wrapper(...), anchorHoriz='center', anchorVert='center', antialias=True, autoDraw=False, autoLog=True, bold=False, color=array([1., 1., 1.]), colorSpace='rgb', contrast=1.0, depth=-2.0, draggable=False, flipHoriz=False, flipVert=False, font='Open Sans', fontFiles=[], height=np.float64(0.05), italic=False, languageStyle='LTR', name='distr', opacity=1, ori=259, pos=array([-0.15469057, -0.26249366]), rgb=UNKNOWN, text='L', units='height', win=Window(...), wrapWidth=1)
124.1731 	EXP 	Created distr = TextStim(__class__=<class 'psychopy.visual.text.TextStim'>, alignHoriz=method-wrapper(...), alignText='center', alignVert=method-wrapper(...), anchorHoriz='center', anchorVert='center', antialias=True, autoDraw=False, autoLog=True, bold=False, color=array([1., 1., 1.]), colorSpace='rgb', contrast=1.0, depth=-2.0, draggable=False, flipHoriz=False, flipVert=False, font='Open Sans', fontFiles=[], height=np.float64(0.05), italic=False, languageStyle='LTR', name='distr', opacity=1, ori=76, pos=array([ 0.25913576, -0.15065783]), rgb=UNKNOWN, text='L', units='height', win=Window(...), wrapWidth=1)
124.1781 	EXP 	Created distr = TextStim(__class__=<class 'psychopy.visual.text.TextStim'>, alignHoriz=method-wrapper(...), alignText='center', alignVert=method-wrapper(...), anchorHoriz='center', anchorVert='center', antialias=True, autoDraw=False, autoLog=True, bold=False, color=array([1., 1., 1.]), colorSpace='rgb', contrast=1.0, depth=-2.0, draggable=False, flipHoriz=False, flipVert=False, font='Open Sans', fontFiles=[], height=np.float64(0.05), italic=False, languageStyle='LTR', name='distr', opacity=1, ori=312, pos=array([0.24405182, 0.45009455]), rgb=UNKNOWN, text='L', units='height', win=Window(...), wrapWidth=1)
124.1831 	EXP 	Created distr = TextStim(__class__=<class 'psychopy.visual.text.TextStim'>, alignHoriz=method-wrapper(...), alignText='center', alignVert=method-wrapper(...), anchorHoriz='center', anchorVert='center', antialias=True, autoDraw=False, autoLog=True, bold=False, color=array([1., 1., 1.]), colorSpace='rgb', contrast=1.0, depth=-2.0, draggable=False, flipHoriz=False, flipVert=False, font='Open Sans', fontFiles=[], height=np.float64(0.05), italic=False, languageStyle='LTR', name='distr', opacity=1, ori=63, pos=array([0.29466362, 0.47093906]), rgb=UNKNOWN, text='L', units='height', win=Window(...), wrapWidth=1)
124.1880 	EXP 	Created distr = TextStim(__class__=<class 'psychopy.visual.text.TextStim'>, alignHoriz=method-wrapper(...), alignText='center', alignVert=method-wrapper(...), anchorHoriz='center', anchorVert='center', antialias=True, autoDraw=False, autoLog=True, bold=False, color=array([1., 1., 1.]), colorSpace='rgb', contrast=1.0, depth=-2.0, draggable=False, flipHoriz=False, flipVert=False, font='Open Sans', fontFiles=[], height=np.float64(0.05), italic=False, languageStyle='LTR', name='distr', opacity=1, ori=101, pos=array([ 0.4893172 , -0.46283974]), rgb=UNKNOWN, text='L', units='height', win=Window(...), wrapWidth=1)
124.1929 	EXP 	Created distr = TextStim(__class__=<class 'psychopy.visual.text.TextStim'>, alignHoriz=method-wrapper(...), alignText='center', alignVert=method-wrapper(...), anchorHoriz='center', anchorVert='center', antialias=True, autoDraw=False, autoLog=True, bold=False, color=array([1., 1., 1.]), colorSpace='rgb', contrast=1.0, depth=-2.0, draggable=False, flipHoriz=False, flipVert=False, font='Open Sans', fontFiles=[], height=np.float64(0.05), italic=False, languageStyle='LTR', name='distr', opacity=1, ori=153, pos=array([-0.42307379,  0.3620831 ]), rgb=UNKNOWN, text='L', units='height', win=Window(...), wrapWidth=1)
124.1979 	EXP 	Created distr = TextStim(__class__=<class 'psychopy.visual.text.TextStim'>, alignHoriz=method-wrapper(...), alignText='center', alignVert=method-wrapper(...), anchorHoriz='center', anchorVert='center', antialias=True, autoDraw=False, autoLog=True, bold=False, color=array([1., 1., 1.]), colorSpace='rgb', contrast=1.0, depth=-2.0, draggable=False, flipHoriz=False, flipVert=False, font='Open Sans', fontFiles=[], height=np.float64(0.05), italic=False, languageStyle='LTR', name='distr', opacity=1, ori=19, pos=array([-0.2732886 , -0.36841441]), rgb=UNKNOWN, text='L', units='height', win=Window(...), wrapWidth=1)
124.2068 	EXP 	fixation: autoDraw = False
124.2068 	EXP 	target: autoDraw = False
124.2068 	EXP 	distr: autoDraw = False
124.2068 	EXP 	distr: autoDraw = False
124.2068 	EXP 	distr: autoDraw = False
124.2068 	EXP 	distr: autoDraw = False
124.2068 	EXP 	distr: autoDraw = False
124.2068 	EXP 	distr: autoDraw = False
124.2068 	EXP 	distr: autoDraw = False
124.2068 	EXP 	distr: autoDraw = False
124.2068 	EXP 	distr: autoDraw = False
124.2068 	EXP 	distr: autoDraw = False
124.2068 	EXP 	distr: autoDraw = True
124.2068 	EXP 	distr: autoDraw = True
124.2068 	EXP 	distr: autoDraw = True
124.2068 	EXP 	distr: autoDraw = True
124.2068 	EXP 	distr: autoDraw = True
124.2068 	EXP 	distr: autoDraw = True
124.2068 	EXP 	distr: autoDraw = True
124.2068 	EXP 	distr: autoDraw = True
124.2068 	EXP 	distr: autoDraw = True
124.2068 	EXP 	distr: autoDraw = True
124.2068 	EXP 	fixation: autoDraw = True
124.2068 	EXP 	target: autoDraw = True
124.2210 	DATA 	Mouse:  Left button up, pos=(569,330)
125.3374 	DATA 	Mouse: Left button down, pos=(1144,419)
125.3428 	EXP 	New trial (rep=77, index=0): <Trial 77 (0 in rep 77) data={'thisN': 77, 'thisTrialN': 0, 'thisRepN': 77}>
125.3532 	EXP 	Created distr = TextStim(__class__=<class 'psychopy.visual.text.TextStim'>, alignHoriz=method-wrapper(...), alignText='center', alignVert=method-wrapper(...), anchorHoriz='center', anchorVert='center', antialias=True, autoDraw=False, autoLog=True, bold=False, color=array([1., 1., 1.]), colorSpace='rgb', contrast=1.0, depth=-2.0, draggable=False, flipHoriz=False, flipVert=False, font='Open Sans', fontFiles=[], height=np.float64(0.05), italic=False, languageStyle='LTR', name='distr', opacity=1, ori=138, pos=array([-0.32629063,  0.46631302]), rgb=UNKNOWN, text='L', units='height', win=Window(...), wrapWidth=1)
125.3594 	EXP 	Created distr = TextStim(__class__=<class 'psychopy.visual.text.TextStim'>, alignHoriz=method-wrapper(...), alignText='center', alignVert=method-wrapper(...), anchorHoriz='center', anchorVert='center', antialias=True, autoDraw=False, autoLog=True, bold=False, color=array([1., 1., 1.]), colorSpace='rgb', contrast=1.0, depth=-2.0, draggable=False, flipHoriz=False, flipVert=False, font='Open Sans', fontFiles=[], height=np.float64(0.05), italic=False, languageStyle='LTR', name='distr', opacity=1, ori=258, pos=array([0.48549058, 0.21387079]), rgb=UNKNOWN, text='L', units='height', win=Window(...), wrapWidth=1)
125.3646 	EXP 	Created distr = TextStim(__class__=<class 'psychopy.visual.text.TextStim'>, alignHoriz=method-wrapper(...), alignText='center', alignVert=method-wrapper(...), anchorHoriz='center', anchorVert='center', antialias=True, autoDraw=False, autoLog=True, bold=False, color=array([1., 1., 1.]), colorSpace='rgb', contrast=1.0, depth=-2.0, draggable=False, flipHoriz=False, flipVert=False, font='Open Sans', fontFiles=[], height=np.float64(0.05), italic=False, languageStyle='LTR', name='distr', opacity=1, ori=231, pos=array([-0.23324831, -0.11443976]), rgb=UNKNOWN, text='L', units='height', win=Window(...), wrapWidth=1)
125.3697 	EXP 	Created distr = TextStim(__class__=<class 'psychopy.visual.text.TextStim'>, alignHoriz=method-wrapper(...), alignText='center', alignVert=method-wrapper(...), anchorHoriz='center', anchorVert='center', antialias=True, autoDraw=False, autoLog=True, bold=False, color=array([1., 1., 1.]), colorSpace='rgb', contrast=1.0, depth=-2.0, draggable=False, flipHoriz=False, flipVert=False, font='Open Sans', fontFiles=[], height=np.float64(0.05), italic=False, languageStyle='LTR', name='distr', opacity=1, ori=333, pos=array([-0.19388964, -0.47828968]), rgb=UNKNOWN, text='L', units='height', win=Window(...), wrapWidth=1)
125.3749 	EXP 	Created distr = TextStim(__class__=<class 'psychopy.visual.text.TextStim'>, alignHoriz=method-wrapper(...), alignText='center', alignVert=method-wrapper(...), anchorHoriz='center', anchorVert='center', antialias=True, autoDraw=False, autoLog=True, bold=False, color=array([1., 1., 1.]), colorSpace='rgb', contrast=1.0, depth=-2.0, draggable=False, flipHoriz=False, flipVert=False, font='Open Sans', fontFiles=[], height=np.float64(0.05), italic=False, languageStyle='LTR', name='distr', opacity=1, ori=265, pos=array([ 0.46280099, -0.48929128]), rgb=UNKNOWN, text='L', units='height', win=Window(...), wrapWidth=1)
125.3798 	EXP 	Created distr = TextStim(__class__=<class 'psychopy.visual.text.TextStim'>, alignHoriz=method-wrapper(...), alignText='center', alignVert=method-wrapper(...), anchorHoriz='center', anchorVert='center', antialias=True, autoDraw=False, autoLog=True, bold=False, color=array([1., 1., 1.]), colorSpace='rgb', contrast=1.0, depth=-2.0, draggable=False, flipHoriz=False, flipVert=False, font='Open Sans', fontFiles=[], height=np.float64(0.05), italic=False, languageStyle='LTR', name='distr', opacity=1, ori=324, pos=array([0.10362682, 0.18144058]), rgb=UNKNOWN, text='L', units='height', win=Window(...), wrapWidth=1)
125.3848 	EXP 	Created distr = TextStim(__class__=<class 'psychopy.visual.text.TextStim'>, alignHoriz=method-wrapper(...), alignText='center', alignVert=method-wrapper(...), anchorHoriz='center', anchorVert='center', antialias=True, autoDraw=False, autoLog=True, bold=False, color=array([1., 1., 1.]), colorSpace='rgb', contrast=1.0, depth=-2.0, draggable=False, flipHoriz=False, flipVert=False, font='Open Sans', fontFiles=[], height=np.float64(0.05), italic=False, languageStyle='LTR', name='distr', opacity=1, ori=305, pos=array([-0.35188696,  0.08916448]), rgb=UNKNOWN, text='L', units='height', win=Window(...), wrapWidth=1)
125.3899 	EXP 	Created distr = TextStim(__class__=<class 'psychopy.visual.text.TextStim'>, alignHoriz=method-wrapper(...), alignText='center', alignVert=method-wrapper(...), anchorHoriz='center', anchorVert='center', antialias=True, autoDraw=False, autoLog=True, bold=False, color=array([1., 1., 1.]), colorSpace='rgb', contrast=1.0, depth=-2.0, draggable=False, flipHoriz=False, flipVert=False, font='Open Sans', fontFiles=[], height=np.float64(0.05), italic=False, languageStyle='LTR', name='distr', opacity=1, ori=216, pos=array([-0.18332531,  0.05475783]), rgb=UNKNOWN, text='L', units='height', win=Window(...), wrapWidth=1)
125.3949 	EXP 	Created distr = TextStim(__class__=<class 'psychopy.visual.text.TextStim'>, alignHoriz=method-wrapper(...), alignText='center', alignVert=method-wrapper(...), anchorHoriz='center', anchorVert='center', antialias=True, autoDraw=False, autoLog=True, bold=False, color=array([1., 1., 1.]), colorSpace='rgb', contrast=1.0, depth=-2.0, draggable=False, flipHoriz=False, flipVert=False, font='Open Sans', fontFiles=[], height=np.float64(0.05), italic=False, languageStyle='LTR', name='distr', opacity=1, ori=243, pos=array([0.46480122, 0.19972264]), rgb=UNKNOWN, text='L', units='height', win=Window(...), wrapWidth=1)
125.4000 	EXP 	Created distr = TextStim(__class__=<class 'psychopy.visual.text.TextStim'>, alignHoriz=method-wrapper(...), alignText='center', alignVert=method-wrapper(...), anchorHoriz='center', anchorVert='center', antialias=True, autoDraw=False, autoLog=True, bold=False, color=array([1., 1., 1.]), colorSpace='rgb', contrast=1.0, depth=-2.0, draggable=False, flipHoriz=False, flipVert=False, font='Open Sans', fontFiles=[], height=np.float64(0.05), italic=False, languageStyle='LTR', name='distr', opacity=1, ori=335, pos=array([-0.10847999,  0.31784878]), rgb=UNKNOWN, text='L', units='height', win=Window(...), wrapWidth=1)
125.4093 	EXP 	fixation: autoDraw = False
125.4093 	EXP 	target: autoDraw = False
125.4093 	EXP 	distr: autoDraw = False
125.4093 	EXP 	distr: autoDraw = False
125.4093 	EXP 	distr: autoDraw = False
125.4093 	EXP 	distr: autoDraw = False
125.4093 	EXP 	distr: autoDraw = False
125.4093 	EXP 	distr: autoDraw = False
125.4093 	EXP 	distr: autoDraw = False
125.4093 	EXP 	distr: autoDraw = False
125.4093 	EXP 	distr: autoDraw = False
125.4093 	EXP 	distr: autoDraw = False
125.4093 	EXP 	distr: autoDraw = True
125.4093 	EXP 	distr: autoDraw = True
125.4093 	EXP 	distr: autoDraw = True
125.4093 	EXP 	distr: autoDraw = True
125.4093 	EXP 	distr: autoDraw = True
125.4093 	EXP 	distr: autoDraw = True
125.4093 	EXP 	distr: autoDraw = True
125.4093 	EXP 	distr: autoDraw = True
125.4093 	EXP 	distr: autoDraw = True
125.4093 	EXP 	distr: autoDraw = True
125.4093 	EXP 	fixation: autoDraw = True
125.4093 	EXP 	target: autoDraw = True
125.4206 	DATA 	Mouse:  Left button up, pos=(1144,419)
126.6206 	DATA 	Mouse: Left button down, pos=(1147,588)
126.6258 	EXP 	New trial (rep=78, index=0): <Trial 78 (0 in rep 78) data={'thisN': 78, 'thisTrialN': 0, 'thisRepN': 78}>
126.6343 	EXP 	Created distr = TextStim(__class__=<class 'psychopy.visual.text.TextStim'>, alignHoriz=method-wrapper(...), alignText='center', alignVert=method-wrapper(...), anchorHoriz='center', anchorVert='center', antialias=True, autoDraw=False, autoLog=True, bold=False, color=array([1., 1., 1.]), colorSpace='rgb', contrast=1.0, depth=-2.0, draggable=False, flipHoriz=False, flipVert=False, font='Open Sans', fontFiles=[], height=np.float64(0.05), italic=False, languageStyle='LTR', name='distr', opacity=1, ori=117, pos=array([-0.03138332, -0.19899654]), rgb=UNKNOWN, text='L', units='height', win=Window(...), wrapWidth=1)
126.6404 	EXP 	Created distr = TextStim(__class__=<class 'psychopy.visual.text.TextStim'>, alignHoriz=method-wrapper(...), alignText='center', alignVert=method-wrapper(...), anchorHoriz='center', anchorVert='center', antialias=True, autoDraw=False, autoLog=True, bold=False, color=array([1., 1., 1.]), colorSpace='rgb', contrast=1.0, depth=-2.0, draggable=False, flipHoriz=False, flipVert=False, font='Open Sans', fontFiles=[], height=np.float64(0.05), italic=False, languageStyle='LTR', name='distr', opacity=1, ori=54, pos=array([0.13069841, 0.10350962]), rgb=UNKNOWN, text='L', units='height', win=Window(...), wrapWidth=1)
126.6460 	EXP 	Created distr = TextStim(__class__=<class 'psychopy.visual.text.TextStim'>, alignHoriz=method-wrapper(...), alignText='center', alignVert=method-wrapper(...), anchorHoriz='center', anchorVert='center', antialias=True, autoDraw=False, autoLog=True, bold=False, color=array([1., 1., 1.]), colorSpace='rgb', contrast=1.0, depth=-2.0, draggable=False, flipHoriz=False, flipVert=False, font='Open Sans', fontFiles=[], height=np.float64(0.05), italic=False, languageStyle='LTR', name='distr', opacity=1, ori=19, pos=array([-0.4428406 ,  0.46801302]), rgb=UNKNOWN, text='L', units='height', win=Window(...), wrapWidth=1)
126.6512 	EXP 	Created distr = TextStim(__class__=<class 'psychopy.visual.text.TextStim'>, alignHoriz=method-wrapper(...), alignText='center', alignVert=method-wrapper(...), anchorHoriz='center', anchorVert='center', antialias=True, autoDraw=False, autoLog=True, bold=False, color=array([1., 1., 1.]), colorSpace='rgb', contrast=1.0, depth=-2.0, draggable=False, flipHoriz=False, flipVert=False, font='Open Sans', fontFiles=[], height=np.float64(0.05), italic=False, languageStyle='LTR', name='distr', opacity=1, ori=334, pos=array([0.1153353 , 0.13413051]), rgb=UNKNOWN, text='L', units='height', win=Window(...), wrapWidth=1)
126.6565 	EXP 	Created distr = TextStim(__class__=<class 'psychopy.visual.text.TextStim'>, alignHoriz=method-wrapper(...), alignText='center', alignVert=method-wrapper(...), anchorHoriz='center', anchorVert='center', antialias=True, autoDraw=False, autoLog=True, bold=False, color=array([1., 1., 1.]), colorSpace='rgb', contrast=1.0, depth=-2.0, draggable=False, flipHoriz=False, flipVert=False, font='Open Sans', fontFiles=[], height=np.float64(0.05), italic=False, languageStyle='LTR', name='distr', opacity=1, ori=298, pos=array([ 0.29924592, -0.40054369]), rgb=UNKNOWN, text='L', units='height', win=Window(...), wrapWidth=1)
126.6614 	EXP 	Created distr = TextStim(__class__=<class 'psychopy.visual.text.TextStim'>, alignHoriz=method-wrapper(...), alignText='center', alignVert=method-wrapper(...), anchorHoriz='center', anchorVert='center', antialias=True, autoDraw=False, autoLog=True, bold=False, color=array([1., 1., 1.]), colorSpace='rgb', contrast=1.0, depth=-2.0, draggable=False, flipHoriz=False, flipVert=False, font='Open Sans', fontFiles=[], height=np.float64(0.05), italic=False, languageStyle='LTR', name='distr', opacity=1, ori=150, pos=array([ 0.33083721, -0.00421557]), rgb=UNKNOWN, text='L', units='height', win=Window(...), wrapWidth=1)
126.6664 	EXP 	Created distr = TextStim(__class__=<class 'psychopy.visual.text.TextStim'>, alignHoriz=method-wrapper(...), alignText='center', alignVert=method-wrapper(...), anchorHoriz='center', anchorVert='center', antialias=True, autoDraw=False, autoLog=True, bold=False, color=array([1., 1., 1.]), colorSpace='rgb', contrast=1.0, depth=-2.0, draggable=False, flipHoriz=False, flipVert=False, font='Open Sans', fontFiles=[], height=np.float64(0.05), italic=False, languageStyle='LTR', name='distr', opacity=1, ori=77, pos=array([0.08457108, 0.33736205]), rgb=UNKNOWN, text='L', units='height', win=Window(...), wrapWidth=1)
126.6713 	EXP 	Created distr = TextStim(__class__=<class 'psychopy.visual.text.TextStim'>, alignHoriz=method-wrapper(...), alignText='center', alignVert=method-wrapper(...), anchorHoriz='center', anchorVert='center', antialias=True, autoDraw=False, autoLog=True, bold=False, color=array([1., 1., 1.]), colorSpace='rgb', contrast=1.0, depth=-2.0, draggable=False, flipHoriz=False, flipVert=False, font='Open Sans', fontFiles=[], height=np.float64(0.05), italic=False, languageStyle='LTR', name='distr', opacity=1, ori=135, pos=array([-0.28949229,  0.37190566]), rgb=UNKNOWN, text='L', units='height', win=Window(...), wrapWidth=1)
126.6764 	EXP 	Created distr = TextStim(__class__=<class 'psychopy.visual.text.TextStim'>, alignHoriz=method-wrapper(...), alignText='center', alignVert=method-wrapper(...), anchorHoriz='center', anchorVert='center', antialias=True, autoDraw=False, autoLog=True, bold=False, color=array([1., 1., 1.]), colorSpace='rgb', contrast=1.0, depth=-2.0, draggable=False, flipHoriz=False, flipVert=False, font='Open Sans', fontFiles=[], height=np.float64(0.05), italic=False, languageStyle='LTR', name='distr', opacity=1, ori=12, pos=array([-0.11787048, -0.18000974]), rgb=UNKNOWN, text='L', units='height', win=Window(...), wrapWidth=1)
126.6815 	EXP 	Created distr = TextStim(__class__=<class 'psychopy.visual.text.TextStim'>, alignHoriz=method-wrapper(...), alignText='center', alignVert=method-wrapper(...), anchorHoriz='center', anchorVert='center', antialias=True, autoDraw=False, autoLog=True, bold=False, color=array([1., 1., 1.]), colorSpace='rgb', contrast=1.0, depth=-2.0, draggable=False, flipHoriz=False, flipVert=False, font='Open Sans', fontFiles=[], height=np.float64(0.05), italic=False, languageStyle='LTR', name='distr', opacity=1, ori=109, pos=array([ 0.23020001, -0.3322424 ]), rgb=UNKNOWN, text='L', units='height', win=Window(...), wrapWidth=1)
126.6908 	EXP 	fixation: autoDraw = False
126.6908 	EXP 	target: autoDraw = False
126.6908 	EXP 	distr: autoDraw = False
126.6908 	EXP 	distr: autoDraw = False
126.6908 	EXP 	distr: autoDraw = False
126.6908 	EXP 	distr: autoDraw = False
126.6908 	EXP 	distr: autoDraw = False
126.6908 	EXP 	distr: autoDraw = False
126.6908 	EXP 	distr: autoDraw = False
126.6908 	EXP 	distr: autoDraw = False
126.6908 	EXP 	distr: autoDraw = False
126.6908 	EXP 	distr: autoDraw = False
126.6908 	EXP 	distr: autoDraw = True
126.6908 	EXP 	distr: autoDraw = True
126.6908 	EXP 	distr: autoDraw = True
126.6908 	EXP 	distr: autoDraw = True
126.6908 	EXP 	distr: autoDraw = True
126.6908 	EXP 	distr: autoDraw = True
126.6908 	EXP 	distr: autoDraw = True
126.6908 	EXP 	distr: autoDraw = True
126.6908 	EXP 	distr: autoDraw = True
126.6908 	EXP 	distr: autoDraw = True
126.6908 	EXP 	fixation: autoDraw = True
126.6908 	EXP 	target: autoDraw = True
126.7040 	DATA 	Mouse:  Left button up, pos=(1147,588)
128.1036 	DATA 	Mouse: Left button down, pos=(419,837)
128.1086 	EXP 	New trial (rep=79, index=0): <Trial 79 (0 in rep 79) data={'thisN': 79, 'thisTrialN': 0, 'thisRepN': 79}>
128.1174 	EXP 	Created distr = TextStim(__class__=<class 'psychopy.visual.text.TextStim'>, alignHoriz=method-wrapper(...), alignText='center', alignVert=method-wrapper(...), anchorHoriz='center', anchorVert='center', antialias=True, autoDraw=False, autoLog=True, bold=False, color=array([1., 1., 1.]), colorSpace='rgb', contrast=1.0, depth=-2.0, draggable=False, flipHoriz=False, flipVert=False, font='Open Sans', fontFiles=[], height=np.float64(0.05), italic=False, languageStyle='LTR', name='distr', opacity=1, ori=95, pos=array([ 0.10771365, -0.41446903]), rgb=UNKNOWN, text='L', units='height', win=Window(...), wrapWidth=1)
128.1232 	EXP 	Created distr = TextStim(__class__=<class 'psychopy.visual.text.TextStim'>, alignHoriz=method-wrapper(...), alignText='center', alignVert=method-wrapper(...), anchorHoriz='center', anchorVert='center', antialias=True, autoDraw=False, autoLog=True, bold=False, color=array([1., 1., 1.]), colorSpace='rgb', contrast=1.0, depth=-2.0, draggable=False, flipHoriz=False, flipVert=False, font='Open Sans', fontFiles=[], height=np.float64(0.05), italic=False, languageStyle='LTR', name='distr', opacity=1, ori=330, pos=array([0.04055263, 0.34238594]), rgb=UNKNOWN, text='L', units='height', win=Window(...), wrapWidth=1)
128.1285 	EXP 	Created distr = TextStim(__class__=<class 'psychopy.visual.text.TextStim'>, alignHoriz=method-wrapper(...), alignText='center', alignVert=method-wrapper(...), anchorHoriz='center', anchorVert='center', antialias=True, autoDraw=False, autoLog=True, bold=False, color=array([1., 1., 1.]), colorSpace='rgb', contrast=1.0, depth=-2.0, draggable=False, flipHoriz=False, flipVert=False, font='Open Sans', fontFiles=[], height=np.float64(0.05), italic=False, languageStyle='LTR', name='distr', opacity=1, ori=255, pos=array([-0.12978448,  0.13294959]), rgb=UNKNOWN, text='L', units='height', win=Window(...), wrapWidth=1)
128.1337 	EXP 	Created distr = TextStim(__class__=<class 'psychopy.visual.text.TextStim'>, alignHoriz=method-wrapper(...), alignText='center', alignVert=method-wrapper(...), anchorHoriz='center', anchorVert='center', antialias=True, autoDraw=False, autoLog=True, bold=False, color=array([1., 1., 1.]), colorSpace='rgb', contrast=1.0, depth=-2.0, draggable=False, flipHoriz=False, flipVert=False, font='Open Sans', fontFiles=[], height=np.float64(0.05), italic=False, languageStyle='LTR', name='distr', opacity=1, ori=258, pos=array([0.20797309, 0.04966365]), rgb=UNKNOWN, text='L', units='height', win=Window(...), wrapWidth=1)
128.1406 	EXP 	Created distr = TextStim(__class__=<class 'psychopy.visual.text.TextStim'>, alignHoriz=method-wrapper(...), alignText='center', alignVert=method-wrapper(...), anchorHoriz='center', anchorVert='center', antialias=True, autoDraw=False, autoLog=True, bold=False, color=array([1., 1., 1.]), colorSpace='rgb', contrast=1.0, depth=-2.0, draggable=False, flipHoriz=False, flipVert=False, font='Open Sans', fontFiles=[], height=np.float64(0.05), italic=False, languageStyle='LTR', name='distr', opacity=1, ori=309, pos=array([-0.19375915,  0.38909295]), rgb=UNKNOWN, text='L', units='height', win=Window(...), wrapWidth=1)
128.1470 	EXP 	fixation: autoDraw = False
128.1470 	EXP 	target: autoDraw = False
128.1470 	EXP 	distr: autoDraw = False
128.1470 	EXP 	distr: autoDraw = False
128.1470 	EXP 	distr: autoDraw = False
128.1470 	EXP 	distr: autoDraw = False
128.1470 	EXP 	distr: autoDraw = False
128.1470 	EXP 	distr: autoDraw = False
128.1470 	EXP 	distr: autoDraw = False
128.1470 	EXP 	distr: autoDraw = False
128.1470 	EXP 	distr: autoDraw = False
128.1470 	EXP 	distr: autoDraw = False
128.1470 	EXP 	distr: autoDraw = True
128.1470 	EXP 	distr: autoDraw = True
128.1470 	EXP 	distr: autoDraw = True
128.1470 	EXP 	distr: autoDraw = True
128.1470 	EXP 	distr: autoDraw = True
128.1470 	EXP 	fixation: autoDraw = True
128.1470 	EXP 	target: autoDraw = True
128.1874 	DATA 	Mouse:  Left button up, pos=(419,837)
129.4373 	DATA 	Mouse: Left button down, pos=(969,735)
129.4425 	EXP 	New trial (rep=80, index=0): <Trial 80 (0 in rep 80) data={'thisN': 80, 'thisTrialN': 0, 'thisRepN': 80}>
129.4536 	EXP 	Created distr = TextStim(__class__=<class 'psychopy.visual.text.TextStim'>, alignHoriz=method-wrapper(...), alignText='center', alignVert=method-wrapper(...), anchorHoriz='center', anchorVert='center', antialias=True, autoDraw=False, autoLog=True, bold=False, color=array([1., 1., 1.]), colorSpace='rgb', contrast=1.0, depth=-2.0, draggable=False, flipHoriz=False, flipVert=False, font='Open Sans', fontFiles=[], height=np.float64(0.05), italic=False, languageStyle='LTR', name='distr', opacity=1, ori=100, pos=array([-0.09547785, -0.06759023]), rgb=UNKNOWN, text='L', units='height', win=Window(...), wrapWidth=1)
129.4605 	EXP 	Created distr = TextStim(__class__=<class 'psychopy.visual.text.TextStim'>, alignHoriz=method-wrapper(...), alignText='center', alignVert=method-wrapper(...), anchorHoriz='center', anchorVert='center', antialias=True, autoDraw=False, autoLog=True, bold=False, color=array([1., 1., 1.]), colorSpace='rgb', contrast=1.0, depth=-2.0, draggable=False, flipHoriz=False, flipVert=False, font='Open Sans', fontFiles=[], height=np.float64(0.05), italic=False, languageStyle='LTR', name='distr', opacity=1, ori=315, pos=array([ 0.22182999, -0.42454813]), rgb=UNKNOWN, text='L', units='height', win=Window(...), wrapWidth=1)
129.4662 	EXP 	Created distr = TextStim(__class__=<class 'psychopy.visual.text.TextStim'>, alignHoriz=method-wrapper(...), alignText='center', alignVert=method-wrapper(...), anchorHoriz='center', anchorVert='center', antialias=True, autoDraw=False, autoLog=True, bold=False, color=array([1., 1., 1.]), colorSpace='rgb', contrast=1.0, depth=-2.0, draggable=False, flipHoriz=False, flipVert=False, font='Open Sans', fontFiles=[], height=np.float64(0.05), italic=False, languageStyle='LTR', name='distr', opacity=1, ori=224, pos=array([-0.47815431, -0.29683305]), rgb=UNKNOWN, text='L', units='height', win=Window(...), wrapWidth=1)
129.4714 	EXP 	Created distr = TextStim(__class__=<class 'psychopy.visual.text.TextStim'>, alignHoriz=method-wrapper(...), alignText='center', alignVert=method-wrapper(...), anchorHoriz='center', anchorVert='center', antialias=True, autoDraw=False, autoLog=True, bold=False, color=array([1., 1., 1.]), colorSpace='rgb', contrast=1.0, depth=-2.0, draggable=False, flipHoriz=False, flipVert=False, font='Open Sans', fontFiles=[], height=np.float64(0.05), italic=False, languageStyle='LTR', name='distr', opacity=1, ori=157, pos=array([-0.43055957, -0.07358962]), rgb=UNKNOWN, text='L', units='height', win=Window(...), wrapWidth=1)
129.4768 	EXP 	Created distr = TextStim(__class__=<class 'psychopy.visual.text.TextStim'>, alignHoriz=method-wrapper(...), alignText='center', alignVert=method-wrapper(...), anchorHoriz='center', anchorVert='center', antialias=True, autoDraw=False, autoLog=True, bold=False, color=array([1., 1., 1.]), colorSpace='rgb', contrast=1.0, depth=-2.0, draggable=False, flipHoriz=False, flipVert=False, font='Open Sans', fontFiles=[], height=np.float64(0.05), italic=False, languageStyle='LTR', name='distr', opacity=1, ori=163, pos=array([0.00294752, 0.02036519]), rgb=UNKNOWN, text='L', units='height', win=Window(...), wrapWidth=1)
129.4835 	EXP 	fixation: autoDraw = False
129.4835 	EXP 	target: autoDraw = False
129.4835 	EXP 	distr: autoDraw = False
129.4835 	EXP 	distr: autoDraw = False
129.4835 	EXP 	distr: autoDraw = False
129.4835 	EXP 	distr: autoDraw = False
129.4835 	EXP 	distr: autoDraw = False
129.4835 	EXP 	distr: autoDraw = True
129.4835 	EXP 	distr: autoDraw = True
129.4835 	EXP 	distr: autoDraw = True
129.4835 	EXP 	distr: autoDraw = True
129.4835 	EXP 	distr: autoDraw = True
129.4835 	EXP 	fixation: autoDraw = True
129.4835 	EXP 	target: autoDraw = True
129.5203 	DATA 	Mouse:  Left button up, pos=(969,735)
130.4051 	DATA 	Mouse: Left button down, pos=(568,451)
130.4100 	EXP 	New trial (rep=81, index=0): <Trial 81 (0 in rep 81) data={'thisN': 81, 'thisTrialN': 0, 'thisRepN': 81}>
130.4204 	EXP 	Created distr = TextStim(__class__=<class 'psychopy.visual.text.TextStim'>, alignHoriz=method-wrapper(...), alignText='center', alignVert=method-wrapper(...), anchorHoriz='center', anchorVert='center', antialias=True, autoDraw=False, autoLog=True, bold=False, color=array([1., 1., 1.]), colorSpace='rgb', contrast=1.0, depth=-2.0, draggable=False, flipHoriz=False, flipVert=False, font='Open Sans', fontFiles=[], height=np.float64(0.05), italic=False, languageStyle='LTR', name='distr', opacity=1, ori=347, pos=array([ 0.26258123, -0.07904813]), rgb=UNKNOWN, text='L', units='height', win=Window(...), wrapWidth=1)
130.4270 	EXP 	Created distr = TextStim(__class__=<class 'psychopy.visual.text.TextStim'>, alignHoriz=method-wrapper(...), alignText='center', alignVert=method-wrapper(...), anchorHoriz='center', anchorVert='center', antialias=True, autoDraw=False, autoLog=True, bold=False, color=array([1., 1., 1.]), colorSpace='rgb', contrast=1.0, depth=-2.0, draggable=False, flipHoriz=False, flipVert=False, font='Open Sans', fontFiles=[], height=np.float64(0.05), italic=False, languageStyle='LTR', name='distr', opacity=1, ori=329, pos=array([-0.19301574,  0.12395539]), rgb=UNKNOWN, text='L', units='height', win=Window(...), wrapWidth=1)
130.4326 	EXP 	Created distr = TextStim(__class__=<class 'psychopy.visual.text.TextStim'>, alignHoriz=method-wrapper(...), alignText='center', alignVert=method-wrapper(...), anchorHoriz='center', anchorVert='center', antialias=True, autoDraw=False, autoLog=True, bold=False, color=array([1., 1., 1.]), colorSpace='rgb', contrast=1.0, depth=-2.0, draggable=False, flipHoriz=False, flipVert=False, font='Open Sans', fontFiles=[], height=np.float64(0.05), italic=False, languageStyle='LTR', name='distr', opacity=1, ori=242, pos=array([-0.1561601, -0.2477906]), rgb=UNKNOWN, text='L', units='height', win=Window(...), wrapWidth=1)
130.4379 	EXP 	Created distr = TextStim(__class__=<class 'psychopy.visual.text.TextStim'>, alignHoriz=method-wrapper(...), alignText='center', alignVert=method-wrapper(...), anchorHoriz='center', anchorVert='center', antialias=True, autoDraw=False, autoLog=True, bold=False, color=array([1., 1., 1.]), colorSpace='rgb', contrast=1.0, depth=-2.0, draggable=False, flipHoriz=False, flipVert=False, font='Open Sans', fontFiles=[], height=np.float64(0.05), italic=False, languageStyle='LTR', name='distr', opacity=1, ori=126, pos=array([ 0.09856642, -0.38706503]), rgb=UNKNOWN, text='L', units='height', win=Window(...), wrapWidth=1)
130.4432 	EXP 	Created distr = TextStim(__class__=<class 'psychopy.visual.text.TextStim'>, alignHoriz=method-wrapper(...), alignText='center', alignVert=method-wrapper(...), anchorHoriz='center', anchorVert='center', antialias=True, autoDraw=False, autoLog=True, bold=False, color=array([1., 1., 1.]), colorSpace='rgb', contrast=1.0, depth=-2.0, draggable=False, flipHoriz=False, flipVert=False, font='Open Sans', fontFiles=[], height=np.float64(0.05), italic=False, languageStyle='LTR', name='distr', opacity=1, ori=284, pos=array([0.33630706, 0.47423428]), rgb=UNKNOWN, text='L', units='height', win=Window(...), wrapWidth=1)
130.4482 	EXP 	Created distr = TextStim(__class__=<class 'psychopy.visual.text.TextStim'>, alignHoriz=method-wrapper(...), alignText='center', alignVert=method-wrapper(...), anchorHoriz='center', anchorVert='center', antialias=True, autoDraw=False, autoLog=True, bold=False, color=array([1., 1., 1.]), colorSpace='rgb', contrast=1.0, depth=-2.0, draggable=False, flipHoriz=False, flipVert=False, font='Open Sans', fontFiles=[], height=np.float64(0.05), italic=False, languageStyle='LTR', name='distr', opacity=1, ori=290, pos=array([-0.05477578,  0.49413514]), rgb=UNKNOWN, text='L', units='height', win=Window(...), wrapWidth=1)
130.4532 	EXP 	Created distr = TextStim(__class__=<class 'psychopy.visual.text.TextStim'>, alignHoriz=method-wrapper(...), alignText='center', alignVert=method-wrapper(...), anchorHoriz='center', anchorVert='center', antialias=True, autoDraw=False, autoLog=True, bold=False, color=array([1., 1., 1.]), colorSpace='rgb', contrast=1.0, depth=-2.0, draggable=False, flipHoriz=False, flipVert=False, font='Open Sans', fontFiles=[], height=np.float64(0.05), italic=False, languageStyle='LTR', name='distr', opacity=1, ori=272, pos=array([-0.01403629,  0.09448716]), rgb=UNKNOWN, text='L', units='height', win=Window(...), wrapWidth=1)
130.4582 	EXP 	Created distr = TextStim(__class__=<class 'psychopy.visual.text.TextStim'>, alignHoriz=method-wrapper(...), alignText='center', alignVert=method-wrapper(...), anchorHoriz='center', anchorVert='center', antialias=True, autoDraw=False, autoLog=True, bold=False, color=array([1., 1., 1.]), colorSpace='rgb', contrast=1.0, depth=-2.0, draggable=False, flipHoriz=False, flipVert=False, font='Open Sans', fontFiles=[], height=np.float64(0.05), italic=False, languageStyle='LTR', name='distr', opacity=1, ori=55, pos=array([-0.27536283, -0.48604407]), rgb=UNKNOWN, text='L', units='height', win=Window(...), wrapWidth=1)
130.4632 	EXP 	Created distr = TextStim(__class__=<class 'psychopy.visual.text.TextStim'>, alignHoriz=method-wrapper(...), alignText='center', alignVert=method-wrapper(...), anchorHoriz='center', anchorVert='center', antialias=True, autoDraw=False, autoLog=True, bold=False, color=array([1., 1., 1.]), colorSpace='rgb', contrast=1.0, depth=-2.0, draggable=False, flipHoriz=False, flipVert=False, font='Open Sans', fontFiles=[], height=np.float64(0.05), italic=False, languageStyle='LTR', name='distr', opacity=1, ori=140, pos=array([-0.1036919 ,  0.12073896]), rgb=UNKNOWN, text='L', units='height', win=Window(...), wrapWidth=1)
130.4683 	EXP 	Created distr = TextStim(__class__=<class 'psychopy.visual.text.TextStim'>, alignHoriz=method-wrapper(...), alignText='center', alignVert=method-wrapper(...), anchorHoriz='center', anchorVert='center', antialias=True, autoDraw=False, autoLog=True, bold=False, color=array([1., 1., 1.]), colorSpace='rgb', contrast=1.0, depth=-2.0, draggable=False, flipHoriz=False, flipVert=False, font='Open Sans', fontFiles=[], height=np.float64(0.05), italic=False, languageStyle='LTR', name='distr', opacity=1, ori=347, pos=array([ 0.07490458, -0.07746199]), rgb=UNKNOWN, text='L', units='height', win=Window(...), wrapWidth=1)
130.4772 	EXP 	fixation: autoDraw = False
130.4772 	EXP 	target: autoDraw = False
130.4772 	EXP 	distr: autoDraw = False
130.4772 	EXP 	distr: autoDraw = False
130.4772 	EXP 	distr: autoDraw = False
130.4772 	EXP 	distr: autoDraw = False
130.4772 	EXP 	distr: autoDraw = False
130.4772 	EXP 	distr: autoDraw = True
130.4772 	EXP 	distr: autoDraw = True
130.4772 	EXP 	distr: autoDraw = True
130.4772 	EXP 	distr: autoDraw = True
130.4772 	EXP 	distr: autoDraw = True
130.4772 	EXP 	distr: autoDraw = True
130.4772 	EXP 	distr: autoDraw = True
130.4772 	EXP 	distr: autoDraw = True
130.4772 	EXP 	distr: autoDraw = True
130.4772 	EXP 	distr: autoDraw = True
130.4772 	EXP 	fixation: autoDraw = True
130.4772 	EXP 	target: autoDraw = True
130.4873 	DATA 	Mouse:  Left button up, pos=(568,451)
131.6702 	DATA 	Mouse: Left button down, pos=(761,384)
131.6749 	EXP 	New trial (rep=82, index=0): <Trial 82 (0 in rep 82) data={'thisN': 82, 'thisTrialN': 0, 'thisRepN': 82}>
131.6826 	EXP 	Created distr = TextStim(__class__=<class 'psychopy.visual.text.TextStim'>, alignHoriz=method-wrapper(...), alignText='center', alignVert=method-wrapper(...), anchorHoriz='center', anchorVert='center', antialias=True, autoDraw=False, autoLog=True, bold=False, color=array([1., 1., 1.]), colorSpace='rgb', contrast=1.0, depth=-2.0, draggable=False, flipHoriz=False, flipVert=False, font='Open Sans', fontFiles=[], height=np.float64(0.05), italic=False, languageStyle='LTR', name='distr', opacity=1, ori=165, pos=array([ 0.39301329, -0.08572021]), rgb=UNKNOWN, text='L', units='height', win=Window(...), wrapWidth=1)
131.6894 	EXP 	Created distr = TextStim(__class__=<class 'psychopy.visual.text.TextStim'>, alignHoriz=method-wrapper(...), alignText='center', alignVert=method-wrapper(...), anchorHoriz='center', anchorVert='center', antialias=True, autoDraw=False, autoLog=True, bold=False, color=array([1., 1., 1.]), colorSpace='rgb', contrast=1.0, depth=-2.0, draggable=False, flipHoriz=False, flipVert=False, font='Open Sans', fontFiles=[], height=np.float64(0.05), italic=False, languageStyle='LTR', name='distr', opacity=1, ori=192, pos=array([ 0.12421936, -0.27836781]), rgb=UNKNOWN, text='L', units='height', win=Window(...), wrapWidth=1)
131.6947 	EXP 	Created distr = TextStim(__class__=<class 'psychopy.visual.text.TextStim'>, alignHoriz=method-wrapper(...), alignText='center', alignVert=method-wrapper(...), anchorHoriz='center', anchorVert='center', antialias=True, autoDraw=False, autoLog=True, bold=False, color=array([1., 1., 1.]), colorSpace='rgb', contrast=1.0, depth=-2.0, draggable=False, flipHoriz=False, flipVert=False, font='Open Sans', fontFiles=[], height=np.float64(0.05), italic=False, languageStyle='LTR', name='distr', opacity=1, ori=10, pos=array([0.28019332, 0.43428928]), rgb=UNKNOWN, text='L', units='height', win=Window(...), wrapWidth=1)
131.6997 	EXP 	Created distr = TextStim(__class__=<class 'psychopy.visual.text.TextStim'>, alignHoriz=method-wrapper(...), alignText='center', alignVert=method-wrapper(...), anchorHoriz='center', anchorVert='center', antialias=True, autoDraw=False, autoLog=True, bold=False, color=array([1., 1., 1.]), colorSpace='rgb', contrast=1.0, depth=-2.0, draggable=False, flipHoriz=False, flipVert=False, font='Open Sans', fontFiles=[], height=np.float64(0.05), italic=False, languageStyle='LTR', name='distr', opacity=1, ori=204, pos=array([ 0.42160394, -0.21796682]), rgb=UNKNOWN, text='L', units='height', win=Window(...), wrapWidth=1)
131.7051 	EXP 	Created distr = TextStim(__class__=<class 'psychopy.visual.text.TextStim'>, alignHoriz=method-wrapper(...), alignText='center', alignVert=method-wrapper(...), anchorHoriz='center', anchorVert='center', antialias=True, autoDraw=False, autoLog=True, bold=False, color=array([1., 1., 1.]), colorSpace='rgb', contrast=1.0, depth=-2.0, draggable=False, flipHoriz=False, flipVert=False, font='Open Sans', fontFiles=[], height=np.float64(0.05), italic=False, languageStyle='LTR', name='distr', opacity=1, ori=63, pos=array([-0.47321519,  0.31070626]), rgb=UNKNOWN, text='L', units='height', win=Window(...), wrapWidth=1)
131.7100 	EXP 	Created distr = TextStim(__class__=<class 'psychopy.visual.text.TextStim'>, alignHoriz=method-wrapper(...), alignText='center', alignVert=method-wrapper(...), anchorHoriz='center', anchorVert='center', antialias=True, autoDraw=False, autoLog=True, bold=False, color=array([1., 1., 1.]), colorSpace='rgb', contrast=1.0, depth=-2.0, draggable=False, flipHoriz=False, flipVert=False, font='Open Sans', fontFiles=[], height=np.float64(0.05), italic=False, languageStyle='LTR', name='distr', opacity=1, ori=202, pos=array([0.09151487, 0.05514538]), rgb=UNKNOWN, text='L', units='height', win=Window(...), wrapWidth=1)
131.7149 	EXP 	Created distr = TextStim(__class__=<class 'psychopy.visual.text.TextStim'>, alignHoriz=method-wrapper(...), alignText='center', alignVert=method-wrapper(...), anchorHoriz='center', anchorVert='center', antialias=True, autoDraw=False, autoLog=True, bold=False, color=array([1., 1., 1.]), colorSpace='rgb', contrast=1.0, depth=-2.0, draggable=False, flipHoriz=False, flipVert=False, font='Open Sans', fontFiles=[], height=np.float64(0.05), italic=False, languageStyle='LTR', name='distr', opacity=1, ori=221, pos=array([0.45304366, 0.16999753]), rgb=UNKNOWN, text='L', units='height', win=Window(...), wrapWidth=1)
131.7199 	EXP 	Created distr = TextStim(__class__=<class 'psychopy.visual.text.TextStim'>, alignHoriz=method-wrapper(...), alignText='center', alignVert=method-wrapper(...), anchorHoriz='center', anchorVert='center', antialias=True, autoDraw=False, autoLog=True, bold=False, color=array([1., 1., 1.]), colorSpace='rgb', contrast=1.0, depth=-2.0, draggable=False, flipHoriz=False, flipVert=False, font='Open Sans', fontFiles=[], height=np.float64(0.05), italic=False, languageStyle='LTR', name='distr', opacity=1, ori=322, pos=array([0.47119928, 0.07558579]), rgb=UNKNOWN, text='L', units='height', win=Window(...), wrapWidth=1)
131.7249 	EXP 	Created distr = TextStim(__class__=<class 'psychopy.visual.text.TextStim'>, alignHoriz=method-wrapper(...), alignText='center', alignVert=method-wrapper(...), anchorHoriz='center', anchorVert='center', antialias=True, autoDraw=False, autoLog=True, bold=False, color=array([1., 1., 1.]), colorSpace='rgb', contrast=1.0, depth=-2.0, draggable=False, flipHoriz=False, flipVert=False, font='Open Sans', fontFiles=[], height=np.float64(0.05), italic=False, languageStyle='LTR', name='distr', opacity=1, ori=325, pos=array([0.20029878, 0.31231536]), rgb=UNKNOWN, text='L', units='height', win=Window(...), wrapWidth=1)
131.7301 	EXP 	Created distr = TextStim(__class__=<class 'psychopy.visual.text.TextStim'>, alignHoriz=method-wrapper(...), alignText='center', alignVert=method-wrapper(...), anchorHoriz='center', anchorVert='center', antialias=True, autoDraw=False, autoLog=True, bold=False, color=array([1., 1., 1.]), colorSpace='rgb', contrast=1.0, depth=-2.0, draggable=False, flipHoriz=False, flipVert=False, font='Open Sans', fontFiles=[], height=np.float64(0.05), italic=False, languageStyle='LTR', name='distr', opacity=1, ori=263, pos=array([ 0.10386883, -0.37839851]), rgb=UNKNOWN, text='L', units='height', win=Window(...), wrapWidth=1)
131.7366 	DATA 	Mouse:  Left button up, pos=(761,384)
131.7395 	EXP 	fixation: autoDraw = False
131.7395 	EXP 	target: autoDraw = False
131.7395 	EXP 	distr: autoDraw = False
131.7395 	EXP 	distr: autoDraw = False
131.7395 	EXP 	distr: autoDraw = False
131.7395 	EXP 	distr: autoDraw = False
131.7395 	EXP 	distr: autoDraw = False
131.7395 	EXP 	distr: autoDraw = False
131.7395 	EXP 	distr: autoDraw = False
131.7395 	EXP 	distr: autoDraw = False
131.7395 	EXP 	distr: autoDraw = False
131.7395 	EXP 	distr: autoDraw = False
131.7395 	EXP 	distr: autoDraw = True
131.7395 	EXP 	distr: autoDraw = True
131.7395 	EXP 	distr: autoDraw = True
131.7395 	EXP 	distr: autoDraw = True
131.7395 	EXP 	distr: autoDraw = True
131.7395 	EXP 	distr: autoDraw = True
131.7395 	EXP 	distr: autoDraw = True
131.7395 	EXP 	distr: autoDraw = True
131.7395 	EXP 	distr: autoDraw = True
131.7395 	EXP 	distr: autoDraw = True
131.7395 	EXP 	fixation: autoDraw = True
131.7395 	EXP 	target: autoDraw = True
133.1891 	DATA 	Mouse: Left button down, pos=(401,269)
133.1903 	EXP 	New trial (rep=83, index=0): <Trial 83 (0 in rep 83) data={'thisN': 83, 'thisTrialN': 0, 'thisRepN': 83}>
133.1988 	EXP 	Created distr = TextStim(__class__=<class 'psychopy.visual.text.TextStim'>, alignHoriz=method-wrapper(...), alignText='center', alignVert=method-wrapper(...), anchorHoriz='center', anchorVert='center', antialias=True, autoDraw=False, autoLog=True, bold=False, color=array([1., 1., 1.]), colorSpace='rgb', contrast=1.0, depth=-2.0, draggable=False, flipHoriz=False, flipVert=False, font='Open Sans', fontFiles=[], height=np.float64(0.05), italic=False, languageStyle='LTR', name='distr', opacity=1, ori=1, pos=array([-0.29530222,  0.28734649]), rgb=UNKNOWN, text='L', units='height', win=Window(...), wrapWidth=1)
133.2102 	EXP 	Created distr = TextStim(__class__=<class 'psychopy.visual.text.TextStim'>, alignHoriz=method-wrapper(...), alignText='center', alignVert=method-wrapper(...), anchorHoriz='center', anchorVert='center', antialias=True, autoDraw=False, autoLog=True, bold=False, color=array([1., 1., 1.]), colorSpace='rgb', contrast=1.0, depth=-2.0, draggable=False, flipHoriz=False, flipVert=False, font='Open Sans', fontFiles=[], height=np.float64(0.05), italic=False, languageStyle='LTR', name='distr', opacity=1, ori=95, pos=array([-0.32312989, -0.40640894]), rgb=UNKNOWN, text='L', units='height', win=Window(...), wrapWidth=1)
133.2162 	EXP 	Created distr = TextStim(__class__=<class 'psychopy.visual.text.TextStim'>, alignHoriz=method-wrapper(...), alignText='center', alignVert=method-wrapper(...), anchorHoriz='center', anchorVert='center', antialias=True, autoDraw=False, autoLog=True, bold=False, color=array([1., 1., 1.]), colorSpace='rgb', contrast=1.0, depth=-2.0, draggable=False, flipHoriz=False, flipVert=False, font='Open Sans', fontFiles=[], height=np.float64(0.05), italic=False, languageStyle='LTR', name='distr', opacity=1, ori=75, pos=array([0.35415312, 0.23596197]), rgb=UNKNOWN, text='L', units='height', win=Window(...), wrapWidth=1)
133.2213 	EXP 	Created distr = TextStim(__class__=<class 'psychopy.visual.text.TextStim'>, alignHoriz=method-wrapper(...), alignText='center', alignVert=method-wrapper(...), anchorHoriz='center', anchorVert='center', antialias=True, autoDraw=False, autoLog=True, bold=False, color=array([1., 1., 1.]), colorSpace='rgb', contrast=1.0, depth=-2.0, draggable=False, flipHoriz=False, flipVert=False, font='Open Sans', fontFiles=[], height=np.float64(0.05), italic=False, languageStyle='LTR', name='distr', opacity=1, ori=277, pos=array([0.24089325, 0.03445928]), rgb=UNKNOWN, text='L', units='height', win=Window(...), wrapWidth=1)
133.2275 	EXP 	Created distr = TextStim(__class__=<class 'psychopy.visual.text.TextStim'>, alignHoriz=method-wrapper(...), alignText='center', alignVert=method-wrapper(...), anchorHoriz='center', anchorVert='center', antialias=True, autoDraw=False, autoLog=True, bold=False, color=array([1., 1., 1.]), colorSpace='rgb', contrast=1.0, depth=-2.0, draggable=False, flipHoriz=False, flipVert=False, font='Open Sans', fontFiles=[], height=np.float64(0.05), italic=False, languageStyle='LTR', name='distr', opacity=1, ori=89, pos=array([-0.03873964, -0.44653557]), rgb=UNKNOWN, text='L', units='height', win=Window(...), wrapWidth=1)
133.2340 	EXP 	fixation: autoDraw = False
133.2340 	EXP 	target: autoDraw = False
133.2340 	EXP 	distr: autoDraw = False
133.2340 	EXP 	distr: autoDraw = False
133.2340 	EXP 	distr: autoDraw = False
133.2340 	EXP 	distr: autoDraw = False
133.2340 	EXP 	distr: autoDraw = False
133.2340 	EXP 	distr: autoDraw = False
133.2340 	EXP 	distr: autoDraw = False
133.2340 	EXP 	distr: autoDraw = False
133.2340 	EXP 	distr: autoDraw = False
133.2340 	EXP 	distr: autoDraw = False
133.2340 	EXP 	distr: autoDraw = True
133.2340 	EXP 	distr: autoDraw = True
133.2340 	EXP 	distr: autoDraw = True
133.2340 	EXP 	distr: autoDraw = True
133.2340 	EXP 	distr: autoDraw = True
133.2340 	EXP 	fixation: autoDraw = True
133.2340 	EXP 	target: autoDraw = True
133.2707 	DATA 	Mouse:  Left button up, pos=(401,269)
134.5561 	DATA 	Mouse: Left button down, pos=(505,739)
134.5576 	EXP 	New trial (rep=84, index=0): <Trial 84 (0 in rep 84) data={'thisN': 84, 'thisTrialN': 0, 'thisRepN': 84}>
134.5700 	EXP 	Created distr = TextStim(__class__=<class 'psychopy.visual.text.TextStim'>, alignHoriz=method-wrapper(...), alignText='center', alignVert=method-wrapper(...), anchorHoriz='center', anchorVert='center', antialias=True, autoDraw=False, autoLog=True, bold=False, color=array([1., 1., 1.]), colorSpace='rgb', contrast=1.0, depth=-2.0, draggable=False, flipHoriz=False, flipVert=False, font='Open Sans', fontFiles=[], height=np.float64(0.05), italic=False, languageStyle='LTR', name='distr', opacity=1, ori=169, pos=array([0.35768954, 0.44643808]), rgb=UNKNOWN, text='L', units='height', win=Window(...), wrapWidth=1)
134.5763 	EXP 	Created distr = TextStim(__class__=<class 'psychopy.visual.text.TextStim'>, alignHoriz=method-wrapper(...), alignText='center', alignVert=method-wrapper(...), anchorHoriz='center', anchorVert='center', antialias=True, autoDraw=False, autoLog=True, bold=False, color=array([1., 1., 1.]), colorSpace='rgb', contrast=1.0, depth=-2.0, draggable=False, flipHoriz=False, flipVert=False, font='Open Sans', fontFiles=[], height=np.float64(0.05), italic=False, languageStyle='LTR', name='distr', opacity=1, ori=334, pos=array([-0.35778264,  0.04398188]), rgb=UNKNOWN, text='L', units='height', win=Window(...), wrapWidth=1)
134.5818 	EXP 	Created distr = TextStim(__class__=<class 'psychopy.visual.text.TextStim'>, alignHoriz=method-wrapper(...), alignText='center', alignVert=method-wrapper(...), anchorHoriz='center', anchorVert='center', antialias=True, autoDraw=False, autoLog=True, bold=False, color=array([1., 1., 1.]), colorSpace='rgb', contrast=1.0, depth=-2.0, draggable=False, flipHoriz=False, flipVert=False, font='Open Sans', fontFiles=[], height=np.float64(0.05), italic=False, languageStyle='LTR', name='distr', opacity=1, ori=172, pos=array([-0.13716017, -0.10274068]), rgb=UNKNOWN, text='L', units='height', win=Window(...), wrapWidth=1)
134.5871 	EXP 	Created distr = TextStim(__class__=<class 'psychopy.visual.text.TextStim'>, alignHoriz=method-wrapper(...), alignText='center', alignVert=method-wrapper(...), anchorHoriz='center', anchorVert='center', antialias=True, autoDraw=False, autoLog=True, bold=False, color=array([1., 1., 1.]), colorSpace='rgb', contrast=1.0, depth=-2.0, draggable=False, flipHoriz=False, flipVert=False, font='Open Sans', fontFiles=[], height=np.float64(0.05), italic=False, languageStyle='LTR', name='distr', opacity=1, ori=339, pos=array([0.35246803, 0.05369305]), rgb=UNKNOWN, text='L', units='height', win=Window(...), wrapWidth=1)
134.5925 	EXP 	Created distr = TextStim(__class__=<class 'psychopy.visual.text.TextStim'>, alignHoriz=method-wrapper(...), alignText='center', alignVert=method-wrapper(...), anchorHoriz='center', anchorVert='center', antialias=True, autoDraw=False, autoLog=True, bold=False, color=array([1., 1., 1.]), colorSpace='rgb', contrast=1.0, depth=-2.0, draggable=False, flipHoriz=False, flipVert=False, font='Open Sans', fontFiles=[], height=np.float64(0.05), italic=False, languageStyle='LTR', name='distr', opacity=1, ori=247, pos=array([ 0.16123339, -0.02639904]), rgb=UNKNOWN, text='L', units='height', win=Window(...), wrapWidth=1)
134.5976 	EXP 	Created distr = TextStim(__class__=<class 'psychopy.visual.text.TextStim'>, alignHoriz=method-wrapper(...), alignText='center', alignVert=method-wrapper(...), anchorHoriz='center', anchorVert='center', antialias=True, autoDraw=False, autoLog=True, bold=False, color=array([1., 1., 1.]), colorSpace='rgb', contrast=1.0, depth=-2.0, draggable=False, flipHoriz=False, flipVert=False, font='Open Sans', fontFiles=[], height=np.float64(0.05), italic=False, languageStyle='LTR', name='distr', opacity=1, ori=153, pos=array([-0.02866858, -0.22515042]), rgb=UNKNOWN, text='L', units='height', win=Window(...), wrapWidth=1)
134.6033 	EXP 	Created distr = TextStim(__class__=<class 'psychopy.visual.text.TextStim'>, alignHoriz=method-wrapper(...), alignText='center', alignVert=method-wrapper(...), anchorHoriz='center', anchorVert='center', antialias=True, autoDraw=False, autoLog=True, bold=False, color=array([1., 1., 1.]), colorSpace='rgb', contrast=1.0, depth=-2.0, draggable=False, flipHoriz=False, flipVert=False, font='Open Sans', fontFiles=[], height=np.float64(0.05), italic=False, languageStyle='LTR', name='distr', opacity=1, ori=49, pos=array([-0.0593236 ,  0.06638061]), rgb=UNKNOWN, text='L', units='height', win=Window(...), wrapWidth=1)
134.6083 	EXP 	Created distr = TextStim(__class__=<class 'psychopy.visual.text.TextStim'>, alignHoriz=method-wrapper(...), alignText='center', alignVert=method-wrapper(...), anchorHoriz='center', anchorVert='center', antialias=True, autoDraw=False, autoLog=True, bold=False, color=array([1., 1., 1.]), colorSpace='rgb', contrast=1.0, depth=-2.0, draggable=False, flipHoriz=False, flipVert=False, font='Open Sans', fontFiles=[], height=np.float64(0.05), italic=False, languageStyle='LTR', name='distr', opacity=1, ori=64, pos=array([-0.10795938,  0.34870511]), rgb=UNKNOWN, text='L', units='height', win=Window(...), wrapWidth=1)
134.6132 	EXP 	Created distr = TextStim(__class__=<class 'psychopy.visual.text.TextStim'>, alignHoriz=method-wrapper(...), alignText='center', alignVert=method-wrapper(...), anchorHoriz='center', anchorVert='center', antialias=True, autoDraw=False, autoLog=True, bold=False, color=array([1., 1., 1.]), colorSpace='rgb', contrast=1.0, depth=-2.0, draggable=False, flipHoriz=False, flipVert=False, font='Open Sans', fontFiles=[], height=np.float64(0.05), italic=False, languageStyle='LTR', name='distr', opacity=1, ori=242, pos=array([0.34804122, 0.14913074]), rgb=UNKNOWN, text='L', units='height', win=Window(...), wrapWidth=1)
134.6183 	EXP 	Created distr = TextStim(__class__=<class 'psychopy.visual.text.TextStim'>, alignHoriz=method-wrapper(...), alignText='center', alignVert=method-wrapper(...), anchorHoriz='center', anchorVert='center', antialias=True, autoDraw=False, autoLog=True, bold=False, color=array([1., 1., 1.]), colorSpace='rgb', contrast=1.0, depth=-2.0, draggable=False, flipHoriz=False, flipVert=False, font='Open Sans', fontFiles=[], height=np.float64(0.05), italic=False, languageStyle='LTR', name='distr', opacity=1, ori=187, pos=array([ 0.39623407, -0.27190547]), rgb=UNKNOWN, text='L', units='height', win=Window(...), wrapWidth=1)
134.6273 	EXP 	fixation: autoDraw = False
134.6273 	EXP 	target: autoDraw = False
134.6273 	EXP 	distr: autoDraw = False
134.6273 	EXP 	distr: autoDraw = False
134.6273 	EXP 	distr: autoDraw = False
134.6273 	EXP 	distr: autoDraw = False
134.6273 	EXP 	distr: autoDraw = False
134.6273 	EXP 	distr: autoDraw = True
134.6273 	EXP 	distr: autoDraw = True
134.6273 	EXP 	distr: autoDraw = True
134.6273 	EXP 	distr: autoDraw = True
134.6273 	EXP 	distr: autoDraw = True
134.6273 	EXP 	distr: autoDraw = True
134.6273 	EXP 	distr: autoDraw = True
134.6273 	EXP 	distr: autoDraw = True
134.6273 	EXP 	distr: autoDraw = True
134.6273 	EXP 	distr: autoDraw = True
134.6273 	EXP 	fixation: autoDraw = True
134.6273 	EXP 	target: autoDraw = True
134.6384 	DATA 	Mouse:  Left button up, pos=(505,739)
136.3702 	DATA 	Mouse: Left button down, pos=(410,310)
136.3749 	EXP 	New trial (rep=85, index=0): <Trial 85 (0 in rep 85) data={'thisN': 85, 'thisTrialN': 0, 'thisRepN': 85}>
136.3832 	EXP 	Created distr = TextStim(__class__=<class 'psychopy.visual.text.TextStim'>, alignHoriz=method-wrapper(...), alignText='center', alignVert=method-wrapper(...), anchorHoriz='center', anchorVert='center', antialias=True, autoDraw=False, autoLog=True, bold=False, color=array([1., 1., 1.]), colorSpace='rgb', contrast=1.0, depth=-2.0, draggable=False, flipHoriz=False, flipVert=False, font='Open Sans', fontFiles=[], height=np.float64(0.05), italic=False, languageStyle='LTR', name='distr', opacity=1, ori=153, pos=array([-0.003832  ,  0.42279477]), rgb=UNKNOWN, text='L', units='height', win=Window(...), wrapWidth=1)
136.3896 	EXP 	Created distr = TextStim(__class__=<class 'psychopy.visual.text.TextStim'>, alignHoriz=method-wrapper(...), alignText='center', alignVert=method-wrapper(...), anchorHoriz='center', anchorVert='center', antialias=True, autoDraw=False, autoLog=True, bold=False, color=array([1., 1., 1.]), colorSpace='rgb', contrast=1.0, depth=-2.0, draggable=False, flipHoriz=False, flipVert=False, font='Open Sans', fontFiles=[], height=np.float64(0.05), italic=False, languageStyle='LTR', name='distr', opacity=1, ori=118, pos=array([0.36888704, 0.36152576]), rgb=UNKNOWN, text='L', units='height', win=Window(...), wrapWidth=1)
136.3950 	EXP 	Created distr = TextStim(__class__=<class 'psychopy.visual.text.TextStim'>, alignHoriz=method-wrapper(...), alignText='center', alignVert=method-wrapper(...), anchorHoriz='center', anchorVert='center', antialias=True, autoDraw=False, autoLog=True, bold=False, color=array([1., 1., 1.]), colorSpace='rgb', contrast=1.0, depth=-2.0, draggable=False, flipHoriz=False, flipVert=False, font='Open Sans', fontFiles=[], height=np.float64(0.05), italic=False, languageStyle='LTR', name='distr', opacity=1, ori=289, pos=array([0.49611459, 0.4436918 ]), rgb=UNKNOWN, text='L', units='height', win=Window(...), wrapWidth=1)
136.4000 	EXP 	Created distr = TextStim(__class__=<class 'psychopy.visual.text.TextStim'>, alignHoriz=method-wrapper(...), alignText='center', alignVert=method-wrapper(...), anchorHoriz='center', anchorVert='center', antialias=True, autoDraw=False, autoLog=True, bold=False, color=array([1., 1., 1.]), colorSpace='rgb', contrast=1.0, depth=-2.0, draggable=False, flipHoriz=False, flipVert=False, font='Open Sans', fontFiles=[], height=np.float64(0.05), italic=False, languageStyle='LTR', name='distr', opacity=1, ori=182, pos=array([0.04055434, 0.20632987]), rgb=UNKNOWN, text='L', units='height', win=Window(...), wrapWidth=1)
136.4053 	EXP 	Created distr = TextStim(__class__=<class 'psychopy.visual.text.TextStim'>, alignHoriz=method-wrapper(...), alignText='center', alignVert=method-wrapper(...), anchorHoriz='center', anchorVert='center', antialias=True, autoDraw=False, autoLog=True, bold=False, color=array([1., 1., 1.]), colorSpace='rgb', contrast=1.0, depth=-2.0, draggable=False, flipHoriz=False, flipVert=False, font='Open Sans', fontFiles=[], height=np.float64(0.05), italic=False, languageStyle='LTR', name='distr', opacity=1, ori=20, pos=array([0.36241228, 0.18159279]), rgb=UNKNOWN, text='L', units='height', win=Window(...), wrapWidth=1)
136.4116 	EXP 	fixation: autoDraw = False
136.4116 	EXP 	target: autoDraw = False
136.4116 	EXP 	distr: autoDraw = False
136.4116 	EXP 	distr: autoDraw = False
136.4116 	EXP 	distr: autoDraw = False
136.4116 	EXP 	distr: autoDraw = False
136.4116 	EXP 	distr: autoDraw = False
136.4116 	EXP 	distr: autoDraw = False
136.4116 	EXP 	distr: autoDraw = False
136.4116 	EXP 	distr: autoDraw = False
136.4116 	EXP 	distr: autoDraw = False
136.4116 	EXP 	distr: autoDraw = False
136.4116 	EXP 	distr: autoDraw = True
136.4116 	EXP 	distr: autoDraw = True
136.4116 	EXP 	distr: autoDraw = True
136.4116 	EXP 	distr: autoDraw = True
136.4116 	EXP 	distr: autoDraw = True
136.4116 	EXP 	fixation: autoDraw = True
136.4116 	EXP 	target: autoDraw = True
136.4706 	DATA 	Mouse:  Left button up, pos=(410,310)
138.0543 	DATA 	Mouse: Left button down, pos=(1041,89)
138.0595 	EXP 	New trial (rep=86, index=0): <Trial 86 (0 in rep 86) data={'thisN': 86, 'thisTrialN': 0, 'thisRepN': 86}>
138.0707 	EXP 	Created distr = TextStim(__class__=<class 'psychopy.visual.text.TextStim'>, alignHoriz=method-wrapper(...), alignText='center', alignVert=method-wrapper(...), anchorHoriz='center', anchorVert='center', antialias=True, autoDraw=False, autoLog=True, bold=False, color=array([1., 1., 1.]), colorSpace='rgb', contrast=1.0, depth=-2.0, draggable=False, flipHoriz=False, flipVert=False, font='Open Sans', fontFiles=[], height=np.float64(0.05), italic=False, languageStyle='LTR', name='distr', opacity=1, ori=9, pos=array([ 0.39969705, -0.33547986]), rgb=UNKNOWN, text='L', units='height', win=Window(...), wrapWidth=1)
138.0772 	EXP 	Created distr = TextStim(__class__=<class 'psychopy.visual.text.TextStim'>, alignHoriz=method-wrapper(...), alignText='center', alignVert=method-wrapper(...), anchorHoriz='center', anchorVert='center', antialias=True, autoDraw=False, autoLog=True, bold=False, color=array([1., 1., 1.]), colorSpace='rgb', contrast=1.0, depth=-2.0, draggable=False, flipHoriz=False, flipVert=False, font='Open Sans', fontFiles=[], height=np.float64(0.05), italic=False, languageStyle='LTR', name='distr', opacity=1, ori=217, pos=array([ 0.20751222, -0.12514871]), rgb=UNKNOWN, text='L', units='height', win=Window(...), wrapWidth=1)
138.0829 	EXP 	Created distr = TextStim(__class__=<class 'psychopy.visual.text.TextStim'>, alignHoriz=method-wrapper(...), alignText='center', alignVert=method-wrapper(...), anchorHoriz='center', anchorVert='center', antialias=True, autoDraw=False, autoLog=True, bold=False, color=array([1., 1., 1.]), colorSpace='rgb', contrast=1.0, depth=-2.0, draggable=False, flipHoriz=False, flipVert=False, font='Open Sans', fontFiles=[], height=np.float64(0.05), italic=False, languageStyle='LTR', name='distr', opacity=1, ori=77, pos=array([-0.20124637,  0.06977968]), rgb=UNKNOWN, text='L', units='height', win=Window(...), wrapWidth=1)
138.0881 	EXP 	Created distr = TextStim(__class__=<class 'psychopy.visual.text.TextStim'>, alignHoriz=method-wrapper(...), alignText='center', alignVert=method-wrapper(...), anchorHoriz='center', anchorVert='center', antialias=True, autoDraw=False, autoLog=True, bold=False, color=array([1., 1., 1.]), colorSpace='rgb', contrast=1.0, depth=-2.0, draggable=False, flipHoriz=False, flipVert=False, font='Open Sans', fontFiles=[], height=np.float64(0.05), italic=False, languageStyle='LTR', name='distr', opacity=1, ori=109, pos=array([-0.35979029, -0.05516076]), rgb=UNKNOWN, text='L', units='height', win=Window(...), wrapWidth=1)
138.0933 	EXP 	Created distr = TextStim(__class__=<class 'psychopy.visual.text.TextStim'>, alignHoriz=method-wrapper(...), alignText='center', alignVert=method-wrapper(...), anchorHoriz='center', anchorVert='center', antialias=True, autoDraw=False, autoLog=True, bold=False, color=array([1., 1., 1.]), colorSpace='rgb', contrast=1.0, depth=-2.0, draggable=False, flipHoriz=False, flipVert=False, font='Open Sans', fontFiles=[], height=np.float64(0.05), italic=False, languageStyle='LTR', name='distr', opacity=1, ori=329, pos=array([-0.43371047,  0.41091726]), rgb=UNKNOWN, text='L', units='height', win=Window(...), wrapWidth=1)
138.0983 	EXP 	Created distr = TextStim(__class__=<class 'psychopy.visual.text.TextStim'>, alignHoriz=method-wrapper(...), alignText='center', alignVert=method-wrapper(...), anchorHoriz='center', anchorVert='center', antialias=True, autoDraw=False, autoLog=True, bold=False, color=array([1., 1., 1.]), colorSpace='rgb', contrast=1.0, depth=-2.0, draggable=False, flipHoriz=False, flipVert=False, font='Open Sans', fontFiles=[], height=np.float64(0.05), italic=False, languageStyle='LTR', name='distr', opacity=1, ori=274, pos=array([ 0.29031177, -0.00970969]), rgb=UNKNOWN, text='L', units='height', win=Window(...), wrapWidth=1)
138.1033 	EXP 	Created distr = TextStim(__class__=<class 'psychopy.visual.text.TextStim'>, alignHoriz=method-wrapper(...), alignText='center', alignVert=method-wrapper(...), anchorHoriz='center', anchorVert='center', antialias=True, autoDraw=False, autoLog=True, bold=False, color=array([1., 1., 1.]), colorSpace='rgb', contrast=1.0, depth=-2.0, draggable=False, flipHoriz=False, flipVert=False, font='Open Sans', fontFiles=[], height=np.float64(0.05), italic=False, languageStyle='LTR', name='distr', opacity=1, ori=72, pos=array([-0.26457215, -0.25913544]), rgb=UNKNOWN, text='L', units='height', win=Window(...), wrapWidth=1)
138.1083 	EXP 	Created distr = TextStim(__class__=<class 'psychopy.visual.text.TextStim'>, alignHoriz=method-wrapper(...), alignText='center', alignVert=method-wrapper(...), anchorHoriz='center', anchorVert='center', antialias=True, autoDraw=False, autoLog=True, bold=False, color=array([1., 1., 1.]), colorSpace='rgb', contrast=1.0, depth=-2.0, draggable=False, flipHoriz=False, flipVert=False, font='Open Sans', fontFiles=[], height=np.float64(0.05), italic=False, languageStyle='LTR', name='distr', opacity=1, ori=312, pos=array([ 0.05753942, -0.06713961]), rgb=UNKNOWN, text='L', units='height', win=Window(...), wrapWidth=1)
138.1132 	EXP 	Created distr = TextStim(__class__=<class 'psychopy.visual.text.TextStim'>, alignHoriz=method-wrapper(...), alignText='center', alignVert=method-wrapper(...), anchorHoriz='center', anchorVert='center', antialias=True, autoDraw=False, autoLog=True, bold=False, color=array([1., 1., 1.]), colorSpace='rgb', contrast=1.0, depth=-2.0, draggable=False, flipHoriz=False, flipVert=False, font='Open Sans', fontFiles=[], height=np.float64(0.05), italic=False, languageStyle='LTR', name='distr', opacity=1, ori=145, pos=array([0.24810329, 0.18696412]), rgb=UNKNOWN, text='L', units='height', win=Window(...), wrapWidth=1)
138.1183 	EXP 	Created distr = TextStim(__class__=<class 'psychopy.visual.text.TextStim'>, alignHoriz=method-wrapper(...), alignText='center', alignVert=method-wrapper(...), anchorHoriz='center', anchorVert='center', antialias=True, autoDraw=False, autoLog=True, bold=False, color=array([1., 1., 1.]), colorSpace='rgb', contrast=1.0, depth=-2.0, draggable=False, flipHoriz=False, flipVert=False, font='Open Sans', fontFiles=[], height=np.float64(0.05), italic=False, languageStyle='LTR', name='distr', opacity=1, ori=126, pos=array([-0.19048414,  0.30922116]), rgb=UNKNOWN, text='L', units='height', win=Window(...), wrapWidth=1)
138.1251 	DATA 	Mouse:  Left button up, pos=(1041,89)
138.1280 	EXP 	fixation: autoDraw = False
138.1280 	EXP 	target: autoDraw = False
138.1280 	EXP 	distr: autoDraw = False
138.1280 	EXP 	distr: autoDraw = False
138.1280 	EXP 	distr: autoDraw = False
138.1280 	EXP 	distr: autoDraw = False
138.1280 	EXP 	distr: autoDraw = False
138.1280 	EXP 	distr: autoDraw = True
138.1280 	EXP 	distr: autoDraw = True
138.1280 	EXP 	distr: autoDraw = True
138.1280 	EXP 	distr: autoDraw = True
138.1280 	EXP 	distr: autoDraw = True
138.1280 	EXP 	distr: autoDraw = True
138.1280 	EXP 	distr: autoDraw = True
138.1280 	EXP 	distr: autoDraw = True
138.1280 	EXP 	distr: autoDraw = True
138.1280 	EXP 	distr: autoDraw = True
138.1280 	EXP 	fixation: autoDraw = True
138.1280 	EXP 	target: autoDraw = True
139.4201 	DATA 	Mouse: Left button down, pos=(1017,418)
139.4250 	EXP 	New trial (rep=87, index=0): <Trial 87 (0 in rep 87) data={'thisN': 87, 'thisTrialN': 0, 'thisRepN': 87}>
139.4333 	EXP 	Created distr = TextStim(__class__=<class 'psychopy.visual.text.TextStim'>, alignHoriz=method-wrapper(...), alignText='center', alignVert=method-wrapper(...), anchorHoriz='center', anchorVert='center', antialias=True, autoDraw=False, autoLog=True, bold=False, color=array([1., 1., 1.]), colorSpace='rgb', contrast=1.0, depth=-2.0, draggable=False, flipHoriz=False, flipVert=False, font='Open Sans', fontFiles=[], height=np.float64(0.05), italic=False, languageStyle='LTR', name='distr', opacity=1, ori=350, pos=array([-0.3568781 , -0.43059217]), rgb=UNKNOWN, text='L', units='height', win=Window(...), wrapWidth=1)
139.4394 	EXP 	Created distr = TextStim(__class__=<class 'psychopy.visual.text.TextStim'>, alignHoriz=method-wrapper(...), alignText='center', alignVert=method-wrapper(...), anchorHoriz='center', anchorVert='center', antialias=True, autoDraw=False, autoLog=True, bold=False, color=array([1., 1., 1.]), colorSpace='rgb', contrast=1.0, depth=-2.0, draggable=False, flipHoriz=False, flipVert=False, font='Open Sans', fontFiles=[], height=np.float64(0.05), italic=False, languageStyle='LTR', name='distr', opacity=1, ori=214, pos=array([ 0.32279209, -0.13737191]), rgb=UNKNOWN, text='L', units='height', win=Window(...), wrapWidth=1)
139.4446 	EXP 	Created distr = TextStim(__class__=<class 'psychopy.visual.text.TextStim'>, alignHoriz=method-wrapper(...), alignText='center', alignVert=method-wrapper(...), anchorHoriz='center', anchorVert='center', antialias=True, autoDraw=False, autoLog=True, bold=False, color=array([1., 1., 1.]), colorSpace='rgb', contrast=1.0, depth=-2.0, draggable=False, flipHoriz=False, flipVert=False, font='Open Sans', fontFiles=[], height=np.float64(0.05), italic=False, languageStyle='LTR', name='distr', opacity=1, ori=346, pos=array([0.27093981, 0.48863881]), rgb=UNKNOWN, text='L', units='height', win=Window(...), wrapWidth=1)
139.4496 	EXP 	Created distr = TextStim(__class__=<class 'psychopy.visual.text.TextStim'>, alignHoriz=method-wrapper(...), alignText='center', alignVert=method-wrapper(...), anchorHoriz='center', anchorVert='center', antialias=True, autoDraw=False, autoLog=True, bold=False, color=array([1., 1., 1.]), colorSpace='rgb', contrast=1.0, depth=-2.0, draggable=False, flipHoriz=False, flipVert=False, font='Open Sans', fontFiles=[], height=np.float64(0.05), italic=False, languageStyle='LTR', name='distr', opacity=1, ori=135, pos=array([-0.1606862 ,  0.36878563]), rgb=UNKNOWN, text='L', units='height', win=Window(...), wrapWidth=1)
139.4551 	EXP 	Created distr = TextStim(__class__=<class 'psychopy.visual.text.TextStim'>, alignHoriz=method-wrapper(...), alignText='center', alignVert=method-wrapper(...), anchorHoriz='center', anchorVert='center', antialias=True, autoDraw=False, autoLog=True, bold=False, color=array([1., 1., 1.]), colorSpace='rgb', contrast=1.0, depth=-2.0, draggable=False, flipHoriz=False, flipVert=False, font='Open Sans', fontFiles=[], height=np.float64(0.05), italic=False, languageStyle='LTR', name='distr', opacity=1, ori=79, pos=array([-0.21118689,  0.44070962]), rgb=UNKNOWN, text='L', units='height', win=Window(...), wrapWidth=1)
139.4617 	EXP 	fixation: autoDraw = False
139.4617 	EXP 	target: autoDraw = False
139.4617 	EXP 	distr: autoDraw = False
139.4617 	EXP 	distr: autoDraw = False
139.4617 	EXP 	distr: autoDraw = False
139.4617 	EXP 	distr: autoDraw = False
139.4617 	EXP 	distr: autoDraw = False
139.4617 	EXP 	distr: autoDraw = False
139.4617 	EXP 	distr: autoDraw = False
139.4617 	EXP 	distr: autoDraw = False
139.4617 	EXP 	distr: autoDraw = False
139.4617 	EXP 	distr: autoDraw = False
139.4617 	EXP 	distr: autoDraw = True
139.4617 	EXP 	distr: autoDraw = True
139.4617 	EXP 	distr: autoDraw = True
139.4617 	EXP 	distr: autoDraw = True
139.4617 	EXP 	distr: autoDraw = True
139.4617 	EXP 	fixation: autoDraw = True
139.4617 	EXP 	target: autoDraw = True
139.5038 	DATA 	Mouse:  Left button up, pos=(1018,418)
140.5703 	DATA 	Mouse: Left button down, pos=(1075,767)
140.5753 	EXP 	New trial (rep=88, index=0): <Trial 88 (0 in rep 88) data={'thisN': 88, 'thisTrialN': 0, 'thisRepN': 88}>
140.5864 	EXP 	Created distr = TextStim(__class__=<class 'psychopy.visual.text.TextStim'>, alignHoriz=method-wrapper(...), alignText='center', alignVert=method-wrapper(...), anchorHoriz='center', anchorVert='center', antialias=True, autoDraw=False, autoLog=True, bold=False, color=array([1., 1., 1.]), colorSpace='rgb', contrast=1.0, depth=-2.0, draggable=False, flipHoriz=False, flipVert=False, font='Open Sans', fontFiles=[], height=np.float64(0.05), italic=False, languageStyle='LTR', name='distr', opacity=1, ori=81, pos=array([0.19326275, 0.38708575]), rgb=UNKNOWN, text='L', units='height', win=Window(...), wrapWidth=1)
140.5930 	EXP 	Created distr = TextStim(__class__=<class 'psychopy.visual.text.TextStim'>, alignHoriz=method-wrapper(...), alignText='center', alignVert=method-wrapper(...), anchorHoriz='center', anchorVert='center', antialias=True, autoDraw=False, autoLog=True, bold=False, color=array([1., 1., 1.]), colorSpace='rgb', contrast=1.0, depth=-2.0, draggable=False, flipHoriz=False, flipVert=False, font='Open Sans', fontFiles=[], height=np.float64(0.05), italic=False, languageStyle='LTR', name='distr', opacity=1, ori=281, pos=array([0.02495204, 0.0125547 ]), rgb=UNKNOWN, text='L', units='height', win=Window(...), wrapWidth=1)
140.5986 	EXP 	Created distr = TextStim(__class__=<class 'psychopy.visual.text.TextStim'>, alignHoriz=method-wrapper(...), alignText='center', alignVert=method-wrapper(...), anchorHoriz='center', anchorVert='center', antialias=True, autoDraw=False, autoLog=True, bold=False, color=array([1., 1., 1.]), colorSpace='rgb', contrast=1.0, depth=-2.0, draggable=False, flipHoriz=False, flipVert=False, font='Open Sans', fontFiles=[], height=np.float64(0.05), italic=False, languageStyle='LTR', name='distr', opacity=1, ori=115, pos=array([-0.34752323, -0.02248201]), rgb=UNKNOWN, text='L', units='height', win=Window(...), wrapWidth=1)
140.6036 	EXP 	Created distr = TextStim(__class__=<class 'psychopy.visual.text.TextStim'>, alignHoriz=method-wrapper(...), alignText='center', alignVert=method-wrapper(...), anchorHoriz='center', anchorVert='center', antialias=True, autoDraw=False, autoLog=True, bold=False, color=array([1., 1., 1.]), colorSpace='rgb', contrast=1.0, depth=-2.0, draggable=False, flipHoriz=False, flipVert=False, font='Open Sans', fontFiles=[], height=np.float64(0.05), italic=False, languageStyle='LTR', name='distr', opacity=1, ori=167, pos=array([0.16024165, 0.2539696 ]), rgb=UNKNOWN, text='L', units='height', win=Window(...), wrapWidth=1)
140.6089 	EXP 	Created distr = TextStim(__class__=<class 'psychopy.visual.text.TextStim'>, alignHoriz=method-wrapper(...), alignText='center', alignVert=method-wrapper(...), anchorHoriz='center', anchorVert='center', antialias=True, autoDraw=False, autoLog=True, bold=False, color=array([1., 1., 1.]), colorSpace='rgb', contrast=1.0, depth=-2.0, draggable=False, flipHoriz=False, flipVert=False, font='Open Sans', fontFiles=[], height=np.float64(0.05), italic=False, languageStyle='LTR', name='distr', opacity=1, ori=149, pos=array([0.01901388, 0.21451028]), rgb=UNKNOWN, text='L', units='height', win=Window(...), wrapWidth=1)
140.6139 	EXP 	Created distr = TextStim(__class__=<class 'psychopy.visual.text.TextStim'>, alignHoriz=method-wrapper(...), alignText='center', alignVert=method-wrapper(...), anchorHoriz='center', anchorVert='center', antialias=True, autoDraw=False, autoLog=True, bold=False, color=array([1., 1., 1.]), colorSpace='rgb', contrast=1.0, depth=-2.0, draggable=False, flipHoriz=False, flipVert=False, font='Open Sans', fontFiles=[], height=np.float64(0.05), italic=False, languageStyle='LTR', name='distr', opacity=1, ori=36, pos=array([0.0030269 , 0.27916663]), rgb=UNKNOWN, text='L', units='height', win=Window(...), wrapWidth=1)
140.6189 	EXP 	Created distr = TextStim(__class__=<class 'psychopy.visual.text.TextStim'>, alignHoriz=method-wrapper(...), alignText='center', alignVert=method-wrapper(...), anchorHoriz='center', anchorVert='center', antialias=True, autoDraw=False, autoLog=True, bold=False, color=array([1., 1., 1.]), colorSpace='rgb', contrast=1.0, depth=-2.0, draggable=False, flipHoriz=False, flipVert=False, font='Open Sans', fontFiles=[], height=np.float64(0.05), italic=False, languageStyle='LTR', name='distr', opacity=1, ori=181, pos=array([ 0.00353897, -0.33421774]), rgb=UNKNOWN, text='L', units='height', win=Window(...), wrapWidth=1)
140.6239 	EXP 	Created distr = TextStim(__class__=<class 'psychopy.visual.text.TextStim'>, alignHoriz=method-wrapper(...), alignText='center', alignVert=method-wrapper(...), anchorHoriz='center', anchorVert='center', antialias=True, autoDraw=False, autoLog=True, bold=False, color=array([1., 1., 1.]), colorSpace='rgb', contrast=1.0, depth=-2.0, draggable=False, flipHoriz=False, flipVert=False, font='Open Sans', fontFiles=[], height=np.float64(0.05), italic=False, languageStyle='LTR', name='distr', opacity=1, ori=181, pos=array([-0.47754638,  0.46802513]), rgb=UNKNOWN, text='L', units='height', win=Window(...), wrapWidth=1)
140.6288 	EXP 	Created distr = TextStim(__class__=<class 'psychopy.visual.text.TextStim'>, alignHoriz=method-wrapper(...), alignText='center', alignVert=method-wrapper(...), anchorHoriz='center', anchorVert='center', antialias=True, autoDraw=False, autoLog=True, bold=False, color=array([1., 1., 1.]), colorSpace='rgb', contrast=1.0, depth=-2.0, draggable=False, flipHoriz=False, flipVert=False, font='Open Sans', fontFiles=[], height=np.float64(0.05), italic=False, languageStyle='LTR', name='distr', opacity=1, ori=92, pos=array([-0.48661079, -0.21341632]), rgb=UNKNOWN, text='L', units='height', win=Window(...), wrapWidth=1)
140.6339 	EXP 	Created distr = TextStim(__class__=<class 'psychopy.visual.text.TextStim'>, alignHoriz=method-wrapper(...), alignText='center', alignVert=method-wrapper(...), anchorHoriz='center', anchorVert='center', antialias=True, autoDraw=False, autoLog=True, bold=False, color=array([1., 1., 1.]), colorSpace='rgb', contrast=1.0, depth=-2.0, draggable=False, flipHoriz=False, flipVert=False, font='Open Sans', fontFiles=[], height=np.float64(0.05), italic=False, languageStyle='LTR', name='distr', opacity=1, ori=105, pos=array([ 0.4492481 , -0.31096063]), rgb=UNKNOWN, text='L', units='height', win=Window(...), wrapWidth=1)
140.6404 	DATA 	Mouse:  Left button up, pos=(1075,767)
140.6432 	EXP 	fixation: autoDraw = False
140.6432 	EXP 	target: autoDraw = False
140.6432 	EXP 	distr: autoDraw = False
140.6432 	EXP 	distr: autoDraw = False
140.6432 	EXP 	distr: autoDraw = False
140.6432 	EXP 	distr: autoDraw = False
140.6432 	EXP 	distr: autoDraw = False
140.6432 	EXP 	distr: autoDraw = True
140.6432 	EXP 	distr: autoDraw = True
140.6432 	EXP 	distr: autoDraw = True
140.6432 	EXP 	distr: autoDraw = True
140.6432 	EXP 	distr: autoDraw = True
140.6432 	EXP 	distr: autoDraw = True
140.6432 	EXP 	distr: autoDraw = True
140.6432 	EXP 	distr: autoDraw = True
140.6432 	EXP 	distr: autoDraw = True
140.6432 	EXP 	distr: autoDraw = True
140.6432 	EXP 	fixation: autoDraw = True
140.6432 	EXP 	target: autoDraw = True
142.6707 	DATA 	Mouse: Left button down, pos=(1016,103)
142.6757 	EXP 	New trial (rep=89, index=0): <Trial 89 (0 in rep 89) data={'thisN': 89, 'thisTrialN': 0, 'thisRepN': 89}>
142.6865 	EXP 	Created distr = TextStim(__class__=<class 'psychopy.visual.text.TextStim'>, alignHoriz=method-wrapper(...), alignText='center', alignVert=method-wrapper(...), anchorHoriz='center', anchorVert='center', antialias=True, autoDraw=False, autoLog=True, bold=False, color=array([1., 1., 1.]), colorSpace='rgb', contrast=1.0, depth=-2.0, draggable=False, flipHoriz=False, flipVert=False, font='Open Sans', fontFiles=[], height=np.float64(0.05), italic=False, languageStyle='LTR', name='distr', opacity=1, ori=342, pos=array([-0.2014118 , -0.43912466]), rgb=UNKNOWN, text='L', units='height', win=Window(...), wrapWidth=1)
142.6921 	EXP 	Created distr = TextStim(__class__=<class 'psychopy.visual.text.TextStim'>, alignHoriz=method-wrapper(...), alignText='center', alignVert=method-wrapper(...), anchorHoriz='center', anchorVert='center', antialias=True, autoDraw=False, autoLog=True, bold=False, color=array([1., 1., 1.]), colorSpace='rgb', contrast=1.0, depth=-2.0, draggable=False, flipHoriz=False, flipVert=False, font='Open Sans', fontFiles=[], height=np.float64(0.05), italic=False, languageStyle='LTR', name='distr', opacity=1, ori=114, pos=array([-0.25339194, -0.24514694]), rgb=UNKNOWN, text='L', units='height', win=Window(...), wrapWidth=1)
142.6973 	EXP 	Created distr = TextStim(__class__=<class 'psychopy.visual.text.TextStim'>, alignHoriz=method-wrapper(...), alignText='center', alignVert=method-wrapper(...), anchorHoriz='center', anchorVert='center', antialias=True, autoDraw=False, autoLog=True, bold=False, color=array([1., 1., 1.]), colorSpace='rgb', contrast=1.0, depth=-2.0, draggable=False, flipHoriz=False, flipVert=False, font='Open Sans', fontFiles=[], height=np.float64(0.05), italic=False, languageStyle='LTR', name='distr', opacity=1, ori=359, pos=array([0.00827092, 0.48283624]), rgb=UNKNOWN, text='L', units='height', win=Window(...), wrapWidth=1)
142.7025 	EXP 	Created distr = TextStim(__class__=<class 'psychopy.visual.text.TextStim'>, alignHoriz=method-wrapper(...), alignText='center', alignVert=method-wrapper(...), anchorHoriz='center', anchorVert='center', antialias=True, autoDraw=False, autoLog=True, bold=False, color=array([1., 1., 1.]), colorSpace='rgb', contrast=1.0, depth=-2.0, draggable=False, flipHoriz=False, flipVert=False, font='Open Sans', fontFiles=[], height=np.float64(0.05), italic=False, languageStyle='LTR', name='distr', opacity=1, ori=125, pos=array([-0.1451317 ,  0.48247799]), rgb=UNKNOWN, text='L', units='height', win=Window(...), wrapWidth=1)
142.7081 	EXP 	Created distr = TextStim(__class__=<class 'psychopy.visual.text.TextStim'>, alignHoriz=method-wrapper(...), alignText='center', alignVert=method-wrapper(...), anchorHoriz='center', anchorVert='center', antialias=True, autoDraw=False, autoLog=True, bold=False, color=array([1., 1., 1.]), colorSpace='rgb', contrast=1.0, depth=-2.0, draggable=False, flipHoriz=False, flipVert=False, font='Open Sans', fontFiles=[], height=np.float64(0.05), italic=False, languageStyle='LTR', name='distr', opacity=1, ori=340, pos=array([0.47507687, 0.02369792]), rgb=UNKNOWN, text='L', units='height', win=Window(...), wrapWidth=1)
142.7148 	EXP 	fixation: autoDraw = False
142.7148 	EXP 	target: autoDraw = False
142.7148 	EXP 	distr: autoDraw = False
142.7148 	EXP 	distr: autoDraw = False
142.7148 	EXP 	distr: autoDraw = False
142.7148 	EXP 	distr: autoDraw = False
142.7148 	EXP 	distr: autoDraw = False
142.7148 	EXP 	distr: autoDraw = False
142.7148 	EXP 	distr: autoDraw = False
142.7148 	EXP 	distr: autoDraw = False
142.7148 	EXP 	distr: autoDraw = False
142.7148 	EXP 	distr: autoDraw = False
142.7148 	EXP 	distr: autoDraw = True
142.7148 	EXP 	distr: autoDraw = True
142.7148 	EXP 	distr: autoDraw = True
142.7148 	EXP 	distr: autoDraw = True
142.7148 	EXP 	distr: autoDraw = True
142.7148 	EXP 	fixation: autoDraw = True
142.7148 	EXP 	target: autoDraw = True
142.7370 	DATA 	Mouse:  Left button up, pos=(1016,103)
144.4397 	DATA 	Mouse: Left button down, pos=(437,55)
144.4413 	EXP 	New trial (rep=90, index=0): <Trial 90 (0 in rep 90) data={'thisN': 90, 'thisTrialN': 0, 'thisRepN': 90}>
144.4508 	EXP 	Created distr = TextStim(__class__=<class 'psychopy.visual.text.TextStim'>, alignHoriz=method-wrapper(...), alignText='center', alignVert=method-wrapper(...), anchorHoriz='center', anchorVert='center', antialias=True, autoDraw=False, autoLog=True, bold=False, color=array([1., 1., 1.]), colorSpace='rgb', contrast=1.0, depth=-2.0, draggable=False, flipHoriz=False, flipVert=False, font='Open Sans', fontFiles=[], height=np.float64(0.05), italic=False, languageStyle='LTR', name='distr', opacity=1, ori=69, pos=array([ 0.02300638, -0.1186043 ]), rgb=UNKNOWN, text='L', units='height', win=Window(...), wrapWidth=1)
144.4571 	EXP 	Created distr = TextStim(__class__=<class 'psychopy.visual.text.TextStim'>, alignHoriz=method-wrapper(...), alignText='center', alignVert=method-wrapper(...), anchorHoriz='center', anchorVert='center', antialias=True, autoDraw=False, autoLog=True, bold=False, color=array([1., 1., 1.]), colorSpace='rgb', contrast=1.0, depth=-2.0, draggable=False, flipHoriz=False, flipVert=False, font='Open Sans', fontFiles=[], height=np.float64(0.05), italic=False, languageStyle='LTR', name='distr', opacity=1, ori=125, pos=array([ 0.13637937, -0.29098423]), rgb=UNKNOWN, text='L', units='height', win=Window(...), wrapWidth=1)
144.4630 	EXP 	Created distr = TextStim(__class__=<class 'psychopy.visual.text.TextStim'>, alignHoriz=method-wrapper(...), alignText='center', alignVert=method-wrapper(...), anchorHoriz='center', anchorVert='center', antialias=True, autoDraw=False, autoLog=True, bold=False, color=array([1., 1., 1.]), colorSpace='rgb', contrast=1.0, depth=-2.0, draggable=False, flipHoriz=False, flipVert=False, font='Open Sans', fontFiles=[], height=np.float64(0.05), italic=False, languageStyle='LTR', name='distr', opacity=1, ori=10, pos=array([0.17161728, 0.1619495 ]), rgb=UNKNOWN, text='L', units='height', win=Window(...), wrapWidth=1)
144.4682 	EXP 	Created distr = TextStim(__class__=<class 'psychopy.visual.text.TextStim'>, alignHoriz=method-wrapper(...), alignText='center', alignVert=method-wrapper(...), anchorHoriz='center', anchorVert='center', antialias=True, autoDraw=False, autoLog=True, bold=False, color=array([1., 1., 1.]), colorSpace='rgb', contrast=1.0, depth=-2.0, draggable=False, flipHoriz=False, flipVert=False, font='Open Sans', fontFiles=[], height=np.float64(0.05), italic=False, languageStyle='LTR', name='distr', opacity=1, ori=93, pos=array([ 0.23599201, -0.10734859]), rgb=UNKNOWN, text='L', units='height', win=Window(...), wrapWidth=1)
144.4735 	EXP 	Created distr = TextStim(__class__=<class 'psychopy.visual.text.TextStim'>, alignHoriz=method-wrapper(...), alignText='center', alignVert=method-wrapper(...), anchorHoriz='center', anchorVert='center', antialias=True, autoDraw=False, autoLog=True, bold=False, color=array([1., 1., 1.]), colorSpace='rgb', contrast=1.0, depth=-2.0, draggable=False, flipHoriz=False, flipVert=False, font='Open Sans', fontFiles=[], height=np.float64(0.05), italic=False, languageStyle='LTR', name='distr', opacity=1, ori=326, pos=array([-0.00548385,  0.22353535]), rgb=UNKNOWN, text='L', units='height', win=Window(...), wrapWidth=1)
144.4801 	EXP 	fixation: autoDraw = False
144.4801 	EXP 	target: autoDraw = False
144.4801 	EXP 	distr: autoDraw = False
144.4801 	EXP 	distr: autoDraw = False
144.4801 	EXP 	distr: autoDraw = False
144.4801 	EXP 	distr: autoDraw = False
144.4801 	EXP 	distr: autoDraw = False
144.4801 	EXP 	distr: autoDraw = True
144.4801 	EXP 	distr: autoDraw = True
144.4801 	EXP 	distr: autoDraw = True
144.4801 	EXP 	distr: autoDraw = True
144.4801 	EXP 	distr: autoDraw = True
144.4801 	EXP 	fixation: autoDraw = True
144.4801 	EXP 	target: autoDraw = True
144.5033 	DATA 	Mouse:  Left button up, pos=(437,55)
145.4550 	DATA 	Mouse: Left button down, pos=(790,535)
145.4562 	EXP 	New trial (rep=91, index=0): <Trial 91 (0 in rep 91) data={'thisN': 91, 'thisTrialN': 0, 'thisRepN': 91}>
145.4654 	EXP 	Created distr = TextStim(__class__=<class 'psychopy.visual.text.TextStim'>, alignHoriz=method-wrapper(...), alignText='center', alignVert=method-wrapper(...), anchorHoriz='center', anchorVert='center', antialias=True, autoDraw=False, autoLog=True, bold=False, color=array([1., 1., 1.]), colorSpace='rgb', contrast=1.0, depth=-2.0, draggable=False, flipHoriz=False, flipVert=False, font='Open Sans', fontFiles=[], height=np.float64(0.05), italic=False, languageStyle='LTR', name='distr', opacity=1, ori=27, pos=array([-0.21239653, -0.27887831]), rgb=UNKNOWN, text='L', units='height', win=Window(...), wrapWidth=1)
145.4741 	EXP 	Created distr = TextStim(__class__=<class 'psychopy.visual.text.TextStim'>, alignHoriz=method-wrapper(...), alignText='center', alignVert=method-wrapper(...), anchorHoriz='center', anchorVert='center', antialias=True, autoDraw=False, autoLog=True, bold=False, color=array([1., 1., 1.]), colorSpace='rgb', contrast=1.0, depth=-2.0, draggable=False, flipHoriz=False, flipVert=False, font='Open Sans', fontFiles=[], height=np.float64(0.05), italic=False, languageStyle='LTR', name='distr', opacity=1, ori=102, pos=array([-0.22653453,  0.03779856]), rgb=UNKNOWN, text='L', units='height', win=Window(...), wrapWidth=1)
145.4840 	EXP 	Created distr = TextStim(__class__=<class 'psychopy.visual.text.TextStim'>, alignHoriz=method-wrapper(...), alignText='center', alignVert=method-wrapper(...), anchorHoriz='center', anchorVert='center', antialias=True, autoDraw=False, autoLog=True, bold=False, color=array([1., 1., 1.]), colorSpace='rgb', contrast=1.0, depth=-2.0, draggable=False, flipHoriz=False, flipVert=False, font='Open Sans', fontFiles=[], height=np.float64(0.05), italic=False, languageStyle='LTR', name='distr', opacity=1, ori=343, pos=array([0.08476351, 0.3600275 ]), rgb=UNKNOWN, text='L', units='height', win=Window(...), wrapWidth=1)
145.4891 	EXP 	Created distr = TextStim(__class__=<class 'psychopy.visual.text.TextStim'>, alignHoriz=method-wrapper(...), alignText='center', alignVert=method-wrapper(...), anchorHoriz='center', anchorVert='center', antialias=True, autoDraw=False, autoLog=True, bold=False, color=array([1., 1., 1.]), colorSpace='rgb', contrast=1.0, depth=-2.0, draggable=False, flipHoriz=False, flipVert=False, font='Open Sans', fontFiles=[], height=np.float64(0.05), italic=False, languageStyle='LTR', name='distr', opacity=1, ori=54, pos=array([0.45454835, 0.33877314]), rgb=UNKNOWN, text='L', units='height', win=Window(...), wrapWidth=1)
145.4945 	EXP 	Created distr = TextStim(__class__=<class 'psychopy.visual.text.TextStim'>, alignHoriz=method-wrapper(...), alignText='center', alignVert=method-wrapper(...), anchorHoriz='center', anchorVert='center', antialias=True, autoDraw=False, autoLog=True, bold=False, color=array([1., 1., 1.]), colorSpace='rgb', contrast=1.0, depth=-2.0, draggable=False, flipHoriz=False, flipVert=False, font='Open Sans', fontFiles=[], height=np.float64(0.05), italic=False, languageStyle='LTR', name='distr', opacity=1, ori=63, pos=array([-0.09915701, -0.34969892]), rgb=UNKNOWN, text='L', units='height', win=Window(...), wrapWidth=1)
145.4996 	EXP 	Created distr = TextStim(__class__=<class 'psychopy.visual.text.TextStim'>, alignHoriz=method-wrapper(...), alignText='center', alignVert=method-wrapper(...), anchorHoriz='center', anchorVert='center', antialias=True, autoDraw=False, autoLog=True, bold=False, color=array([1., 1., 1.]), colorSpace='rgb', contrast=1.0, depth=-2.0, draggable=False, flipHoriz=False, flipVert=False, font='Open Sans', fontFiles=[], height=np.float64(0.05), italic=False, languageStyle='LTR', name='distr', opacity=1, ori=77, pos=array([0.3260936 , 0.14631512]), rgb=UNKNOWN, text='L', units='height', win=Window(...), wrapWidth=1)
145.5048 	EXP 	Created distr = TextStim(__class__=<class 'psychopy.visual.text.TextStim'>, alignHoriz=method-wrapper(...), alignText='center', alignVert=method-wrapper(...), anchorHoriz='center', anchorVert='center', antialias=True, autoDraw=False, autoLog=True, bold=False, color=array([1., 1., 1.]), colorSpace='rgb', contrast=1.0, depth=-2.0, draggable=False, flipHoriz=False, flipVert=False, font='Open Sans', fontFiles=[], height=np.float64(0.05), italic=False, languageStyle='LTR', name='distr', opacity=1, ori=335, pos=array([0.03386157, 0.18639328]), rgb=UNKNOWN, text='L', units='height', win=Window(...), wrapWidth=1)
145.5099 	EXP 	Created distr = TextStim(__class__=<class 'psychopy.visual.text.TextStim'>, alignHoriz=method-wrapper(...), alignText='center', alignVert=method-wrapper(...), anchorHoriz='center', anchorVert='center', antialias=True, autoDraw=False, autoLog=True, bold=False, color=array([1., 1., 1.]), colorSpace='rgb', contrast=1.0, depth=-2.0, draggable=False, flipHoriz=False, flipVert=False, font='Open Sans', fontFiles=[], height=np.float64(0.05), italic=False, languageStyle='LTR', name='distr', opacity=1, ori=251, pos=array([-0.41178262,  0.29203713]), rgb=UNKNOWN, text='L', units='height', win=Window(...), wrapWidth=1)
145.5149 	EXP 	Created distr = TextStim(__class__=<class 'psychopy.visual.text.TextStim'>, alignHoriz=method-wrapper(...), alignText='center', alignVert=method-wrapper(...), anchorHoriz='center', anchorVert='center', antialias=True, autoDraw=False, autoLog=True, bold=False, color=array([1., 1., 1.]), colorSpace='rgb', contrast=1.0, depth=-2.0, draggable=False, flipHoriz=False, flipVert=False, font='Open Sans', fontFiles=[], height=np.float64(0.05), italic=False, languageStyle='LTR', name='distr', opacity=1, ori=280, pos=array([-0.23013763, -0.14114845]), rgb=UNKNOWN, text='L', units='height', win=Window(...), wrapWidth=1)
145.5199 	EXP 	Created distr = TextStim(__class__=<class 'psychopy.visual.text.TextStim'>, alignHoriz=method-wrapper(...), alignText='center', alignVert=method-wrapper(...), anchorHoriz='center', anchorVert='center', antialias=True, autoDraw=False, autoLog=True, bold=False, color=array([1., 1., 1.]), colorSpace='rgb', contrast=1.0, depth=-2.0, draggable=False, flipHoriz=False, flipVert=False, font='Open Sans', fontFiles=[], height=np.float64(0.05), italic=False, languageStyle='LTR', name='distr', opacity=1, ori=140, pos=array([0.32254242, 0.00525796]), rgb=UNKNOWN, text='L', units='height', win=Window(...), wrapWidth=1)
145.5291 	EXP 	fixation: autoDraw = False
145.5291 	EXP 	target: autoDraw = False
145.5291 	EXP 	distr: autoDraw = False
145.5291 	EXP 	distr: autoDraw = False
145.5291 	EXP 	distr: autoDraw = False
145.5291 	EXP 	distr: autoDraw = False
145.5291 	EXP 	distr: autoDraw = False
145.5291 	EXP 	distr: autoDraw = True
145.5291 	EXP 	distr: autoDraw = True
145.5291 	EXP 	distr: autoDraw = True
145.5291 	EXP 	distr: autoDraw = True
145.5291 	EXP 	distr: autoDraw = True
145.5291 	EXP 	distr: autoDraw = True
145.5291 	EXP 	distr: autoDraw = True
145.5291 	EXP 	distr: autoDraw = True
145.5291 	EXP 	distr: autoDraw = True
145.5291 	EXP 	distr: autoDraw = True
145.5291 	EXP 	fixation: autoDraw = True
145.5291 	EXP 	target: autoDraw = True
145.5668 	DATA 	Mouse:  Left button up, pos=(790,535)
147.5160 	DATA 	Mouse: Left button down, pos=(860,885)
147.5211 	EXP 	New trial (rep=92, index=0): <Trial 92 (0 in rep 92) data={'thisN': 92, 'thisTrialN': 0, 'thisRepN': 92}>
147.5271 	EXP 	Created distr = TextStim(__class__=<class 'psychopy.visual.text.TextStim'>, alignHoriz=method-wrapper(...), alignText='center', alignVert=method-wrapper(...), anchorHoriz='center', anchorVert='center', antialias=True, autoDraw=False, autoLog=True, bold=False, color=array([1., 1., 1.]), colorSpace='rgb', contrast=1.0, depth=-2.0, draggable=False, flipHoriz=False, flipVert=False, font='Open Sans', fontFiles=[], height=np.float64(0.05), italic=False, languageStyle='LTR', name='distr', opacity=1, ori=329, pos=array([-0.34335405,  0.10703424]), rgb=UNKNOWN, text='L', units='height', win=Window(...), wrapWidth=1)
147.5323 	EXP 	Created distr = TextStim(__class__=<class 'psychopy.visual.text.TextStim'>, alignHoriz=method-wrapper(...), alignText='center', alignVert=method-wrapper(...), anchorHoriz='center', anchorVert='center', antialias=True, autoDraw=False, autoLog=True, bold=False, color=array([1., 1., 1.]), colorSpace='rgb', contrast=1.0, depth=-2.0, draggable=False, flipHoriz=False, flipVert=False, font='Open Sans', fontFiles=[], height=np.float64(0.05), italic=False, languageStyle='LTR', name='distr', opacity=1, ori=98, pos=array([-0.38963969,  0.3795785 ]), rgb=UNKNOWN, text='L', units='height', win=Window(...), wrapWidth=1)
147.5386 	EXP 	Created distr = TextStim(__class__=<class 'psychopy.visual.text.TextStim'>, alignHoriz=method-wrapper(...), alignText='center', alignVert=method-wrapper(...), anchorHoriz='center', anchorVert='center', antialias=True, autoDraw=False, autoLog=True, bold=False, color=array([1., 1., 1.]), colorSpace='rgb', contrast=1.0, depth=-2.0, draggable=False, flipHoriz=False, flipVert=False, font='Open Sans', fontFiles=[], height=np.float64(0.05), italic=False, languageStyle='LTR', name='distr', opacity=1, ori=268, pos=array([ 0.08039061, -0.02594535]), rgb=UNKNOWN, text='L', units='height', win=Window(...), wrapWidth=1)
147.5437 	EXP 	Created distr = TextStim(__class__=<class 'psychopy.visual.text.TextStim'>, alignHoriz=method-wrapper(...), alignText='center', alignVert=method-wrapper(...), anchorHoriz='center', anchorVert='center', antialias=True, autoDraw=False, autoLog=True, bold=False, color=array([1., 1., 1.]), colorSpace='rgb', contrast=1.0, depth=-2.0, draggable=False, flipHoriz=False, flipVert=False, font='Open Sans', fontFiles=[], height=np.float64(0.05), italic=False, languageStyle='LTR', name='distr', opacity=1, ori=282, pos=array([-0.41676395,  0.24544765]), rgb=UNKNOWN, text='L', units='height', win=Window(...), wrapWidth=1)
147.5489 	EXP 	Created distr = TextStim(__class__=<class 'psychopy.visual.text.TextStim'>, alignHoriz=method-wrapper(...), alignText='center', alignVert=method-wrapper(...), anchorHoriz='center', anchorVert='center', antialias=True, autoDraw=False, autoLog=True, bold=False, color=array([1., 1., 1.]), colorSpace='rgb', contrast=1.0, depth=-2.0, draggable=False, flipHoriz=False, flipVert=False, font='Open Sans', fontFiles=[], height=np.float64(0.05), italic=False, languageStyle='LTR', name='distr', opacity=1, ori=103, pos=array([-0.1638321 ,  0.38394408]), rgb=UNKNOWN, text='L', units='height', win=Window(...), wrapWidth=1)
147.5538 	EXP 	Created distr = TextStim(__class__=<class 'psychopy.visual.text.TextStim'>, alignHoriz=method-wrapper(...), alignText='center', alignVert=method-wrapper(...), anchorHoriz='center', anchorVert='center', antialias=True, autoDraw=False, autoLog=True, bold=False, color=array([1., 1., 1.]), colorSpace='rgb', contrast=1.0, depth=-2.0, draggable=False, flipHoriz=False, flipVert=False, font='Open Sans', fontFiles=[], height=np.float64(0.05), italic=False, languageStyle='LTR', name='distr', opacity=1, ori=96, pos=array([0.09062953, 0.10293234]), rgb=UNKNOWN, text='L', units='height', win=Window(...), wrapWidth=1)
147.5588 	EXP 	Created distr = TextStim(__class__=<class 'psychopy.visual.text.TextStim'>, alignHoriz=method-wrapper(...), alignText='center', alignVert=method-wrapper(...), anchorHoriz='center', anchorVert='center', antialias=True, autoDraw=False, autoLog=True, bold=False, color=array([1., 1., 1.]), colorSpace='rgb', contrast=1.0, depth=-2.0, draggable=False, flipHoriz=False, flipVert=False, font='Open Sans', fontFiles=[], height=np.float64(0.05), italic=False, languageStyle='LTR', name='distr', opacity=1, ori=16, pos=array([-0.07976457,  0.11385037]), rgb=UNKNOWN, text='L', units='height', win=Window(...), wrapWidth=1)
147.5638 	EXP 	Created distr = TextStim(__class__=<class 'psychopy.visual.text.TextStim'>, alignHoriz=method-wrapper(...), alignText='center', alignVert=method-wrapper(...), anchorHoriz='center', anchorVert='center', antialias=True, autoDraw=False, autoLog=True, bold=False, color=array([1., 1., 1.]), colorSpace='rgb', contrast=1.0, depth=-2.0, draggable=False, flipHoriz=False, flipVert=False, font='Open Sans', fontFiles=[], height=np.float64(0.05), italic=False, languageStyle='LTR', name='distr', opacity=1, ori=190, pos=array([ 0.03789139, -0.11228825]), rgb=UNKNOWN, text='L', units='height', win=Window(...), wrapWidth=1)
147.5692 	EXP 	Created distr = TextStim(__class__=<class 'psychopy.visual.text.TextStim'>, alignHoriz=method-wrapper(...), alignText='center', alignVert=method-wrapper(...), anchorHoriz='center', anchorVert='center', antialias=True, autoDraw=False, autoLog=True, bold=False, color=array([1., 1., 1.]), colorSpace='rgb', contrast=1.0, depth=-2.0, draggable=False, flipHoriz=False, flipVert=False, font='Open Sans', fontFiles=[], height=np.float64(0.05), italic=False, languageStyle='LTR', name='distr', opacity=1, ori=260, pos=array([4.81191297e-01, 3.41225790e-04]), rgb=UNKNOWN, text='L', units='height', win=Window(...), wrapWidth=1)
147.5742 	EXP 	Created distr = TextStim(__class__=<class 'psychopy.visual.text.TextStim'>, alignHoriz=method-wrapper(...), alignText='center', alignVert=method-wrapper(...), anchorHoriz='center', anchorVert='center', antialias=True, autoDraw=False, autoLog=True, bold=False, color=array([1., 1., 1.]), colorSpace='rgb', contrast=1.0, depth=-2.0, draggable=False, flipHoriz=False, flipVert=False, font='Open Sans', fontFiles=[], height=np.float64(0.05), italic=False, languageStyle='LTR', name='distr', opacity=1, ori=188, pos=array([-0.36034401, -0.42267816]), rgb=UNKNOWN, text='L', units='height', win=Window(...), wrapWidth=1)
147.5832 	EXP 	fixation: autoDraw = False
147.5832 	EXP 	target: autoDraw = False
147.5832 	EXP 	distr: autoDraw = False
147.5832 	EXP 	distr: autoDraw = False
147.5832 	EXP 	distr: autoDraw = False
147.5832 	EXP 	distr: autoDraw = False
147.5832 	EXP 	distr: autoDraw = False
147.5832 	EXP 	distr: autoDraw = False
147.5832 	EXP 	distr: autoDraw = False
147.5832 	EXP 	distr: autoDraw = False
147.5832 	EXP 	distr: autoDraw = False
147.5832 	EXP 	distr: autoDraw = False
147.5832 	EXP 	distr: autoDraw = True
147.5832 	EXP 	distr: autoDraw = True
147.5832 	EXP 	distr: autoDraw = True
147.5832 	EXP 	distr: autoDraw = True
147.5832 	EXP 	distr: autoDraw = True
147.5832 	EXP 	distr: autoDraw = True
147.5832 	EXP 	distr: autoDraw = True
147.5832 	EXP 	distr: autoDraw = True
147.5832 	EXP 	distr: autoDraw = True
147.5832 	EXP 	distr: autoDraw = True
147.5832 	EXP 	fixation: autoDraw = True
147.5832 	EXP 	target: autoDraw = True
147.5998 	DATA 	Mouse:  Left button up, pos=(860,885)
149.0058 	DATA 	Mouse: Left button down, pos=(941,713)
149.0070 	EXP 	New trial (rep=93, index=0): <Trial 93 (0 in rep 93) data={'thisN': 93, 'thisTrialN': 0, 'thisRepN': 93}>
149.0157 	EXP 	Created distr = TextStim(__class__=<class 'psychopy.visual.text.TextStim'>, alignHoriz=method-wrapper(...), alignText='center', alignVert=method-wrapper(...), anchorHoriz='center', anchorVert='center', antialias=True, autoDraw=False, autoLog=True, bold=False, color=array([1., 1., 1.]), colorSpace='rgb', contrast=1.0, depth=-2.0, draggable=False, flipHoriz=False, flipVert=False, font='Open Sans', fontFiles=[], height=np.float64(0.05), italic=False, languageStyle='LTR', name='distr', opacity=1, ori=155, pos=array([0.10743796, 0.14919048]), rgb=UNKNOWN, text='L', units='height', win=Window(...), wrapWidth=1)
149.0223 	EXP 	Created distr = TextStim(__class__=<class 'psychopy.visual.text.TextStim'>, alignHoriz=method-wrapper(...), alignText='center', alignVert=method-wrapper(...), anchorHoriz='center', anchorVert='center', antialias=True, autoDraw=False, autoLog=True, bold=False, color=array([1., 1., 1.]), colorSpace='rgb', contrast=1.0, depth=-2.0, draggable=False, flipHoriz=False, flipVert=False, font='Open Sans', fontFiles=[], height=np.float64(0.05), italic=False, languageStyle='LTR', name='distr', opacity=1, ori=277, pos=array([ 0.29684426, -0.19964985]), rgb=UNKNOWN, text='L', units='height', win=Window(...), wrapWidth=1)
149.0273 	EXP 	Created distr = TextStim(__class__=<class 'psychopy.visual.text.TextStim'>, alignHoriz=method-wrapper(...), alignText='center', alignVert=method-wrapper(...), anchorHoriz='center', anchorVert='center', antialias=True, autoDraw=False, autoLog=True, bold=False, color=array([1., 1., 1.]), colorSpace='rgb', contrast=1.0, depth=-2.0, draggable=False, flipHoriz=False, flipVert=False, font='Open Sans', fontFiles=[], height=np.float64(0.05), italic=False, languageStyle='LTR', name='distr', opacity=1, ori=33, pos=array([ 0.27703851, -0.27619966]), rgb=UNKNOWN, text='L', units='height', win=Window(...), wrapWidth=1)
149.0323 	EXP 	Created distr = TextStim(__class__=<class 'psychopy.visual.text.TextStim'>, alignHoriz=method-wrapper(...), alignText='center', alignVert=method-wrapper(...), anchorHoriz='center', anchorVert='center', antialias=True, autoDraw=False, autoLog=True, bold=False, color=array([1., 1., 1.]), colorSpace='rgb', contrast=1.0, depth=-2.0, draggable=False, flipHoriz=False, flipVert=False, font='Open Sans', fontFiles=[], height=np.float64(0.05), italic=False, languageStyle='LTR', name='distr', opacity=1, ori=224, pos=array([ 0.37239838, -0.38154146]), rgb=UNKNOWN, text='L', units='height', win=Window(...), wrapWidth=1)
149.0376 	EXP 	Created distr = TextStim(__class__=<class 'psychopy.visual.text.TextStim'>, alignHoriz=method-wrapper(...), alignText='center', alignVert=method-wrapper(...), anchorHoriz='center', anchorVert='center', antialias=True, autoDraw=False, autoLog=True, bold=False, color=array([1., 1., 1.]), colorSpace='rgb', contrast=1.0, depth=-2.0, draggable=False, flipHoriz=False, flipVert=False, font='Open Sans', fontFiles=[], height=np.float64(0.05), italic=False, languageStyle='LTR', name='distr', opacity=1, ori=235, pos=array([0.09439143, 0.40183522]), rgb=UNKNOWN, text='L', units='height', win=Window(...), wrapWidth=1)
149.0439 	EXP 	fixation: autoDraw = False
149.0439 	EXP 	target: autoDraw = False
149.0439 	EXP 	distr: autoDraw = False
149.0439 	EXP 	distr: autoDraw = False
149.0439 	EXP 	distr: autoDraw = False
149.0439 	EXP 	distr: autoDraw = False
149.0439 	EXP 	distr: autoDraw = False
149.0439 	EXP 	distr: autoDraw = False
149.0439 	EXP 	distr: autoDraw = False
149.0439 	EXP 	distr: autoDraw = False
149.0439 	EXP 	distr: autoDraw = False
149.0439 	EXP 	distr: autoDraw = False
149.0439 	EXP 	distr: autoDraw = True
149.0439 	EXP 	distr: autoDraw = True
149.0439 	EXP 	distr: autoDraw = True
149.0439 	EXP 	distr: autoDraw = True
149.0439 	EXP 	distr: autoDraw = True
149.0439 	EXP 	fixation: autoDraw = True
149.0439 	EXP 	target: autoDraw = True
149.0704 	DATA 	Mouse:  Left button up, pos=(941,713)
150.5532 	DATA 	Mouse: Left button down, pos=(466,474)
150.5581 	EXP 	New trial (rep=94, index=0): <Trial 94 (0 in rep 94) data={'thisN': 94, 'thisTrialN': 0, 'thisRepN': 94}>
150.5702 	EXP 	Created distr = TextStim(__class__=<class 'psychopy.visual.text.TextStim'>, alignHoriz=method-wrapper(...), alignText='center', alignVert=method-wrapper(...), anchorHoriz='center', anchorVert='center', antialias=True, autoDraw=False, autoLog=True, bold=False, color=array([1., 1., 1.]), colorSpace='rgb', contrast=1.0, depth=-2.0, draggable=False, flipHoriz=False, flipVert=False, font='Open Sans', fontFiles=[], height=np.float64(0.05), italic=False, languageStyle='LTR', name='distr', opacity=1, ori=285, pos=array([-0.39086965, -0.2164973 ]), rgb=UNKNOWN, text='L', units='height', win=Window(...), wrapWidth=1)
150.5766 	EXP 	Created distr = TextStim(__class__=<class 'psychopy.visual.text.TextStim'>, alignHoriz=method-wrapper(...), alignText='center', alignVert=method-wrapper(...), anchorHoriz='center', anchorVert='center', antialias=True, autoDraw=False, autoLog=True, bold=False, color=array([1., 1., 1.]), colorSpace='rgb', contrast=1.0, depth=-2.0, draggable=False, flipHoriz=False, flipVert=False, font='Open Sans', fontFiles=[], height=np.float64(0.05), italic=False, languageStyle='LTR', name='distr', opacity=1, ori=170, pos=array([0.2283815, 0.1515069]), rgb=UNKNOWN, text='L', units='height', win=Window(...), wrapWidth=1)
150.5821 	EXP 	Created distr = TextStim(__class__=<class 'psychopy.visual.text.TextStim'>, alignHoriz=method-wrapper(...), alignText='center', alignVert=method-wrapper(...), anchorHoriz='center', anchorVert='center', antialias=True, autoDraw=False, autoLog=True, bold=False, color=array([1., 1., 1.]), colorSpace='rgb', contrast=1.0, depth=-2.0, draggable=False, flipHoriz=False, flipVert=False, font='Open Sans', fontFiles=[], height=np.float64(0.05), italic=False, languageStyle='LTR', name='distr', opacity=1, ori=140, pos=array([-0.17627724, -0.13660735]), rgb=UNKNOWN, text='L', units='height', win=Window(...), wrapWidth=1)
150.5875 	EXP 	Created distr = TextStim(__class__=<class 'psychopy.visual.text.TextStim'>, alignHoriz=method-wrapper(...), alignText='center', alignVert=method-wrapper(...), anchorHoriz='center', anchorVert='center', antialias=True, autoDraw=False, autoLog=True, bold=False, color=array([1., 1., 1.]), colorSpace='rgb', contrast=1.0, depth=-2.0, draggable=False, flipHoriz=False, flipVert=False, font='Open Sans', fontFiles=[], height=np.float64(0.05), italic=False, languageStyle='LTR', name='distr', opacity=1, ori=30, pos=array([-0.07421864, -0.10149205]), rgb=UNKNOWN, text='L', units='height', win=Window(...), wrapWidth=1)
150.5929 	EXP 	Created distr = TextStim(__class__=<class 'psychopy.visual.text.TextStim'>, alignHoriz=method-wrapper(...), alignText='center', alignVert=method-wrapper(...), anchorHoriz='center', anchorVert='center', antialias=True, autoDraw=False, autoLog=True, bold=False, color=array([1., 1., 1.]), colorSpace='rgb', contrast=1.0, depth=-2.0, draggable=False, flipHoriz=False, flipVert=False, font='Open Sans', fontFiles=[], height=np.float64(0.05), italic=False, languageStyle='LTR', name='distr', opacity=1, ori=167, pos=array([ 0.33264328, -0.35086091]), rgb=UNKNOWN, text='L', units='height', win=Window(...), wrapWidth=1)
150.5995 	EXP 	fixation: autoDraw = False
150.5995 	EXP 	target: autoDraw = False
150.5995 	EXP 	distr: autoDraw = False
150.5995 	EXP 	distr: autoDraw = False
150.5995 	EXP 	distr: autoDraw = False
150.5995 	EXP 	distr: autoDraw = False
150.5995 	EXP 	distr: autoDraw = False
150.5995 	EXP 	distr: autoDraw = True
150.5995 	EXP 	distr: autoDraw = True
150.5995 	EXP 	distr: autoDraw = True
150.5995 	EXP 	distr: autoDraw = True
150.5995 	EXP 	distr: autoDraw = True
150.5995 	EXP 	fixation: autoDraw = True
150.5995 	EXP 	target: autoDraw = True
150.6537 	DATA 	Mouse:  Left button up, pos=(466,474)
152.9155 	DATA 	Mouse: Left button down, pos=(361,900)
152.9172 	EXP 	New trial (rep=95, index=0): <Trial 95 (0 in rep 95) data={'thisN': 95, 'thisTrialN': 0, 'thisRepN': 95}>
152.9247 	EXP 	Created distr = TextStim(__class__=<class 'psychopy.visual.text.TextStim'>, alignHoriz=method-wrapper(...), alignText='center', alignVert=method-wrapper(...), anchorHoriz='center', anchorVert='center', antialias=True, autoDraw=False, autoLog=True, bold=False, color=array([1., 1., 1.]), colorSpace='rgb', contrast=1.0, depth=-2.0, draggable=False, flipHoriz=False, flipVert=False, font='Open Sans', fontFiles=[], height=np.float64(0.05), italic=False, languageStyle='LTR', name='distr', opacity=1, ori=4, pos=array([-0.04711055,  0.30026589]), rgb=UNKNOWN, text='L', units='height', win=Window(...), wrapWidth=1)
152.9302 	EXP 	Created distr = TextStim(__class__=<class 'psychopy.visual.text.TextStim'>, alignHoriz=method-wrapper(...), alignText='center', alignVert=method-wrapper(...), anchorHoriz='center', anchorVert='center', antialias=True, autoDraw=False, autoLog=True, bold=False, color=array([1., 1., 1.]), colorSpace='rgb', contrast=1.0, depth=-2.0, draggable=False, flipHoriz=False, flipVert=False, font='Open Sans', fontFiles=[], height=np.float64(0.05), italic=False, languageStyle='LTR', name='distr', opacity=1, ori=103, pos=array([ 0.15404886, -0.40509623]), rgb=UNKNOWN, text='L', units='height', win=Window(...), wrapWidth=1)
152.9354 	EXP 	Created distr = TextStim(__class__=<class 'psychopy.visual.text.TextStim'>, alignHoriz=method-wrapper(...), alignText='center', alignVert=method-wrapper(...), anchorHoriz='center', anchorVert='center', antialias=True, autoDraw=False, autoLog=True, bold=False, color=array([1., 1., 1.]), colorSpace='rgb', contrast=1.0, depth=-2.0, draggable=False, flipHoriz=False, flipVert=False, font='Open Sans', fontFiles=[], height=np.float64(0.05), italic=False, languageStyle='LTR', name='distr', opacity=1, ori=15, pos=array([ 0.056938  , -0.26576687]), rgb=UNKNOWN, text='L', units='height', win=Window(...), wrapWidth=1)
152.9405 	EXP 	Created distr = TextStim(__class__=<class 'psychopy.visual.text.TextStim'>, alignHoriz=method-wrapper(...), alignText='center', alignVert=method-wrapper(...), anchorHoriz='center', anchorVert='center', antialias=True, autoDraw=False, autoLog=True, bold=False, color=array([1., 1., 1.]), colorSpace='rgb', contrast=1.0, depth=-2.0, draggable=False, flipHoriz=False, flipVert=False, font='Open Sans', fontFiles=[], height=np.float64(0.05), italic=False, languageStyle='LTR', name='distr', opacity=1, ori=166, pos=array([-0.01390095,  0.0080382 ]), rgb=UNKNOWN, text='L', units='height', win=Window(...), wrapWidth=1)
152.9458 	EXP 	Created distr = TextStim(__class__=<class 'psychopy.visual.text.TextStim'>, alignHoriz=method-wrapper(...), alignText='center', alignVert=method-wrapper(...), anchorHoriz='center', anchorVert='center', antialias=True, autoDraw=False, autoLog=True, bold=False, color=array([1., 1., 1.]), colorSpace='rgb', contrast=1.0, depth=-2.0, draggable=False, flipHoriz=False, flipVert=False, font='Open Sans', fontFiles=[], height=np.float64(0.05), italic=False, languageStyle='LTR', name='distr', opacity=1, ori=259, pos=array([ 0.45717231, -0.12607733]), rgb=UNKNOWN, text='L', units='height', win=Window(...), wrapWidth=1)
152.9523 	EXP 	fixation: autoDraw = False
152.9523 	EXP 	target: autoDraw = False
152.9523 	EXP 	distr: autoDraw = False
152.9523 	EXP 	distr: autoDraw = False
152.9523 	EXP 	distr: autoDraw = False
152.9523 	EXP 	distr: autoDraw = False
152.9523 	EXP 	distr: autoDraw = False
152.9523 	EXP 	distr: autoDraw = True
152.9523 	EXP 	distr: autoDraw = True
152.9523 	EXP 	distr: autoDraw = True
152.9523 	EXP 	distr: autoDraw = True
152.9523 	EXP 	distr: autoDraw = True
152.9523 	EXP 	fixation: autoDraw = True
152.9523 	EXP 	target: autoDraw = True
153.0209 	DATA 	Mouse:  Left button up, pos=(361,900)
154.3528 	DATA 	Mouse: Left button down, pos=(520,261)
154.3578 	EXP 	New trial (rep=96, index=0): <Trial 96 (0 in rep 96) data={'thisN': 96, 'thisTrialN': 0, 'thisRepN': 96}>
154.3667 	EXP 	Created distr = TextStim(__class__=<class 'psychopy.visual.text.TextStim'>, alignHoriz=method-wrapper(...), alignText='center', alignVert=method-wrapper(...), anchorHoriz='center', anchorVert='center', antialias=True, autoDraw=False, autoLog=True, bold=False, color=array([1., 1., 1.]), colorSpace='rgb', contrast=1.0, depth=-2.0, draggable=False, flipHoriz=False, flipVert=False, font='Open Sans', fontFiles=[], height=np.float64(0.05), italic=False, languageStyle='LTR', name='distr', opacity=1, ori=104, pos=array([-0.10956486, -0.29155006]), rgb=UNKNOWN, text='L', units='height', win=Window(...), wrapWidth=1)
154.3738 	EXP 	Created distr = TextStim(__class__=<class 'psychopy.visual.text.TextStim'>, alignHoriz=method-wrapper(...), alignText='center', alignVert=method-wrapper(...), anchorHoriz='center', anchorVert='center', antialias=True, autoDraw=False, autoLog=True, bold=False, color=array([1., 1., 1.]), colorSpace='rgb', contrast=1.0, depth=-2.0, draggable=False, flipHoriz=False, flipVert=False, font='Open Sans', fontFiles=[], height=np.float64(0.05), italic=False, languageStyle='LTR', name='distr', opacity=1, ori=324, pos=array([-0.21085542,  0.25382578]), rgb=UNKNOWN, text='L', units='height', win=Window(...), wrapWidth=1)
154.3794 	EXP 	Created distr = TextStim(__class__=<class 'psychopy.visual.text.TextStim'>, alignHoriz=method-wrapper(...), alignText='center', alignVert=method-wrapper(...), anchorHoriz='center', anchorVert='center', antialias=True, autoDraw=False, autoLog=True, bold=False, color=array([1., 1., 1.]), colorSpace='rgb', contrast=1.0, depth=-2.0, draggable=False, flipHoriz=False, flipVert=False, font='Open Sans', fontFiles=[], height=np.float64(0.05), italic=False, languageStyle='LTR', name='distr', opacity=1, ori=185, pos=array([0.15600972, 0.19704927]), rgb=UNKNOWN, text='L', units='height', win=Window(...), wrapWidth=1)
154.3851 	EXP 	Created distr = TextStim(__class__=<class 'psychopy.visual.text.TextStim'>, alignHoriz=method-wrapper(...), alignText='center', alignVert=method-wrapper(...), anchorHoriz='center', anchorVert='center', antialias=True, autoDraw=False, autoLog=True, bold=False, color=array([1., 1., 1.]), colorSpace='rgb', contrast=1.0, depth=-2.0, draggable=False, flipHoriz=False, flipVert=False, font='Open Sans', fontFiles=[], height=np.float64(0.05), italic=False, languageStyle='LTR', name='distr', opacity=1, ori=102, pos=array([-0.30700549,  0.06952016]), rgb=UNKNOWN, text='L', units='height', win=Window(...), wrapWidth=1)
154.3902 	EXP 	Created distr = TextStim(__class__=<class 'psychopy.visual.text.TextStim'>, alignHoriz=method-wrapper(...), alignText='center', alignVert=method-wrapper(...), anchorHoriz='center', anchorVert='center', antialias=True, autoDraw=False, autoLog=True, bold=False, color=array([1., 1., 1.]), colorSpace='rgb', contrast=1.0, depth=-2.0, draggable=False, flipHoriz=False, flipVert=False, font='Open Sans', fontFiles=[], height=np.float64(0.05), italic=False, languageStyle='LTR', name='distr', opacity=1, ori=337, pos=array([ 0.15953425, -0.23061847]), rgb=UNKNOWN, text='L', units='height', win=Window(...), wrapWidth=1)
154.3968 	EXP 	fixation: autoDraw = False
154.3968 	EXP 	target: autoDraw = False
154.3968 	EXP 	distr: autoDraw = False
154.3968 	EXP 	distr: autoDraw = False
154.3968 	EXP 	distr: autoDraw = False
154.3968 	EXP 	distr: autoDraw = False
154.3968 	EXP 	distr: autoDraw = False
154.3968 	EXP 	distr: autoDraw = True
154.3968 	EXP 	distr: autoDraw = True
154.3968 	EXP 	distr: autoDraw = True
154.3968 	EXP 	distr: autoDraw = True
154.3968 	EXP 	distr: autoDraw = True
154.3968 	EXP 	fixation: autoDraw = True
154.3968 	EXP 	target: autoDraw = True
154.4200 	DATA 	Mouse:  Left button up, pos=(520,261)
156.1864 	DATA 	Mouse: Left button down, pos=(1106,356)
156.1913 	EXP 	New trial (rep=97, index=0): <Trial 97 (0 in rep 97) data={'thisN': 97, 'thisTrialN': 0, 'thisRepN': 97}>
156.2032 	EXP 	Created distr = TextStim(__class__=<class 'psychopy.visual.text.TextStim'>, alignHoriz=method-wrapper(...), alignText='center', alignVert=method-wrapper(...), anchorHoriz='center', anchorVert='center', antialias=True, autoDraw=False, autoLog=True, bold=False, color=array([1., 1., 1.]), colorSpace='rgb', contrast=1.0, depth=-2.0, draggable=False, flipHoriz=False, flipVert=False, font='Open Sans', fontFiles=[], height=np.float64(0.05), italic=False, languageStyle='LTR', name='distr', opacity=1, ori=64, pos=array([0.30501159, 0.26628697]), rgb=UNKNOWN, text='L', units='height', win=Window(...), wrapWidth=1)
156.2095 	EXP 	Created distr = TextStim(__class__=<class 'psychopy.visual.text.TextStim'>, alignHoriz=method-wrapper(...), alignText='center', alignVert=method-wrapper(...), anchorHoriz='center', anchorVert='center', antialias=True, autoDraw=False, autoLog=True, bold=False, color=array([1., 1., 1.]), colorSpace='rgb', contrast=1.0, depth=-2.0, draggable=False, flipHoriz=False, flipVert=False, font='Open Sans', fontFiles=[], height=np.float64(0.05), italic=False, languageStyle='LTR', name='distr', opacity=1, ori=105, pos=array([ 0.33626077, -0.37631086]), rgb=UNKNOWN, text='L', units='height', win=Window(...), wrapWidth=1)
156.2151 	EXP 	Created distr = TextStim(__class__=<class 'psychopy.visual.text.TextStim'>, alignHoriz=method-wrapper(...), alignText='center', alignVert=method-wrapper(...), anchorHoriz='center', anchorVert='center', antialias=True, autoDraw=False, autoLog=True, bold=False, color=array([1., 1., 1.]), colorSpace='rgb', contrast=1.0, depth=-2.0, draggable=False, flipHoriz=False, flipVert=False, font='Open Sans', fontFiles=[], height=np.float64(0.05), italic=False, languageStyle='LTR', name='distr', opacity=1, ori=301, pos=array([-0.37403147, -0.23454182]), rgb=UNKNOWN, text='L', units='height', win=Window(...), wrapWidth=1)
156.2202 	EXP 	Created distr = TextStim(__class__=<class 'psychopy.visual.text.TextStim'>, alignHoriz=method-wrapper(...), alignText='center', alignVert=method-wrapper(...), anchorHoriz='center', anchorVert='center', antialias=True, autoDraw=False, autoLog=True, bold=False, color=array([1., 1., 1.]), colorSpace='rgb', contrast=1.0, depth=-2.0, draggable=False, flipHoriz=False, flipVert=False, font='Open Sans', fontFiles=[], height=np.float64(0.05), italic=False, languageStyle='LTR', name='distr', opacity=1, ori=231, pos=array([-0.48878296,  0.13589574]), rgb=UNKNOWN, text='L', units='height', win=Window(...), wrapWidth=1)
156.2254 	EXP 	Created distr = TextStim(__class__=<class 'psychopy.visual.text.TextStim'>, alignHoriz=method-wrapper(...), alignText='center', alignVert=method-wrapper(...), anchorHoriz='center', anchorVert='center', antialias=True, autoDraw=False, autoLog=True, bold=False, color=array([1., 1., 1.]), colorSpace='rgb', contrast=1.0, depth=-2.0, draggable=False, flipHoriz=False, flipVert=False, font='Open Sans', fontFiles=[], height=np.float64(0.05), italic=False, languageStyle='LTR', name='distr', opacity=1, ori=228, pos=array([ 0.19525259, -0.45907712]), rgb=UNKNOWN, text='L', units='height', win=Window(...), wrapWidth=1)
156.2317 	EXP 	fixation: autoDraw = False
156.2317 	EXP 	target: autoDraw = False
156.2317 	EXP 	distr: autoDraw = False
156.2317 	EXP 	distr: autoDraw = False
156.2317 	EXP 	distr: autoDraw = False
156.2317 	EXP 	distr: autoDraw = False
156.2317 	EXP 	distr: autoDraw = False
156.2317 	EXP 	distr: autoDraw = True
156.2317 	EXP 	distr: autoDraw = True
156.2317 	EXP 	distr: autoDraw = True
156.2317 	EXP 	distr: autoDraw = True
156.2317 	EXP 	distr: autoDraw = True
156.2317 	EXP 	fixation: autoDraw = True
156.2317 	EXP 	target: autoDraw = True
156.2875 	DATA 	Mouse:  Left button up, pos=(1106,356)
157.5538 	DATA 	Mouse: Left button down, pos=(1101,757)
157.5588 	EXP 	New trial (rep=98, index=0): <Trial 98 (0 in rep 98) data={'thisN': 98, 'thisTrialN': 0, 'thisRepN': 98}>
157.5702 	EXP 	Created distr = TextStim(__class__=<class 'psychopy.visual.text.TextStim'>, alignHoriz=method-wrapper(...), alignText='center', alignVert=method-wrapper(...), anchorHoriz='center', anchorVert='center', antialias=True, autoDraw=False, autoLog=True, bold=False, color=array([1., 1., 1.]), colorSpace='rgb', contrast=1.0, depth=-2.0, draggable=False, flipHoriz=False, flipVert=False, font='Open Sans', fontFiles=[], height=np.float64(0.05), italic=False, languageStyle='LTR', name='distr', opacity=1, ori=125, pos=array([-0.36107444,  0.13067593]), rgb=UNKNOWN, text='L', units='height', win=Window(...), wrapWidth=1)
157.5763 	EXP 	Created distr = TextStim(__class__=<class 'psychopy.visual.text.TextStim'>, alignHoriz=method-wrapper(...), alignText='center', alignVert=method-wrapper(...), anchorHoriz='center', anchorVert='center', antialias=True, autoDraw=False, autoLog=True, bold=False, color=array([1., 1., 1.]), colorSpace='rgb', contrast=1.0, depth=-2.0, draggable=False, flipHoriz=False, flipVert=False, font='Open Sans', fontFiles=[], height=np.float64(0.05), italic=False, languageStyle='LTR', name='distr', opacity=1, ori=358, pos=array([-0.42303109, -0.16759569]), rgb=UNKNOWN, text='L', units='height', win=Window(...), wrapWidth=1)
157.5820 	EXP 	Created distr = TextStim(__class__=<class 'psychopy.visual.text.TextStim'>, alignHoriz=method-wrapper(...), alignText='center', alignVert=method-wrapper(...), anchorHoriz='center', anchorVert='center', antialias=True, autoDraw=False, autoLog=True, bold=False, color=array([1., 1., 1.]), colorSpace='rgb', contrast=1.0, depth=-2.0, draggable=False, flipHoriz=False, flipVert=False, font='Open Sans', fontFiles=[], height=np.float64(0.05), italic=False, languageStyle='LTR', name='distr', opacity=1, ori=318, pos=array([0.17226446, 0.08838739]), rgb=UNKNOWN, text='L', units='height', win=Window(...), wrapWidth=1)
157.5870 	EXP 	Created distr = TextStim(__class__=<class 'psychopy.visual.text.TextStim'>, alignHoriz=method-wrapper(...), alignText='center', alignVert=method-wrapper(...), anchorHoriz='center', anchorVert='center', antialias=True, autoDraw=False, autoLog=True, bold=False, color=array([1., 1., 1.]), colorSpace='rgb', contrast=1.0, depth=-2.0, draggable=False, flipHoriz=False, flipVert=False, font='Open Sans', fontFiles=[], height=np.float64(0.05), italic=False, languageStyle='LTR', name='distr', opacity=1, ori=55, pos=array([-0.39175165, -0.16479965]), rgb=UNKNOWN, text='L', units='height', win=Window(...), wrapWidth=1)
157.5923 	EXP 	Created distr = TextStim(__class__=<class 'psychopy.visual.text.TextStim'>, alignHoriz=method-wrapper(...), alignText='center', alignVert=method-wrapper(...), anchorHoriz='center', anchorVert='center', antialias=True, autoDraw=False, autoLog=True, bold=False, color=array([1., 1., 1.]), colorSpace='rgb', contrast=1.0, depth=-2.0, draggable=False, flipHoriz=False, flipVert=False, font='Open Sans', fontFiles=[], height=np.float64(0.05), italic=False, languageStyle='LTR', name='distr', opacity=1, ori=259, pos=array([ 0.27296726, -0.31868474]), rgb=UNKNOWN, text='L', units='height', win=Window(...), wrapWidth=1)
157.5973 	EXP 	Created distr = TextStim(__class__=<class 'psychopy.visual.text.TextStim'>, alignHoriz=method-wrapper(...), alignText='center', alignVert=method-wrapper(...), anchorHoriz='center', anchorVert='center', antialias=True, autoDraw=False, autoLog=True, bold=False, color=array([1., 1., 1.]), colorSpace='rgb', contrast=1.0, depth=-2.0, draggable=False, flipHoriz=False, flipVert=False, font='Open Sans', fontFiles=[], height=np.float64(0.05), italic=False, languageStyle='LTR', name='distr', opacity=1, ori=308, pos=array([0.14718009, 0.16338299]), rgb=UNKNOWN, text='L', units='height', win=Window(...), wrapWidth=1)
157.6023 	EXP 	Created distr = TextStim(__class__=<class 'psychopy.visual.text.TextStim'>, alignHoriz=method-wrapper(...), alignText='center', alignVert=method-wrapper(...), anchorHoriz='center', anchorVert='center', antialias=True, autoDraw=False, autoLog=True, bold=False, color=array([1., 1., 1.]), colorSpace='rgb', contrast=1.0, depth=-2.0, draggable=False, flipHoriz=False, flipVert=False, font='Open Sans', fontFiles=[], height=np.float64(0.05), italic=False, languageStyle='LTR', name='distr', opacity=1, ori=158, pos=array([-0.15328548,  0.34105554]), rgb=UNKNOWN, text='L', units='height', win=Window(...), wrapWidth=1)
157.6072 	EXP 	Created distr = TextStim(__class__=<class 'psychopy.visual.text.TextStim'>, alignHoriz=method-wrapper(...), alignText='center', alignVert=method-wrapper(...), anchorHoriz='center', anchorVert='center', antialias=True, autoDraw=False, autoLog=True, bold=False, color=array([1., 1., 1.]), colorSpace='rgb', contrast=1.0, depth=-2.0, draggable=False, flipHoriz=False, flipVert=False, font='Open Sans', fontFiles=[], height=np.float64(0.05), italic=False, languageStyle='LTR', name='distr', opacity=1, ori=173, pos=array([ 0.45524563, -0.29684307]), rgb=UNKNOWN, text='L', units='height', win=Window(...), wrapWidth=1)
157.6121 	EXP 	Created distr = TextStim(__class__=<class 'psychopy.visual.text.TextStim'>, alignHoriz=method-wrapper(...), alignText='center', alignVert=method-wrapper(...), anchorHoriz='center', anchorVert='center', antialias=True, autoDraw=False, autoLog=True, bold=False, color=array([1., 1., 1.]), colorSpace='rgb', contrast=1.0, depth=-2.0, draggable=False, flipHoriz=False, flipVert=False, font='Open Sans', fontFiles=[], height=np.float64(0.05), italic=False, languageStyle='LTR', name='distr', opacity=1, ori=280, pos=array([0.23185254, 0.48550358]), rgb=UNKNOWN, text='L', units='height', win=Window(...), wrapWidth=1)
157.6173 	EXP 	Created distr = TextStim(__class__=<class 'psychopy.visual.text.TextStim'>, alignHoriz=method-wrapper(...), alignText='center', alignVert=method-wrapper(...), anchorHoriz='center', anchorVert='center', antialias=True, autoDraw=False, autoLog=True, bold=False, color=array([1., 1., 1.]), colorSpace='rgb', contrast=1.0, depth=-2.0, draggable=False, flipHoriz=False, flipVert=False, font='Open Sans', fontFiles=[], height=np.float64(0.05), italic=False, languageStyle='LTR', name='distr', opacity=1, ori=108, pos=array([0.21067056, 0.3076936 ]), rgb=UNKNOWN, text='L', units='height', win=Window(...), wrapWidth=1)
157.6266 	EXP 	fixation: autoDraw = False
157.6266 	EXP 	target: autoDraw = False
157.6266 	EXP 	distr: autoDraw = False
157.6266 	EXP 	distr: autoDraw = False
157.6266 	EXP 	distr: autoDraw = False
157.6266 	EXP 	distr: autoDraw = False
157.6266 	EXP 	distr: autoDraw = False
157.6266 	EXP 	distr: autoDraw = True
157.6266 	EXP 	distr: autoDraw = True
157.6266 	EXP 	distr: autoDraw = True
157.6266 	EXP 	distr: autoDraw = True
157.6266 	EXP 	distr: autoDraw = True
157.6266 	EXP 	distr: autoDraw = True
157.6266 	EXP 	distr: autoDraw = True
157.6266 	EXP 	distr: autoDraw = True
157.6266 	EXP 	distr: autoDraw = True
157.6266 	EXP 	distr: autoDraw = True
157.6266 	EXP 	fixation: autoDraw = True
157.6266 	EXP 	target: autoDraw = True
157.6376 	DATA 	Mouse:  Left button up, pos=(1101,758)
159.7200 	DATA 	Mouse: Left button down, pos=(363,308)
159.7247 	EXP 	New trial (rep=99, index=0): <Trial 99 (0 in rep 99) data={'thisN': 99, 'thisTrialN': 0, 'thisRepN': 99}>
159.7320 	EXP 	Created distr = TextStim(__class__=<class 'psychopy.visual.text.TextStim'>, alignHoriz=method-wrapper(...), alignText='center', alignVert=method-wrapper(...), anchorHoriz='center', anchorVert='center', antialias=True, autoDraw=False, autoLog=True, bold=False, color=array([1., 1., 1.]), colorSpace='rgb', contrast=1.0, depth=-2.0, draggable=False, flipHoriz=False, flipVert=False, font='Open Sans', fontFiles=[], height=np.float64(0.05), italic=False, languageStyle='LTR', name='distr', opacity=1, ori=56, pos=array([0.04782721, 0.18631708]), rgb=UNKNOWN, text='L', units='height', win=Window(...), wrapWidth=1)
159.7399 	EXP 	Created distr = TextStim(__class__=<class 'psychopy.visual.text.TextStim'>, alignHoriz=method-wrapper(...), alignText='center', alignVert=method-wrapper(...), anchorHoriz='center', anchorVert='center', antialias=True, autoDraw=False, autoLog=True, bold=False, color=array([1., 1., 1.]), colorSpace='rgb', contrast=1.0, depth=-2.0, draggable=False, flipHoriz=False, flipVert=False, font='Open Sans', fontFiles=[], height=np.float64(0.05), italic=False, languageStyle='LTR', name='distr', opacity=1, ori=24, pos=array([-0.22232569,  0.20070789]), rgb=UNKNOWN, text='L', units='height', win=Window(...), wrapWidth=1)
159.7450 	EXP 	Created distr = TextStim(__class__=<class 'psychopy.visual.text.TextStim'>, alignHoriz=method-wrapper(...), alignText='center', alignVert=method-wrapper(...), anchorHoriz='center', anchorVert='center', antialias=True, autoDraw=False, autoLog=True, bold=False, color=array([1., 1., 1.]), colorSpace='rgb', contrast=1.0, depth=-2.0, draggable=False, flipHoriz=False, flipVert=False, font='Open Sans', fontFiles=[], height=np.float64(0.05), italic=False, languageStyle='LTR', name='distr', opacity=1, ori=154, pos=array([-0.32114152,  0.13500572]), rgb=UNKNOWN, text='L', units='height', win=Window(...), wrapWidth=1)
159.7500 	EXP 	Created distr = TextStim(__class__=<class 'psychopy.visual.text.TextStim'>, alignHoriz=method-wrapper(...), alignText='center', alignVert=method-wrapper(...), anchorHoriz='center', anchorVert='center', antialias=True, autoDraw=False, autoLog=True, bold=False, color=array([1., 1., 1.]), colorSpace='rgb', contrast=1.0, depth=-2.0, draggable=False, flipHoriz=False, flipVert=False, font='Open Sans', fontFiles=[], height=np.float64(0.05), italic=False, languageStyle='LTR', name='distr', opacity=1, ori=171, pos=array([-0.4358273 ,  0.42539293]), rgb=UNKNOWN, text='L', units='height', win=Window(...), wrapWidth=1)
159.7552 	EXP 	Created distr = TextStim(__class__=<class 'psychopy.visual.text.TextStim'>, alignHoriz=method-wrapper(...), alignText='center', alignVert=method-wrapper(...), anchorHoriz='center', anchorVert='center', antialias=True, autoDraw=False, autoLog=True, bold=False, color=array([1., 1., 1.]), colorSpace='rgb', contrast=1.0, depth=-2.0, draggable=False, flipHoriz=False, flipVert=False, font='Open Sans', fontFiles=[], height=np.float64(0.05), italic=False, languageStyle='LTR', name='distr', opacity=1, ori=285, pos=array([ 0.49108588, -0.06125631]), rgb=UNKNOWN, text='L', units='height', win=Window(...), wrapWidth=1)
159.7619 	EXP 	fixation: autoDraw = False
159.7619 	EXP 	target: autoDraw = False
159.7619 	EXP 	distr: autoDraw = False
159.7619 	EXP 	distr: autoDraw = False
159.7619 	EXP 	distr: autoDraw = False
159.7619 	EXP 	distr: autoDraw = False
159.7619 	EXP 	distr: autoDraw = False
159.7619 	EXP 	distr: autoDraw = False
159.7619 	EXP 	distr: autoDraw = False
159.7619 	EXP 	distr: autoDraw = False
159.7619 	EXP 	distr: autoDraw = False
159.7619 	EXP 	distr: autoDraw = False
159.7619 	EXP 	distr: autoDraw = True
159.7619 	EXP 	distr: autoDraw = True
159.7619 	EXP 	distr: autoDraw = True
159.7619 	EXP 	distr: autoDraw = True
159.7619 	EXP 	distr: autoDraw = True
159.7619 	EXP 	fixation: autoDraw = True
159.7619 	EXP 	target: autoDraw = True
159.8038 	DATA 	Mouse:  Left button up, pos=(363,307)
161.4047 	DATA 	Mouse: Left button down, pos=(360,199)
161.4174 	EXP 	fixation: autoDraw = False
161.4174 	EXP 	target: autoDraw = False
161.4174 	EXP 	distr: autoDraw = False
161.4174 	EXP 	distr: autoDraw = False
161.4174 	EXP 	distr: autoDraw = False
161.4174 	EXP 	distr: autoDraw = False
161.4174 	EXP 	distr: autoDraw = False
161.4176 	EXP 	Visual Search Experiment: status = STOPPED
161.4639 	INFO 	saved data to '/Users/tiaragajjar/Desktop/lab/EXP4 visual search/data/1_Visual Search Experiment_2025-09-29_15h50.13.990.csv'
161.4695 	INFO 	saved data to /Users/tiaragajjar/Desktop/lab/EXP4 visual search/data/1_Visual Search Experiment_2025-09-29_15h50.13.990.psydat
161.9516 	WARNING 	Stopping key buffers but this could be dangerous ifother keyboards rely on the same.
