29.6554 	WARNING 	Font Manager failed to load file /System/Library/PrivateFrameworks/FontServices.framework/Resources/Reserved/PingFangUI.ttc
29.9021 	WARNING 	Font Manager failed to load file /System/Library/PrivateFrameworks/FontServices.framework/Resources/Reserved/PingFangUI.ttc
34.0134 	INFO 	Loaded monitor calibration from ['2025_08_07 12:17']
34.0375 	WARNING 	User requested fullscreen with size [1024  768], but screen is actually [1440, 900]. Using actual size
34.3603 	INFO 	Using renderer 'Apple M2' for graphics
34.3603 	INFO 	OpenGL version supported by driver is 2..
34.4412 	EXP 	Created window1 = Window(allowGUI=False, allowStencil=False, autoLog=True, backendConf=UNKNOWN, backgroundFit=<method-wrapper '__getattribute__' of attributeSetter object at 0x15592ab30>, backgroundImage=<method-wrapper '__getattribute__' of attributeSetter object at 0x15592ab90>, bitsMode=UNKNOWN, blendMode='avg', bpc=(8, 8, 8), color=array([0, 0, 0]), colorSpace='rgb', depthBits=8, fullscr=True, gamma=None, gammaErrorPolicy='raise', infoMsg=UNKNOWN, lms=UNKNOWN, monitor=<psychopy.monitors.calibTools.Monitor object at 0x155d939d0>, multiSample=False, name='window1', numSamples=2, pos=[np.float64(0.0), np.float64(0.0)], screen=0, size=array([2880, 1800]), stencilBits=0, stereo=False, title='PsychoPy', units='height', useFBO=True, useRetina=True, viewOri=0.0, viewPos=None, viewScale=None, waitBlanking=True, winType='pyglet')
34.4414 	EXP 	window1: backgroundImage = ''
34.4414 	EXP 	window1: backgroundFit = 'none'
35.0078 	EXP 	window1: Attempting to measure frame rate of screen (0) ...
35.0078 	EXP 	window1: recordFrameIntervals = False
35.4726 	EXP 	window1: recordFrameIntervals = True
36.3184 	WARNING 	Couldn't measure a consistent frame rate!
  - Is your graphics card set to sync to vertical blank?
  - Are you running other processes on your computer?

38.7854 	INFO 	keyboard.Keyboard is using ptb backend.
39.2546 	INFO 	keyboard.Keyboard is using ptb backend.
39.2547 	EXP 	Motor Sequence Learning: status = STARTED
39.2666 	EXP 	Created fixation = ShapeStim(__class__=<class 'psychopy.visual.shape.ShapeStim'>, anchor=('center', 'center'), autoDraw=False, autoLog=True, closeShape=True, color=method-wrapper(...), colorSpace='rgb', contrast=None, depth=0.0, draggable=False, fillColor=array([1, 1, 1]), fillColorSpace='rgb', fillRGB=array([1, 1, 1]), interpolate=True, lineColor=array([1., 1., 1.]), lineColorSpace='rgb', lineRGB=array([1, 1, 1]), lineWidth=1.0, name='fixation', opacity=1, ori=0.0, pos=array([0., 0.]), size=array([10., 10.]), units='pix', vertices=ndarray(...), win=Window(...), windingRule=None)
39.2678 	EXP 	Created line1 = Rect(__class__=<class 'psychopy.visual.rect.Rect'>, anchor=('center', 'center'), autoDraw=False, autoLog=True, closeShape=True, color=method-wrapper(...), colorSpace='rgb', contrast=None, depth=-1.0, draggable=False, fillColor=array([1, 1, 1]), fillColorSpace='rgb', fillRGB=array([1, 1, 1]), interpolate=True, lineColor=array([1., 1., 1.]), lineColorSpace='rgb', lineRGB=array([1, 1, 1]), lineWidth=1.0, name='line1', opacity=1, ori=90.0, pos=array([-150.,    0.]), size=array([100.,  10.]), units='pix', vertices=ndarray(...), win=Window(...))
39.2711 	EXP 	Created line2 = Rect(__class__=<class 'psychopy.visual.rect.Rect'>, anchor=('center', 'center'), autoDraw=False, autoLog=True, closeShape=True, color=method-wrapper(...), colorSpace='rgb', contrast=None, depth=-2.0, draggable=False, fillColor=array([1, 1, 1]), fillColorSpace='rgb', fillRGB=array([1, 1, 1]), interpolate=True, lineColor=array([1., 1., 1.]), lineColorSpace='rgb', lineRGB=array([1, 1, 1]), lineWidth=1.0, name='line2', opacity=1, ori=90.0, pos=array([-50.,   0.]), size=array([100.,  10.]), units='pix', vertices=ndarray(...), win=Window(...))
39.2724 	EXP 	Created line3 = Rect(__class__=<class 'psychopy.visual.rect.Rect'>, anchor=('center', 'center'), autoDraw=False, autoLog=True, closeShape=True, color=method-wrapper(...), colorSpace='rgb', contrast=None, depth=-3.0, draggable=False, fillColor=array([1, 1, 1]), fillColorSpace='rgb', fillRGB=array([1, 1, 1]), interpolate=True, lineColor=array([1., 1., 1.]), lineColorSpace='rgb', lineRGB=array([1, 1, 1]), lineWidth=1.0, name='line3', opacity=1, ori=90.0, pos=array([50.,  0.]), size=array([100.,  10.]), units='pix', vertices=ndarray(...), win=Window(...))
39.2735 	EXP 	Created line4 = Rect(__class__=<class 'psychopy.visual.rect.Rect'>, anchor=('center', 'center'), autoDraw=False, autoLog=True, closeShape=True, color=method-wrapper(...), colorSpace='rgb', contrast=None, depth=-4.0, draggable=False, fillColor=array([1, 1, 1]), fillColorSpace='rgb', fillRGB=array([1, 1, 1]), interpolate=True, lineColor=array([1., 1., 1.]), lineColorSpace='rgb', lineRGB=array([1, 1, 1]), lineWidth=1.0, name='line4', opacity=1, ori=90.0, pos=array([150.,   0.]), size=array([100.,  10.]), units='pix', vertices=ndarray(...), win=Window(...))
39.2754 	EXP 	Created probe = ShapeStim(__class__=<class 'psychopy.visual.shape.ShapeStim'>, anchor=('center', 'center'), autoDraw=False, autoLog=True, closeShape=True, color=method-wrapper(...), colorSpace='rgb', contrast=None, depth=-5.0, draggable=False, fillColor=array([1, 1, 1]), fillColorSpace='rgb', fillRGB=array([1, 1, 1]), interpolate=True, lineColor=array([1., 1., 1.]), lineColorSpace='rgb', lineRGB=array([1, 1, 1]), lineWidth=1.0, name='probe', opacity=1, ori=0.0, pos=array([0., 0.]), size=array([10., 10.]), units='pix', vertices=ndarray(...), win=Window(...), windingRule=None)
39.2773 	EXP 	Created fixation = ShapeStim(__class__=<class 'psychopy.visual.shape.ShapeStim'>, anchor=('center', 'center'), autoDraw=False, autoLog=True, closeShape=True, color=method-wrapper(...), colorSpace='rgb', contrast=None, depth=0.0, draggable=False, fillColor=array([1, 1, 1]), fillColorSpace='rgb', fillRGB=array([1, 1, 1]), interpolate=True, lineColor=array([1., 1., 1.]), lineColorSpace='rgb', lineRGB=array([1, 1, 1]), lineWidth=1.0, name='fixation', opacity=1, ori=0.0, pos=array([0., 0.]), size=array([10., 10.]), units='pix', vertices=ndarray(...), win=Window(...), windingRule=None)
39.2784 	EXP 	Created line1 = Rect(__class__=<class 'psychopy.visual.rect.Rect'>, anchor=('center', 'center'), autoDraw=False, autoLog=True, closeShape=True, color=method-wrapper(...), colorSpace='rgb', contrast=None, depth=-1.0, draggable=False, fillColor=array([1, 1, 1]), fillColorSpace='rgb', fillRGB=array([1, 1, 1]), interpolate=True, lineColor=array([1., 1., 1.]), lineColorSpace='rgb', lineRGB=array([1, 1, 1]), lineWidth=1.0, name='line1', opacity=1, ori=90.0, pos=array([-150.,    0.]), size=array([100.,  10.]), units='pix', vertices=ndarray(...), win=Window(...))
39.2794 	EXP 	Created line2 = Rect(__class__=<class 'psychopy.visual.rect.Rect'>, anchor=('center', 'center'), autoDraw=False, autoLog=True, closeShape=True, color=method-wrapper(...), colorSpace='rgb', contrast=None, depth=-2.0, draggable=False, fillColor=array([1, 1, 1]), fillColorSpace='rgb', fillRGB=array([1, 1, 1]), interpolate=True, lineColor=array([1., 1., 1.]), lineColorSpace='rgb', lineRGB=array([1, 1, 1]), lineWidth=1.0, name='line2', opacity=1, ori=90.0, pos=array([-50.,   0.]), size=array([100.,  10.]), units='pix', vertices=ndarray(...), win=Window(...))
39.2805 	EXP 	Created line3 = Rect(__class__=<class 'psychopy.visual.rect.Rect'>, anchor=('center', 'center'), autoDraw=False, autoLog=True, closeShape=True, color=method-wrapper(...), colorSpace='rgb', contrast=None, depth=-3.0, draggable=False, fillColor=array([1, 1, 1]), fillColorSpace='rgb', fillRGB=array([1, 1, 1]), interpolate=True, lineColor=array([1., 1., 1.]), lineColorSpace='rgb', lineRGB=array([1, 1, 1]), lineWidth=1.0, name='line3', opacity=1, ori=90.0, pos=array([50.,  0.]), size=array([100.,  10.]), units='pix', vertices=ndarray(...), win=Window(...))
39.2815 	EXP 	Created line4 = Rect(__class__=<class 'psychopy.visual.rect.Rect'>, anchor=('center', 'center'), autoDraw=False, autoLog=True, closeShape=True, color=method-wrapper(...), colorSpace='rgb', contrast=None, depth=-4.0, draggable=False, fillColor=array([1, 1, 1]), fillColorSpace='rgb', fillRGB=array([1, 1, 1]), interpolate=True, lineColor=array([1., 1., 1.]), lineColorSpace='rgb', lineRGB=array([1, 1, 1]), lineWidth=1.0, name='line4', opacity=1, ori=90.0, pos=array([150.,   0.]), size=array([100.,  10.]), units='pix', vertices=ndarray(...), win=Window(...))
39.2829 	EXP 	Created probe = ShapeStim(__class__=<class 'psychopy.visual.shape.ShapeStim'>, anchor=('center', 'center'), autoDraw=False, autoLog=True, closeShape=True, color=method-wrapper(...), colorSpace='rgb', contrast=None, depth=-5.0, draggable=False, fillColor=array([1, 1, 1]), fillColorSpace='rgb', fillRGB=array([1, 1, 1]), interpolate=True, lineColor=array([1., 1., 1.]), lineColorSpace='rgb', lineRGB=array([1, 1, 1]), lineWidth=1.0, name='probe', opacity=1, ori=0.0, pos=array([0., 0.]), size=array([10., 10.]), units='pix', vertices=ndarray(...), win=Window(...), windingRule=None)
0.0487 	EXP 	Imported /Users/tiaragajjar/Downloads/EXP 4 - Sheet1.csv as conditions, 4 conditions, 2 params
0.0536 	EXP 	New trial (rep=0, index=0): <Trial 0 (0 in rep 0) data={'pos': np.int64(-50), 'corr_resp': 'x', 'thisN': 0, 'thisTrialN': 0, 'thisRepN': 0}>
0.0629 	WARNING 	t of last frame was 49.09ms (=1/20)
0.0629 	EXP 	fixation: autoDraw = True
1.0142 	WARNING 	t of last frame was 27.88ms (=1/35)
1.0142 	EXP 	line1: autoDraw = True
1.0142 	EXP 	line2: autoDraw = True
1.0142 	EXP 	line3: autoDraw = True
1.0142 	EXP 	line4: autoDraw = True
1.0566 	EXP 	fixation: autoDraw = False
1.9945 	INFO 	Keyboard events cleared
1.9943 	EXP 	probe: autoDraw = True
3.0801 	EXP 	Device response: <KeyPress from None: t=2.707967081994866, value=x, duration=None>
3.0803 	EXP 	Device response: <KeyPress from None: t=2.707967081994866, value=x, duration=0.15626575000351295>
3.0805 	EXP 	New trial (rep=0, index=1): <Trial 1 (1 in rep 0) data={'pos': np.int64(150), 'corr_resp': 'v', 'thisN': 1, 'thisTrialN': 1, 'thisRepN': 0}>
3.0965 	DATA 	Keypress: x
3.1009 	WARNING 	t of last frame was 380.57ms (=1/2)
3.1009 	EXP 	fixation: autoDraw = False
3.1009 	EXP 	line1: autoDraw = False
3.1009 	EXP 	line2: autoDraw = False
3.1009 	EXP 	line3: autoDraw = False
3.1009 	EXP 	line4: autoDraw = False
3.1009 	EXP 	probe: autoDraw = False
3.1009 	EXP 	fixation: autoDraw = True
4.0771 	EXP 	line1: autoDraw = True
4.0771 	EXP 	line2: autoDraw = True
4.0771 	EXP 	line3: autoDraw = True
4.0771 	EXP 	line4: autoDraw = True
4.0923 	EXP 	fixation: autoDraw = False
5.0767 	INFO 	Keyboard events cleared
5.0765 	EXP 	probe: autoDraw = True
5.7211 	EXP 	Device response: <KeyPress from None: t=5.716783041003509, value=v, duration=None>
5.7215 	EXP 	New trial (rep=0, index=2): <Trial 2 (2 in rep 0) data={'pos': np.int64(50), 'corr_resp': 'c ', 'thisN': 2, 'thisTrialN': 2, 'thisRepN': 0}>
5.7258 	DATA 	Keypress: v
5.7300 	EXP 	fixation: autoDraw = False
5.7300 	EXP 	line1: autoDraw = False
5.7300 	EXP 	line2: autoDraw = False
5.7300 	EXP 	line3: autoDraw = False
5.7300 	EXP 	line4: autoDraw = False
5.7300 	EXP 	probe: autoDraw = False
5.7300 	EXP 	fixation: autoDraw = True
5.8261 	EXP 	Device response: <KeyPress from None: t=5.716783041003509, value=v, duration=0.10435179100022651>
6.7198 	EXP 	line1: autoDraw = True
6.7198 	EXP 	line2: autoDraw = True
6.7198 	EXP 	line3: autoDraw = True
6.7198 	EXP 	line4: autoDraw = True
6.7265 	EXP 	fixation: autoDraw = False
7.7201 	INFO 	Keyboard events cleared
7.7199 	EXP 	probe: autoDraw = True
8.4547 	EXP 	Device response: <KeyPress from None: t=8.448836166004185, value=c, duration=None>
8.4553 	EXP 	New trial (rep=0, index=3): <Trial 3 (3 in rep 0) data={'pos': np.int64(-150), 'corr_resp': 'z', 'thisN': 3, 'thisTrialN': 3, 'thisRepN': 0}>
8.4636 	DATA 	Keypress: c
8.4690 	EXP 	fixation: autoDraw = False
8.4690 	EXP 	line1: autoDraw = False
8.4690 	EXP 	line2: autoDraw = False
8.4690 	EXP 	line3: autoDraw = False
8.4690 	EXP 	line4: autoDraw = False
8.4690 	EXP 	probe: autoDraw = False
8.4690 	EXP 	fixation: autoDraw = True
8.6043 	EXP 	Device response: <KeyPress from None: t=8.448836166004185, value=c, duration=0.14429991599172354>
9.4521 	EXP 	line1: autoDraw = True
9.4521 	EXP 	line2: autoDraw = True
9.4521 	EXP 	line3: autoDraw = True
9.4521 	EXP 	line4: autoDraw = True
9.4553 	EXP 	fixation: autoDraw = False
10.4533 	INFO 	Keyboard events cleared
10.4530 	EXP 	probe: autoDraw = True
11.1211 	EXP 	Device response: <KeyPress from None: t=11.11374704100308, value=z, duration=None>
11.1218 	EXP 	New trial (rep=1, index=0): <Trial 4 (0 in rep 1) data={'pos': np.int64(-50), 'corr_resp': 'x', 'thisN': 4, 'thisTrialN': 0, 'thisRepN': 1}>
11.1288 	DATA 	Keypress: z
11.1338 	EXP 	fixation: autoDraw = False
11.1338 	EXP 	line1: autoDraw = False
11.1338 	EXP 	line2: autoDraw = False
11.1338 	EXP 	line3: autoDraw = False
11.1338 	EXP 	line4: autoDraw = False
11.1338 	EXP 	probe: autoDraw = False
11.1338 	EXP 	fixation: autoDraw = True
11.2550 	EXP 	Device response: <KeyPress from None: t=11.11374704100308, value=z, duration=0.13221687499026302>
12.1197 	EXP 	line1: autoDraw = True
12.1197 	EXP 	line2: autoDraw = True
12.1197 	EXP 	line3: autoDraw = True
12.1197 	EXP 	line4: autoDraw = True
12.1260 	EXP 	fixation: autoDraw = False
13.1199 	INFO 	Keyboard events cleared
13.1197 	EXP 	probe: autoDraw = True
13.6379 	EXP 	Device response: <KeyPress from None: t=13.631591457000468, value=x, duration=None>
13.6386 	EXP 	New trial (rep=1, index=1): <Trial 5 (1 in rep 1) data={'pos': np.int64(150), 'corr_resp': 'v', 'thisN': 5, 'thisTrialN': 1, 'thisRepN': 1}>
13.6455 	DATA 	Keypress: x
13.6503 	EXP 	fixation: autoDraw = False
13.6503 	EXP 	line1: autoDraw = False
13.6503 	EXP 	line2: autoDraw = False
13.6503 	EXP 	line3: autoDraw = False
13.6503 	EXP 	line4: autoDraw = False
13.6503 	EXP 	probe: autoDraw = False
13.6503 	EXP 	fixation: autoDraw = True
13.7767 	EXP 	Device response: <KeyPress from None: t=13.631591457000468, value=x, duration=0.14040108400513418>
14.6364 	EXP 	line1: autoDraw = True
14.6364 	EXP 	line2: autoDraw = True
14.6364 	EXP 	line3: autoDraw = True
14.6364 	EXP 	line4: autoDraw = True
14.6425 	EXP 	fixation: autoDraw = False
15.6365 	INFO 	Keyboard events cleared
15.6363 	EXP 	probe: autoDraw = True
16.3211 	EXP 	Device response: <KeyPress from None: t=16.311494623994804, value=v, duration=None>
16.3216 	EXP 	New trial (rep=1, index=2): <Trial 6 (2 in rep 1) data={'pos': np.int64(50), 'corr_resp': 'c ', 'thisN': 6, 'thisTrialN': 2, 'thisRepN': 1}>
16.3284 	DATA 	Keypress: v
16.3332 	EXP 	fixation: autoDraw = False
16.3332 	EXP 	line1: autoDraw = False
16.3332 	EXP 	line2: autoDraw = False
16.3332 	EXP 	line3: autoDraw = False
16.3332 	EXP 	line4: autoDraw = False
16.3332 	EXP 	probe: autoDraw = False
16.3332 	EXP 	fixation: autoDraw = True
16.4093 	EXP 	Device response: <KeyPress from None: t=16.311494623994804, value=v, duration=0.09635512500244658>
17.3197 	EXP 	line1: autoDraw = True
17.3197 	EXP 	line2: autoDraw = True
17.3197 	EXP 	line3: autoDraw = True
17.3197 	EXP 	line4: autoDraw = True
17.3259 	EXP 	fixation: autoDraw = False
18.3198 	INFO 	Keyboard events cleared
18.3196 	EXP 	probe: autoDraw = True
18.9273 	EXP 	Device response: <KeyPress from None: t=18.924499707005452, value=c, duration=None>
18.9278 	EXP 	New trial (rep=1, index=3): <Trial 7 (3 in rep 1) data={'pos': np.int64(-150), 'corr_resp': 'z', 'thisN': 7, 'thisTrialN': 3, 'thisRepN': 1}>
18.9342 	DATA 	Keypress: c
18.9388 	EXP 	fixation: autoDraw = False
18.9388 	EXP 	line1: autoDraw = False
18.9388 	EXP 	line2: autoDraw = False
18.9388 	EXP 	line3: autoDraw = False
18.9388 	EXP 	line4: autoDraw = False
18.9388 	EXP 	probe: autoDraw = False
18.9388 	EXP 	fixation: autoDraw = True
19.0382 	EXP 	Device response: <KeyPress from None: t=18.924499707005452, value=c, duration=0.10845370899187401>
19.1484 	WARNING 	t of last frame was 22.82ms (=1/43)
19.9258 	EXP 	line1: autoDraw = True
19.9258 	EXP 	line2: autoDraw = True
19.9258 	EXP 	line3: autoDraw = True
19.9258 	EXP 	line4: autoDraw = True
19.9360 	EXP 	fixation: autoDraw = False
20.9269 	INFO 	Keyboard events cleared
20.9267 	EXP 	probe: autoDraw = True
21.4939 	EXP 	Device response: <KeyPress from None: t=21.490430499005015, value=z, duration=None>
21.4943 	EXP 	New trial (rep=2, index=0): <Trial 8 (0 in rep 2) data={'pos': np.int64(-50), 'corr_resp': 'x', 'thisN': 8, 'thisTrialN': 0, 'thisRepN': 2}>
21.5011 	DATA 	Keypress: z
21.5053 	EXP 	fixation: autoDraw = False
21.5053 	EXP 	line1: autoDraw = False
21.5053 	EXP 	line2: autoDraw = False
21.5053 	EXP 	line3: autoDraw = False
21.5053 	EXP 	line4: autoDraw = False
21.5053 	EXP 	probe: autoDraw = False
21.5053 	EXP 	fixation: autoDraw = True
21.6216 	EXP 	Device response: <KeyPress from None: t=21.490430499005015, value=z, duration=0.12829379198956303>
22.4929 	EXP 	line1: autoDraw = True
22.4929 	EXP 	line2: autoDraw = True
22.4929 	EXP 	line3: autoDraw = True
22.4929 	EXP 	line4: autoDraw = True
22.5030 	EXP 	fixation: autoDraw = False
23.4940 	INFO 	Keyboard events cleared
23.4938 	EXP 	probe: autoDraw = True
23.9881 	EXP 	Device response: <KeyPress from None: t=23.984358332003467, value=x, duration=None>
23.9887 	EXP 	New trial (rep=2, index=1): <Trial 9 (1 in rep 2) data={'pos': np.int64(150), 'corr_resp': 'v', 'thisN': 9, 'thisTrialN': 1, 'thisRepN': 2}>
23.9955 	DATA 	Keypress: x
24.0003 	EXP 	fixation: autoDraw = False
24.0003 	EXP 	line1: autoDraw = False
24.0003 	EXP 	line2: autoDraw = False
24.0003 	EXP 	line3: autoDraw = False
24.0003 	EXP 	line4: autoDraw = False
24.0003 	EXP 	probe: autoDraw = False
24.0003 	EXP 	fixation: autoDraw = True
24.1266 	EXP 	Device response: <KeyPress from None: t=23.984358332003467, value=x, duration=0.13630666700191796>
24.9861 	EXP 	line1: autoDraw = True
24.9861 	EXP 	line2: autoDraw = True
24.9861 	EXP 	line3: autoDraw = True
24.9861 	EXP 	line4: autoDraw = True
24.9928 	EXP 	fixation: autoDraw = False
25.9866 	INFO 	Keyboard events cleared
25.9864 	EXP 	probe: autoDraw = True
26.5268 	EXP 	Device response: <KeyPress from None: t=26.520289206993766, value=v, duration=None>
26.5273 	EXP 	New trial (rep=2, index=2): <Trial 10 (2 in rep 2) data={'pos': np.int64(50), 'corr_resp': 'c ', 'thisN': 10, 'thisTrialN': 2, 'thisRepN': 2}>
26.5334 	DATA 	Keypress: v
26.5388 	EXP 	fixation: autoDraw = False
26.5388 	EXP 	line1: autoDraw = False
26.5388 	EXP 	line2: autoDraw = False
26.5388 	EXP 	line3: autoDraw = False
26.5388 	EXP 	line4: autoDraw = False
26.5388 	EXP 	probe: autoDraw = False
26.5388 	EXP 	fixation: autoDraw = True
26.6383 	EXP 	Device response: <KeyPress from None: t=26.520289206993766, value=v, duration=0.10825012500572484>
27.5269 	EXP 	line1: autoDraw = True
27.5269 	EXP 	line2: autoDraw = True
27.5269 	EXP 	line3: autoDraw = True
27.5269 	EXP 	line4: autoDraw = True
27.5365 	EXP 	fixation: autoDraw = False
28.5267 	INFO 	Keyboard events cleared
28.5265 	EXP 	probe: autoDraw = True
29.0545 	EXP 	Device response: <KeyPress from None: t=29.04514345699863, value=c, duration=None>
29.0551 	EXP 	New trial (rep=2, index=3): <Trial 11 (3 in rep 2) data={'pos': np.int64(-150), 'corr_resp': 'z', 'thisN': 11, 'thisTrialN': 3, 'thisRepN': 2}>
29.0619 	DATA 	Keypress: c
29.0668 	EXP 	fixation: autoDraw = False
29.0668 	EXP 	line1: autoDraw = False
29.0668 	EXP 	line2: autoDraw = False
29.0668 	EXP 	line3: autoDraw = False
29.0668 	EXP 	line4: autoDraw = False
29.0668 	EXP 	probe: autoDraw = False
29.0668 	EXP 	fixation: autoDraw = True
29.1432 	EXP 	Device response: <KeyPress from None: t=29.04514345699863, value=c, duration=0.09638562500185799>
30.0531 	EXP 	line1: autoDraw = True
30.0531 	EXP 	line2: autoDraw = True
30.0531 	EXP 	line3: autoDraw = True
30.0531 	EXP 	line4: autoDraw = True
30.0593 	EXP 	fixation: autoDraw = False
31.0532 	INFO 	Keyboard events cleared
31.0530 	EXP 	probe: autoDraw = True
31.4604 	EXP 	Device response: <KeyPress from None: t=31.45916329100146, value=z, duration=None>
31.4608 	EXP 	New trial (rep=3, index=0): <Trial 12 (0 in rep 3) data={'pos': np.int64(-50), 'corr_resp': 'x', 'thisN': 12, 'thisTrialN': 0, 'thisRepN': 3}>
31.4671 	DATA 	Keypress: z
31.4721 	EXP 	fixation: autoDraw = False
31.4721 	EXP 	line1: autoDraw = False
31.4721 	EXP 	line2: autoDraw = False
31.4721 	EXP 	line3: autoDraw = False
31.4721 	EXP 	line4: autoDraw = False
31.4721 	EXP 	probe: autoDraw = False
31.4721 	EXP 	fixation: autoDraw = True
31.6216 	EXP 	Device response: <KeyPress from None: t=31.45916329100146, value=z, duration=0.15623595799843315>
32.4605 	EXP 	line1: autoDraw = True
32.4605 	EXP 	line2: autoDraw = True
32.4605 	EXP 	line3: autoDraw = True
32.4605 	EXP 	line4: autoDraw = True
32.4689 	EXP 	fixation: autoDraw = False
33.4595 	INFO 	Keyboard events cleared
33.4593 	EXP 	probe: autoDraw = True
33.8214 	EXP 	Device response: <KeyPress from None: t=33.814088874001754, value=x, duration=None>
33.8221 	EXP 	New trial (rep=3, index=1): <Trial 13 (1 in rep 3) data={'pos': np.int64(150), 'corr_resp': 'v', 'thisN': 13, 'thisTrialN': 1, 'thisRepN': 3}>
33.8298 	DATA 	Keypress: x
33.8349 	EXP 	fixation: autoDraw = False
33.8349 	EXP 	line1: autoDraw = False
33.8349 	EXP 	line2: autoDraw = False
33.8349 	EXP 	line3: autoDraw = False
33.8349 	EXP 	line4: autoDraw = False
33.8349 	EXP 	probe: autoDraw = False
33.8349 	EXP 	fixation: autoDraw = True
33.9208 	EXP 	Device response: <KeyPress from None: t=33.814088874001754, value=x, duration=0.09632708299614023>
34.8196 	EXP 	line1: autoDraw = True
34.8196 	EXP 	line2: autoDraw = True
34.8196 	EXP 	line3: autoDraw = True
34.8196 	EXP 	line4: autoDraw = True
34.8257 	EXP 	fixation: autoDraw = False
35.8198 	INFO 	Keyboard events cleared
35.8196 	EXP 	probe: autoDraw = True
36.1211 	EXP 	Device response: <KeyPress from None: t=36.11096729099518, value=v, duration=None>
36.1217 	EXP 	New trial (rep=3, index=2): <Trial 14 (2 in rep 3) data={'pos': np.int64(50), 'corr_resp': 'c ', 'thisN': 14, 'thisTrialN': 2, 'thisRepN': 3}>
36.1282 	DATA 	Keypress: v
36.1333 	EXP 	fixation: autoDraw = False
36.1333 	EXP 	line1: autoDraw = False
36.1333 	EXP 	line2: autoDraw = False
36.1333 	EXP 	line3: autoDraw = False
36.1333 	EXP 	line4: autoDraw = False
36.1333 	EXP 	probe: autoDraw = False
36.1333 	EXP 	fixation: autoDraw = True
36.1928 	EXP 	Device response: <KeyPress from None: t=36.11096729099518, value=v, duration=0.07657499999913853>
37.1197 	EXP 	line1: autoDraw = True
37.1197 	EXP 	line2: autoDraw = True
37.1197 	EXP 	line3: autoDraw = True
37.1197 	EXP 	line4: autoDraw = True
37.1261 	EXP 	fixation: autoDraw = False
38.1198 	INFO 	Keyboard events cleared
38.1197 	EXP 	probe: autoDraw = True
38.4210 	EXP 	Device response: <KeyPress from None: t=38.41084458200203, value=c, duration=None>
38.4214 	EXP 	New trial (rep=3, index=3): <Trial 15 (3 in rep 3) data={'pos': np.int64(-150), 'corr_resp': 'z', 'thisN': 15, 'thisTrialN': 3, 'thisRepN': 3}>
38.4281 	DATA 	Keypress: c
38.4329 	EXP 	fixation: autoDraw = False
38.4329 	EXP 	line1: autoDraw = False
38.4329 	EXP 	line2: autoDraw = False
38.4329 	EXP 	line3: autoDraw = False
38.4329 	EXP 	line4: autoDraw = False
38.4329 	EXP 	probe: autoDraw = False
38.4329 	EXP 	fixation: autoDraw = True
38.5209 	EXP 	Device response: <KeyPress from None: t=38.41084458200203, value=c, duration=0.10840054199798033>
39.4198 	EXP 	line1: autoDraw = True
39.4198 	EXP 	line2: autoDraw = True
39.4198 	EXP 	line3: autoDraw = True
39.4198 	EXP 	line4: autoDraw = True
39.4268 	EXP 	fixation: autoDraw = False
40.4197 	INFO 	Keyboard events cleared
40.4196 	EXP 	probe: autoDraw = True
40.7601 	EXP 	Device response: <KeyPress from None: t=40.75578149899957, value=z, duration=None>
40.7606 	EXP 	New trial (rep=4, index=0): <Trial 16 (0 in rep 4) data={'pos': np.int64(-50), 'corr_resp': 'x', 'thisN': 16, 'thisTrialN': 0, 'thisRepN': 4}>
40.7671 	DATA 	Keypress: z
40.7718 	EXP 	fixation: autoDraw = False
40.7718 	EXP 	line1: autoDraw = False
40.7718 	EXP 	line2: autoDraw = False
40.7718 	EXP 	line3: autoDraw = False
40.7718 	EXP 	line4: autoDraw = False
40.7718 	EXP 	probe: autoDraw = False
40.7718 	EXP 	fixation: autoDraw = True
40.9534 	EXP 	Device response: <KeyPress from None: t=40.75578149899957, value=z, duration=0.19241766699997243>
41.7604 	EXP 	line1: autoDraw = True
41.7604 	EXP 	line2: autoDraw = True
41.7604 	EXP 	line3: autoDraw = True
41.7604 	EXP 	line4: autoDraw = True
41.7695 	EXP 	fixation: autoDraw = False
42.7526 	INFO 	Keyboard events cleared
42.7524 	EXP 	probe: autoDraw = True
43.0708 	EXP 	Device response: <KeyPress from None: t=43.066767915996024, value=x, duration=None>
43.0712 	EXP 	New trial (rep=4, index=1): <Trial 17 (1 in rep 4) data={'pos': np.int64(150), 'corr_resp': 'v', 'thisN': 17, 'thisTrialN': 1, 'thisRepN': 4}>
43.0778 	DATA 	Keypress: x
43.0827 	EXP 	fixation: autoDraw = False
43.0827 	EXP 	line1: autoDraw = False
43.0827 	EXP 	line2: autoDraw = False
43.0827 	EXP 	line3: autoDraw = False
43.0827 	EXP 	line4: autoDraw = False
43.0827 	EXP 	probe: autoDraw = False
43.0827 	EXP 	fixation: autoDraw = True
43.1882 	EXP 	Device response: <KeyPress from None: t=43.066767915996024, value=x, duration=0.11631366600340698>
44.0696 	EXP 	line1: autoDraw = True
44.0696 	EXP 	line2: autoDraw = True
44.0696 	EXP 	line3: autoDraw = True
44.0696 	EXP 	line4: autoDraw = True
44.0759 	EXP 	fixation: autoDraw = False
45.0699 	INFO 	Keyboard events cleared
45.0697 	EXP 	probe: autoDraw = True
45.3374 	EXP 	Device response: <KeyPress from None: t=45.332779165997636, value=v, duration=None>
45.3379 	EXP 	New trial (rep=4, index=2): <Trial 18 (2 in rep 4) data={'pos': np.int64(50), 'corr_resp': 'c ', 'thisN': 18, 'thisTrialN': 2, 'thisRepN': 4}>
45.3450 	DATA 	Keypress: v
45.3500 	EXP 	fixation: autoDraw = False
45.3500 	EXP 	line1: autoDraw = False
45.3500 	EXP 	line2: autoDraw = False
45.3500 	EXP 	line3: autoDraw = False
45.3500 	EXP 	line4: autoDraw = False
45.3500 	EXP 	probe: autoDraw = False
45.3500 	EXP 	fixation: autoDraw = True
45.4542 	EXP 	Device response: <KeyPress from None: t=45.332779165997636, value=v, duration=0.11630624999816064>
46.3366 	EXP 	line1: autoDraw = True
46.3366 	EXP 	line2: autoDraw = True
46.3366 	EXP 	line3: autoDraw = True
46.3366 	EXP 	line4: autoDraw = True
46.3432 	EXP 	fixation: autoDraw = False
47.3363 	INFO 	Keyboard events cleared
47.3361 	EXP 	probe: autoDraw = True
47.5931 	EXP 	Device response: <KeyPress from None: t=47.58965537400218, value=c, duration=None>
47.5935 	EXP 	New trial (rep=4, index=3): <Trial 19 (3 in rep 4) data={'pos': np.int64(-150), 'corr_resp': 'z', 'thisN': 19, 'thisTrialN': 3, 'thisRepN': 4}>
47.5999 	DATA 	Keypress: c
47.6049 	EXP 	fixation: autoDraw = False
47.6049 	EXP 	line1: autoDraw = False
47.6049 	EXP 	line2: autoDraw = False
47.6049 	EXP 	line3: autoDraw = False
47.6049 	EXP 	line4: autoDraw = False
47.6049 	EXP 	probe: autoDraw = False
47.6049 	EXP 	fixation: autoDraw = True
47.6933 	EXP 	Device response: <KeyPress from None: t=47.58965537400218, value=c, duration=0.10037408299103845>
48.5936 	EXP 	line1: autoDraw = True
48.5936 	EXP 	line2: autoDraw = True
48.5936 	EXP 	line3: autoDraw = True
48.5936 	EXP 	line4: autoDraw = True
48.6030 	EXP 	fixation: autoDraw = False
49.5933 	INFO 	Keyboard events cleared
49.5930 	EXP 	probe: autoDraw = True
49.8879 	EXP 	Device response: <KeyPress from None: t=49.877553248996264, value=z, duration=None>
49.8886 	EXP 	New trial (rep=5, index=0): <Trial 20 (0 in rep 5) data={'pos': np.int64(-50), 'corr_resp': 'x', 'thisN': 20, 'thisTrialN': 0, 'thisRepN': 5}>
49.8954 	DATA 	Keypress: z
49.9005 	EXP 	fixation: autoDraw = False
49.9005 	EXP 	line1: autoDraw = False
49.9005 	EXP 	line2: autoDraw = False
49.9005 	EXP 	line3: autoDraw = False
49.9005 	EXP 	line4: autoDraw = False
49.9005 	EXP 	probe: autoDraw = False
49.9005 	EXP 	fixation: autoDraw = True
50.0548 	EXP 	Device response: <KeyPress from None: t=49.877553248996264, value=z, duration=0.17237408300570678>
50.8863 	EXP 	line1: autoDraw = True
50.8863 	EXP 	line2: autoDraw = True
50.8863 	EXP 	line3: autoDraw = True
50.8863 	EXP 	line4: autoDraw = True
50.8934 	EXP 	fixation: autoDraw = False
51.8859 	INFO 	Keyboard events cleared
51.8858 	EXP 	probe: autoDraw = True
52.2375 	EXP 	Device response: <KeyPress from None: t=52.22750424899277, value=x, duration=None>
52.2380 	EXP 	New trial (rep=5, index=1): <Trial 21 (1 in rep 5) data={'pos': np.int64(150), 'corr_resp': 'v', 'thisN': 21, 'thisTrialN': 1, 'thisRepN': 5}>
52.2447 	DATA 	Keypress: x
52.2496 	EXP 	fixation: autoDraw = False
52.2496 	EXP 	line1: autoDraw = False
52.2496 	EXP 	line2: autoDraw = False
52.2496 	EXP 	line3: autoDraw = False
52.2496 	EXP 	line4: autoDraw = False
52.2496 	EXP 	probe: autoDraw = False
52.2496 	EXP 	fixation: autoDraw = True
52.3540 	EXP 	Device response: <KeyPress from None: t=52.22750424899277, value=x, duration=0.12041166701237671>
53.2363 	EXP 	line1: autoDraw = True
53.2363 	EXP 	line2: autoDraw = True
53.2363 	EXP 	line3: autoDraw = True
53.2363 	EXP 	line4: autoDraw = True
53.2434 	EXP 	fixation: autoDraw = False
54.2365 	INFO 	Keyboard events cleared
54.2363 	EXP 	probe: autoDraw = True
54.5271 	EXP 	Device response: <KeyPress from None: t=54.52247862399963, value=v, duration=None>
54.5275 	EXP 	New trial (rep=5, index=2): <Trial 22 (2 in rep 5) data={'pos': np.int64(50), 'corr_resp': 'c ', 'thisN': 22, 'thisTrialN': 2, 'thisRepN': 5}>
54.5340 	DATA 	Keypress: v
54.5385 	EXP 	fixation: autoDraw = False
54.5385 	EXP 	line1: autoDraw = False
54.5385 	EXP 	line2: autoDraw = False
54.5385 	EXP 	line3: autoDraw = False
54.5385 	EXP 	line4: autoDraw = False
54.5385 	EXP 	probe: autoDraw = False
54.5385 	EXP 	fixation: autoDraw = True
54.6392 	EXP 	Device response: <KeyPress from None: t=54.52247862399963, value=v, duration=0.10429916699649766>
55.5270 	EXP 	line1: autoDraw = True
55.5270 	EXP 	line2: autoDraw = True
55.5270 	EXP 	line3: autoDraw = True
55.5270 	EXP 	line4: autoDraw = True
55.5363 	EXP 	fixation: autoDraw = False
56.5267 	INFO 	Keyboard events cleared
56.5266 	EXP 	probe: autoDraw = True
56.7771 	EXP 	Device response: <KeyPress from None: t=56.774479498999426, value=c, duration=None>
56.7775 	EXP 	New trial (rep=5, index=3): <Trial 23 (3 in rep 5) data={'pos': np.int64(-150), 'corr_resp': 'z', 'thisN': 23, 'thisTrialN': 3, 'thisRepN': 5}>
56.7839 	DATA 	Keypress: c
56.7883 	EXP 	fixation: autoDraw = False
56.7883 	EXP 	line1: autoDraw = False
56.7883 	EXP 	line2: autoDraw = False
56.7883 	EXP 	line3: autoDraw = False
56.7883 	EXP 	line4: autoDraw = False
56.7883 	EXP 	probe: autoDraw = False
56.7883 	EXP 	fixation: autoDraw = True
56.8937 	EXP 	Device response: <KeyPress from None: t=56.774479498999426, value=c, duration=0.11618583300150931>
57.7685 	EXP 	line1: autoDraw = True
57.7685 	EXP 	line2: autoDraw = True
57.7685 	EXP 	line3: autoDraw = True
57.7685 	EXP 	line4: autoDraw = True
57.7889 	EXP 	fixation: autoDraw = False
58.7771 	INFO 	Keyboard events cleared
58.7769 	EXP 	probe: autoDraw = True
59.1042 	EXP 	Device response: <KeyPress from None: t=59.09526895699673, value=z, duration=None>
59.1048 	EXP 	New trial (rep=6, index=0): <Trial 24 (0 in rep 6) data={'pos': np.int64(-50), 'corr_resp': 'x', 'thisN': 24, 'thisTrialN': 0, 'thisRepN': 6}>
59.1119 	DATA 	Keypress: z
59.1169 	EXP 	fixation: autoDraw = False
59.1169 	EXP 	line1: autoDraw = False
59.1169 	EXP 	line2: autoDraw = False
59.1169 	EXP 	line3: autoDraw = False
59.1169 	EXP 	line4: autoDraw = False
59.1169 	EXP 	probe: autoDraw = False
59.1169 	EXP 	fixation: autoDraw = True
59.2384 	EXP 	Device response: <KeyPress from None: t=59.09526895699673, value=z, duration=0.13632858400524128>
60.1029 	EXP 	line1: autoDraw = True
60.1029 	EXP 	line2: autoDraw = True
60.1029 	EXP 	line3: autoDraw = True
60.1029 	EXP 	line4: autoDraw = True
60.1090 	EXP 	fixation: autoDraw = False
61.1030 	INFO 	Keyboard events cleared
61.1028 	EXP 	probe: autoDraw = True
61.4271 	EXP 	Device response: <KeyPress from None: t=61.42228654099745, value=x, duration=None>
61.4276 	EXP 	New trial (rep=6, index=1): <Trial 25 (1 in rep 6) data={'pos': np.int64(150), 'corr_resp': 'v', 'thisN': 25, 'thisTrialN': 1, 'thisRepN': 6}>
61.4341 	DATA 	Keypress: x
61.4387 	EXP 	fixation: autoDraw = False
61.4387 	EXP 	line1: autoDraw = False
61.4387 	EXP 	line2: autoDraw = False
61.4387 	EXP 	line3: autoDraw = False
61.4387 	EXP 	line4: autoDraw = False
61.4387 	EXP 	probe: autoDraw = False
61.4387 	EXP 	fixation: autoDraw = True
61.5376 	EXP 	Device response: <KeyPress from None: t=61.42228654099745, value=x, duration=0.10840566600381862>
62.4264 	EXP 	line1: autoDraw = True
62.4264 	EXP 	line2: autoDraw = True
62.4264 	EXP 	line3: autoDraw = True
62.4264 	EXP 	line4: autoDraw = True
62.4363 	EXP 	fixation: autoDraw = False
63.4270 	INFO 	Keyboard events cleared
63.4268 	EXP 	probe: autoDraw = True
63.7103 	EXP 	Device response: <KeyPress from None: t=63.70814962399891, value=v, duration=None>
63.7107 	EXP 	New trial (rep=6, index=2): <Trial 26 (2 in rep 6) data={'pos': np.int64(50), 'corr_resp': 'c ', 'thisN': 26, 'thisTrialN': 2, 'thisRepN': 6}>
63.7171 	DATA 	Keypress: v
63.7216 	EXP 	fixation: autoDraw = False
63.7216 	EXP 	line1: autoDraw = False
63.7216 	EXP 	line2: autoDraw = False
63.7216 	EXP 	line3: autoDraw = False
63.7216 	EXP 	line4: autoDraw = False
63.7216 	EXP 	probe: autoDraw = False
63.7216 	EXP 	fixation: autoDraw = True
63.8543 	EXP 	Device response: <KeyPress from None: t=63.70814962399891, value=v, duration=0.13644354199641384>
64.7096 	EXP 	line1: autoDraw = True
64.7096 	EXP 	line2: autoDraw = True
64.7096 	EXP 	line3: autoDraw = True
64.7096 	EXP 	line4: autoDraw = True
64.7197 	EXP 	fixation: autoDraw = False
65.7105 	INFO 	Keyboard events cleared
65.7103 	EXP 	probe: autoDraw = True
66.0207 	EXP 	Device response: <KeyPress from None: t=66.01611391600454, value=c, duration=None>
66.0212 	EXP 	New trial (rep=6, index=3): <Trial 27 (3 in rep 6) data={'pos': np.int64(-150), 'corr_resp': 'z', 'thisN': 27, 'thisTrialN': 3, 'thisRepN': 6}>
66.0283 	DATA 	Keypress: c
66.0332 	EXP 	fixation: autoDraw = False
66.0332 	EXP 	line1: autoDraw = False
66.0332 	EXP 	line2: autoDraw = False
66.0332 	EXP 	line3: autoDraw = False
66.0332 	EXP 	line4: autoDraw = False
66.0332 	EXP 	probe: autoDraw = False
66.0332 	EXP 	fixation: autoDraw = True
66.1713 	EXP 	Device response: <KeyPress from None: t=66.01611391600454, value=c, duration=0.14434662499115802>
67.0196 	EXP 	line1: autoDraw = True
67.0196 	EXP 	line2: autoDraw = True
67.0196 	EXP 	line3: autoDraw = True
67.0196 	EXP 	line4: autoDraw = True
67.0260 	EXP 	fixation: autoDraw = False
67.4157 	WARNING 	Multiple dropped frames have occurred - I'll stop bothering you about them!
68.0185 	INFO 	Keyboard events cleared
68.0181 	EXP 	probe: autoDraw = True
68.3547 	EXP 	Device response: <KeyPress from None: t=68.34815333200095, value=z, duration=None>
68.3556 	EXP 	New trial (rep=7, index=0): <Trial 28 (0 in rep 7) data={'pos': np.int64(-50), 'corr_resp': 'x', 'thisN': 28, 'thisTrialN': 0, 'thisRepN': 7}>
68.3631 	DATA 	Keypress: z
68.3682 	EXP 	fixation: autoDraw = False
68.3682 	EXP 	line1: autoDraw = False
68.3682 	EXP 	line2: autoDraw = False
68.3682 	EXP 	line3: autoDraw = False
68.3682 	EXP 	line4: autoDraw = False
68.3682 	EXP 	probe: autoDraw = False
68.3682 	EXP 	fixation: autoDraw = True
68.5589 	EXP 	Device response: <KeyPress from None: t=68.34815333200095, value=z, duration=0.20822987500287127>
69.3532 	EXP 	line1: autoDraw = True
69.3532 	EXP 	line2: autoDraw = True
69.3532 	EXP 	line3: autoDraw = True
69.3532 	EXP 	line4: autoDraw = True
69.3599 	EXP 	fixation: autoDraw = False
70.3531 	INFO 	Keyboard events cleared
70.3529 	EXP 	probe: autoDraw = True
70.7038 	EXP 	Device response: <KeyPress from None: t=70.69904820699594, value=x, duration=None>
70.7043 	EXP 	New trial (rep=7, index=1): <Trial 29 (1 in rep 7) data={'pos': np.int64(150), 'corr_resp': 'v', 'thisN': 29, 'thisTrialN': 1, 'thisRepN': 7}>
70.7112 	DATA 	Keypress: x
70.7161 	EXP 	fixation: autoDraw = False
70.7161 	EXP 	line1: autoDraw = False
70.7161 	EXP 	line2: autoDraw = False
70.7161 	EXP 	line3: autoDraw = False
70.7161 	EXP 	line4: autoDraw = False
70.7161 	EXP 	probe: autoDraw = False
70.7161 	EXP 	fixation: autoDraw = True
70.7936 	EXP 	Device response: <KeyPress from None: t=70.69904820699594, value=x, duration=0.0882828750036424>
71.7030 	EXP 	line1: autoDraw = True
71.7030 	EXP 	line2: autoDraw = True
71.7030 	EXP 	line3: autoDraw = True
71.7030 	EXP 	line4: autoDraw = True
71.7091 	EXP 	fixation: autoDraw = False
72.7030 	INFO 	Keyboard events cleared
72.7028 	EXP 	probe: autoDraw = True
73.0376 	EXP 	Device response: <KeyPress from None: t=73.03199999900244, value=v, duration=None>
73.0383 	EXP 	New trial (rep=7, index=2): <Trial 30 (2 in rep 7) data={'pos': np.int64(50), 'corr_resp': 'c ', 'thisN': 30, 'thisTrialN': 2, 'thisRepN': 7}>
73.0454 	DATA 	Keypress: v
73.0504 	EXP 	fixation: autoDraw = False
73.0504 	EXP 	line1: autoDraw = False
73.0504 	EXP 	line2: autoDraw = False
73.0504 	EXP 	line3: autoDraw = False
73.0504 	EXP 	line4: autoDraw = False
73.0504 	EXP 	probe: autoDraw = False
73.0504 	EXP 	fixation: autoDraw = True
73.1381 	EXP 	Device response: <KeyPress from None: t=73.03199999900244, value=v, duration=0.10027670799172483>
74.0362 	EXP 	line1: autoDraw = True
74.0362 	EXP 	line2: autoDraw = True
74.0362 	EXP 	line3: autoDraw = True
74.0362 	EXP 	line4: autoDraw = True
74.0422 	EXP 	fixation: autoDraw = False
75.0365 	INFO 	Keyboard events cleared
75.0363 	EXP 	probe: autoDraw = True
75.3207 	EXP 	Device response: <KeyPress from None: t=75.31275366600312, value=c, duration=None>
75.3211 	EXP 	New trial (rep=7, index=3): <Trial 31 (3 in rep 7) data={'pos': np.int64(-150), 'corr_resp': 'z', 'thisN': 31, 'thisTrialN': 3, 'thisRepN': 7}>
75.3274 	DATA 	Keypress: c
75.3324 	EXP 	fixation: autoDraw = False
75.3324 	EXP 	line1: autoDraw = False
75.3324 	EXP 	line2: autoDraw = False
75.3324 	EXP 	line3: autoDraw = False
75.3324 	EXP 	line4: autoDraw = False
75.3324 	EXP 	probe: autoDraw = False
75.3324 	EXP 	fixation: autoDraw = True
75.4214 	EXP 	Device response: <KeyPress from None: t=75.31275366600312, value=c, duration=0.10036508299526758>
76.3197 	EXP 	line1: autoDraw = True
76.3197 	EXP 	line2: autoDraw = True
76.3197 	EXP 	line3: autoDraw = True
76.3197 	EXP 	line4: autoDraw = True
76.3262 	EXP 	fixation: autoDraw = False
77.3198 	INFO 	Keyboard events cleared
77.3195 	EXP 	probe: autoDraw = True
77.6604 	EXP 	Device response: <KeyPress from None: t=77.6548272910004, value=z, duration=None>
77.6608 	EXP 	New trial (rep=8, index=0): <Trial 32 (0 in rep 8) data={'pos': np.int64(-50), 'corr_resp': 'x', 'thisN': 32, 'thisTrialN': 0, 'thisRepN': 8}>
77.6674 	DATA 	Keypress: z
77.6720 	EXP 	fixation: autoDraw = False
77.6720 	EXP 	line1: autoDraw = False
77.6720 	EXP 	line2: autoDraw = False
77.6720 	EXP 	line3: autoDraw = False
77.6720 	EXP 	line4: autoDraw = False
77.6720 	EXP 	probe: autoDraw = False
77.6720 	EXP 	fixation: autoDraw = True
77.8207 	EXP 	Device response: <KeyPress from None: t=77.6548272910004, value=z, duration=0.16030508300173096>
78.6602 	EXP 	line1: autoDraw = True
78.6602 	EXP 	line2: autoDraw = True
78.6602 	EXP 	line3: autoDraw = True
78.6602 	EXP 	line4: autoDraw = True
78.6688 	EXP 	fixation: autoDraw = False
79.6605 	INFO 	Keyboard events cleared
79.6604 	EXP 	probe: autoDraw = True
79.9869 	EXP 	Device response: <KeyPress from None: t=79.97559979099606, value=x, duration=None>
79.9878 	EXP 	New trial (rep=8, index=1): <Trial 33 (1 in rep 8) data={'pos': np.int64(150), 'corr_resp': 'v', 'thisN': 33, 'thisTrialN': 1, 'thisRepN': 8}>
79.9919 	DATA 	Keypress: x
79.9958 	EXP 	fixation: autoDraw = False
79.9958 	EXP 	line1: autoDraw = False
79.9958 	EXP 	line2: autoDraw = False
79.9958 	EXP 	line3: autoDraw = False
79.9958 	EXP 	line4: autoDraw = False
79.9958 	EXP 	probe: autoDraw = False
79.9958 	EXP 	fixation: autoDraw = True
80.1046 	EXP 	Device response: <KeyPress from None: t=79.97559979099606, value=x, duration=0.11644508299650624>
80.9862 	EXP 	line1: autoDraw = True
80.9862 	EXP 	line2: autoDraw = True
80.9862 	EXP 	line3: autoDraw = True
80.9862 	EXP 	line4: autoDraw = True
80.9919 	EXP 	fixation: autoDraw = False
81.9863 	INFO 	Keyboard events cleared
81.9861 	EXP 	probe: autoDraw = True
82.3541 	EXP 	Device response: <KeyPress from None: t=82.34363824900356, value=v, duration=None>
82.3545 	EXP 	New trial (rep=8, index=2): <Trial 34 (2 in rep 8) data={'pos': np.int64(50), 'corr_resp': 'c ', 'thisN': 34, 'thisTrialN': 2, 'thisRepN': 8}>
82.3609 	DATA 	Keypress: v
82.3655 	EXP 	fixation: autoDraw = False
82.3655 	EXP 	line1: autoDraw = False
82.3655 	EXP 	line2: autoDraw = False
82.3655 	EXP 	line3: autoDraw = False
82.3655 	EXP 	line4: autoDraw = False
82.3655 	EXP 	probe: autoDraw = False
82.3655 	EXP 	fixation: autoDraw = True
82.4549 	EXP 	Device response: <KeyPress from None: t=82.34363824900356, value=v, duration=0.10427724999317434>
83.3530 	EXP 	line1: autoDraw = True
83.3530 	EXP 	line2: autoDraw = True
83.3530 	EXP 	line3: autoDraw = True
83.3530 	EXP 	line4: autoDraw = True
83.3596 	EXP 	fixation: autoDraw = False
84.3530 	INFO 	Keyboard events cleared
84.3528 	EXP 	probe: autoDraw = True
84.6376 	EXP 	Device response: <KeyPress from None: t=84.63270183200075, value=c, duration=None>
84.6382 	EXP 	New trial (rep=8, index=3): <Trial 35 (3 in rep 8) data={'pos': np.int64(-150), 'corr_resp': 'z', 'thisN': 35, 'thisTrialN': 3, 'thisRepN': 8}>
84.6449 	DATA 	Keypress: c
84.6497 	EXP 	fixation: autoDraw = False
84.6497 	EXP 	line1: autoDraw = False
84.6497 	EXP 	line2: autoDraw = False
84.6497 	EXP 	line3: autoDraw = False
84.6497 	EXP 	line4: autoDraw = False
84.6497 	EXP 	probe: autoDraw = False
84.6497 	EXP 	fixation: autoDraw = True
84.7593 	EXP 	Device response: <KeyPress from None: t=84.63270183200075, value=c, duration=0.12418058399634901>
85.6363 	EXP 	line1: autoDraw = True
85.6363 	EXP 	line2: autoDraw = True
85.6363 	EXP 	line3: autoDraw = True
85.6363 	EXP 	line4: autoDraw = True
85.6422 	EXP 	fixation: autoDraw = False
86.6363 	INFO 	Keyboard events cleared
86.6361 	EXP 	probe: autoDraw = True
86.9876 	EXP 	Device response: <KeyPress from None: t=86.98454120699898, value=z, duration=None>
86.9882 	EXP 	New trial (rep=9, index=0): <Trial 36 (0 in rep 9) data={'pos': np.int64(-50), 'corr_resp': 'x', 'thisN': 36, 'thisTrialN': 0, 'thisRepN': 9}>
86.9955 	DATA 	Keypress: z
87.0004 	EXP 	fixation: autoDraw = False
87.0004 	EXP 	line1: autoDraw = False
87.0004 	EXP 	line2: autoDraw = False
87.0004 	EXP 	line3: autoDraw = False
87.0004 	EXP 	line4: autoDraw = False
87.0004 	EXP 	probe: autoDraw = False
87.0004 	EXP 	fixation: autoDraw = True
87.1544 	EXP 	Device response: <KeyPress from None: t=86.98454120699898, value=z, duration=0.1642908749927301>
87.9860 	EXP 	line1: autoDraw = True
87.9860 	EXP 	line2: autoDraw = True
87.9860 	EXP 	line3: autoDraw = True
87.9860 	EXP 	line4: autoDraw = True
87.9930 	EXP 	fixation: autoDraw = False
88.9864 	INFO 	Keyboard events cleared
88.9862 	EXP 	probe: autoDraw = True
89.3040 	EXP 	Device response: <KeyPress from None: t=89.29647433200444, value=x, duration=None>
89.3044 	EXP 	New trial (rep=9, index=1): <Trial 37 (1 in rep 9) data={'pos': np.int64(150), 'corr_resp': 'v', 'thisN': 37, 'thisTrialN': 1, 'thisRepN': 9}>
89.3111 	DATA 	Keypress: x
89.3160 	EXP 	fixation: autoDraw = False
89.3160 	EXP 	line1: autoDraw = False
89.3160 	EXP 	line2: autoDraw = False
89.3160 	EXP 	line3: autoDraw = False
89.3160 	EXP 	line4: autoDraw = False
89.3160 	EXP 	probe: autoDraw = False
89.3160 	EXP 	fixation: autoDraw = True
89.4047 	EXP 	Device response: <KeyPress from None: t=89.29647433200444, value=x, duration=0.10030279199418146>
90.3029 	EXP 	line1: autoDraw = True
90.3029 	EXP 	line2: autoDraw = True
90.3029 	EXP 	line3: autoDraw = True
90.3029 	EXP 	line4: autoDraw = True
90.3099 	EXP 	fixation: autoDraw = False
91.3030 	INFO 	Keyboard events cleared
91.3028 	EXP 	probe: autoDraw = True
91.6374 	EXP 	Device response: <KeyPress from None: t=91.63147312399815, value=v, duration=None>
91.6379 	EXP 	New trial (rep=9, index=2): <Trial 38 (2 in rep 9) data={'pos': np.int64(50), 'corr_resp': 'c ', 'thisN': 38, 'thisTrialN': 2, 'thisRepN': 9}>
91.6446 	DATA 	Keypress: v
91.6495 	EXP 	fixation: autoDraw = False
91.6495 	EXP 	line1: autoDraw = False
91.6495 	EXP 	line2: autoDraw = False
91.6495 	EXP 	line3: autoDraw = False
91.6495 	EXP 	line4: autoDraw = False
91.6495 	EXP 	probe: autoDraw = False
91.6495 	EXP 	fixation: autoDraw = True
91.7382 	EXP 	Device response: <KeyPress from None: t=91.63147312399815, value=v, duration=0.10424475000763778>
92.6358 	EXP 	line1: autoDraw = True
92.6358 	EXP 	line2: autoDraw = True
92.6358 	EXP 	line3: autoDraw = True
92.6358 	EXP 	line4: autoDraw = True
92.6418 	EXP 	fixation: autoDraw = False
93.6364 	INFO 	Keyboard events cleared
93.6362 	EXP 	probe: autoDraw = True
93.9375 	EXP 	Device response: <KeyPress from None: t=93.9333719159913, value=c, duration=None>
93.9381 	EXP 	New trial (rep=9, index=3): <Trial 39 (3 in rep 9) data={'pos': np.int64(-150), 'corr_resp': 'z', 'thisN': 39, 'thisTrialN': 3, 'thisRepN': 9}>
93.9453 	DATA 	Keypress: c
93.9503 	EXP 	fixation: autoDraw = False
93.9503 	EXP 	line1: autoDraw = False
93.9503 	EXP 	line2: autoDraw = False
93.9503 	EXP 	line3: autoDraw = False
93.9503 	EXP 	line4: autoDraw = False
93.9503 	EXP 	probe: autoDraw = False
93.9503 	EXP 	fixation: autoDraw = True
94.0709 	EXP 	Device response: <KeyPress from None: t=93.9333719159913, value=c, duration=0.12429062501178123>
94.9359 	EXP 	line1: autoDraw = True
94.9359 	EXP 	line2: autoDraw = True
94.9359 	EXP 	line3: autoDraw = True
94.9359 	EXP 	line4: autoDraw = True
94.9430 	EXP 	fixation: autoDraw = False
95.9362 	INFO 	Keyboard events cleared
95.9361 	EXP 	probe: autoDraw = True
96.2263 	EXP 	Device response: <KeyPress from None: t=96.22430299899133, value=z, duration=None>
96.2268 	EXP 	New trial (rep=10, index=0): <Trial 40 (0 in rep 10) data={'pos': np.int64(-50), 'corr_resp': 'x', 'thisN': 40, 'thisTrialN': 0, 'thisRepN': 10}>
96.2327 	DATA 	Keypress: z
96.2384 	EXP 	fixation: autoDraw = False
96.2384 	EXP 	line1: autoDraw = False
96.2384 	EXP 	line2: autoDraw = False
96.2384 	EXP 	line3: autoDraw = False
96.2384 	EXP 	line4: autoDraw = False
96.2384 	EXP 	probe: autoDraw = False
96.2384 	EXP 	fixation: autoDraw = True
96.3875 	EXP 	Device response: <KeyPress from None: t=96.22430299899133, value=z, duration=0.16021195800567511>
97.2263 	EXP 	line1: autoDraw = True
97.2263 	EXP 	line2: autoDraw = True
97.2263 	EXP 	line3: autoDraw = True
97.2263 	EXP 	line4: autoDraw = True
97.2362 	EXP 	fixation: autoDraw = False
98.2264 	INFO 	Keyboard events cleared
98.2262 	EXP 	probe: autoDraw = True
98.6039 	EXP 	Device response: <KeyPress from None: t=98.59923308200086, value=x, duration=None>
98.6043 	EXP 	New trial (rep=10, index=1): <Trial 41 (1 in rep 10) data={'pos': np.int64(150), 'corr_resp': 'v', 'thisN': 41, 'thisTrialN': 1, 'thisRepN': 10}>
98.6111 	DATA 	Keypress: x
98.6161 	EXP 	fixation: autoDraw = False
98.6161 	EXP 	line1: autoDraw = False
98.6161 	EXP 	line2: autoDraw = False
98.6161 	EXP 	line3: autoDraw = False
98.6161 	EXP 	line4: autoDraw = False
98.6161 	EXP 	probe: autoDraw = False
98.6161 	EXP 	fixation: autoDraw = True
98.7211 	EXP 	Device response: <KeyPress from None: t=98.59923308200086, value=x, duration=0.11615879199234769>
99.6030 	EXP 	line1: autoDraw = True
99.6030 	EXP 	line2: autoDraw = True
99.6030 	EXP 	line3: autoDraw = True
99.6030 	EXP 	line4: autoDraw = True
99.6095 	EXP 	fixation: autoDraw = False
100.6022 	INFO 	Keyboard events cleared
100.6020 	EXP 	probe: autoDraw = True
101.0208 	EXP 	Device response: <KeyPress from None: t=101.01410674900399, value=v, duration=None>
101.0213 	EXP 	New trial (rep=10, index=2): <Trial 42 (2 in rep 10) data={'pos': np.int64(50), 'corr_resp': 'c ', 'thisN': 42, 'thisTrialN': 2, 'thisRepN': 10}>
101.0279 	DATA 	Keypress: v
101.0327 	EXP 	fixation: autoDraw = False
101.0327 	EXP 	line1: autoDraw = False
101.0327 	EXP 	line2: autoDraw = False
101.0327 	EXP 	line3: autoDraw = False
101.0327 	EXP 	line4: autoDraw = False
101.0327 	EXP 	probe: autoDraw = False
101.0327 	EXP 	fixation: autoDraw = True
101.1213 	EXP 	Device response: <KeyPress from None: t=101.01410674900399, value=v, duration=0.09628795798926149>
102.0196 	EXP 	line1: autoDraw = True
102.0196 	EXP 	line2: autoDraw = True
102.0196 	EXP 	line3: autoDraw = True
102.0196 	EXP 	line4: autoDraw = True
102.0261 	EXP 	fixation: autoDraw = False
103.0186 	INFO 	Keyboard events cleared
103.0184 	EXP 	probe: autoDraw = True
103.3268 	EXP 	Device response: <KeyPress from None: t=103.3249934570049, value=c, duration=None>
103.3272 	EXP 	New trial (rep=10, index=3): <Trial 43 (3 in rep 10) data={'pos': np.int64(-150), 'corr_resp': 'z', 'thisN': 43, 'thisTrialN': 3, 'thisRepN': 10}>
103.3337 	DATA 	Keypress: c
103.3387 	EXP 	fixation: autoDraw = False
103.3387 	EXP 	line1: autoDraw = False
103.3387 	EXP 	line2: autoDraw = False
103.3387 	EXP 	line3: autoDraw = False
103.3387 	EXP 	line4: autoDraw = False
103.3387 	EXP 	probe: autoDraw = False
103.3387 	EXP 	fixation: autoDraw = True
103.4548 	EXP 	Device response: <KeyPress from None: t=103.3249934570049, value=c, duration=0.11640108400024474>
104.3269 	EXP 	line1: autoDraw = True
104.3269 	EXP 	line2: autoDraw = True
104.3269 	EXP 	line3: autoDraw = True
104.3269 	EXP 	line4: autoDraw = True
104.3361 	EXP 	fixation: autoDraw = False
105.3267 	INFO 	Keyboard events cleared
105.3266 	EXP 	probe: autoDraw = True
105.6598 	EXP 	Device response: <KeyPress from None: t=105.65588412400393, value=z, duration=None>
105.6603 	EXP 	New trial (rep=11, index=0): <Trial 44 (0 in rep 11) data={'pos': np.int64(-50), 'corr_resp': 'x', 'thisN': 44, 'thisTrialN': 0, 'thisRepN': 11}>
105.6641 	DATA 	Keypress: z
105.6686 	EXP 	fixation: autoDraw = False
105.6686 	EXP 	line1: autoDraw = False
105.6686 	EXP 	line2: autoDraw = False
105.6686 	EXP 	line3: autoDraw = False
105.6686 	EXP 	line4: autoDraw = False
105.6686 	EXP 	probe: autoDraw = False
105.6686 	EXP 	fixation: autoDraw = True
105.7922 	EXP 	Device response: <KeyPress from None: t=105.65588412400393, value=z, duration=0.13246033299947158>
106.6593 	EXP 	fixation: autoDraw = False
106.6593 	EXP 	line1: autoDraw = True
106.6593 	EXP 	line2: autoDraw = True
106.6593 	EXP 	line3: autoDraw = True
106.6593 	EXP 	line4: autoDraw = True
107.6597 	INFO 	Keyboard events cleared
107.6595 	EXP 	probe: autoDraw = True
108.1269 	EXP 	Device response: <KeyPress from None: t=108.12197770699277, value=x, duration=None>
108.1274 	EXP 	New trial (rep=11, index=1): <Trial 45 (1 in rep 11) data={'pos': np.int64(150), 'corr_resp': 'v', 'thisN': 45, 'thisTrialN': 1, 'thisRepN': 11}>
108.1339 	DATA 	Keypress: x
108.1381 	EXP 	fixation: autoDraw = False
108.1381 	EXP 	line1: autoDraw = False
108.1381 	EXP 	line2: autoDraw = False
108.1381 	EXP 	line3: autoDraw = False
108.1381 	EXP 	line4: autoDraw = False
108.1381 	EXP 	probe: autoDraw = False
108.1381 	EXP 	fixation: autoDraw = True
108.2767 	EXP 	Device response: <KeyPress from None: t=108.12197770699277, value=x, duration=0.14830854200408794>
109.1264 	EXP 	line1: autoDraw = True
109.1264 	EXP 	line2: autoDraw = True
109.1264 	EXP 	line3: autoDraw = True
109.1264 	EXP 	line4: autoDraw = True
109.1361 	EXP 	fixation: autoDraw = False
110.1268 	INFO 	Keyboard events cleared
110.1266 	EXP 	probe: autoDraw = True
110.5872 	EXP 	Device response: <KeyPress from None: t=110.58087649899244, value=v, duration=None>
110.5876 	EXP 	New trial (rep=11, index=2): <Trial 46 (2 in rep 11) data={'pos': np.int64(50), 'corr_resp': 'c ', 'thisN': 46, 'thisTrialN': 2, 'thisRepN': 11}>
110.5942 	DATA 	Keypress: v
110.5993 	EXP 	fixation: autoDraw = False
110.5993 	EXP 	line1: autoDraw = False
110.5993 	EXP 	line2: autoDraw = False
110.5993 	EXP 	line3: autoDraw = False
110.5993 	EXP 	line4: autoDraw = False
110.5993 	EXP 	probe: autoDraw = False
110.5993 	EXP 	fixation: autoDraw = True
110.7044 	EXP 	Device response: <KeyPress from None: t=110.58087649899244, value=v, duration=0.11637791700195521>
111.5862 	EXP 	line1: autoDraw = True
111.5862 	EXP 	line2: autoDraw = True
111.5862 	EXP 	line3: autoDraw = True
111.5862 	EXP 	line4: autoDraw = True
111.5927 	EXP 	fixation: autoDraw = False
112.5863 	INFO 	Keyboard events cleared
112.5861 	EXP 	probe: autoDraw = True
112.9268 	EXP 	Device response: <KeyPress from None: t=112.92381816600391, value=c, duration=None>
112.9281 	EXP 	New trial (rep=11, index=3): <Trial 47 (3 in rep 11) data={'pos': np.int64(-150), 'corr_resp': 'z', 'thisN': 47, 'thisTrialN': 3, 'thisRepN': 11}>
112.9347 	DATA 	Keypress: c
112.9389 	EXP 	fixation: autoDraw = False
112.9389 	EXP 	line1: autoDraw = False
112.9389 	EXP 	line2: autoDraw = False
112.9389 	EXP 	line3: autoDraw = False
112.9389 	EXP 	line4: autoDraw = False
112.9389 	EXP 	probe: autoDraw = False
112.9389 	EXP 	fixation: autoDraw = True
113.0756 	EXP 	Device response: <KeyPress from None: t=112.92381816600391, value=c, duration=0.14827399999194313>
113.9259 	EXP 	line1: autoDraw = True
113.9259 	EXP 	line2: autoDraw = True
113.9259 	EXP 	line3: autoDraw = True
113.9259 	EXP 	line4: autoDraw = True
113.9362 	EXP 	fixation: autoDraw = False
114.9270 	INFO 	Keyboard events cleared
114.9267 	EXP 	probe: autoDraw = True
115.2435 	EXP 	Device response: <KeyPress from None: t=115.23976512400259, value=z, duration=None>
115.2439 	EXP 	New trial (rep=12, index=0): <Trial 48 (0 in rep 12) data={'pos': np.int64(-50), 'corr_resp': 'x', 'thisN': 48, 'thisTrialN': 0, 'thisRepN': 12}>
115.2504 	DATA 	Keypress: z
115.2549 	EXP 	fixation: autoDraw = False
115.2549 	EXP 	line1: autoDraw = False
115.2549 	EXP 	line2: autoDraw = False
115.2549 	EXP 	line3: autoDraw = False
115.2549 	EXP 	line4: autoDraw = False
115.2549 	EXP 	probe: autoDraw = False
115.2549 	EXP 	fixation: autoDraw = True
115.4045 	EXP 	Device response: <KeyPress from None: t=115.23976512400259, value=z, duration=0.16031408299750183>
116.2425 	EXP 	line1: autoDraw = True
116.2425 	EXP 	line2: autoDraw = True
116.2425 	EXP 	line3: autoDraw = True
116.2425 	EXP 	line4: autoDraw = True
116.2527 	EXP 	fixation: autoDraw = False
117.2431 	INFO 	Keyboard events cleared
117.2430 	EXP 	probe: autoDraw = True
117.5544 	EXP 	Device response: <KeyPress from None: t=117.5475800819986, value=x, duration=None>
117.5551 	EXP 	New trial (rep=12, index=1): <Trial 49 (1 in rep 12) data={'pos': np.int64(150), 'corr_resp': 'v', 'thisN': 49, 'thisTrialN': 1, 'thisRepN': 12}>
117.5624 	DATA 	Keypress: x
117.5673 	EXP 	fixation: autoDraw = False
117.5673 	EXP 	line1: autoDraw = False
117.5673 	EXP 	line2: autoDraw = False
117.5673 	EXP 	line3: autoDraw = False
117.5673 	EXP 	line4: autoDraw = False
117.5673 	EXP 	probe: autoDraw = False
117.5673 	EXP 	fixation: autoDraw = True
117.6710 	EXP 	Device response: <KeyPress from None: t=117.5475800819986, value=x, duration=0.12039662500319537>
118.5526 	EXP 	line1: autoDraw = True
118.5526 	EXP 	line2: autoDraw = True
118.5526 	EXP 	line3: autoDraw = True
118.5526 	EXP 	line4: autoDraw = True
118.5584 	EXP 	fixation: autoDraw = False
119.5529 	INFO 	Keyboard events cleared
119.5527 	EXP 	probe: autoDraw = True
119.8708 	EXP 	Device response: <KeyPress from None: t=119.86064245700254, value=v, duration=None>
119.8714 	EXP 	New trial (rep=12, index=2): <Trial 50 (2 in rep 12) data={'pos': np.int64(50), 'corr_resp': 'c ', 'thisN': 50, 'thisTrialN': 2, 'thisRepN': 12}>
119.8784 	DATA 	Keypress: v
119.8833 	EXP 	fixation: autoDraw = False
119.8833 	EXP 	line1: autoDraw = False
119.8833 	EXP 	line2: autoDraw = False
119.8833 	EXP 	line3: autoDraw = False
119.8833 	EXP 	line4: autoDraw = False
119.8833 	EXP 	probe: autoDraw = False
119.8833 	EXP 	fixation: autoDraw = True
119.9711 	EXP 	Device response: <KeyPress from None: t=119.86064245700254, value=v, duration=0.10433758399449289>
120.8696 	EXP 	line1: autoDraw = True
120.8696 	EXP 	line2: autoDraw = True
120.8696 	EXP 	line3: autoDraw = True
120.8696 	EXP 	line4: autoDraw = True
120.8761 	EXP 	fixation: autoDraw = False
121.8694 	INFO 	Keyboard events cleared
121.8692 	EXP 	probe: autoDraw = True
122.1600 	EXP 	Device response: <KeyPress from None: t=122.15748062399507, value=c, duration=None>
122.1604 	EXP 	New trial (rep=12, index=3): <Trial 51 (3 in rep 12) data={'pos': np.int64(-150), 'corr_resp': 'z', 'thisN': 51, 'thisTrialN': 3, 'thisRepN': 12}>
122.1668 	DATA 	Keypress: c
122.1715 	EXP 	fixation: autoDraw = False
122.1715 	EXP 	line1: autoDraw = False
122.1715 	EXP 	line2: autoDraw = False
122.1715 	EXP 	line3: autoDraw = False
122.1715 	EXP 	line4: autoDraw = False
122.1715 	EXP 	probe: autoDraw = False
122.1715 	EXP 	fixation: autoDraw = True
122.2707 	EXP 	Device response: <KeyPress from None: t=122.15748062399507, value=c, duration=0.1043697080021957>
123.1598 	EXP 	line1: autoDraw = True
123.1598 	EXP 	line2: autoDraw = True
123.1598 	EXP 	line3: autoDraw = True
123.1598 	EXP 	line4: autoDraw = True
123.1694 	EXP 	fixation: autoDraw = False
124.1600 	INFO 	Keyboard events cleared
124.1598 	EXP 	probe: autoDraw = True
124.5433 	EXP 	Device response: <KeyPress from None: t=124.54045529100404, value=z, duration=None>
124.5438 	EXP 	New trial (rep=13, index=0): <Trial 52 (0 in rep 13) data={'pos': np.int64(-50), 'corr_resp': 'x', 'thisN': 52, 'thisTrialN': 0, 'thisRepN': 13}>
124.5505 	DATA 	Keypress: z
124.5549 	EXP 	fixation: autoDraw = False
124.5549 	EXP 	line1: autoDraw = False
124.5549 	EXP 	line2: autoDraw = False
124.5549 	EXP 	line3: autoDraw = False
124.5549 	EXP 	line4: autoDraw = False
124.5549 	EXP 	probe: autoDraw = False
124.5549 	EXP 	fixation: autoDraw = True
124.6937 	EXP 	Device response: <KeyPress from None: t=124.54045529100404, value=z, duration=0.14834845799487084>
125.5433 	EXP 	line1: autoDraw = True
125.5433 	EXP 	line2: autoDraw = True
125.5433 	EXP 	line3: autoDraw = True
125.5433 	EXP 	line4: autoDraw = True
125.5527 	EXP 	fixation: autoDraw = False
126.5429 	INFO 	Keyboard events cleared
126.5427 	EXP 	probe: autoDraw = True
126.9539 	EXP 	Device response: <KeyPress from None: t=126.95239179099735, value=x, duration=None>
126.9546 	EXP 	New trial (rep=13, index=1): <Trial 53 (1 in rep 13) data={'pos': np.int64(150), 'corr_resp': 'v', 'thisN': 53, 'thisTrialN': 1, 'thisRepN': 13}>
126.9617 	DATA 	Keypress: x
126.9666 	EXP 	fixation: autoDraw = False
126.9666 	EXP 	line1: autoDraw = False
126.9666 	EXP 	line2: autoDraw = False
126.9666 	EXP 	line3: autoDraw = False
126.9666 	EXP 	line4: autoDraw = False
126.9666 	EXP 	probe: autoDraw = False
126.9666 	EXP 	fixation: autoDraw = True
127.0708 	EXP 	Device response: <KeyPress from None: t=126.95239179099735, value=x, duration=0.11636887499480508>
127.9530 	EXP 	line1: autoDraw = True
127.9530 	EXP 	line2: autoDraw = True
127.9530 	EXP 	line3: autoDraw = True
127.9530 	EXP 	line4: autoDraw = True
127.9604 	EXP 	fixation: autoDraw = False
128.9529 	INFO 	Keyboard events cleared
128.9527 	EXP 	probe: autoDraw = True
129.2630 	EXP 	Device response: <KeyPress from None: t=129.25524524900538, value=v, duration=None>
129.2641 	EXP 	New trial (rep=13, index=2): <Trial 54 (2 in rep 13) data={'pos': np.int64(50), 'corr_resp': 'c ', 'thisN': 54, 'thisTrialN': 2, 'thisRepN': 13}>
129.2860 	EXP 	fixation: autoDraw = False
129.2860 	EXP 	line1: autoDraw = False
129.2860 	EXP 	line2: autoDraw = False
129.2860 	EXP 	line3: autoDraw = False
129.2860 	EXP 	line4: autoDraw = False
129.2860 	EXP 	probe: autoDraw = False
129.2860 	EXP 	fixation: autoDraw = True
129.2881 	DATA 	Keypress: v
129.3871 	EXP 	Device response: <KeyPress from None: t=129.25524524900538, value=v, duration=0.12031170800037216>
130.2606 	EXP 	line1: autoDraw = True
130.2606 	EXP 	line2: autoDraw = True
130.2606 	EXP 	line3: autoDraw = True
130.2606 	EXP 	line4: autoDraw = True
130.2742 	EXP 	fixation: autoDraw = False
131.2595 	INFO 	Keyboard events cleared
131.2593 	EXP 	probe: autoDraw = True
131.5708 	EXP 	Device response: <KeyPress from None: t=131.55924287400558, value=c, duration=None>
131.5714 	EXP 	New trial (rep=13, index=3): <Trial 55 (3 in rep 13) data={'pos': np.int64(-150), 'corr_resp': 'z', 'thisN': 55, 'thisTrialN': 3, 'thisRepN': 13}>
131.5777 	DATA 	Keypress: c
131.5825 	EXP 	fixation: autoDraw = False
131.5825 	EXP 	line1: autoDraw = False
131.5825 	EXP 	line2: autoDraw = False
131.5825 	EXP 	line3: autoDraw = False
131.5825 	EXP 	line4: autoDraw = False
131.5825 	EXP 	probe: autoDraw = False
131.5825 	EXP 	fixation: autoDraw = True
131.6877 	EXP 	Device response: <KeyPress from None: t=131.55924287400558, value=c, duration=0.12438441699487157>
132.5694 	EXP 	line1: autoDraw = True
132.5694 	EXP 	line2: autoDraw = True
132.5694 	EXP 	line3: autoDraw = True
132.5694 	EXP 	line4: autoDraw = True
132.5757 	EXP 	fixation: autoDraw = False
133.5697 	INFO 	Keyboard events cleared
133.5695 	EXP 	probe: autoDraw = True
133.8708 	EXP 	Device response: <KeyPress from None: t=133.86822899899562, value=z, duration=None>
133.8714 	EXP 	New trial (rep=14, index=0): <Trial 56 (0 in rep 14) data={'pos': np.int64(-50), 'corr_resp': 'x', 'thisN': 56, 'thisTrialN': 0, 'thisRepN': 14}>
133.8778 	DATA 	Keypress: z
133.8825 	EXP 	fixation: autoDraw = False
133.8825 	EXP 	line1: autoDraw = False
133.8825 	EXP 	line2: autoDraw = False
133.8825 	EXP 	line3: autoDraw = False
133.8825 	EXP 	line4: autoDraw = False
133.8825 	EXP 	probe: autoDraw = False
133.8825 	EXP 	fixation: autoDraw = True
134.0372 	EXP 	Device response: <KeyPress from None: t=133.86822899899562, value=z, duration=0.16029358300147578>
134.8693 	EXP 	line1: autoDraw = True
134.8693 	EXP 	line2: autoDraw = True
134.8693 	EXP 	line3: autoDraw = True
134.8693 	EXP 	line4: autoDraw = True
134.8760 	EXP 	fixation: autoDraw = False
135.8695 	INFO 	Keyboard events cleared
135.8693 	EXP 	probe: autoDraw = True
136.4873 	EXP 	Device response: <KeyPress from None: t=136.4794019569963, value=x, duration=None>
136.4878 	EXP 	New trial (rep=14, index=1): <Trial 57 (1 in rep 14) data={'pos': np.int64(150), 'corr_resp': 'v', 'thisN': 57, 'thisTrialN': 1, 'thisRepN': 14}>
136.4938 	DATA 	Keypress: x
136.4985 	EXP 	fixation: autoDraw = False
136.4985 	EXP 	line1: autoDraw = False
136.4985 	EXP 	line2: autoDraw = False
136.4985 	EXP 	line3: autoDraw = False
136.4985 	EXP 	line4: autoDraw = False
136.4985 	EXP 	probe: autoDraw = False
136.4985 	EXP 	fixation: autoDraw = True
136.6212 	EXP 	Device response: <KeyPress from None: t=136.4794019569963, value=x, duration=0.13596308400155976>
137.4860 	EXP 	line1: autoDraw = True
137.4860 	EXP 	line2: autoDraw = True
137.4860 	EXP 	line3: autoDraw = True
137.4860 	EXP 	line4: autoDraw = True
137.4924 	EXP 	fixation: autoDraw = False
138.4863 	INFO 	Keyboard events cleared
138.4860 	EXP 	probe: autoDraw = True
138.7872 	EXP 	Device response: <KeyPress from None: t=138.78408183199645, value=v, duration=None>
138.7878 	EXP 	New trial (rep=14, index=2): <Trial 58 (2 in rep 14) data={'pos': np.int64(50), 'corr_resp': 'c ', 'thisN': 58, 'thisTrialN': 2, 'thisRepN': 14}>
138.7949 	DATA 	Keypress: v
138.7997 	EXP 	fixation: autoDraw = False
138.7997 	EXP 	line1: autoDraw = False
138.7997 	EXP 	line2: autoDraw = False
138.7997 	EXP 	line3: autoDraw = False
138.7997 	EXP 	line4: autoDraw = False
138.7997 	EXP 	probe: autoDraw = False
138.7997 	EXP 	fixation: autoDraw = True
138.9039 	EXP 	Device response: <KeyPress from None: t=138.78408183199645, value=v, duration=0.11232229199958965>
139.7861 	EXP 	line1: autoDraw = True
139.7861 	EXP 	line2: autoDraw = True
139.7861 	EXP 	line3: autoDraw = True
139.7861 	EXP 	line4: autoDraw = True
139.7921 	EXP 	fixation: autoDraw = False
140.7862 	INFO 	Keyboard events cleared
140.7860 	EXP 	probe: autoDraw = True
141.0874 	EXP 	Device response: <KeyPress from None: t=141.07797891600057, value=c, duration=None>
141.0879 	EXP 	New trial (rep=14, index=3): <Trial 59 (3 in rep 14) data={'pos': np.int64(-150), 'corr_resp': 'z', 'thisN': 59, 'thisTrialN': 3, 'thisRepN': 14}>
141.0952 	DATA 	Keypress: c
141.1002 	EXP 	fixation: autoDraw = False
141.1002 	EXP 	line1: autoDraw = False
141.1002 	EXP 	line2: autoDraw = False
141.1002 	EXP 	line3: autoDraw = False
141.1002 	EXP 	line4: autoDraw = False
141.1002 	EXP 	probe: autoDraw = False
141.1002 	EXP 	fixation: autoDraw = True
141.2042 	EXP 	Device response: <KeyPress from None: t=141.07797891600057, value=c, duration=0.11640929100394715>
142.0861 	EXP 	line1: autoDraw = True
142.0861 	EXP 	line2: autoDraw = True
142.0861 	EXP 	line3: autoDraw = True
142.0861 	EXP 	line4: autoDraw = True
142.0927 	EXP 	fixation: autoDraw = False
143.0863 	INFO 	Keyboard events cleared
143.0860 	EXP 	probe: autoDraw = True
143.3943 	EXP 	Device response: <KeyPress from None: t=143.38678754099237, value=z, duration=None>
143.3948 	EXP 	New trial (rep=15, index=0): <Trial 60 (0 in rep 15) data={'pos': np.int64(-50), 'corr_resp': 'x', 'thisN': 60, 'thisTrialN': 0, 'thisRepN': 15}>
143.4014 	DATA 	Keypress: z
143.4057 	EXP 	fixation: autoDraw = False
143.4057 	EXP 	line1: autoDraw = False
143.4057 	EXP 	line2: autoDraw = False
143.4057 	EXP 	line3: autoDraw = False
143.4057 	EXP 	line4: autoDraw = False
143.4057 	EXP 	probe: autoDraw = False
143.4057 	EXP 	fixation: autoDraw = True
143.5541 	EXP 	Device response: <KeyPress from None: t=143.38678754099237, value=z, duration=0.1563612500031013>
144.3926 	EXP 	line1: autoDraw = True
144.3926 	EXP 	line2: autoDraw = True
144.3926 	EXP 	line3: autoDraw = True
144.3926 	EXP 	line4: autoDraw = True
144.4026 	EXP 	fixation: autoDraw = False
145.3933 	INFO 	Keyboard events cleared
145.3930 	EXP 	probe: autoDraw = True
145.7539 	EXP 	Device response: <KeyPress from None: t=145.75086033200205, value=x, duration=None>
145.7545 	EXP 	New trial (rep=15, index=1): <Trial 61 (1 in rep 15) data={'pos': np.int64(150), 'corr_resp': 'v', 'thisN': 61, 'thisTrialN': 1, 'thisRepN': 15}>
145.7623 	DATA 	Keypress: x
145.7676 	EXP 	fixation: autoDraw = False
145.7676 	EXP 	line1: autoDraw = False
145.7676 	EXP 	line2: autoDraw = False
145.7676 	EXP 	line3: autoDraw = False
145.7676 	EXP 	line4: autoDraw = False
145.7676 	EXP 	probe: autoDraw = False
145.7676 	EXP 	fixation: autoDraw = True
145.8586 	EXP 	Device response: <KeyPress from None: t=145.75086033200205, value=x, duration=0.10433291699155234>
146.7519 	EXP 	line1: autoDraw = True
146.7519 	EXP 	line2: autoDraw = True
146.7519 	EXP 	line3: autoDraw = True
146.7519 	EXP 	line4: autoDraw = True
146.7571 	EXP 	fixation: autoDraw = False
147.7528 	INFO 	Keyboard events cleared
147.7526 	EXP 	probe: autoDraw = True
148.0374 	EXP 	Device response: <KeyPress from None: t=148.03278724900156, value=v, duration=None>
148.0379 	EXP 	New trial (rep=15, index=2): <Trial 62 (2 in rep 15) data={'pos': np.int64(50), 'corr_resp': 'c ', 'thisN': 62, 'thisTrialN': 2, 'thisRepN': 15}>
148.0449 	DATA 	Keypress: v
148.0499 	EXP 	fixation: autoDraw = False
148.0499 	EXP 	line1: autoDraw = False
148.0499 	EXP 	line2: autoDraw = False
148.0499 	EXP 	line3: autoDraw = False
148.0499 	EXP 	line4: autoDraw = False
148.0499 	EXP 	probe: autoDraw = False
148.0499 	EXP 	fixation: autoDraw = True
148.1377 	EXP 	Device response: <KeyPress from None: t=148.03278724900156, value=v, duration=0.10030958299466874>
149.0360 	EXP 	line1: autoDraw = True
149.0360 	EXP 	line2: autoDraw = True
149.0360 	EXP 	line3: autoDraw = True
149.0360 	EXP 	line4: autoDraw = True
149.0428 	EXP 	fixation: autoDraw = False
150.0361 	INFO 	Keyboard events cleared
150.0359 	EXP 	probe: autoDraw = True
150.3094 	EXP 	Device response: <KeyPress from None: t=150.30370479100384, value=c, duration=None>
150.3099 	EXP 	New trial (rep=15, index=3): <Trial 63 (3 in rep 15) data={'pos': np.int64(-150), 'corr_resp': 'z', 'thisN': 63, 'thisTrialN': 3, 'thisRepN': 15}>
150.3161 	DATA 	Keypress: c
150.3213 	EXP 	fixation: autoDraw = False
150.3213 	EXP 	line1: autoDraw = False
150.3213 	EXP 	line2: autoDraw = False
150.3213 	EXP 	line3: autoDraw = False
150.3213 	EXP 	line4: autoDraw = False
150.3213 	EXP 	probe: autoDraw = False
150.3213 	EXP 	fixation: autoDraw = True
150.4540 	EXP 	Device response: <KeyPress from None: t=150.30370479100384, value=c, duration=0.1363130829995498>
151.3096 	EXP 	line1: autoDraw = True
151.3096 	EXP 	line2: autoDraw = True
151.3096 	EXP 	line3: autoDraw = True
151.3096 	EXP 	line4: autoDraw = True
151.3193 	EXP 	fixation: autoDraw = False
152.3099 	INFO 	Keyboard events cleared
152.3098 	EXP 	probe: autoDraw = True
152.6372 	EXP 	Device response: <KeyPress from None: t=152.62967233199743, value=z, duration=None>
152.6376 	EXP 	New trial (rep=16, index=0): <Trial 64 (0 in rep 16) data={'pos': np.int64(-50), 'corr_resp': 'x', 'thisN': 64, 'thisTrialN': 0, 'thisRepN': 16}>
152.6439 	DATA 	Keypress: z
152.6486 	EXP 	fixation: autoDraw = False
152.6486 	EXP 	line1: autoDraw = False
152.6486 	EXP 	line2: autoDraw = False
152.6486 	EXP 	line3: autoDraw = False
152.6486 	EXP 	line4: autoDraw = False
152.6486 	EXP 	probe: autoDraw = False
152.6486 	EXP 	fixation: autoDraw = True
152.7929 	EXP 	Device response: <KeyPress from None: t=152.62967233199743, value=z, duration=0.16028541700507049>
153.6356 	EXP 	line1: autoDraw = True
153.6356 	EXP 	line2: autoDraw = True
153.6356 	EXP 	line3: autoDraw = True
153.6356 	EXP 	line4: autoDraw = True
153.6422 	EXP 	fixation: autoDraw = False
154.6362 	INFO 	Keyboard events cleared
154.6360 	EXP 	probe: autoDraw = True
154.9871 	EXP 	Device response: <KeyPress from None: t=154.98060716599866, value=x, duration=None>
154.9876 	EXP 	New trial (rep=16, index=1): <Trial 65 (1 in rep 16) data={'pos': np.int64(150), 'corr_resp': 'v', 'thisN': 65, 'thisTrialN': 1, 'thisRepN': 16}>
154.9939 	DATA 	Keypress: x
154.9985 	EXP 	fixation: autoDraw = False
154.9985 	EXP 	line1: autoDraw = False
154.9985 	EXP 	line2: autoDraw = False
154.9985 	EXP 	line3: autoDraw = False
154.9985 	EXP 	line4: autoDraw = False
154.9985 	EXP 	probe: autoDraw = False
154.9985 	EXP 	fixation: autoDraw = True
155.1091 	EXP 	Device response: <KeyPress from None: t=154.98060716599866, value=x, duration=0.12435870799527038>
155.9860 	EXP 	line1: autoDraw = True
155.9860 	EXP 	line2: autoDraw = True
155.9860 	EXP 	line3: autoDraw = True
155.9860 	EXP 	line4: autoDraw = True
155.9920 	EXP 	fixation: autoDraw = False
156.9863 	INFO 	Keyboard events cleared
156.9861 	EXP 	probe: autoDraw = True
157.4099 	EXP 	Device response: <KeyPress from None: t=157.4034334570024, value=v, duration=None>
157.4104 	EXP 	New trial (rep=16, index=2): <Trial 66 (2 in rep 16) data={'pos': np.int64(50), 'corr_resp': 'c ', 'thisN': 66, 'thisTrialN': 2, 'thisRepN': 16}>
157.4161 	DATA 	Keypress: v
157.4217 	EXP 	fixation: autoDraw = False
157.4217 	EXP 	line1: autoDraw = False
157.4217 	EXP 	line2: autoDraw = False
157.4217 	EXP 	line3: autoDraw = False
157.4217 	EXP 	line4: autoDraw = False
157.4217 	EXP 	probe: autoDraw = False
157.4217 	EXP 	fixation: autoDraw = True
157.5206 	EXP 	Device response: <KeyPress from None: t=157.4034334570024, value=v, duration=0.10841279198939446>
158.4096 	EXP 	line1: autoDraw = True
158.4096 	EXP 	line2: autoDraw = True
158.4096 	EXP 	line3: autoDraw = True
158.4096 	EXP 	line4: autoDraw = True
158.4193 	EXP 	fixation: autoDraw = False
159.4097 	INFO 	Keyboard events cleared
159.4095 	EXP 	probe: autoDraw = True
159.7041 	EXP 	Device response: <KeyPress from None: t=159.69347716600168, value=c, duration=None>
159.7047 	EXP 	New trial (rep=16, index=3): <Trial 67 (3 in rep 16) data={'pos': np.int64(-150), 'corr_resp': 'z', 'thisN': 67, 'thisTrialN': 3, 'thisRepN': 16}>
159.7114 	DATA 	Keypress: c
159.7162 	EXP 	fixation: autoDraw = False
159.7162 	EXP 	line1: autoDraw = False
159.7162 	EXP 	line2: autoDraw = False
159.7162 	EXP 	line3: autoDraw = False
159.7162 	EXP 	line4: autoDraw = False
159.7162 	EXP 	probe: autoDraw = False
159.7162 	EXP 	fixation: autoDraw = True
159.8379 	EXP 	Device response: <KeyPress from None: t=159.69347716600168, value=c, duration=0.13633174999267794>
160.7026 	EXP 	line1: autoDraw = True
160.7026 	EXP 	line2: autoDraw = True
160.7026 	EXP 	line3: autoDraw = True
160.7026 	EXP 	line4: autoDraw = True
160.7088 	EXP 	fixation: autoDraw = False
161.7028 	INFO 	Keyboard events cleared
161.7026 	EXP 	probe: autoDraw = True
162.0257 	EXP 	Device response: <KeyPress from None: t=162.02055512399238, value=z, duration=None>
162.0262 	EXP 	New trial (rep=17, index=0): <Trial 68 (0 in rep 17) data={'pos': np.int64(-50), 'corr_resp': 'x', 'thisN': 68, 'thisTrialN': 0, 'thisRepN': 17}>
162.0326 	DATA 	Keypress: z
162.0380 	EXP 	fixation: autoDraw = False
162.0380 	EXP 	line1: autoDraw = False
162.0380 	EXP 	line2: autoDraw = False
162.0380 	EXP 	line3: autoDraw = False
162.0380 	EXP 	line4: autoDraw = False
162.0380 	EXP 	probe: autoDraw = False
162.0380 	EXP 	fixation: autoDraw = True
162.2204 	EXP 	Device response: <KeyPress from None: t=162.02055512399238, value=z, duration=0.18819670801167376>
163.0193 	EXP 	line1: autoDraw = True
163.0193 	EXP 	line2: autoDraw = True
163.0193 	EXP 	line3: autoDraw = True
163.0193 	EXP 	line4: autoDraw = True
163.0359 	EXP 	fixation: autoDraw = False
164.0193 	INFO 	Keyboard events cleared
164.0191 	EXP 	probe: autoDraw = True
164.3702 	EXP 	Device response: <KeyPress from None: t=164.36526774900267, value=x, duration=None>
164.3707 	EXP 	New trial (rep=17, index=1): <Trial 69 (1 in rep 17) data={'pos': np.int64(150), 'corr_resp': 'v', 'thisN': 69, 'thisTrialN': 1, 'thisRepN': 17}>
164.3783 	DATA 	Keypress: x
164.3834 	EXP 	fixation: autoDraw = False
164.3834 	EXP 	line1: autoDraw = False
164.3834 	EXP 	line2: autoDraw = False
164.3834 	EXP 	line3: autoDraw = False
164.3834 	EXP 	line4: autoDraw = False
164.3834 	EXP 	probe: autoDraw = False
164.3834 	EXP 	fixation: autoDraw = True
164.4593 	EXP 	Device response: <KeyPress from None: t=164.36526774900267, value=x, duration=0.0923652920027962>
165.3694 	EXP 	line1: autoDraw = True
165.3694 	EXP 	line2: autoDraw = True
165.3694 	EXP 	line3: autoDraw = True
165.3694 	EXP 	line4: autoDraw = True
165.3762 	EXP 	fixation: autoDraw = False
166.3695 	INFO 	Keyboard events cleared
166.3693 	EXP 	probe: autoDraw = True
166.6541 	EXP 	Device response: <KeyPress from None: t=166.6442571660009, value=v, duration=None>
166.6546 	EXP 	New trial (rep=17, index=2): <Trial 70 (2 in rep 17) data={'pos': np.int64(50), 'corr_resp': 'c ', 'thisN': 70, 'thisTrialN': 2, 'thisRepN': 17}>
166.6623 	DATA 	Keypress: v
166.6673 	EXP 	fixation: autoDraw = False
166.6673 	EXP 	line1: autoDraw = False
166.6673 	EXP 	line2: autoDraw = False
166.6673 	EXP 	line3: autoDraw = False
166.6673 	EXP 	line4: autoDraw = False
166.6673 	EXP 	probe: autoDraw = False
166.6673 	EXP 	fixation: autoDraw = True
166.7707 	EXP 	Device response: <KeyPress from None: t=166.6442571660009, value=v, duration=0.12428249999356922>
167.6528 	EXP 	line1: autoDraw = True
167.6528 	EXP 	line2: autoDraw = True
167.6528 	EXP 	line3: autoDraw = True
167.6528 	EXP 	line4: autoDraw = True
167.6582 	EXP 	fixation: autoDraw = False
168.6526 	INFO 	Keyboard events cleared
168.6524 	EXP 	probe: autoDraw = True
168.9761 	EXP 	Device response: <KeyPress from None: t=168.9711880410032, value=c, duration=None>
168.9766 	EXP 	New trial (rep=17, index=3): <Trial 71 (3 in rep 17) data={'pos': np.int64(-150), 'corr_resp': 'z', 'thisN': 71, 'thisTrialN': 3, 'thisRepN': 17}>
168.9838 	DATA 	Keypress: c
168.9887 	EXP 	fixation: autoDraw = False
168.9887 	EXP 	line1: autoDraw = False
168.9887 	EXP 	line2: autoDraw = False
168.9887 	EXP 	line3: autoDraw = False
168.9887 	EXP 	line4: autoDraw = False
168.9887 	EXP 	probe: autoDraw = False
168.9887 	EXP 	fixation: autoDraw = True
169.1214 	EXP 	Device response: <KeyPress from None: t=168.9711880410032, value=c, duration=0.14430533300037496>
169.9769 	EXP 	line1: autoDraw = True
169.9769 	EXP 	line2: autoDraw = True
169.9769 	EXP 	line3: autoDraw = True
169.9769 	EXP 	line4: autoDraw = True
169.9859 	EXP 	fixation: autoDraw = False
170.9763 	INFO 	Keyboard events cleared
170.9761 	EXP 	probe: autoDraw = True
171.2770 	EXP 	Device response: <KeyPress from None: t=171.27504770699306, value=z, duration=None>
171.2775 	EXP 	New trial (rep=18, index=0): <Trial 72 (0 in rep 18) data={'pos': np.int64(-50), 'corr_resp': 'x', 'thisN': 72, 'thisTrialN': 0, 'thisRepN': 18}>
171.2837 	DATA 	Keypress: z
171.2884 	EXP 	fixation: autoDraw = False
171.2884 	EXP 	line1: autoDraw = False
171.2884 	EXP 	line2: autoDraw = False
171.2884 	EXP 	line3: autoDraw = False
171.2884 	EXP 	line4: autoDraw = False
171.2884 	EXP 	probe: autoDraw = False
171.2884 	EXP 	fixation: autoDraw = True
171.4537 	EXP 	Device response: <KeyPress from None: t=171.27504770699306, value=z, duration=0.1684632920078002>
172.2766 	EXP 	line1: autoDraw = True
172.2766 	EXP 	line2: autoDraw = True
172.2766 	EXP 	line3: autoDraw = True
172.2766 	EXP 	line4: autoDraw = True
172.2860 	EXP 	fixation: autoDraw = False
173.2762 	INFO 	Keyboard events cleared
173.2760 	EXP 	probe: autoDraw = True
173.6267 	EXP 	Device response: <KeyPress from None: t=173.625038165992, value=x, duration=None>
173.6271 	EXP 	New trial (rep=18, index=1): <Trial 73 (1 in rep 18) data={'pos': np.int64(150), 'corr_resp': 'v', 'thisN': 73, 'thisTrialN': 1, 'thisRepN': 18}>
173.6333 	DATA 	Keypress: x
173.6384 	EXP 	fixation: autoDraw = False
173.6384 	EXP 	line1: autoDraw = False
173.6384 	EXP 	line2: autoDraw = False
173.6384 	EXP 	line3: autoDraw = False
173.6384 	EXP 	line4: autoDraw = False
173.6384 	EXP 	probe: autoDraw = False
173.6384 	EXP 	fixation: autoDraw = True
173.7429 	EXP 	Device response: <KeyPress from None: t=173.625038165992, value=x, duration=0.11235466600919608>
174.8227 	EXP 	fixation: autoDraw = False
174.8227 	EXP 	line1: autoDraw = True
174.8227 	EXP 	line2: autoDraw = True
174.8227 	EXP 	line3: autoDraw = True
174.8227 	EXP 	line4: autoDraw = True
175.6261 	INFO 	Keyboard events cleared
175.6259 	EXP 	probe: autoDraw = True
176.0539 	EXP 	Device response: <KeyPress from None: t=176.04406449900125, value=v, duration=None>
176.0543 	EXP 	New trial (rep=18, index=2): <Trial 74 (2 in rep 18) data={'pos': np.int64(50), 'corr_resp': 'c ', 'thisN': 74, 'thisTrialN': 2, 'thisRepN': 18}>
176.0618 	DATA 	Keypress: v
176.0668 	EXP 	fixation: autoDraw = False
176.0668 	EXP 	line1: autoDraw = False
176.0668 	EXP 	line2: autoDraw = False
176.0668 	EXP 	line3: autoDraw = False
176.0668 	EXP 	line4: autoDraw = False
176.0668 	EXP 	probe: autoDraw = False
176.0668 	EXP 	fixation: autoDraw = True
176.1712 	EXP 	Device response: <KeyPress from None: t=176.04406449900125, value=v, duration=0.11624645799747668>
177.0526 	EXP 	line1: autoDraw = True
177.0526 	EXP 	line2: autoDraw = True
177.0526 	EXP 	line3: autoDraw = True
177.0526 	EXP 	line4: autoDraw = True
177.0581 	EXP 	fixation: autoDraw = False
178.0528 	INFO 	Keyboard events cleared
178.0525 	EXP 	probe: autoDraw = True
178.3370 	EXP 	Device response: <KeyPress from None: t=178.33397191599943, value=c, duration=None>
178.3375 	EXP 	New trial (rep=18, index=3): <Trial 75 (3 in rep 18) data={'pos': np.int64(-150), 'corr_resp': 'z', 'thisN': 75, 'thisTrialN': 3, 'thisRepN': 18}>
178.3444 	DATA 	Keypress: c
178.3493 	EXP 	fixation: autoDraw = False
178.3493 	EXP 	line1: autoDraw = False
178.3493 	EXP 	line2: autoDraw = False
178.3493 	EXP 	line3: autoDraw = False
178.3493 	EXP 	line4: autoDraw = False
178.3493 	EXP 	probe: autoDraw = False
178.3493 	EXP 	fixation: autoDraw = True
178.4545 	EXP 	Device response: <KeyPress from None: t=178.33397191599943, value=c, duration=0.10833712499879766>
179.3359 	EXP 	line1: autoDraw = True
179.3359 	EXP 	line2: autoDraw = True
179.3359 	EXP 	line3: autoDraw = True
179.3359 	EXP 	line4: autoDraw = True
179.3425 	EXP 	fixation: autoDraw = False
180.3360 	INFO 	Keyboard events cleared
180.3358 	EXP 	probe: autoDraw = True
180.6202 	EXP 	Device response: <KeyPress from None: t=180.61688529100502, value=z, duration=None>
180.6206 	EXP 	New trial (rep=19, index=0): <Trial 76 (0 in rep 19) data={'pos': np.int64(-50), 'corr_resp': 'x', 'thisN': 76, 'thisTrialN': 0, 'thisRepN': 19}>
180.6282 	DATA 	Keypress: z
180.6331 	EXP 	fixation: autoDraw = False
180.6331 	EXP 	line1: autoDraw = False
180.6331 	EXP 	line2: autoDraw = False
180.6331 	EXP 	line3: autoDraw = False
180.6331 	EXP 	line4: autoDraw = False
180.6331 	EXP 	probe: autoDraw = False
180.6331 	EXP 	fixation: autoDraw = True
180.7713 	EXP 	Device response: <KeyPress from None: t=180.61688529100502, value=z, duration=0.1522362909890944>
181.6192 	EXP 	line1: autoDraw = True
181.6192 	EXP 	line2: autoDraw = True
181.6192 	EXP 	line3: autoDraw = True
181.6192 	EXP 	line4: autoDraw = True
181.6262 	EXP 	fixation: autoDraw = False
182.6192 	INFO 	Keyboard events cleared
182.6191 	EXP 	probe: autoDraw = True
182.9708 	EXP 	Device response: <KeyPress from None: t=182.958763290997, value=x, duration=None>
182.9715 	EXP 	New trial (rep=19, index=1): <Trial 77 (1 in rep 19) data={'pos': np.int64(150), 'corr_resp': 'v', 'thisN': 77, 'thisTrialN': 1, 'thisRepN': 19}>
182.9783 	DATA 	Keypress: x
182.9830 	EXP 	fixation: autoDraw = False
182.9830 	EXP 	line1: autoDraw = False
182.9830 	EXP 	line2: autoDraw = False
182.9830 	EXP 	line3: autoDraw = False
182.9830 	EXP 	line4: autoDraw = False
182.9830 	EXP 	probe: autoDraw = False
182.9830 	EXP 	fixation: autoDraw = True
183.0706 	EXP 	Device response: <KeyPress from None: t=182.958763290997, value=x, duration=0.10442016599699855>
183.9696 	EXP 	line1: autoDraw = True
183.9696 	EXP 	line2: autoDraw = True
183.9696 	EXP 	line3: autoDraw = True
183.9696 	EXP 	line4: autoDraw = True
183.9764 	EXP 	fixation: autoDraw = False
184.9694 	INFO 	Keyboard events cleared
184.9692 	EXP 	probe: autoDraw = True
185.2541 	EXP 	Device response: <KeyPress from None: t=185.2427026660007, value=v, duration=None>
185.2547 	EXP 	New trial (rep=19, index=2): <Trial 78 (2 in rep 19) data={'pos': np.int64(50), 'corr_resp': 'c ', 'thisN': 78, 'thisTrialN': 2, 'thisRepN': 19}>
185.2613 	DATA 	Keypress: v
185.2662 	EXP 	fixation: autoDraw = False
185.2662 	EXP 	line1: autoDraw = False
185.2662 	EXP 	line2: autoDraw = False
185.2662 	EXP 	line3: autoDraw = False
185.2662 	EXP 	line4: autoDraw = False
185.2662 	EXP 	probe: autoDraw = False
185.2662 	EXP 	fixation: autoDraw = True
185.3705 	EXP 	Device response: <KeyPress from None: t=185.2427026660007, value=v, duration=0.12037375000363681>
186.2528 	EXP 	line1: autoDraw = True
186.2528 	EXP 	line2: autoDraw = True
186.2528 	EXP 	line3: autoDraw = True
186.2528 	EXP 	line4: autoDraw = True
186.2589 	EXP 	fixation: autoDraw = False
187.2526 	INFO 	Keyboard events cleared
187.2524 	EXP 	probe: autoDraw = True
187.6204 	EXP 	Device response: <KeyPress from None: t=187.61268183200445, value=c, duration=None>
187.6209 	EXP 	New trial (rep=19, index=3): <Trial 79 (3 in rep 19) data={'pos': np.int64(-150), 'corr_resp': 'z', 'thisN': 79, 'thisTrialN': 3, 'thisRepN': 19}>
187.6268 	DATA 	Keypress: c
187.6316 	EXP 	fixation: autoDraw = False
187.6316 	EXP 	line1: autoDraw = False
187.6316 	EXP 	line2: autoDraw = False
187.6316 	EXP 	line3: autoDraw = False
187.6316 	EXP 	line4: autoDraw = False
187.6316 	EXP 	probe: autoDraw = False
187.6316 	EXP 	fixation: autoDraw = True
187.7425 	EXP 	Device response: <KeyPress from None: t=187.61268183200445, value=c, duration=0.1283309169957647>
188.6189 	EXP 	line1: autoDraw = True
188.6189 	EXP 	line2: autoDraw = True
188.6189 	EXP 	line3: autoDraw = True
188.6189 	EXP 	line4: autoDraw = True
188.6258 	EXP 	fixation: autoDraw = False
189.6193 	INFO 	Keyboard events cleared
189.6192 	EXP 	probe: autoDraw = True
189.9274 	EXP 	Device response: <KeyPress from None: t=189.91963241600024, value=z, duration=None>
189.9279 	EXP 	New trial (rep=20, index=0): <Trial 80 (0 in rep 20) data={'pos': np.int64(-50), 'corr_resp': 'x', 'thisN': 80, 'thisTrialN': 0, 'thisRepN': 20}>
189.9342 	DATA 	Keypress: z
189.9385 	EXP 	fixation: autoDraw = False
189.9385 	EXP 	line1: autoDraw = False
189.9385 	EXP 	line2: autoDraw = False
189.9385 	EXP 	line3: autoDraw = False
189.9385 	EXP 	line4: autoDraw = False
189.9385 	EXP 	probe: autoDraw = False
189.9385 	EXP 	fixation: autoDraw = True
190.0877 	EXP 	Device response: <KeyPress from None: t=189.91963241600024, value=z, duration=0.15615591600362677>
190.9266 	EXP 	line1: autoDraw = True
190.9266 	EXP 	line2: autoDraw = True
190.9266 	EXP 	line3: autoDraw = True
190.9266 	EXP 	line4: autoDraw = True
190.9358 	EXP 	fixation: autoDraw = False
191.9271 	INFO 	Keyboard events cleared
191.9269 	EXP 	probe: autoDraw = True
192.3427 	EXP 	Device response: <KeyPress from None: t=192.33754337400023, value=x, duration=None>
192.3432 	EXP 	New trial (rep=20, index=1): <Trial 81 (1 in rep 20) data={'pos': np.int64(150), 'corr_resp': 'v', 'thisN': 81, 'thisTrialN': 1, 'thisRepN': 20}>
192.3496 	DATA 	Keypress: x
192.3546 	EXP 	fixation: autoDraw = False
192.3546 	EXP 	line1: autoDraw = False
192.3546 	EXP 	line2: autoDraw = False
192.3546 	EXP 	line3: autoDraw = False
192.3546 	EXP 	line4: autoDraw = False
192.3546 	EXP 	probe: autoDraw = False
192.3546 	EXP 	fixation: autoDraw = True
192.4760 	EXP 	Device response: <KeyPress from None: t=192.33754337400023, value=x, duration=0.132273333001649>
193.3434 	EXP 	line1: autoDraw = True
193.3434 	EXP 	line2: autoDraw = True
193.3434 	EXP 	line3: autoDraw = True
193.3434 	EXP 	line4: autoDraw = True
193.3518 	EXP 	fixation: autoDraw = False
194.3436 	INFO 	Keyboard events cleared
194.3433 	EXP 	probe: autoDraw = True
194.6596 	EXP 	Device response: <KeyPress from None: t=194.65449508199526, value=v, duration=None>
194.6601 	EXP 	New trial (rep=20, index=2): <Trial 82 (2 in rep 20) data={'pos': np.int64(50), 'corr_resp': 'c ', 'thisN': 82, 'thisTrialN': 2, 'thisRepN': 20}>
194.6668 	DATA 	Keypress: v
194.6714 	EXP 	fixation: autoDraw = False
194.6714 	EXP 	line1: autoDraw = False
194.6714 	EXP 	line2: autoDraw = False
194.6714 	EXP 	line3: autoDraw = False
194.6714 	EXP 	line4: autoDraw = False
194.6714 	EXP 	probe: autoDraw = False
194.6714 	EXP 	fixation: autoDraw = True
194.7924 	EXP 	Device response: <KeyPress from None: t=194.65449508199526, value=v, duration=0.1321929999976419>
195.6556 	EXP 	line1: autoDraw = True
195.6556 	EXP 	line2: autoDraw = True
195.6556 	EXP 	line3: autoDraw = True
195.6556 	EXP 	line4: autoDraw = True
195.6681 	EXP 	fixation: autoDraw = False
196.6598 	INFO 	Keyboard events cleared
196.6596 	EXP 	probe: autoDraw = True
196.9873 	EXP 	Device response: <KeyPress from None: t=196.97839970700443, value=c, duration=None>
196.9880 	EXP 	New trial (rep=20, index=3): <Trial 83 (3 in rep 20) data={'pos': np.int64(-150), 'corr_resp': 'z', 'thisN': 83, 'thisTrialN': 3, 'thisRepN': 20}>
196.9953 	DATA 	Keypress: c
197.0003 	EXP 	fixation: autoDraw = False
197.0003 	EXP 	line1: autoDraw = False
197.0003 	EXP 	line2: autoDraw = False
197.0003 	EXP 	line3: autoDraw = False
197.0003 	EXP 	line4: autoDraw = False
197.0003 	EXP 	probe: autoDraw = False
197.0003 	EXP 	fixation: autoDraw = True
197.1042 	EXP 	Device response: <KeyPress from None: t=196.97839970700443, value=c, duration=0.12035404199559707>
197.9859 	EXP 	line1: autoDraw = True
197.9859 	EXP 	line2: autoDraw = True
197.9859 	EXP 	line3: autoDraw = True
197.9859 	EXP 	line4: autoDraw = True
197.9927 	EXP 	fixation: autoDraw = False
198.9849 	INFO 	Keyboard events cleared
198.9847 	EXP 	probe: autoDraw = True
199.3208 	EXP 	Device response: <KeyPress from None: t=199.30922804100555, value=z, duration=None>
199.3214 	EXP 	New trial (rep=21, index=0): <Trial 84 (0 in rep 21) data={'pos': np.int64(-50), 'corr_resp': 'x', 'thisN': 84, 'thisTrialN': 0, 'thisRepN': 21}>
199.3284 	DATA 	Keypress: z
199.3336 	EXP 	fixation: autoDraw = False
199.3336 	EXP 	line1: autoDraw = False
199.3336 	EXP 	line2: autoDraw = False
199.3336 	EXP 	line3: autoDraw = False
199.3336 	EXP 	line4: autoDraw = False
199.3336 	EXP 	probe: autoDraw = False
199.3336 	EXP 	fixation: autoDraw = True
199.5041 	EXP 	Device response: <KeyPress from None: t=199.30922804100555, value=z, duration=0.19242804098757915>
200.3183 	EXP 	line1: autoDraw = True
200.3183 	EXP 	line2: autoDraw = True
200.3183 	EXP 	line3: autoDraw = True
200.3183 	EXP 	line4: autoDraw = True
200.3240 	EXP 	fixation: autoDraw = False
201.3193 	INFO 	Keyboard events cleared
201.3191 	EXP 	probe: autoDraw = True
201.6434 	EXP 	Device response: <KeyPress from None: t=201.6372254989983, value=x, duration=None>
201.6438 	EXP 	New trial (rep=21, index=1): <Trial 85 (1 in rep 21) data={'pos': np.int64(150), 'corr_resp': 'v', 'thisN': 85, 'thisTrialN': 1, 'thisRepN': 21}>
201.6502 	DATA 	Keypress: x
201.6550 	EXP 	fixation: autoDraw = False
201.6550 	EXP 	line1: autoDraw = False
201.6550 	EXP 	line2: autoDraw = False
201.6550 	EXP 	line3: autoDraw = False
201.6550 	EXP 	line4: autoDraw = False
201.6550 	EXP 	probe: autoDraw = False
201.6550 	EXP 	fixation: autoDraw = True
201.7593 	EXP 	Device response: <KeyPress from None: t=201.6372254989983, value=x, duration=0.12035266699967906>
202.6425 	EXP 	line1: autoDraw = True
202.6425 	EXP 	line2: autoDraw = True
202.6425 	EXP 	line3: autoDraw = True
202.6425 	EXP 	line4: autoDraw = True
202.6524 	EXP 	fixation: autoDraw = False
203.6428 	INFO 	Keyboard events cleared
203.6426 	EXP 	probe: autoDraw = True
203.9872 	EXP 	Device response: <KeyPress from None: t=203.97720616600418, value=v, duration=None>
203.9878 	EXP 	New trial (rep=21, index=2): <Trial 86 (2 in rep 21) data={'pos': np.int64(50), 'corr_resp': 'c ', 'thisN': 86, 'thisTrialN': 2, 'thisRepN': 21}>
203.9949 	DATA 	Keypress: v
203.9999 	EXP 	fixation: autoDraw = False
203.9999 	EXP 	line1: autoDraw = False
203.9999 	EXP 	line2: autoDraw = False
203.9999 	EXP 	line3: autoDraw = False
203.9999 	EXP 	line4: autoDraw = False
203.9999 	EXP 	probe: autoDraw = False
203.9999 	EXP 	fixation: autoDraw = True
204.1209 	EXP 	Device response: <KeyPress from None: t=203.97720616600418, value=v, duration=0.13224199999240227>
204.9860 	EXP 	line1: autoDraw = True
204.9860 	EXP 	line2: autoDraw = True
204.9860 	EXP 	line3: autoDraw = True
204.9860 	EXP 	line4: autoDraw = True
204.9923 	EXP 	fixation: autoDraw = False
205.9852 	INFO 	Keyboard events cleared
205.9850 	EXP 	probe: autoDraw = True
206.2874 	EXP 	Device response: <KeyPress from None: t=206.28113933200075, value=c, duration=None>
206.2880 	EXP 	New trial (rep=21, index=3): <Trial 87 (3 in rep 21) data={'pos': np.int64(-150), 'corr_resp': 'z', 'thisN': 87, 'thisTrialN': 3, 'thisRepN': 21}>
206.2949 	DATA 	Keypress: c
206.2998 	EXP 	fixation: autoDraw = False
206.2998 	EXP 	line1: autoDraw = False
206.2998 	EXP 	line2: autoDraw = False
206.2998 	EXP 	line3: autoDraw = False
206.2998 	EXP 	line4: autoDraw = False
206.2998 	EXP 	probe: autoDraw = False
206.2998 	EXP 	fixation: autoDraw = True
206.4042 	EXP 	Device response: <KeyPress from None: t=206.28113933200075, value=c, duration=0.11675741699582431>
207.2859 	EXP 	line1: autoDraw = True
207.2859 	EXP 	line2: autoDraw = True
207.2859 	EXP 	line3: autoDraw = True
207.2859 	EXP 	line4: autoDraw = True
207.2915 	EXP 	fixation: autoDraw = False
208.2851 	INFO 	Keyboard events cleared
208.2849 	EXP 	probe: autoDraw = True
208.6372 	EXP 	Device response: <KeyPress from None: t=208.6280398319941, value=z, duration=None>
208.6378 	EXP 	New trial (rep=22, index=0): <Trial 88 (0 in rep 22) data={'pos': np.int64(-50), 'corr_resp': 'x', 'thisN': 88, 'thisTrialN': 0, 'thisRepN': 22}>
208.6449 	DATA 	Keypress: z
208.6498 	EXP 	fixation: autoDraw = False
208.6498 	EXP 	line1: autoDraw = False
208.6498 	EXP 	line2: autoDraw = False
208.6498 	EXP 	line3: autoDraw = False
208.6498 	EXP 	line4: autoDraw = False
208.6498 	EXP 	probe: autoDraw = False
208.6498 	EXP 	fixation: autoDraw = True
208.7711 	EXP 	Device response: <KeyPress from None: t=208.6280398319941, value=z, duration=0.13234320899937302>
209.6359 	EXP 	line1: autoDraw = True
209.6359 	EXP 	line2: autoDraw = True
209.6359 	EXP 	line3: autoDraw = True
209.6359 	EXP 	line4: autoDraw = True
209.6426 	EXP 	fixation: autoDraw = False
210.6359 	INFO 	Keyboard events cleared
210.6358 	EXP 	probe: autoDraw = True
211.0874 	EXP 	Device response: <KeyPress from None: t=211.07590491599694, value=x, duration=None>
211.0882 	EXP 	New trial (rep=22, index=1): <Trial 89 (1 in rep 22) data={'pos': np.int64(150), 'corr_resp': 'v', 'thisN': 89, 'thisTrialN': 1, 'thisRepN': 22}>
211.0952 	DATA 	Keypress: x
211.1003 	EXP 	fixation: autoDraw = False
211.1003 	EXP 	line1: autoDraw = False
211.1003 	EXP 	line2: autoDraw = False
211.1003 	EXP 	line3: autoDraw = False
211.1003 	EXP 	line4: autoDraw = False
211.1003 	EXP 	probe: autoDraw = False
211.1003 	EXP 	fixation: autoDraw = True
211.2545 	EXP 	Device response: <KeyPress from None: t=211.07590491599694, value=x, duration=0.16835591600101907>
212.0857 	EXP 	line1: autoDraw = True
212.0857 	EXP 	line2: autoDraw = True
212.0857 	EXP 	line3: autoDraw = True
212.0857 	EXP 	line4: autoDraw = True
212.0918 	EXP 	fixation: autoDraw = False
213.0860 	INFO 	Keyboard events cleared
213.0858 	EXP 	probe: autoDraw = True
213.4207 	EXP 	Device response: <KeyPress from None: t=213.408810790992, value=v, duration=None>
213.4213 	EXP 	New trial (rep=22, index=2): <Trial 90 (2 in rep 22) data={'pos': np.int64(50), 'corr_resp': 'c ', 'thisN': 90, 'thisTrialN': 2, 'thisRepN': 22}>
213.4280 	DATA 	Keypress: v
213.4329 	EXP 	fixation: autoDraw = False
213.4329 	EXP 	line1: autoDraw = False
213.4329 	EXP 	line2: autoDraw = False
213.4329 	EXP 	line3: autoDraw = False
213.4329 	EXP 	line4: autoDraw = False
213.4329 	EXP 	probe: autoDraw = False
213.4329 	EXP 	fixation: autoDraw = True
213.5416 	EXP 	Device response: <KeyPress from None: t=213.408810790992, value=v, duration=0.1284524580114521>
214.4191 	EXP 	line1: autoDraw = True
214.4191 	EXP 	line2: autoDraw = True
214.4191 	EXP 	line3: autoDraw = True
214.4191 	EXP 	line4: autoDraw = True
214.4254 	EXP 	fixation: autoDraw = False
215.4193 	INFO 	Keyboard events cleared
215.4191 	EXP 	probe: autoDraw = True
215.6870 	EXP 	Device response: <KeyPress from None: t=215.6818735410052, value=c, duration=None>
215.6876 	EXP 	New trial (rep=22, index=3): <Trial 91 (3 in rep 22) data={'pos': np.int64(-150), 'corr_resp': 'z', 'thisN': 91, 'thisTrialN': 3, 'thisRepN': 22}>
215.6945 	DATA 	Keypress: c
215.6995 	EXP 	fixation: autoDraw = False
215.6995 	EXP 	line1: autoDraw = False
215.6995 	EXP 	line2: autoDraw = False
215.6995 	EXP 	line3: autoDraw = False
215.6995 	EXP 	line4: autoDraw = False
215.6995 	EXP 	probe: autoDraw = False
215.6995 	EXP 	fixation: autoDraw = True
215.8074 	EXP 	Device response: <KeyPress from None: t=215.6818735410052, value=c, duration=0.12423449999187142>
216.6854 	EXP 	line1: autoDraw = True
216.6854 	EXP 	line2: autoDraw = True
216.6854 	EXP 	line3: autoDraw = True
216.6854 	EXP 	line4: autoDraw = True
216.6923 	EXP 	fixation: autoDraw = False
217.6859 	INFO 	Keyboard events cleared
217.6857 	EXP 	probe: autoDraw = True
218.0764 	EXP 	Device response: <KeyPress from None: t=218.06973529099196, value=z, duration=None>
218.0768 	EXP 	New trial (rep=23, index=0): <Trial 92 (0 in rep 23) data={'pos': np.int64(-50), 'corr_resp': 'x', 'thisN': 92, 'thisTrialN': 0, 'thisRepN': 23}>
218.0832 	DATA 	Keypress: z
218.0882 	EXP 	fixation: autoDraw = False
218.0882 	EXP 	line1: autoDraw = False
218.0882 	EXP 	line2: autoDraw = False
218.0882 	EXP 	line3: autoDraw = False
218.0882 	EXP 	line4: autoDraw = False
218.0882 	EXP 	probe: autoDraw = False
218.0882 	EXP 	fixation: autoDraw = True
218.2376 	EXP 	Device response: <KeyPress from None: t=218.06973529099196, value=z, duration=0.16034275000856724>
219.0762 	EXP 	line1: autoDraw = True
219.0762 	EXP 	line2: autoDraw = True
219.0762 	EXP 	line3: autoDraw = True
219.0762 	EXP 	line4: autoDraw = True
219.0857 	EXP 	fixation: autoDraw = False
220.0763 	INFO 	Keyboard events cleared
220.0761 	EXP 	probe: autoDraw = True
220.5535 	EXP 	Device response: <KeyPress from None: t=220.54474733199459, value=x, duration=None>
220.5539 	EXP 	New trial (rep=23, index=1): <Trial 93 (1 in rep 23) data={'pos': np.int64(150), 'corr_resp': 'v', 'thisN': 93, 'thisTrialN': 1, 'thisRepN': 23}>
220.5606 	DATA 	Keypress: x
220.5654 	EXP 	fixation: autoDraw = False
220.5654 	EXP 	line1: autoDraw = False
220.5654 	EXP 	line2: autoDraw = False
220.5654 	EXP 	line3: autoDraw = False
220.5654 	EXP 	line4: autoDraw = False
220.5654 	EXP 	probe: autoDraw = False
220.5654 	EXP 	fixation: autoDraw = True
220.7095 	EXP 	Device response: <KeyPress from None: t=220.54474733199459, value=x, duration=0.16023029200732708>
221.5524 	EXP 	line1: autoDraw = True
221.5524 	EXP 	line2: autoDraw = True
221.5524 	EXP 	line3: autoDraw = True
221.5524 	EXP 	line4: autoDraw = True
221.5581 	EXP 	fixation: autoDraw = False
222.5526 	INFO 	Keyboard events cleared
222.5524 	EXP 	probe: autoDraw = True
222.8704 	EXP 	Device response: <KeyPress from None: t=222.8606587069953, value=v, duration=None>
222.8710 	EXP 	New trial (rep=23, index=2): <Trial 94 (2 in rep 23) data={'pos': np.int64(50), 'corr_resp': 'c ', 'thisN': 94, 'thisTrialN': 2, 'thisRepN': 23}>
222.8777 	DATA 	Keypress: v
222.8826 	EXP 	fixation: autoDraw = False
222.8826 	EXP 	line1: autoDraw = False
222.8826 	EXP 	line2: autoDraw = False
222.8826 	EXP 	line3: autoDraw = False
222.8826 	EXP 	line4: autoDraw = False
222.8826 	EXP 	probe: autoDraw = False
222.8826 	EXP 	fixation: autoDraw = True
222.9930 	EXP 	Device response: <KeyPress from None: t=222.8606587069953, value=v, duration=0.1283218750031665>
223.8692 	EXP 	line1: autoDraw = True
223.8692 	EXP 	line2: autoDraw = True
223.8692 	EXP 	line3: autoDraw = True
223.8692 	EXP 	line4: autoDraw = True
223.8757 	EXP 	fixation: autoDraw = False
224.8690 	INFO 	Keyboard events cleared
224.8688 	EXP 	probe: autoDraw = True
225.2264 	EXP 	Device response: <KeyPress from None: t=225.22360237399698, value=c, duration=None>
225.2269 	EXP 	New trial (rep=23, index=3): <Trial 95 (3 in rep 23) data={'pos': np.int64(-150), 'corr_resp': 'z', 'thisN': 95, 'thisTrialN': 3, 'thisRepN': 23}>
225.2332 	DATA 	Keypress: c
225.2381 	EXP 	fixation: autoDraw = False
225.2381 	EXP 	line1: autoDraw = False
225.2381 	EXP 	line2: autoDraw = False
225.2381 	EXP 	line3: autoDraw = False
225.2381 	EXP 	line4: autoDraw = False
225.2381 	EXP 	probe: autoDraw = False
225.2381 	EXP 	fixation: autoDraw = True
225.3424 	EXP 	Device response: <KeyPress from None: t=225.22360237399698, value=c, duration=0.11626624999917112>
226.2259 	EXP 	line1: autoDraw = True
226.2259 	EXP 	line2: autoDraw = True
226.2259 	EXP 	line3: autoDraw = True
226.2259 	EXP 	line4: autoDraw = True
226.2356 	EXP 	fixation: autoDraw = False
227.2262 	INFO 	Keyboard events cleared
227.2260 	EXP 	probe: autoDraw = True
227.5538 	EXP 	Device response: <KeyPress from None: t=227.54251329100225, value=z, duration=None>
227.5542 	EXP 	New trial (rep=24, index=0): <Trial 96 (0 in rep 24) data={'pos': np.int64(-50), 'corr_resp': 'x', 'thisN': 96, 'thisTrialN': 0, 'thisRepN': 24}>
227.5610 	DATA 	Keypress: z
227.5660 	EXP 	fixation: autoDraw = False
227.5660 	EXP 	line1: autoDraw = False
227.5660 	EXP 	line2: autoDraw = False
227.5660 	EXP 	line3: autoDraw = False
227.5660 	EXP 	line4: autoDraw = False
227.5660 	EXP 	probe: autoDraw = False
227.5660 	EXP 	fixation: autoDraw = True
227.6877 	EXP 	Device response: <KeyPress from None: t=227.54251329100225, value=z, duration=0.1363445829920238>
228.5524 	EXP 	line1: autoDraw = True
228.5524 	EXP 	line2: autoDraw = True
228.5524 	EXP 	line3: autoDraw = True
228.5524 	EXP 	line4: autoDraw = True
228.5593 	EXP 	fixation: autoDraw = False
229.5526 	INFO 	Keyboard events cleared
229.5524 	EXP 	probe: autoDraw = True
229.8764 	EXP 	Device response: <KeyPress from None: t=229.87536129099317, value=x, duration=None>
229.8862 	EXP 	New trial (rep=24, index=1): <Trial 97 (1 in rep 24) data={'pos': np.int64(150), 'corr_resp': 'v', 'thisN': 97, 'thisTrialN': 1, 'thisRepN': 24}>
229.8927 	DATA 	Keypress: x
229.8978 	EXP 	fixation: autoDraw = False
229.8978 	EXP 	line1: autoDraw = False
229.8978 	EXP 	line2: autoDraw = False
229.8978 	EXP 	line3: autoDraw = False
229.8978 	EXP 	line4: autoDraw = False
229.8978 	EXP 	probe: autoDraw = False
229.8978 	EXP 	fixation: autoDraw = True
230.0260 	EXP 	Device response: <KeyPress from None: t=229.87536129099317, value=x, duration=0.14848087501013651>
230.8758 	EXP 	line1: autoDraw = True
230.8758 	EXP 	line2: autoDraw = True
230.8758 	EXP 	line3: autoDraw = True
230.8758 	EXP 	line4: autoDraw = True
230.8917 	EXP 	fixation: autoDraw = False
231.8761 	INFO 	Keyboard events cleared
231.8759 	EXP 	probe: autoDraw = True
232.1758 	EXP 	Device response: <KeyPress from None: t=232.17342520700186, value=v, duration=None>
232.1763 	EXP 	New trial (rep=24, index=2): <Trial 98 (2 in rep 24) data={'pos': np.int64(50), 'corr_resp': 'c ', 'thisN': 98, 'thisTrialN': 2, 'thisRepN': 24}>
232.1827 	DATA 	Keypress: v
232.1878 	EXP 	fixation: autoDraw = False
232.1878 	EXP 	line1: autoDraw = False
232.1878 	EXP 	line2: autoDraw = False
232.1878 	EXP 	line3: autoDraw = False
232.1878 	EXP 	line4: autoDraw = False
232.1878 	EXP 	probe: autoDraw = False
232.1878 	EXP 	fixation: autoDraw = True
232.3038 	EXP 	Device response: <KeyPress from None: t=232.17342520700186, value=v, duration=0.12017824999929871>
233.1756 	EXP 	line1: autoDraw = True
233.1756 	EXP 	line2: autoDraw = True
233.1756 	EXP 	line3: autoDraw = True
233.1756 	EXP 	line4: autoDraw = True
233.1855 	EXP 	fixation: autoDraw = False
234.1693 	INFO 	Keyboard events cleared
234.1691 	EXP 	probe: autoDraw = True
234.4426 	EXP 	Device response: <KeyPress from None: t=234.4373521660018, value=c, duration=None>
234.4430 	EXP 	New trial (rep=24, index=3): <Trial 99 (3 in rep 24) data={'pos': np.int64(-150), 'corr_resp': 'z', 'thisN': 99, 'thisTrialN': 3, 'thisRepN': 24}>
234.4489 	DATA 	Keypress: c
234.4537 	EXP 	fixation: autoDraw = False
234.4537 	EXP 	line1: autoDraw = False
234.4537 	EXP 	line2: autoDraw = False
234.4537 	EXP 	line3: autoDraw = False
234.4537 	EXP 	line4: autoDraw = False
234.4537 	EXP 	probe: autoDraw = False
234.4537 	EXP 	fixation: autoDraw = True
234.5611 	EXP 	Device response: <KeyPress from None: t=234.4373521660018, value=c, duration=0.12031949999800418>
235.4415 	EXP 	line1: autoDraw = True
235.4415 	EXP 	line2: autoDraw = True
235.4415 	EXP 	line3: autoDraw = True
235.4415 	EXP 	line4: autoDraw = True
235.4525 	EXP 	fixation: autoDraw = False
236.4427 	INFO 	Keyboard events cleared
236.4425 	EXP 	probe: autoDraw = True
236.7705 	EXP 	Device response: <KeyPress from None: t=236.75824808199832, value=z, duration=None>
236.8041 	EXP 	Imported /Users/tiaragajjar/Downloads/EXP 4 - Sheet1.csv as conditions, 4 conditions, 2 params
236.8086 	EXP 	New trial (rep=0, index=0): <Trial 0 (0 in rep 0) data={'pos': np.int64(-50), 'corr_resp': 'x', 'thisN': 0, 'thisTrialN': 0, 'thisRepN': 0}>
236.8134 	DATA 	Keypress: z
236.8177 	EXP 	fixation: autoDraw = False
236.8177 	EXP 	line1: autoDraw = False
236.8177 	EXP 	line2: autoDraw = False
236.8177 	EXP 	line3: autoDraw = False
236.8177 	EXP 	line4: autoDraw = False
236.8177 	EXP 	probe: autoDraw = False
236.8177 	EXP 	fixation: autoDraw = True
236.9036 	EXP 	Device response: <KeyPress from None: t=236.75824808199832, value=z, duration=0.14431483400403522>
237.7687 	EXP 	line1: autoDraw = True
237.7687 	EXP 	line2: autoDraw = True
237.7687 	EXP 	line3: autoDraw = True
237.7687 	EXP 	line4: autoDraw = True
237.8077 	EXP 	fixation: autoDraw = False
238.7691 	INFO 	Keyboard events cleared
238.7689 	EXP 	probe: autoDraw = True
239.1033 	EXP 	Device response: <KeyPress from None: t=239.09820770699298, value=x, duration=None>
239.1037 	EXP 	New trial (rep=1, index=1): <Trial 1 (1 in rep 1) data={'pos': np.int64(-50), 'corr_resp': 'x', 'thisN': 1, 'thisTrialN': 1, 'thisRepN': 1}>
239.1093 	DATA 	Keypress: x
239.1140 	EXP 	fixation: autoDraw = False
239.1140 	EXP 	line1: autoDraw = False
239.1140 	EXP 	line2: autoDraw = False
239.1140 	EXP 	line3: autoDraw = False
239.1140 	EXP 	line4: autoDraw = False
239.1140 	EXP 	probe: autoDraw = False
239.1140 	EXP 	fixation: autoDraw = True
239.2423 	EXP 	Device response: <KeyPress from None: t=239.09820770699298, value=x, duration=0.1402817500056699>
240.1023 	EXP 	line1: autoDraw = True
240.1023 	EXP 	line2: autoDraw = True
240.1023 	EXP 	line3: autoDraw = True
240.1023 	EXP 	line4: autoDraw = True
240.1084 	EXP 	fixation: autoDraw = False
241.1024 	INFO 	Keyboard events cleared
241.1022 	EXP 	probe: autoDraw = True
241.9426 	EXP 	Device response: <KeyPress from None: t=241.93598199899134, value=x, duration=None>
241.9431 	EXP 	New trial (rep=0, index=2): <Trial 2 (2 in rep 0) data={'pos': np.int64(150), 'corr_resp': 'v', 'thisN': 2, 'thisTrialN': 2, 'thisRepN': 0}>
241.9767 	DATA 	Keypress: x
241.9806 	EXP 	fixation: autoDraw = False
241.9806 	EXP 	line1: autoDraw = False
241.9806 	EXP 	line2: autoDraw = False
241.9806 	EXP 	line3: autoDraw = False
241.9806 	EXP 	line4: autoDraw = False
241.9806 	EXP 	probe: autoDraw = False
241.9806 	EXP 	fixation: autoDraw = True
242.1205 	EXP 	Device response: <KeyPress from None: t=241.93598199899134, value=x, duration=0.17245275000459515>
242.9426 	EXP 	line1: autoDraw = True
242.9426 	EXP 	line2: autoDraw = True
242.9426 	EXP 	line3: autoDraw = True
242.9426 	EXP 	line4: autoDraw = True
242.9751 	EXP 	fixation: autoDraw = False
243.9429 	INFO 	Keyboard events cleared
243.9427 	EXP 	probe: autoDraw = True
244.4705 	EXP 	Device response: <KeyPress from None: t=244.4660214989999, value=v, duration=None>
244.4712 	EXP 	New trial (rep=0, index=3): <Trial 3 (3 in rep 0) data={'pos': np.int64(50), 'corr_resp': 'c ', 'thisN': 3, 'thisTrialN': 3, 'thisRepN': 0}>
244.4778 	DATA 	Keypress: v
244.4827 	EXP 	fixation: autoDraw = False
244.4827 	EXP 	line1: autoDraw = False
244.4827 	EXP 	line2: autoDraw = False
244.4827 	EXP 	line3: autoDraw = False
244.4827 	EXP 	line4: autoDraw = False
244.4827 	EXP 	probe: autoDraw = False
244.4827 	EXP 	fixation: autoDraw = True
244.5705 	EXP 	Device response: <KeyPress from None: t=244.4660214989999, value=v, duration=0.10029641700384673>
245.4690 	EXP 	line1: autoDraw = True
245.4690 	EXP 	line2: autoDraw = True
245.4690 	EXP 	line3: autoDraw = True
245.4690 	EXP 	line4: autoDraw = True
245.4751 	EXP 	fixation: autoDraw = False
246.4693 	INFO 	Keyboard events cleared
246.4691 	EXP 	probe: autoDraw = True
246.9700 	EXP 	Device response: <KeyPress from None: t=246.96896362399275, value=c, duration=None>
246.9704 	EXP 	New trial (rep=0, index=4): <Trial 4 (4 in rep 0) data={'pos': np.int64(-150), 'corr_resp': 'z', 'thisN': 4, 'thisTrialN': 4, 'thisRepN': 0}>
246.9765 	DATA 	Keypress: c
246.9813 	EXP 	fixation: autoDraw = False
246.9813 	EXP 	line1: autoDraw = False
246.9813 	EXP 	line2: autoDraw = False
246.9813 	EXP 	line3: autoDraw = False
246.9813 	EXP 	line4: autoDraw = False
246.9813 	EXP 	probe: autoDraw = False
246.9813 	EXP 	fixation: autoDraw = True
247.1041 	EXP 	Device response: <KeyPress from None: t=246.96896362399275, value=c, duration=0.12837912500253879>
247.9693 	EXP 	line1: autoDraw = True
247.9693 	EXP 	line2: autoDraw = True
247.9693 	EXP 	line3: autoDraw = True
247.9693 	EXP 	line4: autoDraw = True
247.9750 	EXP 	fixation: autoDraw = False
248.9692 	INFO 	Keyboard events cleared
248.9690 	EXP 	probe: autoDraw = True
249.4034 	EXP 	Device response: <KeyPress from None: t=249.39378741600376, value=z, duration=None>
249.4039 	EXP 	New trial (rep=2, index=5): <Trial 5 (5 in rep 2) data={'pos': np.int64(-50), 'corr_resp': 'x', 'thisN': 5, 'thisTrialN': 5, 'thisRepN': 2}>
249.4107 	DATA 	Keypress: z
249.4157 	EXP 	fixation: autoDraw = False
249.4157 	EXP 	line1: autoDraw = False
249.4157 	EXP 	line2: autoDraw = False
249.4157 	EXP 	line3: autoDraw = False
249.4157 	EXP 	line4: autoDraw = False
249.4157 	EXP 	probe: autoDraw = False
249.4157 	EXP 	fixation: autoDraw = True
249.5374 	EXP 	Device response: <KeyPress from None: t=249.39378741600376, value=z, duration=0.1404450830013957>
250.4024 	EXP 	line1: autoDraw = True
250.4024 	EXP 	line2: autoDraw = True
250.4024 	EXP 	line3: autoDraw = True
250.4024 	EXP 	line4: autoDraw = True
250.4092 	EXP 	fixation: autoDraw = False
251.4025 	INFO 	Keyboard events cleared
251.4023 	EXP 	probe: autoDraw = True
251.8925 	EXP 	Device response: <KeyPress from None: t=251.88778258199454, value=x, duration=None>
251.8929 	EXP 	New trial (rep=1, index=6): <Trial 6 (6 in rep 1) data={'pos': np.int64(50), 'corr_resp': 'c ', 'thisN': 6, 'thisTrialN': 6, 'thisRepN': 1}>
251.8994 	DATA 	Keypress: x
251.9042 	EXP 	fixation: autoDraw = False
251.9042 	EXP 	line1: autoDraw = False
251.9042 	EXP 	line2: autoDraw = False
251.9042 	EXP 	line3: autoDraw = False
251.9042 	EXP 	line4: autoDraw = False
251.9042 	EXP 	probe: autoDraw = False
251.9042 	EXP 	fixation: autoDraw = True
252.0408 	EXP 	Device response: <KeyPress from None: t=251.88778258199454, value=x, duration=0.14819687500130385>
252.8932 	EXP 	line1: autoDraw = True
252.8932 	EXP 	line2: autoDraw = True
252.8932 	EXP 	line3: autoDraw = True
252.8932 	EXP 	line4: autoDraw = True
252.9023 	EXP 	fixation: autoDraw = False
253.8926 	INFO 	Keyboard events cleared
253.8924 	EXP 	probe: autoDraw = True
254.8367 	EXP 	Device response: <KeyPress from None: t=254.82665049900243, value=c, duration=None>
254.8371 	EXP 	New trial (rep=1, index=7): <Trial 7 (7 in rep 1) data={'pos': np.int64(150), 'corr_resp': 'v', 'thisN': 7, 'thisTrialN': 7, 'thisRepN': 1}>
254.8436 	DATA 	Keypress: c
254.8486 	EXP 	fixation: autoDraw = False
254.8486 	EXP 	line1: autoDraw = False
254.8486 	EXP 	line2: autoDraw = False
254.8486 	EXP 	line3: autoDraw = False
254.8486 	EXP 	line4: autoDraw = False
254.8486 	EXP 	probe: autoDraw = False
254.8486 	EXP 	fixation: autoDraw = True
254.9543 	EXP 	Device response: <KeyPress from None: t=254.82665049900243, value=c, duration=0.11647204199107364>
255.8355 	EXP 	line1: autoDraw = True
255.8355 	EXP 	line2: autoDraw = True
255.8355 	EXP 	line3: autoDraw = True
255.8355 	EXP 	line4: autoDraw = True
255.8414 	EXP 	fixation: autoDraw = False
256.8357 	INFO 	Keyboard events cleared
256.8356 	EXP 	probe: autoDraw = True
257.2702 	EXP 	Device response: <KeyPress from None: t=257.26468733200454, value=v, duration=None>
257.2708 	EXP 	New trial (rep=1, index=8): <Trial 8 (8 in rep 1) data={'pos': np.int64(-150), 'corr_resp': 'z', 'thisN': 8, 'thisTrialN': 8, 'thisRepN': 1}>
257.2778 	DATA 	Keypress: v
257.2827 	EXP 	fixation: autoDraw = False
257.2827 	EXP 	line1: autoDraw = False
257.2827 	EXP 	line2: autoDraw = False
257.2827 	EXP 	line3: autoDraw = False
257.2827 	EXP 	line4: autoDraw = False
257.2827 	EXP 	probe: autoDraw = False
257.2827 	EXP 	fixation: autoDraw = True
257.3870 	EXP 	Device response: <KeyPress from None: t=257.26468733200454, value=v, duration=0.11624283398850821>
258.2689 	EXP 	line1: autoDraw = True
258.2689 	EXP 	line2: autoDraw = True
258.2689 	EXP 	line3: autoDraw = True
258.2689 	EXP 	line4: autoDraw = True
258.2759 	EXP 	fixation: autoDraw = False
259.2691 	INFO 	Keyboard events cleared
259.2689 	EXP 	probe: autoDraw = True
259.8422 	EXP 	Device response: <KeyPress from None: t=259.8405245820031, value=z, duration=None>
259.8427 	EXP 	New trial (rep=2, index=9): <Trial 9 (9 in rep 2) data={'pos': np.int64(50), 'corr_resp': 'c ', 'thisN': 9, 'thisTrialN': 9, 'thisRepN': 2}>
259.8490 	DATA 	Keypress: z
259.8541 	EXP 	fixation: autoDraw = False
259.8541 	EXP 	line1: autoDraw = False
259.8541 	EXP 	line2: autoDraw = False
259.8541 	EXP 	line3: autoDraw = False
259.8541 	EXP 	line4: autoDraw = False
259.8541 	EXP 	probe: autoDraw = False
259.8541 	EXP 	fixation: autoDraw = True
260.0095 	EXP 	Device response: <KeyPress from None: t=259.8405245820031, value=z, duration=0.16435812499548774>
260.8431 	EXP 	line1: autoDraw = True
260.8431 	EXP 	line2: autoDraw = True
260.8431 	EXP 	line3: autoDraw = True
260.8431 	EXP 	line4: autoDraw = True
260.8521 	EXP 	fixation: autoDraw = False
261.8358 	INFO 	Keyboard events cleared
261.8357 	EXP 	probe: autoDraw = True
262.6032 	EXP 	Device response: <KeyPress from None: t=262.59949570699246, value=c, duration=None>
262.6037 	EXP 	New trial (rep=3, index=10): <Trial 10 (10 in rep 3) data={'pos': np.int64(50), 'corr_resp': 'c ', 'thisN': 10, 'thisTrialN': 10, 'thisRepN': 3}>
262.6109 	DATA 	Keypress: c
262.6160 	EXP 	fixation: autoDraw = False
262.6160 	EXP 	line1: autoDraw = False
262.6160 	EXP 	line2: autoDraw = False
262.6160 	EXP 	line3: autoDraw = False
262.6160 	EXP 	line4: autoDraw = False
262.6160 	EXP 	probe: autoDraw = False
262.6160 	EXP 	fixation: autoDraw = True
262.7041 	EXP 	Device response: <KeyPress from None: t=262.59949570699246, value=c, duration=0.09628716700535733>
263.6024 	EXP 	line1: autoDraw = True
263.6024 	EXP 	line2: autoDraw = True
263.6024 	EXP 	line3: autoDraw = True
263.6024 	EXP 	line4: autoDraw = True
263.6088 	EXP 	fixation: autoDraw = False
264.6027 	INFO 	Keyboard events cleared
264.6025 	EXP 	probe: autoDraw = True
265.3758 	EXP 	Device response: <KeyPress from None: t=265.3713853740046, value=c, duration=None>
265.3762 	EXP 	New trial (rep=4, index=11): <Trial 11 (11 in rep 4) data={'pos': np.int64(50), 'corr_resp': 'c ', 'thisN': 11, 'thisTrialN': 11, 'thisRepN': 4}>
265.3827 	DATA 	Keypress: c
265.3880 	EXP 	fixation: autoDraw = False
265.3880 	EXP 	line1: autoDraw = False
265.3880 	EXP 	line2: autoDraw = False
265.3880 	EXP 	line3: autoDraw = False
265.3880 	EXP 	line4: autoDraw = False
265.3880 	EXP 	probe: autoDraw = False
265.3880 	EXP 	fixation: autoDraw = True
265.4875 	EXP 	Device response: <KeyPress from None: t=265.3713853740046, value=c, duration=0.10423595798783936>
266.3765 	EXP 	line1: autoDraw = True
266.3765 	EXP 	line2: autoDraw = True
266.3765 	EXP 	line3: autoDraw = True
266.3765 	EXP 	line4: autoDraw = True
266.3845 	EXP 	fixation: autoDraw = False
267.3692 	INFO 	Keyboard events cleared
267.3689 	EXP 	probe: autoDraw = True
268.1203 	EXP 	Device response: <KeyPress from None: t=268.11728358200344, value=c, duration=None>
268.1209 	EXP 	New trial (rep=5, index=12): <Trial 12 (12 in rep 5) data={'pos': np.int64(50), 'corr_resp': 'c ', 'thisN': 12, 'thisTrialN': 12, 'thisRepN': 5}>
268.1281 	DATA 	Keypress: c
268.1331 	EXP 	fixation: autoDraw = False
268.1331 	EXP 	line1: autoDraw = False
268.1331 	EXP 	line2: autoDraw = False
268.1331 	EXP 	line3: autoDraw = False
268.1331 	EXP 	line4: autoDraw = False
268.1331 	EXP 	probe: autoDraw = False
268.1331 	EXP 	fixation: autoDraw = True
268.1914 	EXP 	Device response: <KeyPress from None: t=268.11728358200344, value=c, duration=0.0723498750012368>
269.1188 	EXP 	line1: autoDraw = True
269.1188 	EXP 	line2: autoDraw = True
269.1188 	EXP 	line3: autoDraw = True
269.1188 	EXP 	line4: autoDraw = True
269.1243 	EXP 	fixation: autoDraw = False
270.1192 	INFO 	Keyboard events cleared
270.1190 	EXP 	probe: autoDraw = True
270.5922 	EXP 	Device response: <KeyPress from None: t=270.5892528319964, value=c, duration=None>
270.5927 	EXP 	New trial (rep=3, index=13): <Trial 13 (13 in rep 3) data={'pos': np.int64(-50), 'corr_resp': 'x', 'thisN': 13, 'thisTrialN': 13, 'thisRepN': 3}>
270.5992 	DATA 	Keypress: c
270.6040 	EXP 	fixation: autoDraw = False
270.6040 	EXP 	line1: autoDraw = False
270.6040 	EXP 	line2: autoDraw = False
270.6040 	EXP 	line3: autoDraw = False
270.6040 	EXP 	line4: autoDraw = False
270.6040 	EXP 	probe: autoDraw = False
270.6040 	EXP 	fixation: autoDraw = True
270.6925 	EXP 	Device response: <KeyPress from None: t=270.5892528319964, value=c, duration=0.1003329999948619>
271.5926 	EXP 	line1: autoDraw = True
271.5926 	EXP 	line2: autoDraw = True
271.5926 	EXP 	line3: autoDraw = True
271.5926 	EXP 	line4: autoDraw = True
271.6022 	EXP 	fixation: autoDraw = False
272.5857 	INFO 	Keyboard events cleared
272.5855 	EXP 	probe: autoDraw = True
273.6202 	EXP 	Device response: <KeyPress from None: t=273.61821412399877, value=x, duration=None>
273.6208 	EXP 	New trial (rep=2, index=14): <Trial 14 (14 in rep 2) data={'pos': np.int64(-150), 'corr_resp': 'z', 'thisN': 14, 'thisTrialN': 14, 'thisRepN': 2}>
273.6276 	DATA 	Keypress: x
273.6326 	EXP 	fixation: autoDraw = False
273.6326 	EXP 	line1: autoDraw = False
273.6326 	EXP 	line2: autoDraw = False
273.6326 	EXP 	line3: autoDraw = False
273.6326 	EXP 	line4: autoDraw = False
273.6326 	EXP 	probe: autoDraw = False
273.6326 	EXP 	fixation: autoDraw = True
273.7703 	EXP 	Device response: <KeyPress from None: t=273.61821412399877, value=x, duration=0.14433949999511242>
274.6188 	EXP 	line1: autoDraw = True
274.6188 	EXP 	line2: autoDraw = True
274.6188 	EXP 	line3: autoDraw = True
274.6188 	EXP 	line4: autoDraw = True
274.6248 	EXP 	fixation: autoDraw = False
275.6189 	INFO 	Keyboard events cleared
275.6187 	EXP 	probe: autoDraw = True
276.1534 	EXP 	Device response: <KeyPress from None: t=276.14604408199375, value=z, duration=None>
276.1539 	EXP 	New trial (rep=6, index=15): <Trial 15 (15 in rep 6) data={'pos': np.int64(50), 'corr_resp': 'c ', 'thisN': 15, 'thisTrialN': 15, 'thisRepN': 6}>
276.1605 	DATA 	Keypress: z
276.1655 	EXP 	fixation: autoDraw = False
276.1655 	EXP 	line1: autoDraw = False
276.1655 	EXP 	line2: autoDraw = False
276.1655 	EXP 	line3: autoDraw = False
276.1655 	EXP 	line4: autoDraw = False
276.1655 	EXP 	probe: autoDraw = False
276.1655 	EXP 	fixation: autoDraw = True
276.2926 	EXP 	Device response: <KeyPress from None: t=276.14604408199375, value=z, duration=0.1443883340107277>
277.1523 	EXP 	line1: autoDraw = True
277.1523 	EXP 	line2: autoDraw = True
277.1523 	EXP 	line3: autoDraw = True
277.1523 	EXP 	line4: autoDraw = True
277.1592 	EXP 	fixation: autoDraw = False
278.1524 	INFO 	Keyboard events cleared
278.1522 	EXP 	probe: autoDraw = True
279.1035 	EXP 	Device response: <KeyPress from None: t=279.10005233199627, value=c, duration=None>
279.1042 	EXP 	New trial (rep=3, index=16): <Trial 16 (16 in rep 3) data={'pos': np.int64(-150), 'corr_resp': 'z', 'thisN': 16, 'thisTrialN': 16, 'thisRepN': 3}>
279.1115 	DATA 	Keypress: c
279.1165 	EXP 	fixation: autoDraw = False
279.1165 	EXP 	line1: autoDraw = False
279.1165 	EXP 	line2: autoDraw = False
279.1165 	EXP 	line3: autoDraw = False
279.1165 	EXP 	line4: autoDraw = False
279.1165 	EXP 	probe: autoDraw = False
279.1165 	EXP 	fixation: autoDraw = True
279.2252 	EXP 	Device response: <KeyPress from None: t=279.10005233199627, value=c, duration=0.12025316699873656>
280.1023 	EXP 	line1: autoDraw = True
280.1023 	EXP 	line2: autoDraw = True
280.1023 	EXP 	line3: autoDraw = True
280.1023 	EXP 	line4: autoDraw = True
280.1091 	EXP 	fixation: autoDraw = False
281.1023 	INFO 	Keyboard events cleared
281.1022 	EXP 	probe: autoDraw = True
281.6755 	EXP 	Device response: <KeyPress from None: t=281.6719575820025, value=z, duration=None>
281.6760 	EXP 	New trial (rep=7, index=17): <Trial 17 (17 in rep 7) data={'pos': np.int64(50), 'corr_resp': 'c ', 'thisN': 17, 'thisTrialN': 17, 'thisRepN': 7}>
281.6824 	DATA 	Keypress: z
281.6873 	EXP 	fixation: autoDraw = False
281.6873 	EXP 	line1: autoDraw = False
281.6873 	EXP 	line2: autoDraw = False
281.6873 	EXP 	line3: autoDraw = False
281.6873 	EXP 	line4: autoDraw = False
281.6873 	EXP 	probe: autoDraw = False
281.6873 	EXP 	fixation: autoDraw = True
281.8256 	EXP 	Device response: <KeyPress from None: t=281.6719575820025, value=z, duration=0.1523378749989206>
282.6774 	EXP 	line1: autoDraw = True
282.6774 	EXP 	line2: autoDraw = True
282.6774 	EXP 	line3: autoDraw = True
282.6774 	EXP 	line4: autoDraw = True
282.6846 	EXP 	fixation: autoDraw = False
283.6690 	INFO 	Keyboard events cleared
283.6688 	EXP 	probe: autoDraw = True
284.3264 	EXP 	Device response: <KeyPress from None: t=284.3228714989964, value=c, duration=None>
284.3270 	EXP 	New trial (rep=2, index=18): <Trial 18 (18 in rep 2) data={'pos': np.int64(150), 'corr_resp': 'v', 'thisN': 18, 'thisTrialN': 18, 'thisRepN': 2}>
284.3342 	DATA 	Keypress: c
284.3386 	EXP 	fixation: autoDraw = False
284.3386 	EXP 	line1: autoDraw = False
284.3386 	EXP 	line2: autoDraw = False
284.3386 	EXP 	line3: autoDraw = False
284.3386 	EXP 	line4: autoDraw = False
284.3386 	EXP 	probe: autoDraw = False
284.3386 	EXP 	fixation: autoDraw = True
284.4374 	EXP 	Device response: <KeyPress from None: t=284.3228714989964, value=c, duration=0.11232858299626969>
285.3260 	EXP 	line1: autoDraw = True
285.3260 	EXP 	line2: autoDraw = True
285.3260 	EXP 	line3: autoDraw = True
285.3260 	EXP 	line4: autoDraw = True
285.3355 	EXP 	fixation: autoDraw = False
286.3260 	INFO 	Keyboard events cleared
286.3258 	EXP 	probe: autoDraw = True
286.9869 	EXP 	Device response: <KeyPress from None: t=286.9848119160015, value=v, duration=None>
286.9875 	EXP 	New trial (rep=3, index=19): <Trial 19 (19 in rep 3) data={'pos': np.int64(150), 'corr_resp': 'v', 'thisN': 19, 'thisTrialN': 19, 'thisRepN': 3}>
286.9946 	DATA 	Keypress: v
286.9994 	EXP 	fixation: autoDraw = False
286.9994 	EXP 	line1: autoDraw = False
286.9994 	EXP 	line2: autoDraw = False
286.9994 	EXP 	line3: autoDraw = False
286.9994 	EXP 	line4: autoDraw = False
286.9994 	EXP 	probe: autoDraw = False
286.9994 	EXP 	fixation: autoDraw = True
287.0755 	EXP 	Device response: <KeyPress from None: t=286.9848119160015, value=v, duration=0.08832029098994099>
287.9855 	EXP 	line1: autoDraw = True
287.9855 	EXP 	line2: autoDraw = True
287.9855 	EXP 	line3: autoDraw = True
287.9855 	EXP 	line4: autoDraw = True
287.9922 	EXP 	fixation: autoDraw = False
288.9851 	INFO 	Keyboard events cleared
288.9850 	EXP 	probe: autoDraw = True
289.3761 	EXP 	Device response: <KeyPress from None: t=289.3727682070021, value=v, duration=None>
289.3765 	EXP 	New trial (rep=4, index=20): <Trial 20 (20 in rep 4) data={'pos': np.int64(-50), 'corr_resp': 'x', 'thisN': 20, 'thisTrialN': 20, 'thisRepN': 4}>
289.3830 	DATA 	Keypress: v
289.3875 	EXP 	fixation: autoDraw = False
289.3875 	EXP 	line1: autoDraw = False
289.3875 	EXP 	line2: autoDraw = False
289.3875 	EXP 	line3: autoDraw = False
289.3875 	EXP 	line4: autoDraw = False
289.3875 	EXP 	probe: autoDraw = False
289.3875 	EXP 	fixation: autoDraw = True
289.4914 	EXP 	Device response: <KeyPress from None: t=289.3727682070021, value=v, duration=0.1163573749945499>
290.3756 	EXP 	line1: autoDraw = True
290.3756 	EXP 	line2: autoDraw = True
290.3756 	EXP 	line3: autoDraw = True
290.3756 	EXP 	line4: autoDraw = True
290.3855 	EXP 	fixation: autoDraw = False
291.3684 	INFO 	Keyboard events cleared
291.3682 	EXP 	probe: autoDraw = True
292.1537 	EXP 	Device response: <KeyPress from None: t=292.151725749005, value=x, duration=None>
292.1543 	EXP 	New trial (rep=4, index=21): <Trial 21 (21 in rep 4) data={'pos': np.int64(-150), 'corr_resp': 'z', 'thisN': 21, 'thisTrialN': 21, 'thisRepN': 4}>
292.1618 	DATA 	Keypress: x
292.1668 	EXP 	fixation: autoDraw = False
292.1668 	EXP 	line1: autoDraw = False
292.1668 	EXP 	line2: autoDraw = False
292.1668 	EXP 	line3: autoDraw = False
292.1668 	EXP 	line4: autoDraw = False
292.1668 	EXP 	probe: autoDraw = False
292.1668 	EXP 	fixation: autoDraw = True
292.3370 	EXP 	Device response: <KeyPress from None: t=292.151725749005, value=x, duration=0.1762420829909388>
293.1521 	EXP 	line1: autoDraw = True
293.1521 	EXP 	line2: autoDraw = True
293.1521 	EXP 	line3: autoDraw = True
293.1521 	EXP 	line4: autoDraw = True
293.1581 	EXP 	fixation: autoDraw = False
294.1524 	INFO 	Keyboard events cleared
294.1522 	EXP 	probe: autoDraw = True
294.7093 	EXP 	Device response: <KeyPress from None: t=294.7074991660047, value=z, duration=None>
294.7097 	EXP 	New trial (rep=8, index=22): <Trial 22 (22 in rep 8) data={'pos': np.int64(50), 'corr_resp': 'c ', 'thisN': 22, 'thisTrialN': 22, 'thisRepN': 8}>
294.7160 	DATA 	Keypress: z
294.7207 	EXP 	fixation: autoDraw = False
294.7207 	EXP 	line1: autoDraw = False
294.7207 	EXP 	line2: autoDraw = False
294.7207 	EXP 	line3: autoDraw = False
294.7207 	EXP 	line4: autoDraw = False
294.7207 	EXP 	probe: autoDraw = False
294.7207 	EXP 	fixation: autoDraw = True
294.8866 	EXP 	Device response: <KeyPress from None: t=294.7074991660047, value=z, duration=0.16829558298923075>
295.7097 	EXP 	line1: autoDraw = True
295.7097 	EXP 	line2: autoDraw = True
295.7097 	EXP 	line3: autoDraw = True
295.7097 	EXP 	line4: autoDraw = True
295.7188 	EXP 	fixation: autoDraw = False
296.7017 	INFO 	Keyboard events cleared
296.7016 	EXP 	probe: autoDraw = True
297.3366 	EXP 	Device response: <KeyPress from None: t=297.3265687910025, value=c, duration=None>
297.3370 	EXP 	New trial (rep=5, index=23): <Trial 23 (23 in rep 5) data={'pos': np.int64(-50), 'corr_resp': 'x', 'thisN': 23, 'thisTrialN': 23, 'thisRepN': 5}>
297.3437 	DATA 	Keypress: c
297.3486 	EXP 	fixation: autoDraw = False
297.3486 	EXP 	line1: autoDraw = False
297.3486 	EXP 	line2: autoDraw = False
297.3486 	EXP 	line3: autoDraw = False
297.3486 	EXP 	line4: autoDraw = False
297.3486 	EXP 	probe: autoDraw = False
297.3486 	EXP 	fixation: autoDraw = True
297.4372 	EXP 	Device response: <KeyPress from None: t=297.3265687910025, value=c, duration=0.10822149999148678>
298.3356 	EXP 	line1: autoDraw = True
298.3356 	EXP 	line2: autoDraw = True
298.3356 	EXP 	line3: autoDraw = True
298.3356 	EXP 	line4: autoDraw = True
298.3416 	EXP 	fixation: autoDraw = False
299.3357 	INFO 	Keyboard events cleared
299.3355 	EXP 	probe: autoDraw = True
300.0430 	EXP 	Device response: <KeyPress from None: t=300.036358790996, value=x, duration=None>
300.0434 	EXP 	New trial (rep=4, index=24): <Trial 24 (24 in rep 4) data={'pos': np.int64(150), 'corr_resp': 'v', 'thisN': 24, 'thisTrialN': 24, 'thisRepN': 4}>
300.0499 	DATA 	Keypress: x
300.0542 	EXP 	fixation: autoDraw = False
300.0542 	EXP 	line1: autoDraw = False
300.0542 	EXP 	line2: autoDraw = False
300.0542 	EXP 	line3: autoDraw = False
300.0542 	EXP 	line4: autoDraw = False
300.0542 	EXP 	probe: autoDraw = False
300.0542 	EXP 	fixation: autoDraw = True
300.1876 	EXP 	Device response: <KeyPress from None: t=300.036358790996, value=x, duration=0.14840791599999648>
301.0415 	EXP 	line1: autoDraw = True
301.0415 	EXP 	line2: autoDraw = True
301.0415 	EXP 	line3: autoDraw = True
301.0415 	EXP 	line4: autoDraw = True
301.0521 	EXP 	fixation: autoDraw = False
302.0424 	INFO 	Keyboard events cleared
302.0422 	EXP 	probe: autoDraw = True
302.7535 	EXP 	Device response: <KeyPress from None: t=302.7463307069993, value=v, duration=None>
302.7542 	EXP 	New trial (rep=9, index=25): <Trial 25 (25 in rep 9) data={'pos': np.int64(50), 'corr_resp': 'c ', 'thisN': 25, 'thisTrialN': 25, 'thisRepN': 9}>
302.7613 	DATA 	Keypress: v
302.7663 	EXP 	fixation: autoDraw = False
302.7663 	EXP 	line1: autoDraw = False
302.7663 	EXP 	line2: autoDraw = False
302.7663 	EXP 	line3: autoDraw = False
302.7663 	EXP 	line4: autoDraw = False
302.7663 	EXP 	probe: autoDraw = False
302.7663 	EXP 	fixation: autoDraw = True
302.9204 	EXP 	Device response: <KeyPress from None: t=302.7463307069993, value=v, duration=0.16834987500624266>
303.7523 	EXP 	line1: autoDraw = True
303.7523 	EXP 	line2: autoDraw = True
303.7523 	EXP 	line3: autoDraw = True
303.7523 	EXP 	line4: autoDraw = True
303.7590 	EXP 	fixation: autoDraw = False
304.7522 	INFO 	Keyboard events cleared
304.7520 	EXP 	probe: autoDraw = True
305.4532 	EXP 	Device response: <KeyPress from None: t=305.4492459989997, value=c, duration=None>
305.4537 	EXP 	New trial (rep=5, index=26): <Trial 26 (26 in rep 5) data={'pos': np.int64(-150), 'corr_resp': 'z', 'thisN': 26, 'thisTrialN': 26, 'thisRepN': 5}>
305.4605 	DATA 	Keypress: c
305.4652 	EXP 	fixation: autoDraw = False
305.4652 	EXP 	line1: autoDraw = False
305.4652 	EXP 	line2: autoDraw = False
305.4652 	EXP 	line3: autoDraw = False
305.4652 	EXP 	line4: autoDraw = False
305.4652 	EXP 	probe: autoDraw = False
305.4652 	EXP 	fixation: autoDraw = True
305.5757 	EXP 	Device response: <KeyPress from None: t=305.4492459989997, value=c, duration=0.12441362500248943>
306.4427 	EXP 	line1: autoDraw = True
306.4427 	EXP 	line2: autoDraw = True
306.4427 	EXP 	line3: autoDraw = True
306.4427 	EXP 	line4: autoDraw = True
306.4586 	EXP 	fixation: autoDraw = False
307.4512 	INFO 	Keyboard events cleared
307.4511 	EXP 	probe: autoDraw = True
308.0535 	EXP 	Device response: <KeyPress from None: t=308.0511877069948, value=z, duration=None>
308.0541 	EXP 	New trial (rep=6, index=27): <Trial 27 (27 in rep 6) data={'pos': np.int64(-150), 'corr_resp': 'z', 'thisN': 27, 'thisTrialN': 27, 'thisRepN': 6}>
308.0613 	DATA 	Keypress: z
308.0663 	EXP 	fixation: autoDraw = False
308.0663 	EXP 	line1: autoDraw = False
308.0663 	EXP 	line2: autoDraw = False
308.0663 	EXP 	line3: autoDraw = False
308.0663 	EXP 	line4: autoDraw = False
308.0663 	EXP 	probe: autoDraw = False
308.0663 	EXP 	fixation: autoDraw = True
308.2089 	EXP 	Device response: <KeyPress from None: t=308.0511877069948, value=z, duration=0.15636520899715833>
309.0521 	EXP 	line1: autoDraw = True
309.0521 	EXP 	line2: autoDraw = True
309.0521 	EXP 	line3: autoDraw = True
309.0521 	EXP 	line4: autoDraw = True
309.0582 	EXP 	fixation: autoDraw = False
310.0523 	INFO 	Keyboard events cleared
310.0520 	EXP 	probe: autoDraw = True
310.5702 	EXP 	Device response: <KeyPress from None: t=310.56607241599704, value=z, duration=None>
310.5709 	EXP 	New trial (rep=5, index=28): <Trial 28 (28 in rep 5) data={'pos': np.int64(150), 'corr_resp': 'v', 'thisN': 28, 'thisTrialN': 28, 'thisRepN': 5}>
310.5783 	DATA 	Keypress: z
310.5834 	EXP 	fixation: autoDraw = False
310.5834 	EXP 	line1: autoDraw = False
310.5834 	EXP 	line2: autoDraw = False
310.5834 	EXP 	line3: autoDraw = False
310.5834 	EXP 	line4: autoDraw = False
310.5834 	EXP 	probe: autoDraw = False
310.5834 	EXP 	fixation: autoDraw = True
310.7372 	EXP 	Device response: <KeyPress from None: t=310.56607241599704, value=z, duration=0.16443925000203308>
311.5689 	EXP 	line1: autoDraw = True
311.5689 	EXP 	line2: autoDraw = True
311.5689 	EXP 	line3: autoDraw = True
311.5689 	EXP 	line4: autoDraw = True
311.5756 	EXP 	fixation: autoDraw = False
312.5690 	INFO 	Keyboard events cleared
312.5687 	EXP 	probe: autoDraw = True
313.2532 	EXP 	Device response: <KeyPress from None: t=313.25102720699215, value=v, duration=None>
313.2537 	EXP 	New trial (rep=7, index=29): <Trial 29 (29 in rep 7) data={'pos': np.int64(-150), 'corr_resp': 'z', 'thisN': 29, 'thisTrialN': 29, 'thisRepN': 7}>
313.2610 	DATA 	Keypress: v
313.2657 	EXP 	fixation: autoDraw = False
313.2657 	EXP 	line1: autoDraw = False
313.2657 	EXP 	line2: autoDraw = False
313.2657 	EXP 	line3: autoDraw = False
313.2657 	EXP 	line4: autoDraw = False
313.2657 	EXP 	probe: autoDraw = False
313.2657 	EXP 	fixation: autoDraw = True
313.3868 	EXP 	Device response: <KeyPress from None: t=313.25102720699215, value=v, duration=0.128294417008874>
314.2522 	EXP 	line1: autoDraw = True
314.2522 	EXP 	line2: autoDraw = True
314.2522 	EXP 	line3: autoDraw = True
314.2522 	EXP 	line4: autoDraw = True
314.2585 	EXP 	fixation: autoDraw = False
315.2523 	INFO 	Keyboard events cleared
315.2521 	EXP 	probe: autoDraw = True
315.7869 	EXP 	Device response: <KeyPress from None: t=315.781036165994, value=z, duration=None>
315.7875 	EXP 	New trial (rep=8, index=30): <Trial 30 (30 in rep 8) data={'pos': np.int64(-150), 'corr_resp': 'z', 'thisN': 30, 'thisTrialN': 30, 'thisRepN': 8}>
315.7944 	DATA 	Keypress: z
315.7993 	EXP 	fixation: autoDraw = False
315.7993 	EXP 	line1: autoDraw = False
315.7993 	EXP 	line2: autoDraw = False
315.7993 	EXP 	line3: autoDraw = False
315.7993 	EXP 	line4: autoDraw = False
315.7993 	EXP 	probe: autoDraw = False
315.7993 	EXP 	fixation: autoDraw = True
315.9756 	EXP 	Device response: <KeyPress from None: t=315.781036165994, value=z, duration=0.18824250000761822>
316.7854 	EXP 	line1: autoDraw = True
316.7854 	EXP 	line2: autoDraw = True
316.7854 	EXP 	line3: autoDraw = True
316.7854 	EXP 	line4: autoDraw = True
316.7915 	EXP 	fixation: autoDraw = False
317.7856 	INFO 	Keyboard events cleared
317.7854 	EXP 	probe: autoDraw = True
318.3088 	EXP 	Device response: <KeyPress from None: t=318.3038996660034, value=z, duration=None>
318.3093 	EXP 	New trial (rep=6, index=31): <Trial 31 (31 in rep 6) data={'pos': np.int64(-50), 'corr_resp': 'x', 'thisN': 31, 'thisTrialN': 31, 'thisRepN': 6}>
318.3157 	DATA 	Keypress: z
318.3207 	EXP 	fixation: autoDraw = False
318.3207 	EXP 	line1: autoDraw = False
318.3207 	EXP 	line2: autoDraw = False
318.3207 	EXP 	line3: autoDraw = False
318.3207 	EXP 	line4: autoDraw = False
318.3207 	EXP 	probe: autoDraw = False
318.3207 	EXP 	fixation: autoDraw = True
318.4706 	EXP 	Device response: <KeyPress from None: t=318.3038996660034, value=z, duration=0.1643097499909345>
319.3095 	EXP 	line1: autoDraw = True
319.3095 	EXP 	line2: autoDraw = True
319.3095 	EXP 	line3: autoDraw = True
319.3095 	EXP 	line4: autoDraw = True
319.3179 	EXP 	fixation: autoDraw = False
320.3089 	INFO 	Keyboard events cleared
320.3088 	EXP 	probe: autoDraw = True
320.9264 	EXP 	Device response: <KeyPress from None: t=320.9220717489952, value=x, duration=None>
320.9268 	EXP 	New trial (rep=6, index=32): <Trial 32 (32 in rep 6) data={'pos': np.int64(150), 'corr_resp': 'v', 'thisN': 32, 'thisTrialN': 32, 'thisRepN': 6}>
320.9333 	DATA 	Keypress: x
320.9379 	EXP 	fixation: autoDraw = False
320.9379 	EXP 	line1: autoDraw = False
320.9379 	EXP 	line2: autoDraw = False
320.9379 	EXP 	line3: autoDraw = False
320.9379 	EXP 	line4: autoDraw = False
320.9379 	EXP 	probe: autoDraw = False
320.9379 	EXP 	fixation: autoDraw = True
321.0703 	EXP 	Device response: <KeyPress from None: t=320.9220717489952, value=x, duration=0.14404712500981987>
321.9258 	EXP 	line1: autoDraw = True
321.9258 	EXP 	line2: autoDraw = True
321.9258 	EXP 	line3: autoDraw = True
321.9258 	EXP 	line4: autoDraw = True
321.9354 	EXP 	fixation: autoDraw = False
322.9261 	INFO 	Keyboard events cleared
322.9259 	EXP 	probe: autoDraw = True
323.5199 	EXP 	Device response: <KeyPress from None: t=323.5156602490024, value=v, duration=None>
323.5203 	EXP 	New trial (rep=7, index=33): <Trial 33 (33 in rep 7) data={'pos': np.int64(150), 'corr_resp': 'v', 'thisN': 33, 'thisTrialN': 33, 'thisRepN': 7}>
323.5273 	DATA 	Keypress: v
323.5323 	EXP 	fixation: autoDraw = False
323.5323 	EXP 	line1: autoDraw = False
323.5323 	EXP 	line2: autoDraw = False
323.5323 	EXP 	line3: autoDraw = False
323.5323 	EXP 	line4: autoDraw = False
323.5323 	EXP 	probe: autoDraw = False
323.5323 	EXP 	fixation: autoDraw = True
323.6702 	EXP 	Device response: <KeyPress from None: t=323.5156602490024, value=v, duration=0.14440099999774247>
324.5190 	EXP 	line1: autoDraw = True
324.5190 	EXP 	line2: autoDraw = True
324.5190 	EXP 	line3: autoDraw = True
324.5190 	EXP 	line4: autoDraw = True
324.5254 	EXP 	fixation: autoDraw = False
325.5190 	INFO 	Keyboard events cleared
325.5188 	EXP 	probe: autoDraw = True
326.0430 	EXP 	Device response: <KeyPress from None: t=326.04166012399946, value=v, duration=None>
326.0435 	EXP 	New trial (rep=9, index=34): <Trial 34 (34 in rep 9) data={'pos': np.int64(-150), 'corr_resp': 'z', 'thisN': 34, 'thisTrialN': 34, 'thisRepN': 9}>
326.0498 	DATA 	Keypress: v
326.0544 	EXP 	fixation: autoDraw = False
326.0544 	EXP 	line1: autoDraw = False
326.0544 	EXP 	line2: autoDraw = False
326.0544 	EXP 	line3: autoDraw = False
326.0544 	EXP 	line4: autoDraw = False
326.0544 	EXP 	probe: autoDraw = False
326.0544 	EXP 	fixation: autoDraw = True
326.1703 	EXP 	Device response: <KeyPress from None: t=326.04166012399946, value=v, duration=0.11626408300071489>
327.0430 	EXP 	line1: autoDraw = True
327.0430 	EXP 	line2: autoDraw = True
327.0430 	EXP 	line3: autoDraw = True
327.0430 	EXP 	line4: autoDraw = True
327.0523 	EXP 	fixation: autoDraw = False
328.0424 	INFO 	Keyboard events cleared
328.0422 	EXP 	probe: autoDraw = True
328.7098 	EXP 	Device response: <KeyPress from None: t=328.705613498998, value=z, duration=None>
328.7103 	EXP 	New trial (rep=10, index=35): <Trial 35 (35 in rep 10) data={'pos': np.int64(50), 'corr_resp': 'c ', 'thisN': 35, 'thisTrialN': 35, 'thisRepN': 10}>
328.7171 	DATA 	Keypress: z
328.7216 	EXP 	fixation: autoDraw = False
328.7216 	EXP 	line1: autoDraw = False
328.7216 	EXP 	line2: autoDraw = False
328.7216 	EXP 	line3: autoDraw = False
328.7216 	EXP 	line4: autoDraw = False
328.7216 	EXP 	probe: autoDraw = False
328.7216 	EXP 	fixation: autoDraw = True
328.8707 	EXP 	Device response: <KeyPress from None: t=328.705613498998, value=z, duration=0.1603366250055842>
329.7093 	EXP 	line1: autoDraw = True
329.7093 	EXP 	line2: autoDraw = True
329.7093 	EXP 	line3: autoDraw = True
329.7093 	EXP 	line4: autoDraw = True
329.7187 	EXP 	fixation: autoDraw = False
330.7084 	INFO 	Keyboard events cleared
330.7083 	EXP 	probe: autoDraw = True
331.3928 	EXP 	Device response: <KeyPress from None: t=331.3884414990025, value=c, duration=None>
331.3933 	EXP 	New trial (rep=7, index=36): <Trial 36 (36 in rep 7) data={'pos': np.int64(-50), 'corr_resp': 'x', 'thisN': 36, 'thisTrialN': 36, 'thisRepN': 7}>
331.3998 	DATA 	Keypress: c
331.4044 	EXP 	fixation: autoDraw = False
331.4044 	EXP 	line1: autoDraw = False
331.4044 	EXP 	line2: autoDraw = False
331.4044 	EXP 	line3: autoDraw = False
331.4044 	EXP 	line4: autoDraw = False
331.4044 	EXP 	probe: autoDraw = False
331.4044 	EXP 	fixation: autoDraw = True
331.4872 	EXP 	Device response: <KeyPress from None: t=331.3884414990025, value=c, duration=0.09245383300003596>
332.3927 	EXP 	line1: autoDraw = True
332.3927 	EXP 	line2: autoDraw = True
332.3927 	EXP 	line3: autoDraw = True
332.3927 	EXP 	line4: autoDraw = True
332.4020 	EXP 	fixation: autoDraw = False
333.3922 	INFO 	Keyboard events cleared
333.3920 	EXP 	probe: autoDraw = True
334.4094 	EXP 	Device response: <KeyPress from None: t=334.4043164159957, value=x, duration=None>
334.4099 	EXP 	New trial (rep=8, index=37): <Trial 37 (37 in rep 8) data={'pos': np.int64(150), 'corr_resp': 'v', 'thisN': 37, 'thisTrialN': 37, 'thisRepN': 8}>
334.4165 	DATA 	Keypress: x
334.4212 	EXP 	fixation: autoDraw = False
334.4212 	EXP 	line1: autoDraw = False
334.4212 	EXP 	line2: autoDraw = False
334.4212 	EXP 	line3: autoDraw = False
334.4212 	EXP 	line4: autoDraw = False
334.4212 	EXP 	probe: autoDraw = False
334.4212 	EXP 	fixation: autoDraw = True
334.5578 	EXP 	Device response: <KeyPress from None: t=334.4043164159957, value=x, duration=0.14840208299574442>
335.4177 	EXP 	fixation: autoDraw = False
335.4177 	EXP 	line1: autoDraw = True
335.4177 	EXP 	line2: autoDraw = True
335.4177 	EXP 	line3: autoDraw = True
335.4177 	EXP 	line4: autoDraw = True
336.4094 	INFO 	Keyboard events cleared
336.4092 	EXP 	probe: autoDraw = True
336.9197 	EXP 	Device response: <KeyPress from None: t=336.91735362399777, value=v, duration=None>
336.9203 	EXP 	New trial (rep=8, index=38): <Trial 38 (38 in rep 8) data={'pos': np.int64(-50), 'corr_resp': 'x', 'thisN': 38, 'thisTrialN': 38, 'thisRepN': 8}>
336.9271 	DATA 	Keypress: v
336.9321 	EXP 	fixation: autoDraw = False
336.9321 	EXP 	line1: autoDraw = False
336.9321 	EXP 	line2: autoDraw = False
336.9321 	EXP 	line3: autoDraw = False
336.9321 	EXP 	line4: autoDraw = False
336.9321 	EXP 	probe: autoDraw = False
336.9321 	EXP 	fixation: autoDraw = True
337.0533 	EXP 	Device response: <KeyPress from None: t=336.91735362399777, value=v, duration=0.13237649999791756>
337.9187 	EXP 	line1: autoDraw = True
337.9187 	EXP 	line2: autoDraw = True
337.9187 	EXP 	line3: autoDraw = True
337.9187 	EXP 	line4: autoDraw = True
337.9256 	EXP 	fixation: autoDraw = False
338.9188 	INFO 	Keyboard events cleared
338.9186 	EXP 	probe: autoDraw = True
339.5253 	EXP 	Device response: <KeyPress from None: t=339.52427483200154, value=x, duration=None>
339.5257 	EXP 	New trial (rep=9, index=39): <Trial 39 (39 in rep 9) data={'pos': np.int64(-50), 'corr_resp': 'x', 'thisN': 39, 'thisTrialN': 39, 'thisRepN': 9}>
339.5317 	DATA 	Keypress: x
339.5372 	EXP 	fixation: autoDraw = False
339.5372 	EXP 	line1: autoDraw = False
339.5372 	EXP 	line2: autoDraw = False
339.5372 	EXP 	line3: autoDraw = False
339.5372 	EXP 	line4: autoDraw = False
339.5372 	EXP 	probe: autoDraw = False
339.5372 	EXP 	fixation: autoDraw = True
339.6706 	EXP 	Device response: <KeyPress from None: t=339.52427483200154, value=x, duration=0.14036066699190997>
340.5262 	EXP 	line1: autoDraw = True
340.5262 	EXP 	line2: autoDraw = True
340.5262 	EXP 	line3: autoDraw = True
340.5262 	EXP 	line4: autoDraw = True
340.5353 	EXP 	fixation: autoDraw = False
341.5188 	INFO 	Keyboard events cleared
341.5186 	EXP 	probe: autoDraw = True
341.9698 	EXP 	Device response: <KeyPress from None: t=341.9594137910026, value=x, duration=None>
341.9704 	EXP 	New trial (rep=9, index=40): <Trial 40 (40 in rep 9) data={'pos': np.int64(150), 'corr_resp': 'v', 'thisN': 40, 'thisTrialN': 40, 'thisRepN': 9}>
341.9773 	DATA 	Keypress: x
341.9823 	EXP 	fixation: autoDraw = False
341.9823 	EXP 	line1: autoDraw = False
341.9823 	EXP 	line2: autoDraw = False
341.9823 	EXP 	line3: autoDraw = False
341.9823 	EXP 	line4: autoDraw = False
341.9823 	EXP 	probe: autoDraw = False
341.9823 	EXP 	fixation: autoDraw = True
342.0871 	EXP 	Device response: <KeyPress from None: t=341.9594137910026, value=x, duration=0.12412758299615234>
342.9686 	EXP 	line1: autoDraw = True
342.9686 	EXP 	line2: autoDraw = True
342.9686 	EXP 	line3: autoDraw = True
342.9686 	EXP 	line4: autoDraw = True
342.9746 	EXP 	fixation: autoDraw = False
343.9683 	INFO 	Keyboard events cleared
343.9681 	EXP 	probe: autoDraw = True
346.1698 	EXP 	Device response: <KeyPress from None: t=346.1631679160055, value=v, duration=None>
346.1702 	EXP 	New trial (rep=11, index=41): <Trial 41 (41 in rep 11) data={'pos': np.int64(50), 'corr_resp': 'c ', 'thisN': 41, 'thisTrialN': 41, 'thisRepN': 11}>
346.1769 	DATA 	Keypress: v
346.1816 	EXP 	fixation: autoDraw = False
346.1816 	EXP 	line1: autoDraw = False
346.1816 	EXP 	line2: autoDraw = False
346.1816 	EXP 	line3: autoDraw = False
346.1816 	EXP 	line4: autoDraw = False
346.1816 	EXP 	probe: autoDraw = False
346.1816 	EXP 	fixation: autoDraw = True
346.2873 	EXP 	Device response: <KeyPress from None: t=346.1631679160055, value=v, duration=0.1121560409956146>
347.1686 	EXP 	line1: autoDraw = True
347.1686 	EXP 	line2: autoDraw = True
347.1686 	EXP 	line3: autoDraw = True
347.1686 	EXP 	line4: autoDraw = True
347.1741 	EXP 	fixation: autoDraw = False
348.1692 	INFO 	Keyboard events cleared
348.1689 	EXP 	probe: autoDraw = True
348.9253 	EXP 	Device response: <KeyPress from None: t=348.9210422909964, value=c, duration=None>
348.9258 	EXP 	New trial (rep=10, index=42): <Trial 42 (42 in rep 10) data={'pos': np.int64(-150), 'corr_resp': 'z', 'thisN': 42, 'thisTrialN': 42, 'thisRepN': 10}>
348.9324 	DATA 	Keypress: c
348.9376 	EXP 	fixation: autoDraw = False
348.9376 	EXP 	line1: autoDraw = False
348.9376 	EXP 	line2: autoDraw = False
348.9376 	EXP 	line3: autoDraw = False
348.9376 	EXP 	line4: autoDraw = False
348.9376 	EXP 	probe: autoDraw = False
348.9376 	EXP 	fixation: autoDraw = True
349.0371 	EXP 	Device response: <KeyPress from None: t=348.9210422909964, value=c, duration=0.11231804100680165>
349.9243 	EXP 	line1: autoDraw = True
349.9243 	EXP 	line2: autoDraw = True
349.9243 	EXP 	line3: autoDraw = True
349.9243 	EXP 	line4: autoDraw = True
349.9353 	EXP 	fixation: autoDraw = False
350.9189 	INFO 	Keyboard events cleared
350.9187 	EXP 	probe: autoDraw = True
351.5033 	EXP 	Device response: <KeyPress from None: t=351.4939056659932, value=z, duration=None>
351.5037 	EXP 	New trial (rep=10, index=43): <Trial 43 (43 in rep 10) data={'pos': np.int64(-50), 'corr_resp': 'x', 'thisN': 43, 'thisTrialN': 43, 'thisRepN': 10}>
351.5106 	DATA 	Keypress: z
351.5154 	EXP 	fixation: autoDraw = False
351.5154 	EXP 	line1: autoDraw = False
351.5154 	EXP 	line2: autoDraw = False
351.5154 	EXP 	line3: autoDraw = False
351.5154 	EXP 	line4: autoDraw = False
351.5154 	EXP 	probe: autoDraw = False
351.5154 	EXP 	fixation: autoDraw = True
351.6753 	EXP 	Device response: <KeyPress from None: t=351.4939056659932, value=z, duration=0.18027758300013375>
352.5020 	EXP 	line1: autoDraw = True
352.5020 	EXP 	line2: autoDraw = True
352.5020 	EXP 	line3: autoDraw = True
352.5020 	EXP 	line4: autoDraw = True
352.5088 	EXP 	fixation: autoDraw = False
353.5024 	INFO 	Keyboard events cleared
353.5022 	EXP 	probe: autoDraw = True
354.1426 	EXP 	Device response: <KeyPress from None: t=354.1378922909935, value=x, duration=None>
354.1431 	EXP 	New trial (rep=11, index=44): <Trial 44 (44 in rep 11) data={'pos': np.int64(-50), 'corr_resp': 'x', 'thisN': 44, 'thisTrialN': 44, 'thisRepN': 11}>
354.1494 	DATA 	Keypress: x
354.1543 	EXP 	fixation: autoDraw = False
354.1543 	EXP 	line1: autoDraw = False
354.1543 	EXP 	line2: autoDraw = False
354.1543 	EXP 	line3: autoDraw = False
354.1543 	EXP 	line4: autoDraw = False
354.1543 	EXP 	probe: autoDraw = False
354.1543 	EXP 	fixation: autoDraw = True
354.3040 	EXP 	Device response: <KeyPress from None: t=354.1378922909935, value=x, duration=0.1643141660024412>
355.1423 	EXP 	line1: autoDraw = True
355.1423 	EXP 	line2: autoDraw = True
355.1423 	EXP 	line3: autoDraw = True
355.1423 	EXP 	line4: autoDraw = True
355.1519 	EXP 	fixation: autoDraw = False
356.1422 	INFO 	Keyboard events cleared
356.1420 	EXP 	probe: autoDraw = True
356.6424 	EXP 	Device response: <KeyPress from None: t=356.6368322909984, value=x, duration=None>
356.6429 	EXP 	New trial (rep=11, index=45): <Trial 45 (45 in rep 11) data={'pos': np.int64(-150), 'corr_resp': 'z', 'thisN': 45, 'thisTrialN': 45, 'thisRepN': 11}>
356.6497 	DATA 	Keypress: x
356.6541 	EXP 	fixation: autoDraw = False
356.6541 	EXP 	line1: autoDraw = False
356.6541 	EXP 	line2: autoDraw = False
356.6541 	EXP 	line3: autoDraw = False
356.6541 	EXP 	line4: autoDraw = False
356.6541 	EXP 	probe: autoDraw = False
356.6541 	EXP 	fixation: autoDraw = True
356.7537 	EXP 	Device response: <KeyPress from None: t=356.6368322909984, value=x, duration=0.1122319160058396>
357.6411 	EXP 	line1: autoDraw = True
357.6411 	EXP 	line2: autoDraw = True
357.6411 	EXP 	line3: autoDraw = True
357.6411 	EXP 	line4: autoDraw = True
357.6519 	EXP 	fixation: autoDraw = False
358.6428 	INFO 	Keyboard events cleared
358.6425 	EXP 	probe: autoDraw = True
359.1353 	EXP 	Device response: <KeyPress from None: t=359.1256252070016, value=z, duration=None>
359.1356 	EXP 	New trial (rep=12, index=46): <Trial 46 (46 in rep 12) data={'pos': np.int64(-150), 'corr_resp': 'z', 'thisN': 46, 'thisTrialN': 46, 'thisRepN': 12}>
359.1381 	DATA 	Keypress: z
359.1417 	EXP 	fixation: autoDraw = False
359.1417 	EXP 	line1: autoDraw = False
359.1417 	EXP 	line2: autoDraw = False
359.1417 	EXP 	line3: autoDraw = False
359.1417 	EXP 	line4: autoDraw = False
359.1417 	EXP 	probe: autoDraw = False
359.1417 	EXP 	fixation: autoDraw = True
359.2755 	EXP 	Device response: <KeyPress from None: t=359.1256252070016, value=z, duration=0.1483837499981746>
360.1245 	EXP 	line1: autoDraw = True
360.1245 	EXP 	line2: autoDraw = True
360.1245 	EXP 	line3: autoDraw = True
360.1245 	EXP 	line4: autoDraw = True
360.1349 	EXP 	fixation: autoDraw = False
361.1221 	INFO 	Keyboard events cleared
361.1220 	EXP 	probe: autoDraw = True
361.6870 	EXP 	Device response: <KeyPress from None: t=361.681644915996, value=z, duration=None>
361.6879 	EXP 	New trial (rep=12, index=47): <Trial 47 (47 in rep 12) data={'pos': np.int64(50), 'corr_resp': 'c ', 'thisN': 47, 'thisTrialN': 47, 'thisRepN': 12}>
361.6950 	DATA 	Keypress: z
361.7004 	EXP 	fixation: autoDraw = False
361.7004 	EXP 	line1: autoDraw = False
361.7004 	EXP 	line2: autoDraw = False
361.7004 	EXP 	line3: autoDraw = False
361.7004 	EXP 	line4: autoDraw = False
361.7004 	EXP 	probe: autoDraw = False
361.7004 	EXP 	fixation: autoDraw = True
361.8425 	EXP 	Device response: <KeyPress from None: t=361.681644915996, value=z, duration=0.15629283300950192>
362.6846 	EXP 	line1: autoDraw = True
362.6846 	EXP 	line2: autoDraw = True
362.6846 	EXP 	line3: autoDraw = True
362.6846 	EXP 	line4: autoDraw = True
362.6900 	EXP 	fixation: autoDraw = False
363.6854 	INFO 	Keyboard events cleared
363.6852 	EXP 	probe: autoDraw = True
364.4090 	EXP 	Device response: <KeyPress from None: t=364.40343724899867, value=c, duration=None>
364.4095 	EXP 	New trial (rep=12, index=48): <Trial 48 (48 in rep 12) data={'pos': np.int64(-50), 'corr_resp': 'x', 'thisN': 48, 'thisTrialN': 48, 'thisRepN': 12}>
364.4134 	DATA 	Keypress: c
364.4177 	EXP 	fixation: autoDraw = False
364.4177 	EXP 	line1: autoDraw = False
364.4177 	EXP 	line2: autoDraw = False
364.4177 	EXP 	line3: autoDraw = False
364.4177 	EXP 	line4: autoDraw = False
364.4177 	EXP 	probe: autoDraw = False
364.4177 	EXP 	fixation: autoDraw = True
364.4903 	EXP 	Device response: <KeyPress from None: t=364.40343724899867, value=c, duration=0.08469466700626072>
365.4020 	EXP 	line1: autoDraw = True
365.4020 	EXP 	line2: autoDraw = True
365.4020 	EXP 	line3: autoDraw = True
365.4020 	EXP 	line4: autoDraw = True
365.4080 	EXP 	fixation: autoDraw = False
366.4101 	INFO 	Keyboard events cleared
366.4099 	EXP 	probe: autoDraw = True
367.1532 	EXP 	Device response: <KeyPress from None: t=367.14353920699796, value=x, duration=None>
367.1537 	EXP 	New trial (rep=10, index=49): <Trial 49 (49 in rep 10) data={'pos': np.int64(150), 'corr_resp': 'v', 'thisN': 49, 'thisTrialN': 49, 'thisRepN': 10}>
367.1602 	DATA 	Keypress: x
367.1651 	EXP 	fixation: autoDraw = False
367.1651 	EXP 	line1: autoDraw = False
367.1651 	EXP 	line2: autoDraw = False
367.1651 	EXP 	line3: autoDraw = False
367.1651 	EXP 	line4: autoDraw = False
367.1651 	EXP 	probe: autoDraw = False
367.1651 	EXP 	fixation: autoDraw = True
367.2922 	EXP 	Device response: <KeyPress from None: t=367.14353920699796, value=x, duration=0.14425208400643896>
368.1519 	EXP 	line1: autoDraw = True
368.1519 	EXP 	line2: autoDraw = True
368.1519 	EXP 	line3: autoDraw = True
368.1519 	EXP 	line4: autoDraw = True
368.1585 	EXP 	fixation: autoDraw = False
369.1512 	INFO 	Keyboard events cleared
369.1510 	EXP 	probe: autoDraw = True
369.6538 	EXP 	Device response: <KeyPress from None: t=369.6514186659915, value=v, duration=None>
369.6547 	EXP 	New trial (rep=13, index=50): <Trial 50 (50 in rep 13) data={'pos': np.int64(50), 'corr_resp': 'c ', 'thisN': 50, 'thisTrialN': 50, 'thisRepN': 13}>
369.6627 	DATA 	Keypress: v
369.6679 	EXP 	fixation: autoDraw = False
369.6679 	EXP 	line1: autoDraw = False
369.6679 	EXP 	line2: autoDraw = False
369.6679 	EXP 	line3: autoDraw = False
369.6679 	EXP 	line4: autoDraw = False
369.6679 	EXP 	probe: autoDraw = False
369.6679 	EXP 	fixation: autoDraw = True
369.7705 	EXP 	Device response: <KeyPress from None: t=369.6514186659915, value=v, duration=0.11623962500016205>
370.6518 	EXP 	line1: autoDraw = True
370.6518 	EXP 	line2: autoDraw = True
370.6518 	EXP 	line3: autoDraw = True
370.6518 	EXP 	line4: autoDraw = True
370.6572 	EXP 	fixation: autoDraw = False
371.6519 	INFO 	Keyboard events cleared
371.6517 	EXP 	probe: autoDraw = True
372.4088 	EXP 	Device response: <KeyPress from None: t=372.40532345700194, value=c, duration=None>
372.4093 	EXP 	New trial (rep=13, index=51): <Trial 51 (51 in rep 13) data={'pos': np.int64(-50), 'corr_resp': 'x', 'thisN': 51, 'thisTrialN': 51, 'thisRepN': 13}>
372.4161 	DATA 	Keypress: c
372.4211 	EXP 	fixation: autoDraw = False
372.4211 	EXP 	line1: autoDraw = False
372.4211 	EXP 	line2: autoDraw = False
372.4211 	EXP 	line3: autoDraw = False
372.4211 	EXP 	line4: autoDraw = False
372.4211 	EXP 	probe: autoDraw = False
372.4211 	EXP 	fixation: autoDraw = True
372.5207 	EXP 	Device response: <KeyPress from None: t=372.40532345700194, value=c, duration=0.10441095900023356>
373.4085 	EXP 	line1: autoDraw = True
373.4085 	EXP 	line2: autoDraw = True
373.4085 	EXP 	line3: autoDraw = True
373.4085 	EXP 	line4: autoDraw = True
373.4184 	EXP 	fixation: autoDraw = False
374.4089 	INFO 	Keyboard events cleared
374.4087 	EXP 	probe: autoDraw = True
374.9864 	EXP 	Device response: <KeyPress from None: t=374.98329941599513, value=x, duration=None>
374.9870 	EXP 	New trial (rep=13, index=52): <Trial 52 (52 in rep 13) data={'pos': np.int64(-150), 'corr_resp': 'z', 'thisN': 52, 'thisTrialN': 52, 'thisRepN': 13}>
374.9938 	DATA 	Keypress: x
374.9988 	EXP 	fixation: autoDraw = False
374.9988 	EXP 	line1: autoDraw = False
374.9988 	EXP 	line2: autoDraw = False
374.9988 	EXP 	line3: autoDraw = False
374.9988 	EXP 	line4: autoDraw = False
374.9988 	EXP 	probe: autoDraw = False
374.9988 	EXP 	fixation: autoDraw = True
375.1089 	EXP 	Device response: <KeyPress from None: t=374.98329941599513, value=x, duration=0.1243424580025021>
375.9853 	EXP 	line1: autoDraw = True
375.9853 	EXP 	line2: autoDraw = True
375.9853 	EXP 	line3: autoDraw = True
375.9853 	EXP 	line4: autoDraw = True
375.9916 	EXP 	fixation: autoDraw = False
376.9854 	INFO 	Keyboard events cleared
376.9852 	EXP 	probe: autoDraw = True
377.4530 	EXP 	Device response: <KeyPress from None: t=377.44918245699955, value=z, duration=None>
377.4535 	EXP 	New trial (rep=14, index=53): <Trial 53 (53 in rep 14) data={'pos': np.int64(50), 'corr_resp': 'c ', 'thisN': 53, 'thisTrialN': 53, 'thisRepN': 14}>
377.4606 	DATA 	Keypress: z
377.4654 	EXP 	fixation: autoDraw = False
377.4654 	EXP 	line1: autoDraw = False
377.4654 	EXP 	line2: autoDraw = False
377.4654 	EXP 	line3: autoDraw = False
377.4654 	EXP 	line4: autoDraw = False
377.4654 	EXP 	probe: autoDraw = False
377.4654 	EXP 	fixation: autoDraw = True
377.5911 	EXP 	Device response: <KeyPress from None: t=377.44918245699955, value=z, duration=0.14037129200005438>
378.4517 	EXP 	line1: autoDraw = True
378.4517 	EXP 	line2: autoDraw = True
378.4517 	EXP 	line3: autoDraw = True
378.4517 	EXP 	line4: autoDraw = True
378.4588 	EXP 	fixation: autoDraw = False
379.4520 	INFO 	Keyboard events cleared
379.4518 	EXP 	probe: autoDraw = True
380.1259 	EXP 	Device response: <KeyPress from None: t=380.12114412400115, value=c, duration=None>
380.1264 	EXP 	New trial (rep=14, index=54): <Trial 54 (54 in rep 14) data={'pos': np.int64(-50), 'corr_resp': 'x', 'thisN': 54, 'thisTrialN': 54, 'thisRepN': 14}>
380.1329 	DATA 	Keypress: c
380.1377 	EXP 	fixation: autoDraw = False
380.1377 	EXP 	line1: autoDraw = False
380.1377 	EXP 	line2: autoDraw = False
380.1377 	EXP 	line3: autoDraw = False
380.1377 	EXP 	line4: autoDraw = False
380.1377 	EXP 	probe: autoDraw = False
380.1377 	EXP 	fixation: autoDraw = True
380.2586 	EXP 	Device response: <KeyPress from None: t=380.12114412400115, value=c, duration=0.13626533299975563>
381.1257 	EXP 	line1: autoDraw = True
381.1257 	EXP 	line2: autoDraw = True
381.1257 	EXP 	line3: autoDraw = True
381.1257 	EXP 	line4: autoDraw = True
381.1351 	EXP 	fixation: autoDraw = False
382.1259 	INFO 	Keyboard events cleared
382.1257 	EXP 	probe: autoDraw = True
382.7199 	EXP 	Device response: <KeyPress from None: t=382.70798662399466, value=x, duration=None>
382.7204 	EXP 	New trial (rep=11, index=55): <Trial 55 (55 in rep 11) data={'pos': np.int64(150), 'corr_resp': 'v', 'thisN': 55, 'thisTrialN': 55, 'thisRepN': 11}>
382.7276 	DATA 	Keypress: x
382.7325 	EXP 	fixation: autoDraw = False
382.7325 	EXP 	line1: autoDraw = False
382.7325 	EXP 	line2: autoDraw = False
382.7325 	EXP 	line3: autoDraw = False
382.7325 	EXP 	line4: autoDraw = False
382.7325 	EXP 	probe: autoDraw = False
382.7325 	EXP 	fixation: autoDraw = True
382.8371 	EXP 	Device response: <KeyPress from None: t=382.70798662399466, value=x, duration=0.12042858300264925>
383.7185 	EXP 	line1: autoDraw = True
383.7185 	EXP 	line2: autoDraw = True
383.7185 	EXP 	line3: autoDraw = True
383.7185 	EXP 	line4: autoDraw = True
383.7248 	EXP 	fixation: autoDraw = False
384.7188 	INFO 	Keyboard events cleared
384.7186 	EXP 	probe: autoDraw = True
385.4864 	EXP 	Device response: <KeyPress from None: t=385.47797558200546, value=v, duration=None>
385.4869 	EXP 	New trial (rep=15, index=56): <Trial 56 (56 in rep 15) data={'pos': np.int64(50), 'corr_resp': 'c ', 'thisN': 56, 'thisTrialN': 56, 'thisRepN': 15}>
385.4936 	DATA 	Keypress: v
385.4986 	EXP 	fixation: autoDraw = False
385.4986 	EXP 	line1: autoDraw = False
385.4986 	EXP 	line2: autoDraw = False
385.4986 	EXP 	line3: autoDraw = False
385.4986 	EXP 	line4: autoDraw = False
385.4986 	EXP 	probe: autoDraw = False
385.4986 	EXP 	fixation: autoDraw = True
385.6087 	EXP 	Device response: <KeyPress from None: t=385.47797558200546, value=v, duration=0.12432091699156445>
386.4852 	EXP 	line1: autoDraw = True
386.4852 	EXP 	line2: autoDraw = True
386.4852 	EXP 	line3: autoDraw = True
386.4852 	EXP 	line4: autoDraw = True
386.4917 	EXP 	fixation: autoDraw = False
387.4852 	INFO 	Keyboard events cleared
387.4851 	EXP 	probe: autoDraw = True
388.1925 	EXP 	Device response: <KeyPress from None: t=388.1878813319927, value=c, duration=None>
388.1929 	EXP 	New trial (rep=16, index=57): <Trial 57 (57 in rep 16) data={'pos': np.int64(50), 'corr_resp': 'c ', 'thisN': 57, 'thisTrialN': 57, 'thisRepN': 16}>
388.1993 	DATA 	Keypress: c
388.2043 	EXP 	fixation: autoDraw = False
388.2043 	EXP 	line1: autoDraw = False
388.2043 	EXP 	line2: autoDraw = False
388.2043 	EXP 	line3: autoDraw = False
388.2043 	EXP 	line4: autoDraw = False
388.2043 	EXP 	probe: autoDraw = False
388.2043 	EXP 	fixation: autoDraw = True
388.2888 	EXP 	Device response: <KeyPress from None: t=388.1878813319927, value=c, duration=0.09258075000252575>
389.1921 	EXP 	line1: autoDraw = True
389.1921 	EXP 	line2: autoDraw = True
389.1921 	EXP 	line3: autoDraw = True
389.1921 	EXP 	line4: autoDraw = True
389.2017 	EXP 	fixation: autoDraw = False
390.1924 	INFO 	Keyboard events cleared
390.1923 	EXP 	probe: autoDraw = True
390.7596 	EXP 	Device response: <KeyPress from None: t=390.75378391599224, value=c, duration=None>
390.7601 	EXP 	New trial (rep=17, index=58): <Trial 58 (58 in rep 17) data={'pos': np.int64(50), 'corr_resp': 'c ', 'thisN': 58, 'thisTrialN': 58, 'thisRepN': 17}>
390.7667 	DATA 	Keypress: c
390.7711 	EXP 	fixation: autoDraw = False
390.7711 	EXP 	line1: autoDraw = False
390.7711 	EXP 	line2: autoDraw = False
390.7711 	EXP 	line3: autoDraw = False
390.7711 	EXP 	line4: autoDraw = False
390.7711 	EXP 	probe: autoDraw = False
390.7711 	EXP 	fixation: autoDraw = True
390.8919 	EXP 	Device response: <KeyPress from None: t=390.75378391599224, value=c, duration=0.13625004100322258>
391.7587 	EXP 	line1: autoDraw = True
391.7587 	EXP 	line2: autoDraw = True
391.7587 	EXP 	line3: autoDraw = True
391.7587 	EXP 	line4: autoDraw = True
391.7687 	EXP 	fixation: autoDraw = False
392.7601 	INFO 	Keyboard events cleared
392.7599 	EXP 	probe: autoDraw = True
393.3198 	EXP 	Device response: <KeyPress from None: t=393.31073716600076, value=c, duration=None>
393.3203 	EXP 	New trial (rep=14, index=59): <Trial 59 (59 in rep 14) data={'pos': np.int64(-150), 'corr_resp': 'z', 'thisN': 59, 'thisTrialN': 59, 'thisRepN': 14}>
393.3272 	DATA 	Keypress: c
393.3320 	EXP 	fixation: autoDraw = False
393.3320 	EXP 	line1: autoDraw = False
393.3320 	EXP 	line2: autoDraw = False
393.3320 	EXP 	line3: autoDraw = False
393.3320 	EXP 	line4: autoDraw = False
393.3320 	EXP 	probe: autoDraw = False
393.3320 	EXP 	fixation: autoDraw = True
393.4421 	EXP 	Device response: <KeyPress from None: t=393.31073716600076, value=c, duration=0.12495391599077266>
394.3186 	EXP 	line1: autoDraw = True
394.3186 	EXP 	line2: autoDraw = True
394.3186 	EXP 	line3: autoDraw = True
394.3186 	EXP 	line4: autoDraw = True
394.3248 	EXP 	fixation: autoDraw = False
395.3187 	INFO 	Keyboard events cleared
395.3185 	EXP 	probe: autoDraw = True
395.8423 	EXP 	Device response: <KeyPress from None: t=395.8386755410029, value=z, duration=None>
395.8428 	EXP 	New trial (rep=15, index=60): <Trial 60 (60 in rep 15) data={'pos': np.int64(-150), 'corr_resp': 'z', 'thisN': 60, 'thisTrialN': 60, 'thisRepN': 15}>
395.8501 	DATA 	Keypress: z
395.8546 	EXP 	fixation: autoDraw = False
395.8546 	EXP 	line1: autoDraw = False
395.8546 	EXP 	line2: autoDraw = False
395.8546 	EXP 	line3: autoDraw = False
395.8546 	EXP 	line4: autoDraw = False
395.8546 	EXP 	probe: autoDraw = False
395.8546 	EXP 	fixation: autoDraw = True
395.9913 	EXP 	Device response: <KeyPress from None: t=395.8386755410029, value=z, duration=0.148353832992143>
396.8423 	EXP 	line1: autoDraw = True
396.8423 	EXP 	line2: autoDraw = True
396.8423 	EXP 	line3: autoDraw = True
396.8423 	EXP 	line4: autoDraw = True
396.8518 	EXP 	fixation: autoDraw = False
397.8418 	INFO 	Keyboard events cleared
397.8416 	EXP 	probe: autoDraw = True
398.3035 	EXP 	Device response: <KeyPress from None: t=398.29264170699753, value=z, duration=None>
398.3041 	EXP 	New trial (rep=18, index=61): <Trial 61 (61 in rep 18) data={'pos': np.int64(50), 'corr_resp': 'c ', 'thisN': 61, 'thisTrialN': 61, 'thisRepN': 18}>
398.3118 	DATA 	Keypress: z
398.3167 	EXP 	fixation: autoDraw = False
398.3167 	EXP 	line1: autoDraw = False
398.3167 	EXP 	line2: autoDraw = False
398.3167 	EXP 	line3: autoDraw = False
398.3167 	EXP 	line4: autoDraw = False
398.3167 	EXP 	probe: autoDraw = False
398.3167 	EXP 	fixation: autoDraw = True
398.4534 	EXP 	Device response: <KeyPress from None: t=398.29264170699753, value=z, duration=0.14819212499423884>
399.3018 	EXP 	line1: autoDraw = True
399.3018 	EXP 	line2: autoDraw = True
399.3018 	EXP 	line3: autoDraw = True
399.3018 	EXP 	line4: autoDraw = True
399.3076 	EXP 	fixation: autoDraw = False
400.3021 	INFO 	Keyboard events cleared
400.3019 	EXP 	probe: autoDraw = True
400.9698 	EXP 	Device response: <KeyPress from None: t=400.95844629099884, value=c, duration=None>
400.9702 	EXP 	New trial (rep=19, index=62): <Trial 62 (62 in rep 19) data={'pos': np.int64(50), 'corr_resp': 'c ', 'thisN': 62, 'thisTrialN': 62, 'thisRepN': 19}>
400.9773 	DATA 	Keypress: c
400.9825 	EXP 	fixation: autoDraw = False
400.9825 	EXP 	line1: autoDraw = False
400.9825 	EXP 	line2: autoDraw = False
400.9825 	EXP 	line3: autoDraw = False
400.9825 	EXP 	line4: autoDraw = False
400.9825 	EXP 	probe: autoDraw = False
400.9825 	EXP 	fixation: autoDraw = True
401.0592 	EXP 	Device response: <KeyPress from None: t=400.95844629099884, value=c, duration=0.09633983300591353>
401.9685 	EXP 	line1: autoDraw = True
401.9685 	EXP 	line2: autoDraw = True
401.9685 	EXP 	line3: autoDraw = True
401.9685 	EXP 	line4: autoDraw = True
401.9751 	EXP 	fixation: autoDraw = False
402.9688 	INFO 	Keyboard events cleared
402.9686 	EXP 	probe: autoDraw = True
403.6033 	EXP 	Device response: <KeyPress from None: t=403.5994863740052, value=c, duration=None>
403.6039 	EXP 	New trial (rep=16, index=63): <Trial 63 (63 in rep 16) data={'pos': np.int64(-150), 'corr_resp': 'z', 'thisN': 63, 'thisTrialN': 63, 'thisRepN': 16}>
403.6113 	DATA 	Keypress: c
403.6162 	EXP 	fixation: autoDraw = False
403.6162 	EXP 	line1: autoDraw = False
403.6162 	EXP 	line2: autoDraw = False
403.6162 	EXP 	line3: autoDraw = False
403.6162 	EXP 	line4: autoDraw = False
403.6162 	EXP 	probe: autoDraw = False
403.6162 	EXP 	fixation: autoDraw = True
403.7035 	EXP 	Device response: <KeyPress from None: t=403.5994863740052, value=c, duration=0.09229279198916629>
404.6020 	EXP 	line1: autoDraw = True
404.6020 	EXP 	line2: autoDraw = True
404.6020 	EXP 	line3: autoDraw = True
404.6020 	EXP 	line4: autoDraw = True
404.6086 	EXP 	fixation: autoDraw = False
405.6024 	INFO 	Keyboard events cleared
405.6022 	EXP 	probe: autoDraw = True
406.0863 	EXP 	Device response: <KeyPress from None: t=406.07943116599927, value=z, duration=None>
406.0868 	EXP 	New trial (rep=12, index=64): <Trial 64 (64 in rep 12) data={'pos': np.int64(150), 'corr_resp': 'v', 'thisN': 64, 'thisTrialN': 64, 'thisRepN': 12}>
406.0939 	DATA 	Keypress: z
406.0987 	EXP 	fixation: autoDraw = False
406.0987 	EXP 	line1: autoDraw = False
406.0987 	EXP 	line2: autoDraw = False
406.0987 	EXP 	line3: autoDraw = False
406.0987 	EXP 	line4: autoDraw = False
406.0987 	EXP 	probe: autoDraw = False
406.0987 	EXP 	fixation: autoDraw = True
406.2537 	EXP 	Device response: <KeyPress from None: t=406.07943116599927, value=z, duration=0.1642178329930175>
407.0851 	EXP 	line1: autoDraw = True
407.0851 	EXP 	line2: autoDraw = True
407.0851 	EXP 	line3: autoDraw = True
407.0851 	EXP 	line4: autoDraw = True
407.0913 	EXP 	fixation: autoDraw = False
408.0851 	INFO 	Keyboard events cleared
408.0849 	EXP 	probe: autoDraw = True
408.5862 	EXP 	Device response: <KeyPress from None: t=408.58428362400446, value=v, duration=None>
408.5866 	EXP 	New trial (rep=15, index=65): <Trial 65 (65 in rep 15) data={'pos': np.int64(-50), 'corr_resp': 'x', 'thisN': 65, 'thisTrialN': 65, 'thisRepN': 15}>
408.5938 	DATA 	Keypress: v
408.5988 	EXP 	fixation: autoDraw = False
408.5988 	EXP 	line1: autoDraw = False
408.5988 	EXP 	line2: autoDraw = False
408.5988 	EXP 	line3: autoDraw = False
408.5988 	EXP 	line4: autoDraw = False
408.5988 	EXP 	probe: autoDraw = False
408.5988 	EXP 	fixation: autoDraw = True
408.6864 	EXP 	Device response: <KeyPress from None: t=408.58428362400446, value=v, duration=0.10032349999528378>
409.5853 	EXP 	line1: autoDraw = True
409.5853 	EXP 	line2: autoDraw = True
409.5853 	EXP 	line3: autoDraw = True
409.5853 	EXP 	line4: autoDraw = True
409.5918 	EXP 	fixation: autoDraw = False
410.5851 	INFO 	Keyboard events cleared
410.5849 	EXP 	probe: autoDraw = True
411.1862 	EXP 	Device response: <KeyPress from None: t=411.18028929100547, value=x, duration=None>
411.1867 	EXP 	New trial (rep=20, index=66): <Trial 66 (66 in rep 20) data={'pos': np.int64(50), 'corr_resp': 'c ', 'thisN': 66, 'thisTrialN': 66, 'thisRepN': 20}>
411.1936 	DATA 	Keypress: x
411.1986 	EXP 	fixation: autoDraw = False
411.1986 	EXP 	line1: autoDraw = False
411.1986 	EXP 	line2: autoDraw = False
411.1986 	EXP 	line3: autoDraw = False
411.1986 	EXP 	line4: autoDraw = False
411.1986 	EXP 	probe: autoDraw = False
411.1986 	EXP 	fixation: autoDraw = True
411.3370 	EXP 	Device response: <KeyPress from None: t=411.18028929100547, value=x, duration=0.14421787500032224>
412.1851 	EXP 	line1: autoDraw = True
412.1851 	EXP 	line2: autoDraw = True
412.1851 	EXP 	line3: autoDraw = True
412.1851 	EXP 	line4: autoDraw = True
412.1912 	EXP 	fixation: autoDraw = False
413.1853 	INFO 	Keyboard events cleared
413.1852 	EXP 	probe: autoDraw = True
413.7594 	EXP 	Device response: <KeyPress from None: t=413.7570954989933, value=c, duration=None>
413.7599 	EXP 	New trial (rep=17, index=67): <Trial 67 (67 in rep 17) data={'pos': np.int64(-150), 'corr_resp': 'z', 'thisN': 67, 'thisTrialN': 67, 'thisRepN': 17}>
413.7660 	DATA 	Keypress: c
413.7707 	EXP 	fixation: autoDraw = False
413.7707 	EXP 	line1: autoDraw = False
413.7707 	EXP 	line2: autoDraw = False
413.7707 	EXP 	line3: autoDraw = False
413.7707 	EXP 	line4: autoDraw = False
413.7707 	EXP 	probe: autoDraw = False
413.7707 	EXP 	fixation: autoDraw = True
413.8870 	EXP 	Device response: <KeyPress from None: t=413.7570954989933, value=c, duration=0.12439625000115484>
414.7590 	EXP 	line1: autoDraw = True
414.7590 	EXP 	line2: autoDraw = True
414.7590 	EXP 	line3: autoDraw = True
414.7590 	EXP 	line4: autoDraw = True
414.7685 	EXP 	fixation: autoDraw = False
415.7588 	INFO 	Keyboard events cleared
415.7586 	EXP 	probe: autoDraw = True
416.3031 	EXP 	Device response: <KeyPress from None: t=416.2990748739976, value=z, duration=None>
416.3038 	EXP 	New trial (rep=13, index=68): <Trial 68 (68 in rep 13) data={'pos': np.int64(150), 'corr_resp': 'v', 'thisN': 68, 'thisTrialN': 68, 'thisRepN': 13}>
416.3098 	DATA 	Keypress: z
416.3144 	EXP 	fixation: autoDraw = False
416.3144 	EXP 	line1: autoDraw = False
416.3144 	EXP 	line2: autoDraw = False
416.3144 	EXP 	line3: autoDraw = False
416.3144 	EXP 	line4: autoDraw = False
416.3144 	EXP 	probe: autoDraw = False
416.3144 	EXP 	fixation: autoDraw = True
416.4536 	EXP 	Device response: <KeyPress from None: t=416.2990748739976, value=z, duration=0.14830495799833443>
417.3016 	EXP 	line1: autoDraw = True
417.3016 	EXP 	line2: autoDraw = True
417.3016 	EXP 	line3: autoDraw = True
417.3016 	EXP 	line4: autoDraw = True
417.3075 	EXP 	fixation: autoDraw = False
418.3020 	INFO 	Keyboard events cleared
418.3018 	EXP 	probe: autoDraw = True
418.8195 	EXP 	Device response: <KeyPress from None: t=418.8156167910056, value=v, duration=None>
418.8199 	EXP 	New trial (rep=14, index=69): <Trial 69 (69 in rep 14) data={'pos': np.int64(150), 'corr_resp': 'v', 'thisN': 69, 'thisTrialN': 69, 'thisRepN': 14}>
418.8261 	DATA 	Keypress: v
418.8308 	EXP 	fixation: autoDraw = False
418.8308 	EXP 	line1: autoDraw = False
418.8308 	EXP 	line2: autoDraw = False
418.8308 	EXP 	line3: autoDraw = False
418.8308 	EXP 	line4: autoDraw = False
418.8308 	EXP 	probe: autoDraw = False
418.8308 	EXP 	fixation: autoDraw = True
418.9252 	EXP 	Device response: <KeyPress from None: t=418.8156167910056, value=v, duration=0.10775666599511169>
419.8184 	EXP 	line1: autoDraw = True
419.8184 	EXP 	line2: autoDraw = True
419.8184 	EXP 	line3: autoDraw = True
419.8184 	EXP 	line4: autoDraw = True
419.8254 	EXP 	fixation: autoDraw = False
420.8185 	INFO 	Keyboard events cleared
420.8183 	EXP 	probe: autoDraw = True
421.2757 	EXP 	Device response: <KeyPress from None: t=421.27193008200265, value=v, duration=None>
421.2761 	EXP 	New trial (rep=18, index=70): <Trial 70 (70 in rep 18) data={'pos': np.int64(-150), 'corr_resp': 'z', 'thisN': 70, 'thisTrialN': 70, 'thisRepN': 18}>
421.2825 	DATA 	Keypress: v
421.2873 	EXP 	fixation: autoDraw = False
421.2873 	EXP 	line1: autoDraw = False
421.2873 	EXP 	line2: autoDraw = False
421.2873 	EXP 	line3: autoDraw = False
421.2873 	EXP 	line4: autoDraw = False
421.2873 	EXP 	probe: autoDraw = False
421.2873 	EXP 	fixation: autoDraw = True
421.3753 	EXP 	Device response: <KeyPress from None: t=421.27193008200265, value=v, duration=0.10025399998994544>
422.2753 	EXP 	line1: autoDraw = True
422.2753 	EXP 	line2: autoDraw = True
422.2753 	EXP 	line3: autoDraw = True
422.2753 	EXP 	line4: autoDraw = True
422.2849 	EXP 	fixation: autoDraw = False
423.2751 	INFO 	Keyboard events cleared
423.2750 	EXP 	probe: autoDraw = True
423.7923 	EXP 	Device response: <KeyPress from None: t=423.7857653319952, value=z, duration=None>
423.7928 	EXP 	New trial (rep=16, index=71): <Trial 71 (71 in rep 16) data={'pos': np.int64(-50), 'corr_resp': 'x', 'thisN': 71, 'thisTrialN': 71, 'thisRepN': 16}>
423.7987 	DATA 	Keypress: z
423.8039 	EXP 	fixation: autoDraw = False
423.8039 	EXP 	line1: autoDraw = False
423.8039 	EXP 	line2: autoDraw = False
423.8039 	EXP 	line3: autoDraw = False
423.8039 	EXP 	line4: autoDraw = False
423.8039 	EXP 	probe: autoDraw = False
423.8039 	EXP 	fixation: autoDraw = True
424.0202 	EXP 	Device response: <KeyPress from None: t=423.7857653319952, value=z, duration=0.2284852090087952>
424.7925 	EXP 	line1: autoDraw = True
424.7925 	EXP 	line2: autoDraw = True
424.7925 	EXP 	line3: autoDraw = True
424.7925 	EXP 	line4: autoDraw = True
424.8017 	EXP 	fixation: autoDraw = False
425.7922 	INFO 	Keyboard events cleared
425.7920 	EXP 	probe: autoDraw = True
426.3259 	EXP 	Device response: <KeyPress from None: t=426.32276224899397, value=x, duration=None>
426.3264 	EXP 	New trial (rep=21, index=72): <Trial 72 (72 in rep 21) data={'pos': np.int64(50), 'corr_resp': 'c ', 'thisN': 72, 'thisTrialN': 72, 'thisRepN': 21}>
426.3324 	DATA 	Keypress: x
426.3374 	EXP 	fixation: autoDraw = False
426.3374 	EXP 	line1: autoDraw = False
426.3374 	EXP 	line2: autoDraw = False
426.3374 	EXP 	line3: autoDraw = False
426.3374 	EXP 	line4: autoDraw = False
426.3374 	EXP 	probe: autoDraw = False
426.3374 	EXP 	fixation: autoDraw = True
426.4409 	EXP 	Device response: <KeyPress from None: t=426.32276224899397, value=x, duration=0.11631704200408421>
427.3250 	EXP 	line1: autoDraw = True
427.3250 	EXP 	line2: autoDraw = True
427.3250 	EXP 	line3: autoDraw = True
427.3250 	EXP 	line4: autoDraw = True
427.3350 	EXP 	fixation: autoDraw = False
428.3259 	INFO 	Keyboard events cleared
428.3257 	EXP 	probe: autoDraw = True
429.1597 	EXP 	Device response: <KeyPress from None: t=429.1557013739948, value=c, duration=None>
429.1603 	EXP 	New trial (rep=22, index=73): <Trial 73 (73 in rep 22) data={'pos': np.int64(50), 'corr_resp': 'c ', 'thisN': 73, 'thisTrialN': 73, 'thisRepN': 22}>
429.1676 	DATA 	Keypress: c
429.1717 	EXP 	fixation: autoDraw = False
429.1717 	EXP 	line1: autoDraw = False
429.1717 	EXP 	line2: autoDraw = False
429.1717 	EXP 	line3: autoDraw = False
429.1717 	EXP 	line4: autoDraw = False
429.1717 	EXP 	probe: autoDraw = False
429.1717 	EXP 	fixation: autoDraw = True
429.3036 	EXP 	Device response: <KeyPress from None: t=429.1557013739948, value=c, duration=0.13631245800934266>
430.1585 	EXP 	line1: autoDraw = True
430.1585 	EXP 	line2: autoDraw = True
430.1585 	EXP 	line3: autoDraw = True
430.1585 	EXP 	line4: autoDraw = True
430.1683 	EXP 	fixation: autoDraw = False
431.1588 	INFO 	Keyboard events cleared
431.1586 	EXP 	probe: autoDraw = True
431.7696 	EXP 	Device response: <KeyPress from None: t=431.7586608739948, value=c, duration=None>
431.7700 	EXP 	New trial (rep=15, index=74): <Trial 74 (74 in rep 15) data={'pos': np.int64(150), 'corr_resp': 'v', 'thisN': 74, 'thisTrialN': 74, 'thisRepN': 15}>
431.7770 	DATA 	Keypress: c
431.7819 	EXP 	fixation: autoDraw = False
431.7819 	EXP 	line1: autoDraw = False
431.7819 	EXP 	line2: autoDraw = False
431.7819 	EXP 	line3: autoDraw = False
431.7819 	EXP 	line4: autoDraw = False
431.7819 	EXP 	probe: autoDraw = False
431.7819 	EXP 	fixation: autoDraw = True
431.9201 	EXP 	Device response: <KeyPress from None: t=431.7586608739948, value=c, duration=0.1522341670060996>
432.7685 	EXP 	line1: autoDraw = True
432.7685 	EXP 	line2: autoDraw = True
432.7685 	EXP 	line3: autoDraw = True
432.7685 	EXP 	line4: autoDraw = True
432.7754 	EXP 	fixation: autoDraw = False
433.7686 	INFO 	Keyboard events cleared
433.7683 	EXP 	probe: autoDraw = True
434.3199 	EXP 	Device response: <KeyPress from None: t=434.317594291002, value=v, duration=None>
434.3205 	EXP 	New trial (rep=19, index=75): <Trial 75 (75 in rep 19) data={'pos': np.int64(-150), 'corr_resp': 'z', 'thisN': 75, 'thisTrialN': 75, 'thisRepN': 19}>
434.3273 	DATA 	Keypress: v
434.3323 	EXP 	fixation: autoDraw = False
434.3323 	EXP 	line1: autoDraw = False
434.3323 	EXP 	line2: autoDraw = False
434.3323 	EXP 	line3: autoDraw = False
434.3323 	EXP 	line4: autoDraw = False
434.3323 	EXP 	probe: autoDraw = False
434.3323 	EXP 	fixation: autoDraw = True
434.4087 	EXP 	Device response: <KeyPress from None: t=434.317594291002, value=v, duration=0.08892862500215415>
435.3183 	EXP 	line1: autoDraw = True
435.3183 	EXP 	line2: autoDraw = True
435.3183 	EXP 	line3: autoDraw = True
435.3183 	EXP 	line4: autoDraw = True
435.3245 	EXP 	fixation: autoDraw = False
436.3184 	INFO 	Keyboard events cleared
436.3182 	EXP 	probe: autoDraw = True
436.7256 	EXP 	Device response: <KeyPress from None: t=436.72051195699896, value=z, duration=None>
436.7260 	EXP 	New trial (rep=16, index=76): <Trial 76 (76 in rep 16) data={'pos': np.int64(150), 'corr_resp': 'v', 'thisN': 76, 'thisTrialN': 76, 'thisRepN': 16}>
436.7333 	DATA 	Keypress: z
436.7375 	EXP 	fixation: autoDraw = False
436.7375 	EXP 	line1: autoDraw = False
436.7375 	EXP 	line2: autoDraw = False
436.7375 	EXP 	line3: autoDraw = False
436.7375 	EXP 	line4: autoDraw = False
436.7375 	EXP 	probe: autoDraw = False
436.7375 	EXP 	fixation: autoDraw = True
436.8752 	EXP 	Device response: <KeyPress from None: t=436.72051195699896, value=z, duration=0.15235916699748486>
437.7256 	EXP 	line1: autoDraw = True
437.7256 	EXP 	line2: autoDraw = True
437.7256 	EXP 	line3: autoDraw = True
437.7256 	EXP 	line4: autoDraw = True
437.7350 	EXP 	fixation: autoDraw = False
438.7186 	INFO 	Keyboard events cleared
438.7184 	EXP 	probe: autoDraw = True
439.2425 	EXP 	Device response: <KeyPress from None: t=439.23524116599583, value=v, duration=None>
439.2429 	EXP 	New trial (rep=17, index=77): <Trial 77 (77 in rep 17) data={'pos': np.int64(150), 'corr_resp': 'v', 'thisN': 77, 'thisTrialN': 77, 'thisRepN': 17}>
439.2491 	DATA 	Keypress: v
439.2541 	EXP 	fixation: autoDraw = False
439.2541 	EXP 	line1: autoDraw = False
439.2541 	EXP 	line2: autoDraw = False
439.2541 	EXP 	line3: autoDraw = False
439.2541 	EXP 	line4: autoDraw = False
439.2541 	EXP 	probe: autoDraw = False
439.2541 	EXP 	fixation: autoDraw = True
439.3544 	EXP 	Device response: <KeyPress from None: t=439.23524116599583, value=v, duration=0.11243875000218395>
440.2426 	EXP 	line1: autoDraw = True
440.2426 	EXP 	line2: autoDraw = True
440.2426 	EXP 	line3: autoDraw = True
440.2426 	EXP 	line4: autoDraw = True
440.2505 	EXP 	fixation: autoDraw = False
441.2423 	INFO 	Keyboard events cleared
441.2421 	EXP 	probe: autoDraw = True
441.7194 	EXP 	Device response: <KeyPress from None: t=441.7114225819969, value=v, duration=None>
441.7199 	EXP 	New trial (rep=17, index=78): <Trial 78 (78 in rep 17) data={'pos': np.int64(-50), 'corr_resp': 'x', 'thisN': 78, 'thisTrialN': 78, 'thisRepN': 17}>
441.7266 	DATA 	Keypress: v
441.7316 	EXP 	fixation: autoDraw = False
441.7316 	EXP 	line1: autoDraw = False
441.7316 	EXP 	line2: autoDraw = False
441.7316 	EXP 	line3: autoDraw = False
441.7316 	EXP 	line4: autoDraw = False
441.7316 	EXP 	probe: autoDraw = False
441.7316 	EXP 	fixation: autoDraw = True
441.8028 	EXP 	Device response: <KeyPress from None: t=441.7114225819969, value=v, duration=0.0842360840033507>
442.7185 	EXP 	line1: autoDraw = True
442.7185 	EXP 	line2: autoDraw = True
442.7185 	EXP 	line3: autoDraw = True
442.7185 	EXP 	line4: autoDraw = True
442.7250 	EXP 	fixation: autoDraw = False
443.7186 	INFO 	Keyboard events cleared
443.7184 	EXP 	probe: autoDraw = True
444.3093 	EXP 	Device response: <KeyPress from None: t=444.3073338739923, value=x, duration=None>
444.3097 	EXP 	New trial (rep=20, index=79): <Trial 79 (79 in rep 20) data={'pos': np.int64(-150), 'corr_resp': 'z', 'thisN': 79, 'thisTrialN': 79, 'thisRepN': 20}>
444.3162 	DATA 	Keypress: x
444.3207 	EXP 	fixation: autoDraw = False
444.3207 	EXP 	line1: autoDraw = False
444.3207 	EXP 	line2: autoDraw = False
444.3207 	EXP 	line3: autoDraw = False
444.3207 	EXP 	line4: autoDraw = False
444.3207 	EXP 	probe: autoDraw = False
444.3207 	EXP 	fixation: autoDraw = True
444.4583 	EXP 	Device response: <KeyPress from None: t=444.3073338739923, value=x, duration=0.14810762500565033>
445.3091 	EXP 	line1: autoDraw = True
445.3091 	EXP 	line2: autoDraw = True
445.3091 	EXP 	line3: autoDraw = True
445.3091 	EXP 	line4: autoDraw = True
445.3175 	EXP 	fixation: autoDraw = False
446.3077 	INFO 	Keyboard events cleared
446.3074 	EXP 	probe: autoDraw = True
446.8362 	EXP 	Device response: <KeyPress from None: t=446.8331824159977, value=z, duration=None>
446.8366 	EXP 	New trial (rep=18, index=80): <Trial 80 (80 in rep 18) data={'pos': np.int64(-50), 'corr_resp': 'x', 'thisN': 80, 'thisTrialN': 80, 'thisRepN': 18}>
446.8441 	DATA 	Keypress: z
446.8490 	EXP 	fixation: autoDraw = False
446.8490 	EXP 	line1: autoDraw = False
446.8490 	EXP 	line2: autoDraw = False
446.8490 	EXP 	line3: autoDraw = False
446.8490 	EXP 	line4: autoDraw = False
446.8490 	EXP 	probe: autoDraw = False
446.8490 	EXP 	fixation: autoDraw = True
446.9754 	EXP 	Device response: <KeyPress from None: t=446.8331824159977, value=z, duration=0.14029875000414904>
447.8355 	EXP 	line1: autoDraw = True
447.8355 	EXP 	line2: autoDraw = True
447.8355 	EXP 	line3: autoDraw = True
447.8355 	EXP 	line4: autoDraw = True
447.8421 	EXP 	fixation: autoDraw = False
448.8351 	INFO 	Keyboard events cleared
448.8349 	EXP 	probe: autoDraw = True
449.6195 	EXP 	Device response: <KeyPress from None: t=449.61211699899286, value=x, duration=None>
449.6200 	EXP 	New trial (rep=21, index=81): <Trial 81 (81 in rep 21) data={'pos': np.int64(-150), 'corr_resp': 'z', 'thisN': 81, 'thisTrialN': 81, 'thisRepN': 21}>
449.6268 	DATA 	Keypress: x
449.6318 	EXP 	fixation: autoDraw = False
449.6318 	EXP 	line1: autoDraw = False
449.6318 	EXP 	line2: autoDraw = False
449.6318 	EXP 	line3: autoDraw = False
449.6318 	EXP 	line4: autoDraw = False
449.6318 	EXP 	probe: autoDraw = False
449.6318 	EXP 	fixation: autoDraw = True
449.7702 	EXP 	Device response: <KeyPress from None: t=449.61211699899286, value=x, duration=0.15230887501093093>
450.6183 	EXP 	line1: autoDraw = True
450.6183 	EXP 	line2: autoDraw = True
450.6183 	EXP 	line3: autoDraw = True
450.6183 	EXP 	line4: autoDraw = True
450.6250 	EXP 	fixation: autoDraw = False
451.6184 	INFO 	Keyboard events cleared
451.6183 	EXP 	probe: autoDraw = True
452.1197 	EXP 	Device response: <KeyPress from None: t=452.10494866600493, value=z, duration=None>
452.1201 	EXP 	New trial (rep=23, index=82): <Trial 82 (82 in rep 23) data={'pos': np.int64(50), 'corr_resp': 'c ', 'thisN': 82, 'thisTrialN': 82, 'thisRepN': 23}>
452.1259 	DATA 	Keypress: z
452.1304 	EXP 	fixation: autoDraw = False
452.1304 	EXP 	line1: autoDraw = False
452.1304 	EXP 	line2: autoDraw = False
452.1304 	EXP 	line3: autoDraw = False
452.1304 	EXP 	line4: autoDraw = False
452.1304 	EXP 	probe: autoDraw = False
452.1304 	EXP 	fixation: autoDraw = True
452.2587 	EXP 	Device response: <KeyPress from None: t=452.10494866600493, value=z, duration=0.14844720799010247>
453.1184 	EXP 	line1: autoDraw = True
453.1184 	EXP 	line2: autoDraw = True
453.1184 	EXP 	line3: autoDraw = True
453.1184 	EXP 	line4: autoDraw = True
453.1252 	EXP 	fixation: autoDraw = False
454.1181 	INFO 	Keyboard events cleared
454.1179 	EXP 	probe: autoDraw = True
454.7919 	EXP 	Device response: <KeyPress from None: t=454.78997512400383, value=c, duration=None>
454.7923 	EXP 	New trial (rep=19, index=83): <Trial 83 (83 in rep 19) data={'pos': np.int64(-50), 'corr_resp': 'x', 'thisN': 83, 'thisTrialN': 83, 'thisRepN': 19}>
454.7989 	DATA 	Keypress: c
454.8040 	EXP 	fixation: autoDraw = False
454.8040 	EXP 	line1: autoDraw = False
454.8040 	EXP 	line2: autoDraw = False
454.8040 	EXP 	line3: autoDraw = False
454.8040 	EXP 	line4: autoDraw = False
454.8040 	EXP 	probe: autoDraw = False
454.8040 	EXP 	fixation: autoDraw = True
454.8869 	EXP 	Device response: <KeyPress from None: t=454.78997512400383, value=c, duration=0.08834054198814556>
455.7920 	EXP 	line1: autoDraw = True
455.7920 	EXP 	line2: autoDraw = True
455.7920 	EXP 	line3: autoDraw = True
455.7920 	EXP 	line4: autoDraw = True
455.8016 	EXP 	fixation: autoDraw = False
456.7960 	INFO 	Keyboard events cleared
456.7958 	EXP 	probe: autoDraw = True
457.4364 	EXP 	Device response: <KeyPress from None: t=457.42975699900126, value=x, duration=None>
457.4371 	EXP 	New trial (rep=18, index=84): <Trial 84 (84 in rep 18) data={'pos': np.int64(150), 'corr_resp': 'v', 'thisN': 84, 'thisTrialN': 84, 'thisRepN': 18}>
457.4439 	DATA 	Keypress: x
457.4487 	EXP 	fixation: autoDraw = False
457.4487 	EXP 	line1: autoDraw = False
457.4487 	EXP 	line2: autoDraw = False
457.4487 	EXP 	line3: autoDraw = False
457.4487 	EXP 	line4: autoDraw = False
457.4487 	EXP 	probe: autoDraw = False
457.4487 	EXP 	fixation: autoDraw = True
457.5702 	EXP 	Device response: <KeyPress from None: t=457.42975699900126, value=x, duration=0.12834587499673944>
458.4350 	EXP 	line1: autoDraw = True
458.4350 	EXP 	line2: autoDraw = True
458.4350 	EXP 	line3: autoDraw = True
458.4350 	EXP 	line4: autoDraw = True
458.4418 	EXP 	fixation: autoDraw = False
459.4354 	INFO 	Keyboard events cleared
459.4352 	EXP 	probe: autoDraw = True
459.9027 	EXP 	Device response: <KeyPress from None: t=459.8938103739929, value=v, duration=None>
459.9032 	EXP 	New trial (rep=19, index=85): <Trial 85 (85 in rep 19) data={'pos': np.int64(150), 'corr_resp': 'v', 'thisN': 85, 'thisTrialN': 85, 'thisRepN': 19}>
459.9098 	DATA 	Keypress: v
459.9148 	EXP 	fixation: autoDraw = False
459.9148 	EXP 	line1: autoDraw = False
459.9148 	EXP 	line2: autoDraw = False
459.9148 	EXP 	line3: autoDraw = False
459.9148 	EXP 	line4: autoDraw = False
459.9148 	EXP 	probe: autoDraw = False
459.9148 	EXP 	fixation: autoDraw = True
460.0029 	EXP 	Device response: <KeyPress from None: t=459.8938103739929, value=v, duration=0.10037091700360179>
460.9011 	EXP 	line1: autoDraw = True
460.9011 	EXP 	line2: autoDraw = True
460.9011 	EXP 	line3: autoDraw = True
460.9011 	EXP 	line4: autoDraw = True
460.9068 	EXP 	fixation: autoDraw = False
461.9018 	INFO 	Keyboard events cleared
461.9016 	EXP 	probe: autoDraw = True
462.4698 	EXP 	Device response: <KeyPress from None: t=462.4587646239961, value=v, duration=None>
462.4704 	EXP 	New trial (rep=20, index=86): <Trial 86 (86 in rep 20) data={'pos': np.int64(-50), 'corr_resp': 'x', 'thisN': 86, 'thisTrialN': 86, 'thisRepN': 20}>
462.4777 	DATA 	Keypress: v
462.4827 	EXP 	fixation: autoDraw = False
462.4827 	EXP 	line1: autoDraw = False
462.4827 	EXP 	line2: autoDraw = False
462.4827 	EXP 	line3: autoDraw = False
462.4827 	EXP 	line4: autoDraw = False
462.4827 	EXP 	probe: autoDraw = False
462.4827 	EXP 	fixation: autoDraw = True
462.5751 	EXP 	Device response: <KeyPress from None: t=462.4587646239961, value=v, duration=0.11228641700290609>
463.4684 	EXP 	line1: autoDraw = True
463.4684 	EXP 	line2: autoDraw = True
463.4684 	EXP 	line3: autoDraw = True
463.4684 	EXP 	line4: autoDraw = True
463.4755 	EXP 	fixation: autoDraw = False
464.4687 	INFO 	Keyboard events cleared
464.4684 	EXP 	probe: autoDraw = True
465.0196 	EXP 	Device response: <KeyPress from None: t=465.0125912490039, value=x, duration=None>
465.0202 	EXP 	New trial (rep=21, index=87): <Trial 87 (87 in rep 21) data={'pos': np.int64(-50), 'corr_resp': 'x', 'thisN': 87, 'thisTrialN': 87, 'thisRepN': 21}>
465.0275 	DATA 	Keypress: x
465.0325 	EXP 	fixation: autoDraw = False
465.0325 	EXP 	line1: autoDraw = False
465.0325 	EXP 	line2: autoDraw = False
465.0325 	EXP 	line3: autoDraw = False
465.0325 	EXP 	line4: autoDraw = False
465.0325 	EXP 	probe: autoDraw = False
465.0325 	EXP 	fixation: autoDraw = True
465.1532 	EXP 	Device response: <KeyPress from None: t=465.0125912490039, value=x, duration=0.1363734999904409>
466.0183 	EXP 	line1: autoDraw = True
466.0183 	EXP 	line2: autoDraw = True
466.0183 	EXP 	line3: autoDraw = True
466.0183 	EXP 	line4: autoDraw = True
466.0251 	EXP 	fixation: autoDraw = False
467.0180 	INFO 	Keyboard events cleared
467.0178 	EXP 	probe: autoDraw = True
467.5077 	EXP 	Device response: <KeyPress from None: t=467.50257362399134, value=x, duration=None>
467.5099 	EXP 	New trial (rep=22, index=88): <Trial 88 (88 in rep 22) data={'pos': np.int64(-150), 'corr_resp': 'z', 'thisN': 88, 'thisTrialN': 88, 'thisRepN': 22}>
467.5149 	DATA 	Keypress: x
467.5197 	EXP 	fixation: autoDraw = False
467.5197 	EXP 	line1: autoDraw = False
467.5197 	EXP 	line2: autoDraw = False
467.5197 	EXP 	line3: autoDraw = False
467.5197 	EXP 	line4: autoDraw = False
467.5197 	EXP 	probe: autoDraw = False
467.5197 	EXP 	fixation: autoDraw = True
467.6184 	EXP 	Device response: <KeyPress from None: t=467.50257362399134, value=x, duration=0.10833841700514313>
468.5089 	EXP 	line1: autoDraw = True
468.5089 	EXP 	line2: autoDraw = True
468.5089 	EXP 	line3: autoDraw = True
468.5089 	EXP 	line4: autoDraw = True
468.5182 	EXP 	fixation: autoDraw = False
469.5092 	INFO 	Keyboard events cleared
469.5090 	EXP 	probe: autoDraw = True
470.0253 	EXP 	Device response: <KeyPress from None: t=470.01951291599835, value=z, duration=None>
470.0259 	EXP 	New trial (rep=23, index=89): <Trial 89 (89 in rep 23) data={'pos': np.int64(-150), 'corr_resp': 'z', 'thisN': 89, 'thisTrialN': 89, 'thisRepN': 23}>
470.0323 	DATA 	Keypress: z
470.0372 	EXP 	fixation: autoDraw = False
470.0372 	EXP 	line1: autoDraw = False
470.0372 	EXP 	line2: autoDraw = False
470.0372 	EXP 	line3: autoDraw = False
470.0372 	EXP 	line4: autoDraw = False
470.0372 	EXP 	probe: autoDraw = False
470.0372 	EXP 	fixation: autoDraw = True
470.1700 	EXP 	Device response: <KeyPress from None: t=470.01951291599835, value=z, duration=0.14834574999986216>
471.0253 	EXP 	line1: autoDraw = True
471.0253 	EXP 	line2: autoDraw = True
471.0253 	EXP 	line3: autoDraw = True
471.0253 	EXP 	line4: autoDraw = True
471.0348 	EXP 	fixation: autoDraw = False
472.0253 	INFO 	Keyboard events cleared
472.0251 	EXP 	probe: autoDraw = True
472.5696 	EXP 	Device response: <KeyPress from None: t=472.5584165820037, value=z, duration=None>
472.5702 	EXP 	New trial (rep=24, index=90): <Trial 90 (90 in rep 24) data={'pos': np.int64(50), 'corr_resp': 'c ', 'thisN': 90, 'thisTrialN': 90, 'thisRepN': 24}>
472.5772 	DATA 	Keypress: z
472.5821 	EXP 	fixation: autoDraw = False
472.5821 	EXP 	line1: autoDraw = False
472.5821 	EXP 	line2: autoDraw = False
472.5821 	EXP 	line3: autoDraw = False
472.5821 	EXP 	line4: autoDraw = False
472.5821 	EXP 	probe: autoDraw = False
472.5821 	EXP 	fixation: autoDraw = True
472.7035 	EXP 	Device response: <KeyPress from None: t=472.5584165820037, value=z, duration=0.1322599589911988>
473.5682 	EXP 	line1: autoDraw = True
473.5682 	EXP 	line2: autoDraw = True
473.5682 	EXP 	line3: autoDraw = True
473.5682 	EXP 	line4: autoDraw = True
473.5752 	EXP 	fixation: autoDraw = False
474.5686 	INFO 	Keyboard events cleared
474.5683 	EXP 	probe: autoDraw = True
475.4694 	EXP 	Device response: <KeyPress from None: t=475.4633890410041, value=c, duration=None>
475.4699 	EXP 	New trial (rep=20, index=91): <Trial 91 (91 in rep 20) data={'pos': np.int64(150), 'corr_resp': 'v', 'thisN': 91, 'thisTrialN': 91, 'thisRepN': 20}>
475.4771 	DATA 	Keypress: c
475.4821 	EXP 	fixation: autoDraw = False
475.4821 	EXP 	line1: autoDraw = False
475.4821 	EXP 	line2: autoDraw = False
475.4821 	EXP 	line3: autoDraw = False
475.4821 	EXP 	line4: autoDraw = False
475.4821 	EXP 	probe: autoDraw = False
475.4821 	EXP 	fixation: autoDraw = True
475.5867 	EXP 	Device response: <KeyPress from None: t=475.4633890410041, value=c, duration=0.1121853749937145>
476.4681 	EXP 	line1: autoDraw = True
476.4681 	EXP 	line2: autoDraw = True
476.4681 	EXP 	line3: autoDraw = True
476.4681 	EXP 	line4: autoDraw = True
476.4737 	EXP 	fixation: autoDraw = False
477.4683 	INFO 	Keyboard events cleared
477.4681 	EXP 	probe: autoDraw = True
478.1197 	EXP 	Device response: <KeyPress from None: t=478.1103225410043, value=v, duration=None>
478.1203 	EXP 	New trial (rep=21, index=92): <Trial 92 (92 in rep 21) data={'pos': np.int64(150), 'corr_resp': 'v', 'thisN': 92, 'thisTrialN': 92, 'thisRepN': 21}>
478.1275 	DATA 	Keypress: v
478.1326 	EXP 	fixation: autoDraw = False
478.1326 	EXP 	line1: autoDraw = False
478.1326 	EXP 	line2: autoDraw = False
478.1326 	EXP 	line3: autoDraw = False
478.1326 	EXP 	line4: autoDraw = False
478.1326 	EXP 	probe: autoDraw = False
478.1326 	EXP 	fixation: autoDraw = True
478.2251 	EXP 	Device response: <KeyPress from None: t=478.1103225410043, value=v, duration=0.10830354099744>
479.1183 	EXP 	line1: autoDraw = True
479.1183 	EXP 	line2: autoDraw = True
479.1183 	EXP 	line3: autoDraw = True
479.1183 	EXP 	line4: autoDraw = True
479.1250 	EXP 	fixation: autoDraw = False
480.1184 	INFO 	Keyboard events cleared
480.1182 	EXP 	probe: autoDraw = True
480.5863 	EXP 	Device response: <KeyPress from None: t=480.57611174900376, value=v, duration=None>
480.5868 	EXP 	New trial (rep=22, index=93): <Trial 93 (93 in rep 22) data={'pos': np.int64(150), 'corr_resp': 'v', 'thisN': 93, 'thisTrialN': 93, 'thisRepN': 22}>
480.5928 	DATA 	Keypress: v
480.5976 	EXP 	fixation: autoDraw = False
480.5976 	EXP 	line1: autoDraw = False
480.5976 	EXP 	line2: autoDraw = False
480.5976 	EXP 	line3: autoDraw = False
480.5976 	EXP 	line4: autoDraw = False
480.5976 	EXP 	probe: autoDraw = False
480.5976 	EXP 	fixation: autoDraw = True
480.6695 	EXP 	Device response: <KeyPress from None: t=480.57611174900376, value=v, duration=0.08052683300047647>
481.5850 	EXP 	line1: autoDraw = True
481.5850 	EXP 	line2: autoDraw = True
481.5850 	EXP 	line3: autoDraw = True
481.5850 	EXP 	line4: autoDraw = True
481.5908 	EXP 	fixation: autoDraw = False
482.5848 	INFO 	Keyboard events cleared
482.5846 	EXP 	probe: autoDraw = True
483.0363 	EXP 	Device response: <KeyPress from None: t=483.02917274899664, value=v, duration=None>
483.0368 	EXP 	New trial (rep=22, index=94): <Trial 94 (94 in rep 22) data={'pos': np.int64(-50), 'corr_resp': 'x', 'thisN': 94, 'thisTrialN': 94, 'thisRepN': 22}>
483.0434 	DATA 	Keypress: v
483.0483 	EXP 	fixation: autoDraw = False
483.0483 	EXP 	line1: autoDraw = False
483.0483 	EXP 	line2: autoDraw = False
483.0483 	EXP 	line3: autoDraw = False
483.0483 	EXP 	line4: autoDraw = False
483.0483 	EXP 	probe: autoDraw = False
483.0483 	EXP 	fixation: autoDraw = True
483.1073 	EXP 	Device response: <KeyPress from None: t=483.02917274899664, value=v, duration=0.07624787499662489>
484.0348 	EXP 	line1: autoDraw = True
484.0348 	EXP 	line2: autoDraw = True
484.0348 	EXP 	line3: autoDraw = True
484.0348 	EXP 	line4: autoDraw = True
484.0410 	EXP 	fixation: autoDraw = False
485.0349 	INFO 	Keyboard events cleared
485.0347 	EXP 	probe: autoDraw = True
485.8195 	EXP 	Device response: <KeyPress from None: t=485.8180539570021, value=x, duration=None>
485.8201 	EXP 	New trial (rep=24, index=95): <Trial 95 (95 in rep 24) data={'pos': np.int64(-150), 'corr_resp': 'z', 'thisN': 95, 'thisTrialN': 95, 'thisRepN': 24}>
485.8272 	DATA 	Keypress: x
485.8322 	EXP 	fixation: autoDraw = False
485.8322 	EXP 	line1: autoDraw = False
485.8322 	EXP 	line2: autoDraw = False
485.8322 	EXP 	line3: autoDraw = False
485.8322 	EXP 	line4: autoDraw = False
485.8322 	EXP 	probe: autoDraw = False
485.8322 	EXP 	fixation: autoDraw = True
485.9698 	EXP 	Device response: <KeyPress from None: t=485.8180539570021, value=x, duration=0.14836704199842643>
486.8181 	EXP 	line1: autoDraw = True
486.8181 	EXP 	line2: autoDraw = True
486.8181 	EXP 	line3: autoDraw = True
486.8181 	EXP 	line4: autoDraw = True
486.8248 	EXP 	fixation: autoDraw = False
487.8186 	INFO 	Keyboard events cleared
487.8183 	EXP 	probe: autoDraw = True
488.2697 	EXP 	Device response: <KeyPress from None: t=488.2649879160017, value=z, duration=None>
488.2703 	EXP 	New trial (rep=23, index=96): <Trial 96 (96 in rep 23) data={'pos': np.int64(-50), 'corr_resp': 'x', 'thisN': 96, 'thisTrialN': 96, 'thisRepN': 23}>
488.2782 	DATA 	Keypress: z
488.2834 	EXP 	fixation: autoDraw = False
488.2834 	EXP 	line1: autoDraw = False
488.2834 	EXP 	line2: autoDraw = False
488.2834 	EXP 	line3: autoDraw = False
488.2834 	EXP 	line4: autoDraw = False
488.2834 	EXP 	probe: autoDraw = False
488.2834 	EXP 	fixation: autoDraw = True
488.4359 	EXP 	Device response: <KeyPress from None: t=488.2649879160017, value=z, duration=0.1643246659950819>
489.2679 	EXP 	line1: autoDraw = True
489.2679 	EXP 	line2: autoDraw = True
489.2679 	EXP 	line3: autoDraw = True
489.2679 	EXP 	line4: autoDraw = True
489.2747 	EXP 	fixation: autoDraw = False
490.2679 	INFO 	Keyboard events cleared
490.2677 	EXP 	probe: autoDraw = True
490.7863 	EXP 	Device response: <KeyPress from None: t=490.78293733199826, value=x, duration=None>
490.7870 	EXP 	New trial (rep=23, index=97): <Trial 97 (97 in rep 23) data={'pos': np.int64(150), 'corr_resp': 'v', 'thisN': 97, 'thisTrialN': 97, 'thisRepN': 23}>
490.7939 	DATA 	Keypress: x
490.7988 	EXP 	fixation: autoDraw = False
490.7988 	EXP 	line1: autoDraw = False
490.7988 	EXP 	line2: autoDraw = False
490.7988 	EXP 	line3: autoDraw = False
490.7988 	EXP 	line4: autoDraw = False
490.7988 	EXP 	probe: autoDraw = False
490.7988 	EXP 	fixation: autoDraw = True
490.9705 	EXP 	Device response: <KeyPress from None: t=490.78293733199826, value=x, duration=0.18433587500476278>
491.7847 	EXP 	line1: autoDraw = True
491.7847 	EXP 	line2: autoDraw = True
491.7847 	EXP 	line3: autoDraw = True
491.7847 	EXP 	line4: autoDraw = True
491.7908 	EXP 	fixation: autoDraw = False
492.7850 	INFO 	Keyboard events cleared
492.7849 	EXP 	probe: autoDraw = True
493.3360 	EXP 	Device response: <KeyPress from None: t=493.32684887399955, value=v, duration=None>
493.3365 	EXP 	New trial (rep=24, index=98): <Trial 98 (98 in rep 24) data={'pos': np.int64(-50), 'corr_resp': 'x', 'thisN': 98, 'thisTrialN': 98, 'thisRepN': 24}>
493.3434 	DATA 	Keypress: v
493.3483 	EXP 	fixation: autoDraw = False
493.3483 	EXP 	line1: autoDraw = False
493.3483 	EXP 	line2: autoDraw = False
493.3483 	EXP 	line3: autoDraw = False
493.3483 	EXP 	line4: autoDraw = False
493.3483 	EXP 	probe: autoDraw = False
493.3483 	EXP 	fixation: autoDraw = True
493.4248 	EXP 	Device response: <KeyPress from None: t=493.32684887399955, value=v, duration=0.09625195800617803>
494.3346 	EXP 	line1: autoDraw = True
494.3346 	EXP 	line2: autoDraw = True
494.3346 	EXP 	line3: autoDraw = True
494.3346 	EXP 	line4: autoDraw = True
494.3412 	EXP 	fixation: autoDraw = False
495.3350 	INFO 	Keyboard events cleared
495.3348 	EXP 	probe: autoDraw = True
495.9027 	EXP 	Device response: <KeyPress from None: t=495.8927510819922, value=x, duration=None>
495.9032 	EXP 	New trial (rep=24, index=99): <Trial 99 (99 in rep 24) data={'pos': np.int64(150), 'corr_resp': 'v', 'thisN': 99, 'thisTrialN': 99, 'thisRepN': 24}>
495.9098 	DATA 	Keypress: x
495.9147 	EXP 	fixation: autoDraw = False
495.9147 	EXP 	line1: autoDraw = False
495.9147 	EXP 	line2: autoDraw = False
495.9147 	EXP 	line3: autoDraw = False
495.9147 	EXP 	line4: autoDraw = False
495.9147 	EXP 	probe: autoDraw = False
495.9147 	EXP 	fixation: autoDraw = True
496.0251 	EXP 	Device response: <KeyPress from None: t=495.8927510819922, value=x, duration=0.12830037499952596>
496.9015 	EXP 	line1: autoDraw = True
496.9015 	EXP 	line2: autoDraw = True
496.9015 	EXP 	line3: autoDraw = True
496.9015 	EXP 	line4: autoDraw = True
496.9078 	EXP 	fixation: autoDraw = False
497.9013 	INFO 	Keyboard events cleared
497.9011 	EXP 	probe: autoDraw = True
498.5356 	EXP 	Device response: <KeyPress from None: t=498.5326902490051, value=v, duration=None>
498.5407 	EXP 	fixation: autoDraw = False
498.5407 	EXP 	line1: autoDraw = False
498.5407 	EXP 	line2: autoDraw = False
498.5407 	EXP 	line3: autoDraw = False
498.5407 	EXP 	line4: autoDraw = False
498.5407 	EXP 	probe: autoDraw = False
498.5410 	EXP 	Motor Sequence Learning: status = STOPPED
498.6070 	INFO 	saved data to '/Users/tiaragajjar/Desktop/lab/EXP5  Motor sequence /data/2_Motor Sequence Learning_2025-10-02_13h37.06.607.csv'
498.6120 	INFO 	saved data to /Users/tiaragajjar/Desktop/lab/EXP5  Motor sequence /data/2_Motor Sequence Learning_2025-10-02_13h37.06.607.psydat
498.6150 	DATA 	Keypress: v
499.3647 	WARNING 	Stopping key buffers but this could be dangerous ifother keyboards rely on the same.
499.3657 	WARNING 	Stopping key buffers but this could be dangerous ifother keyboards rely on the same.
