35.1949 	WARNING 	Font Manager failed to load file /System/Library/PrivateFrameworks/FontServices.framework/Resources/Reserved/PingFangUI.ttc
35.4398 	WARNING 	Font Manager failed to load file /System/Library/PrivateFrameworks/FontServices.framework/Resources/Reserved/PingFangUI.ttc
73.2509 	INFO 	Loaded monitor calibration from ['2025_08_07 12:17']
73.3009 	WARNING 	User requested fullscreen with size [1024  768], but screen is actually [1440, 900]. Using actual size
73.7216 	INFO 	Using renderer 'Apple M2' for graphics
73.7216 	INFO 	OpenGL version supported by driver is 2..
73.8043 	EXP 	Created window1 = Window(allowGUI=False, allowStencil=False, autoLog=True, backendConf=UNKNOWN, backgroundFit=<method-wrapper '__getattribute__' of attributeSetter object at 0x1545b57e0>, backgroundImage=<method-wrapper '__getattribute__' of attributeSetter object at 0x1545b5780>, bitsMode=UNKNOWN, blendMode='avg', bpc=(8, 8, 8), color=array([0, 0, 0]), colorSpace='rgb', depthBits=8, fullscr=True, gamma=None, gammaErrorPolicy='raise', infoMsg=UNKNOWN, lms=UNKNOWN, monitor=<psychopy.monitors.calibTools.Monitor object at 0x154688c10>, multiSample=False, name='window1', numSamples=2, pos=[np.float64(0.0), np.float64(0.0)], screen=0, size=array([2880, 1800]), stencilBits=0, stereo=False, title='PsychoPy', units='height', useFBO=True, useRetina=True, viewOri=0.0, viewPos=None, viewScale=None, waitBlanking=True, winType='pyglet')
73.8046 	EXP 	window1: backgroundImage = ''
73.8046 	EXP 	window1: backgroundFit = 'none'
74.3667 	EXP 	window1: Attempting to measure frame rate of screen (0) ...
74.3667 	EXP 	window1: recordFrameIntervals = False
74.9210 	EXP 	window1: recordFrameIntervals = True
75.7545 	WARNING 	Couldn't measure a consistent frame rate!
  - Is your graphics card set to sync to vertical blank?
  - Are you running other processes on your computer?

78.1960 	INFO 	keyboard.Keyboard is using ptb backend.
78.6535 	INFO 	keyboard.Keyboard is using ptb backend.
78.6536 	EXP 	Motor Sequence Learning: status = STARTED
78.6631 	EXP 	Created fixation = ShapeStim(__class__=<class 'psychopy.visual.shape.ShapeStim'>, anchor=('center', 'center'), autoDraw=False, autoLog=True, closeShape=True, color=method-wrapper(...), colorSpace='rgb', contrast=None, depth=0.0, draggable=False, fillColor=array([1, 1, 1]), fillColorSpace='rgb', fillRGB=array([1, 1, 1]), interpolate=True, lineColor=array([1., 1., 1.]), lineColorSpace='rgb', lineRGB=array([1, 1, 1]), lineWidth=1.0, name='fixation', opacity=1, ori=0.0, pos=array([0., 0.]), size=array([10., 10.]), units='pix', vertices=ndarray(...), win=Window(...), windingRule=None)
78.6644 	EXP 	Created line1 = Rect(__class__=<class 'psychopy.visual.rect.Rect'>, anchor=('center', 'center'), autoDraw=False, autoLog=True, closeShape=True, color=method-wrapper(...), colorSpace='rgb', contrast=None, depth=-1.0, draggable=False, fillColor=array([1, 1, 1]), fillColorSpace='rgb', fillRGB=array([1, 1, 1]), interpolate=True, lineColor=array([1., 1., 1.]), lineColorSpace='rgb', lineRGB=array([1, 1, 1]), lineWidth=1.0, name='line1', opacity=1, ori=90.0, pos=array([-150.,    0.]), size=array([100.,  10.]), units='pix', vertices=ndarray(...), win=Window(...))
78.6655 	EXP 	Created line2 = Rect(__class__=<class 'psychopy.visual.rect.Rect'>, anchor=('center', 'center'), autoDraw=False, autoLog=True, closeShape=True, color=method-wrapper(...), colorSpace='rgb', contrast=None, depth=-2.0, draggable=False, fillColor=array([1, 1, 1]), fillColorSpace='rgb', fillRGB=array([1, 1, 1]), interpolate=True, lineColor=array([1., 1., 1.]), lineColorSpace='rgb', lineRGB=array([1, 1, 1]), lineWidth=1.0, name='line2', opacity=1, ori=90.0, pos=array([-50.,   0.]), size=array([100.,  10.]), units='pix', vertices=ndarray(...), win=Window(...))
78.6665 	EXP 	Created line3 = Rect(__class__=<class 'psychopy.visual.rect.Rect'>, anchor=('center', 'center'), autoDraw=False, autoLog=True, closeShape=True, color=method-wrapper(...), colorSpace='rgb', contrast=None, depth=-3.0, draggable=False, fillColor=array([1, 1, 1]), fillColorSpace='rgb', fillRGB=array([1, 1, 1]), interpolate=True, lineColor=array([1., 1., 1.]), lineColorSpace='rgb', lineRGB=array([1, 1, 1]), lineWidth=1.0, name='line3', opacity=1, ori=90.0, pos=array([50.,  0.]), size=array([100.,  10.]), units='pix', vertices=ndarray(...), win=Window(...))
78.6675 	EXP 	Created line4 = Rect(__class__=<class 'psychopy.visual.rect.Rect'>, anchor=('center', 'center'), autoDraw=False, autoLog=True, closeShape=True, color=method-wrapper(...), colorSpace='rgb', contrast=None, depth=-4.0, draggable=False, fillColor=array([1, 1, 1]), fillColorSpace='rgb', fillRGB=array([1, 1, 1]), interpolate=True, lineColor=array([1., 1., 1.]), lineColorSpace='rgb', lineRGB=array([1, 1, 1]), lineWidth=1.0, name='line4', opacity=1, ori=90.0, pos=array([150.,   0.]), size=array([100.,  10.]), units='pix', vertices=ndarray(...), win=Window(...))
78.6693 	EXP 	Created probe = ShapeStim(__class__=<class 'psychopy.visual.shape.ShapeStim'>, anchor=('center', 'center'), autoDraw=False, autoLog=True, closeShape=True, color=method-wrapper(...), colorSpace='rgb', contrast=None, depth=-5.0, draggable=False, fillColor=array([1, 1, 1]), fillColorSpace='rgb', fillRGB=array([1, 1, 1]), interpolate=True, lineColor=array([1., 1., 1.]), lineColorSpace='rgb', lineRGB=array([1, 1, 1]), lineWidth=1.0, name='probe', opacity=1, ori=0.0, pos=array([0., 0.]), size=array([10., 10.]), units='pix', vertices=ndarray(...), win=Window(...), windingRule=None)
78.6712 	EXP 	Created fixation = ShapeStim(__class__=<class 'psychopy.visual.shape.ShapeStim'>, anchor=('center', 'center'), autoDraw=False, autoLog=True, closeShape=True, color=method-wrapper(...), colorSpace='rgb', contrast=None, depth=0.0, draggable=False, fillColor=array([1, 1, 1]), fillColorSpace='rgb', fillRGB=array([1, 1, 1]), interpolate=True, lineColor=array([1., 1., 1.]), lineColorSpace='rgb', lineRGB=array([1, 1, 1]), lineWidth=1.0, name='fixation', opacity=1, ori=0.0, pos=array([0., 0.]), size=array([10., 10.]), units='pix', vertices=ndarray(...), win=Window(...), windingRule=None)
78.6737 	EXP 	Created line1 = Rect(__class__=<class 'psychopy.visual.rect.Rect'>, anchor=('center', 'center'), autoDraw=False, autoLog=True, closeShape=True, color=method-wrapper(...), colorSpace='rgb', contrast=None, depth=-1.0, draggable=False, fillColor=array([1, 1, 1]), fillColorSpace='rgb', fillRGB=array([1, 1, 1]), interpolate=True, lineColor=array([1., 1., 1.]), lineColorSpace='rgb', lineRGB=array([1, 1, 1]), lineWidth=1.0, name='line1', opacity=1, ori=90.0, pos=array([-150.,    0.]), size=array([100.,  10.]), units='pix', vertices=ndarray(...), win=Window(...))
78.6747 	EXP 	Created line2 = Rect(__class__=<class 'psychopy.visual.rect.Rect'>, anchor=('center', 'center'), autoDraw=False, autoLog=True, closeShape=True, color=method-wrapper(...), colorSpace='rgb', contrast=None, depth=-2.0, draggable=False, fillColor=array([1, 1, 1]), fillColorSpace='rgb', fillRGB=array([1, 1, 1]), interpolate=True, lineColor=array([1., 1., 1.]), lineColorSpace='rgb', lineRGB=array([1, 1, 1]), lineWidth=1.0, name='line2', opacity=1, ori=90.0, pos=array([-50.,   0.]), size=array([100.,  10.]), units='pix', vertices=ndarray(...), win=Window(...))
78.6757 	EXP 	Created line3 = Rect(__class__=<class 'psychopy.visual.rect.Rect'>, anchor=('center', 'center'), autoDraw=False, autoLog=True, closeShape=True, color=method-wrapper(...), colorSpace='rgb', contrast=None, depth=-3.0, draggable=False, fillColor=array([1, 1, 1]), fillColorSpace='rgb', fillRGB=array([1, 1, 1]), interpolate=True, lineColor=array([1., 1., 1.]), lineColorSpace='rgb', lineRGB=array([1, 1, 1]), lineWidth=1.0, name='line3', opacity=1, ori=90.0, pos=array([50.,  0.]), size=array([100.,  10.]), units='pix', vertices=ndarray(...), win=Window(...))
78.6768 	EXP 	Created line4 = Rect(__class__=<class 'psychopy.visual.rect.Rect'>, anchor=('center', 'center'), autoDraw=False, autoLog=True, closeShape=True, color=method-wrapper(...), colorSpace='rgb', contrast=None, depth=-4.0, draggable=False, fillColor=array([1, 1, 1]), fillColorSpace='rgb', fillRGB=array([1, 1, 1]), interpolate=True, lineColor=array([1., 1., 1.]), lineColorSpace='rgb', lineRGB=array([1, 1, 1]), lineWidth=1.0, name='line4', opacity=1, ori=90.0, pos=array([150.,   0.]), size=array([100.,  10.]), units='pix', vertices=ndarray(...), win=Window(...))
78.6782 	EXP 	Created probe = ShapeStim(__class__=<class 'psychopy.visual.shape.ShapeStim'>, anchor=('center', 'center'), autoDraw=False, autoLog=True, closeShape=True, color=method-wrapper(...), colorSpace='rgb', contrast=None, depth=-5.0, draggable=False, fillColor=array([1, 1, 1]), fillColorSpace='rgb', fillRGB=array([1, 1, 1]), interpolate=True, lineColor=array([1., 1., 1.]), lineColorSpace='rgb', lineRGB=array([1, 1, 1]), lineWidth=1.0, name='probe', opacity=1, ori=0.0, pos=array([0., 0.]), size=array([10., 10.]), units='pix', vertices=ndarray(...), win=Window(...), windingRule=None)
0.0443 	EXP 	Imported /Users/tiaragajjar/Downloads/EXP 4 - Sheet1.csv as conditions, 4 conditions, 2 params
0.0494 	EXP 	New trial (rep=0, index=0): <Trial 0 (0 in rep 0) data={'pos': np.int64(-50), 'corr_resp': 'x', 'thisN': 0, 'thisTrialN': 0, 'thisRepN': 0}>
0.0576 	WARNING 	t of last frame was 48.37ms (=1/20)
0.0576 	EXP 	fixation: autoDraw = True
1.0153 	WARNING 	t of last frame was 22.88ms (=1/43)
1.0153 	EXP 	line1: autoDraw = True
1.0153 	EXP 	line2: autoDraw = True
1.0153 	EXP 	line3: autoDraw = True
1.0153 	EXP 	line4: autoDraw = True
1.0465 	EXP 	fixation: autoDraw = False
2.0024 	INFO 	Keyboard events cleared
2.0021 	EXP 	probe: autoDraw = True
2.2380 	WARNING 	t of last frame was 21.87ms (=1/45)
2.5471 	DATA 	Keypress: x
2.5520 	WARNING 	t of last frame was 35.62ms (=1/28)
2.9571 	EXP 	Device response: <KeyPress from None: t=2.513706416997593, value=x, duration=None>
2.9574 	EXP 	Device response: <KeyPress from None: t=2.513706416997593, value=x, duration=0.1903997920016991>
2.9576 	EXP 	New trial (rep=0, index=1): <Trial 1 (1 in rep 0) data={'pos': np.int64(150), 'corr_resp': 'v', 'thisN': 1, 'thisTrialN': 1, 'thisRepN': 0}>
2.9625 	WARNING 	Multiple dropped frames have occurred - I'll stop bothering you about them!
2.9625 	EXP 	fixation: autoDraw = False
2.9625 	EXP 	line1: autoDraw = False
2.9625 	EXP 	line2: autoDraw = False
2.9625 	EXP 	line3: autoDraw = False
2.9625 	EXP 	line4: autoDraw = False
2.9625 	EXP 	probe: autoDraw = False
2.9625 	EXP 	fixation: autoDraw = True
3.9490 	EXP 	line1: autoDraw = True
3.9490 	EXP 	line2: autoDraw = True
3.9490 	EXP 	line3: autoDraw = True
3.9490 	EXP 	line4: autoDraw = True
3.9605 	EXP 	fixation: autoDraw = False
4.9513 	INFO 	Keyboard events cleared
4.9511 	EXP 	probe: autoDraw = True
5.3849 	EXP 	Device response: <KeyPress from None: t=5.378764959008549, value=v, duration=None>
5.3854 	EXP 	New trial (rep=0, index=2): <Trial 2 (2 in rep 0) data={'pos': np.int64(50), 'corr_resp': 'c ', 'thisN': 2, 'thisTrialN': 2, 'thisRepN': 0}>
5.3943 	DATA 	Keypress: v
5.3986 	EXP 	fixation: autoDraw = False
5.3986 	EXP 	line1: autoDraw = False
5.3986 	EXP 	line2: autoDraw = False
5.3986 	EXP 	line3: autoDraw = False
5.3986 	EXP 	line4: autoDraw = False
5.3986 	EXP 	probe: autoDraw = False
5.3986 	EXP 	fixation: autoDraw = True
5.5617 	EXP 	Device response: <KeyPress from None: t=5.378764959008549, value=v, duration=0.17622074999962933>
6.3845 	EXP 	line1: autoDraw = True
6.3845 	EXP 	line2: autoDraw = True
6.3845 	EXP 	line3: autoDraw = True
6.3845 	EXP 	line4: autoDraw = True
6.3930 	EXP 	fixation: autoDraw = False
7.3848 	INFO 	Keyboard events cleared
7.3845 	EXP 	probe: autoDraw = True
7.7681 	EXP 	Device response: <KeyPress from None: t=7.763676041999133, value=c, duration=None>
7.7685 	EXP 	New trial (rep=0, index=3): <Trial 3 (3 in rep 0) data={'pos': np.int64(-150), 'corr_resp': 'z', 'thisN': 3, 'thisTrialN': 3, 'thisRepN': 0}>
7.7752 	DATA 	Keypress: c
7.7795 	EXP 	fixation: autoDraw = False
7.7795 	EXP 	line1: autoDraw = False
7.7795 	EXP 	line2: autoDraw = False
7.7795 	EXP 	line3: autoDraw = False
7.7795 	EXP 	line4: autoDraw = False
7.7795 	EXP 	probe: autoDraw = False
7.7795 	EXP 	fixation: autoDraw = True
7.9623 	EXP 	Device response: <KeyPress from None: t=7.763676041999133, value=c, duration=0.19628341699717566>
8.7682 	EXP 	line1: autoDraw = True
8.7682 	EXP 	line2: autoDraw = True
8.7682 	EXP 	line3: autoDraw = True
8.7682 	EXP 	line4: autoDraw = True
8.7758 	EXP 	fixation: autoDraw = False
9.7673 	INFO 	Keyboard events cleared
9.7671 	EXP 	probe: autoDraw = True
10.1508 	EXP 	Device response: <KeyPress from None: t=10.147667042008834, value=z, duration=None>
10.1512 	EXP 	New trial (rep=1, index=0): <Trial 4 (0 in rep 1) data={'pos': np.int64(-50), 'corr_resp': 'x', 'thisN': 4, 'thisTrialN': 0, 'thisRepN': 1}>
10.1574 	DATA 	Keypress: z
10.1628 	EXP 	fixation: autoDraw = False
10.1628 	EXP 	line1: autoDraw = False
10.1628 	EXP 	line2: autoDraw = False
10.1628 	EXP 	line3: autoDraw = False
10.1628 	EXP 	line4: autoDraw = False
10.1628 	EXP 	probe: autoDraw = False
10.1628 	EXP 	fixation: autoDraw = True
10.3450 	EXP 	Device response: <KeyPress from None: t=10.147667042008834, value=z, duration=0.18822649998764973>
11.1506 	EXP 	line1: autoDraw = True
11.1506 	EXP 	line2: autoDraw = True
11.1506 	EXP 	line3: autoDraw = True
11.1506 	EXP 	line4: autoDraw = True
11.1605 	EXP 	fixation: autoDraw = False
12.1513 	INFO 	Keyboard events cleared
12.1511 	EXP 	probe: autoDraw = True
12.4172 	EXP 	Device response: <KeyPress from None: t=12.412562416997389, value=x, duration=None>
12.4177 	EXP 	New trial (rep=1, index=1): <Trial 5 (1 in rep 1) data={'pos': np.int64(150), 'corr_resp': 'v', 'thisN': 5, 'thisTrialN': 1, 'thisRepN': 1}>
12.4241 	DATA 	Keypress: x
12.4291 	EXP 	fixation: autoDraw = False
12.4291 	EXP 	line1: autoDraw = False
12.4291 	EXP 	line2: autoDraw = False
12.4291 	EXP 	line3: autoDraw = False
12.4291 	EXP 	line4: autoDraw = False
12.4291 	EXP 	probe: autoDraw = False
12.4291 	EXP 	fixation: autoDraw = True
12.6341 	EXP 	Device response: <KeyPress from None: t=12.412562416997389, value=x, duration=0.2163852920057252>
13.4168 	EXP 	line1: autoDraw = True
13.4168 	EXP 	line2: autoDraw = True
13.4168 	EXP 	line3: autoDraw = True
13.4168 	EXP 	line4: autoDraw = True
13.4269 	EXP 	fixation: autoDraw = False
14.4179 	INFO 	Keyboard events cleared
14.4177 	EXP 	probe: autoDraw = True
14.7950 	EXP 	Device response: <KeyPress from None: t=14.788373000003048, value=v, duration=None>
14.7955 	EXP 	New trial (rep=1, index=2): <Trial 6 (2 in rep 1) data={'pos': np.int64(50), 'corr_resp': 'c ', 'thisN': 6, 'thisTrialN': 2, 'thisRepN': 1}>
14.8017 	DATA 	Keypress: v
14.8063 	EXP 	fixation: autoDraw = False
14.8063 	EXP 	line1: autoDraw = False
14.8063 	EXP 	line2: autoDraw = False
14.8063 	EXP 	line3: autoDraw = False
14.8063 	EXP 	line4: autoDraw = False
14.8063 	EXP 	probe: autoDraw = False
14.8063 	EXP 	fixation: autoDraw = True
15.0006 	EXP 	Device response: <KeyPress from None: t=14.788373000003048, value=v, duration=0.20843404199695215>
15.7938 	EXP 	line1: autoDraw = True
15.7938 	EXP 	line2: autoDraw = True
15.7938 	EXP 	line3: autoDraw = True
15.7938 	EXP 	line4: autoDraw = True
15.8005 	EXP 	fixation: autoDraw = False
16.7939 	INFO 	Keyboard events cleared
16.7937 	EXP 	probe: autoDraw = True
17.3618 	EXP 	Device response: <KeyPress from None: t=17.352708334001363, value=c, duration=None>
17.3624 	EXP 	New trial (rep=1, index=3): <Trial 7 (3 in rep 1) data={'pos': np.int64(-150), 'corr_resp': 'z', 'thisN': 7, 'thisTrialN': 3, 'thisRepN': 1}>
17.3692 	DATA 	Keypress: c
17.3738 	EXP 	fixation: autoDraw = False
17.3738 	EXP 	line1: autoDraw = False
17.3738 	EXP 	line2: autoDraw = False
17.3738 	EXP 	line3: autoDraw = False
17.3738 	EXP 	line4: autoDraw = False
17.3738 	EXP 	probe: autoDraw = False
17.3738 	EXP 	fixation: autoDraw = True
17.5505 	EXP 	Device response: <KeyPress from None: t=17.352708334001363, value=c, duration=0.1960705829988001>
18.3604 	EXP 	line1: autoDraw = True
18.3604 	EXP 	line2: autoDraw = True
18.3604 	EXP 	line3: autoDraw = True
18.3604 	EXP 	line4: autoDraw = True
18.3664 	EXP 	fixation: autoDraw = False
19.3599 	INFO 	Keyboard events cleared
19.3597 	EXP 	probe: autoDraw = True
19.8185 	EXP 	Device response: <KeyPress from None: t=19.817369374999544, value=z, duration=None>
19.8189 	EXP 	New trial (rep=2, index=0): <Trial 8 (0 in rep 2) data={'pos': np.int64(-50), 'corr_resp': 'x', 'thisN': 8, 'thisTrialN': 0, 'thisRepN': 2}>
19.8257 	EXP 	fixation: autoDraw = False
19.8257 	EXP 	line1: autoDraw = False
19.8257 	EXP 	line2: autoDraw = False
19.8257 	EXP 	line3: autoDraw = False
19.8257 	EXP 	line4: autoDraw = False
19.8257 	EXP 	probe: autoDraw = False
19.8257 	EXP 	fixation: autoDraw = True
19.8315 	DATA 	Keypress: z
19.9831 	EXP 	Device response: <KeyPress from None: t=19.817369374999544, value=z, duration=0.16430691700952593>
20.8177 	EXP 	fixation: autoDraw = False
20.8177 	EXP 	line1: autoDraw = True
20.8177 	EXP 	line2: autoDraw = True
20.8177 	EXP 	line3: autoDraw = True
20.8177 	EXP 	line4: autoDraw = True
21.8181 	INFO 	Keyboard events cleared
21.8178 	EXP 	probe: autoDraw = True
22.1453 	EXP 	Device response: <KeyPress from None: t=22.133402999999817, value=x, duration=None>
22.1460 	EXP 	New trial (rep=2, index=1): <Trial 9 (1 in rep 2) data={'pos': np.int64(150), 'corr_resp': 'v', 'thisN': 9, 'thisTrialN': 1, 'thisRepN': 2}>
22.1535 	DATA 	Keypress: x
22.1585 	EXP 	fixation: autoDraw = False
22.1585 	EXP 	line1: autoDraw = False
22.1585 	EXP 	line2: autoDraw = False
22.1585 	EXP 	line3: autoDraw = False
22.1585 	EXP 	line4: autoDraw = False
22.1585 	EXP 	probe: autoDraw = False
22.1585 	EXP 	fixation: autoDraw = True
22.3456 	EXP 	Device response: <KeyPress from None: t=22.133402999999817, value=x, duration=0.2042128339962801>
23.1438 	EXP 	line1: autoDraw = True
23.1438 	EXP 	line2: autoDraw = True
23.1438 	EXP 	line3: autoDraw = True
23.1438 	EXP 	line4: autoDraw = True
23.1504 	EXP 	fixation: autoDraw = False
24.1440 	INFO 	Keyboard events cleared
24.1437 	EXP 	probe: autoDraw = True
24.4454 	EXP 	Device response: <KeyPress from None: t=24.437142209004378, value=v, duration=None>
24.4460 	EXP 	New trial (rep=2, index=2): <Trial 10 (2 in rep 2) data={'pos': np.int64(50), 'corr_resp': 'c ', 'thisN': 10, 'thisTrialN': 2, 'thisRepN': 2}>
24.4531 	DATA 	Keypress: v
24.4581 	EXP 	fixation: autoDraw = False
24.4581 	EXP 	line1: autoDraw = False
24.4581 	EXP 	line2: autoDraw = False
24.4581 	EXP 	line3: autoDraw = False
24.4581 	EXP 	line4: autoDraw = False
24.4581 	EXP 	probe: autoDraw = False
24.4581 	EXP 	fixation: autoDraw = True
24.5837 	EXP 	Device response: <KeyPress from None: t=24.437142209004378, value=v, duration=0.14442774999770336>
25.4441 	EXP 	line1: autoDraw = True
25.4441 	EXP 	line2: autoDraw = True
25.4441 	EXP 	line3: autoDraw = True
25.4441 	EXP 	line4: autoDraw = True
25.4510 	EXP 	fixation: autoDraw = False
26.4439 	INFO 	Keyboard events cleared
26.4437 	EXP 	probe: autoDraw = True
26.8119 	EXP 	Device response: <KeyPress from None: t=26.80915625000489, value=c, duration=None>
26.8125 	EXP 	New trial (rep=2, index=3): <Trial 11 (3 in rep 2) data={'pos': np.int64(-150), 'corr_resp': 'z', 'thisN': 11, 'thisTrialN': 3, 'thisRepN': 2}>
26.8201 	DATA 	Keypress: c
26.8251 	EXP 	fixation: autoDraw = False
26.8251 	EXP 	line1: autoDraw = False
26.8251 	EXP 	line2: autoDraw = False
26.8251 	EXP 	line3: autoDraw = False
26.8251 	EXP 	line4: autoDraw = False
26.8251 	EXP 	probe: autoDraw = False
26.8251 	EXP 	fixation: autoDraw = True
26.9950 	EXP 	Device response: <KeyPress from None: t=26.80915625000489, value=c, duration=0.18023149999498855>
27.8103 	EXP 	line1: autoDraw = True
27.8103 	EXP 	line2: autoDraw = True
27.8103 	EXP 	line3: autoDraw = True
27.8103 	EXP 	line4: autoDraw = True
27.8163 	EXP 	fixation: autoDraw = False
28.8106 	INFO 	Keyboard events cleared
28.8103 	EXP 	probe: autoDraw = True
29.1779 	EXP 	Device response: <KeyPress from None: t=29.177042666997295, value=z, duration=None>
29.1833 	EXP 	New trial (rep=3, index=0): <Trial 12 (0 in rep 3) data={'pos': np.int64(-50), 'corr_resp': 'x', 'thisN': 12, 'thisTrialN': 0, 'thisRepN': 3}>
29.1886 	DATA 	Keypress: z
29.1932 	EXP 	fixation: autoDraw = False
29.1932 	EXP 	line1: autoDraw = False
29.1932 	EXP 	line2: autoDraw = False
29.1932 	EXP 	line3: autoDraw = False
29.1932 	EXP 	line4: autoDraw = False
29.1932 	EXP 	probe: autoDraw = False
29.1932 	EXP 	fixation: autoDraw = True
29.3459 	EXP 	Device response: <KeyPress from None: t=29.177042666997295, value=z, duration=0.16038295801263303>
30.1772 	EXP 	line1: autoDraw = True
30.1772 	EXP 	line2: autoDraw = True
30.1772 	EXP 	line3: autoDraw = True
30.1772 	EXP 	line4: autoDraw = True
30.1836 	EXP 	fixation: autoDraw = False
31.1772 	INFO 	Keyboard events cleared
31.1770 	EXP 	probe: autoDraw = True
31.5444 	EXP 	Device response: <KeyPress from None: t=31.5430445420061, value=x, duration=None>
31.5449 	EXP 	New trial (rep=3, index=1): <Trial 13 (1 in rep 3) data={'pos': np.int64(150), 'corr_resp': 'v', 'thisN': 13, 'thisTrialN': 1, 'thisRepN': 3}>
31.5516 	DATA 	Keypress: x
31.5564 	EXP 	fixation: autoDraw = False
31.5564 	EXP 	line1: autoDraw = False
31.5564 	EXP 	line2: autoDraw = False
31.5564 	EXP 	line3: autoDraw = False
31.5564 	EXP 	line4: autoDraw = False
31.5564 	EXP 	probe: autoDraw = False
31.5564 	EXP 	fixation: autoDraw = True
31.7346 	EXP 	Device response: <KeyPress from None: t=31.5430445420061, value=x, duration=0.18917833299201448>
32.5434 	EXP 	line1: autoDraw = True
32.5434 	EXP 	line2: autoDraw = True
32.5434 	EXP 	line3: autoDraw = True
32.5434 	EXP 	line4: autoDraw = True
32.5502 	EXP 	fixation: autoDraw = False
33.5438 	INFO 	Keyboard events cleared
33.5436 	EXP 	probe: autoDraw = True
33.8448 	EXP 	Device response: <KeyPress from None: t=33.835963167002774, value=v, duration=None>
33.8452 	EXP 	New trial (rep=3, index=2): <Trial 14 (2 in rep 3) data={'pos': np.int64(50), 'corr_resp': 'c ', 'thisN': 14, 'thisTrialN': 2, 'thisRepN': 3}>
33.8518 	DATA 	Keypress: v
33.8568 	EXP 	fixation: autoDraw = False
33.8568 	EXP 	line1: autoDraw = False
33.8568 	EXP 	line2: autoDraw = False
33.8568 	EXP 	line3: autoDraw = False
33.8568 	EXP 	line4: autoDraw = False
33.8568 	EXP 	probe: autoDraw = False
33.8568 	EXP 	fixation: autoDraw = True
33.9956 	EXP 	Device response: <KeyPress from None: t=33.835963167002774, value=v, duration=0.1522300000069663>
34.8438 	EXP 	line1: autoDraw = True
34.8438 	EXP 	line2: autoDraw = True
34.8438 	EXP 	line3: autoDraw = True
34.8438 	EXP 	line4: autoDraw = True
34.8506 	EXP 	fixation: autoDraw = False
35.8438 	INFO 	Keyboard events cleared
35.8437 	EXP 	probe: autoDraw = True
36.1006 	EXP 	Device response: <KeyPress from None: t=36.094808750000084, value=c, duration=None>
36.1010 	EXP 	New trial (rep=3, index=3): <Trial 15 (3 in rep 3) data={'pos': np.int64(-150), 'corr_resp': 'z', 'thisN': 15, 'thisTrialN': 3, 'thisRepN': 3}>
36.1077 	DATA 	Keypress: c
36.1126 	EXP 	fixation: autoDraw = False
36.1126 	EXP 	line1: autoDraw = False
36.1126 	EXP 	line2: autoDraw = False
36.1126 	EXP 	line3: autoDraw = False
36.1126 	EXP 	line4: autoDraw = False
36.1126 	EXP 	probe: autoDraw = False
36.1126 	EXP 	fixation: autoDraw = True
36.2619 	EXP 	Device response: <KeyPress from None: t=36.094808750000084, value=c, duration=0.16441670899803285>
37.1008 	EXP 	line1: autoDraw = True
37.1008 	EXP 	line2: autoDraw = True
37.1008 	EXP 	line3: autoDraw = True
37.1008 	EXP 	line4: autoDraw = True
37.1102 	EXP 	fixation: autoDraw = False
38.0938 	INFO 	Keyboard events cleared
38.0936 	EXP 	probe: autoDraw = True
38.4450 	EXP 	Device response: <KeyPress from None: t=38.44379874999868, value=z, duration=None>
38.4458 	EXP 	New trial (rep=4, index=0): <Trial 16 (0 in rep 4) data={'pos': np.int64(-50), 'corr_resp': 'x', 'thisN': 16, 'thisTrialN': 0, 'thisRepN': 4}>
38.4527 	DATA 	Keypress: z
38.4576 	EXP 	fixation: autoDraw = False
38.4576 	EXP 	line1: autoDraw = False
38.4576 	EXP 	line2: autoDraw = False
38.4576 	EXP 	line3: autoDraw = False
38.4576 	EXP 	line4: autoDraw = False
38.4576 	EXP 	probe: autoDraw = False
38.4576 	EXP 	fixation: autoDraw = True
38.6620 	EXP 	Device response: <KeyPress from None: t=38.44379874999868, value=z, duration=0.21232479200989474>
39.4436 	EXP 	line1: autoDraw = True
39.4436 	EXP 	line2: autoDraw = True
39.4436 	EXP 	line3: autoDraw = True
39.4436 	EXP 	line4: autoDraw = True
39.4498 	EXP 	fixation: autoDraw = False
40.4435 	INFO 	Keyboard events cleared
40.4435 	EXP 	probe: autoDraw = True
40.8675 	EXP 	Device response: <KeyPress from None: t=40.86171012499835, value=x, duration=None>
40.8680 	EXP 	New trial (rep=4, index=1): <Trial 17 (1 in rep 4) data={'pos': np.int64(150), 'corr_resp': 'v', 'thisN': 17, 'thisTrialN': 1, 'thisRepN': 4}>
40.8744 	DATA 	Keypress: x
40.8788 	EXP 	fixation: autoDraw = False
40.8788 	EXP 	line1: autoDraw = False
40.8788 	EXP 	line2: autoDraw = False
40.8788 	EXP 	line3: autoDraw = False
40.8788 	EXP 	line4: autoDraw = False
40.8788 	EXP 	probe: autoDraw = False
40.8788 	EXP 	fixation: autoDraw = True
41.0344 	EXP 	Device response: <KeyPress from None: t=40.86171012499835, value=x, duration=0.16833629200118594>
41.8674 	EXP 	line1: autoDraw = True
41.8674 	EXP 	line2: autoDraw = True
41.8674 	EXP 	line3: autoDraw = True
41.8674 	EXP 	line4: autoDraw = True
41.8892 	EXP 	fixation: autoDraw = False
42.8671 	INFO 	Keyboard events cleared
42.8669 	EXP 	probe: autoDraw = True
43.3948 	EXP 	Device response: <KeyPress from None: t=43.38597791700158, value=v, duration=None>
43.3953 	EXP 	New trial (rep=4, index=2): <Trial 18 (2 in rep 4) data={'pos': np.int64(50), 'corr_resp': 'c ', 'thisN': 18, 'thisTrialN': 2, 'thisRepN': 4}>
43.4020 	DATA 	Keypress: v
43.4069 	EXP 	fixation: autoDraw = False
43.4069 	EXP 	line1: autoDraw = False
43.4069 	EXP 	line2: autoDraw = False
43.4069 	EXP 	line3: autoDraw = False
43.4069 	EXP 	line4: autoDraw = False
43.4069 	EXP 	probe: autoDraw = False
43.4069 	EXP 	fixation: autoDraw = True
43.5673 	EXP 	Device response: <KeyPress from None: t=43.38597791700158, value=v, duration=0.17607033300737385>
44.3935 	EXP 	line1: autoDraw = True
44.3935 	EXP 	line2: autoDraw = True
44.3935 	EXP 	line3: autoDraw = True
44.3935 	EXP 	line4: autoDraw = True
44.3991 	EXP 	fixation: autoDraw = False
45.3937 	INFO 	Keyboard events cleared
45.3935 	EXP 	probe: autoDraw = True
45.8114 	EXP 	Device response: <KeyPress from None: t=45.80357033399923, value=c, duration=None>
45.8119 	EXP 	New trial (rep=4, index=3): <Trial 19 (3 in rep 4) data={'pos': np.int64(-150), 'corr_resp': 'z', 'thisN': 19, 'thisTrialN': 3, 'thisRepN': 4}>
45.8185 	DATA 	Keypress: c
45.8233 	EXP 	fixation: autoDraw = False
45.8233 	EXP 	line1: autoDraw = False
45.8233 	EXP 	line2: autoDraw = False
45.8233 	EXP 	line3: autoDraw = False
45.8233 	EXP 	line4: autoDraw = False
45.8233 	EXP 	probe: autoDraw = False
45.8233 	EXP 	fixation: autoDraw = True
45.9955 	EXP 	Device response: <KeyPress from None: t=45.80357033399923, value=c, duration=0.18836374999955297>
46.8102 	EXP 	line1: autoDraw = True
46.8102 	EXP 	line2: autoDraw = True
46.8102 	EXP 	line3: autoDraw = True
46.8102 	EXP 	line4: autoDraw = True
46.8168 	EXP 	fixation: autoDraw = False
47.8106 	INFO 	Keyboard events cleared
47.8104 	EXP 	probe: autoDraw = True
48.1616 	EXP 	Device response: <KeyPress from None: t=48.15358733400353, value=z, duration=None>
48.1621 	EXP 	New trial (rep=5, index=0): <Trial 20 (0 in rep 5) data={'pos': np.int64(-50), 'corr_resp': 'x', 'thisN': 20, 'thisTrialN': 0, 'thisRepN': 5}>
48.1693 	DATA 	Keypress: z
48.1743 	EXP 	fixation: autoDraw = False
48.1743 	EXP 	line1: autoDraw = False
48.1743 	EXP 	line2: autoDraw = False
48.1743 	EXP 	line3: autoDraw = False
48.1743 	EXP 	line4: autoDraw = False
48.1743 	EXP 	probe: autoDraw = False
48.1743 	EXP 	fixation: autoDraw = True
48.3457 	EXP 	Device response: <KeyPress from None: t=48.15358733400353, value=z, duration=0.18421504099387676>
49.1605 	EXP 	line1: autoDraw = True
49.1605 	EXP 	line2: autoDraw = True
49.1605 	EXP 	line3: autoDraw = True
49.1605 	EXP 	line4: autoDraw = True
49.1672 	EXP 	fixation: autoDraw = False
50.1597 	INFO 	Keyboard events cleared
50.1595 	EXP 	probe: autoDraw = True
50.4508 	EXP 	Device response: <KeyPress from None: t=50.44540287500422, value=x, duration=None>
50.4512 	EXP 	New trial (rep=5, index=1): <Trial 21 (1 in rep 5) data={'pos': np.int64(150), 'corr_resp': 'v', 'thisN': 21, 'thisTrialN': 1, 'thisRepN': 5}>
50.4566 	DATA 	Keypress: x
50.4623 	EXP 	fixation: autoDraw = False
50.4623 	EXP 	line1: autoDraw = False
50.4623 	EXP 	line2: autoDraw = False
50.4623 	EXP 	line3: autoDraw = False
50.4623 	EXP 	line4: autoDraw = False
50.4623 	EXP 	probe: autoDraw = False
50.4623 	EXP 	fixation: autoDraw = True
50.6169 	EXP 	Device response: <KeyPress from None: t=50.44540287500422, value=x, duration=0.16834487499727402>
51.4501 	EXP 	line1: autoDraw = True
51.4501 	EXP 	line2: autoDraw = True
51.4501 	EXP 	line3: autoDraw = True
51.4501 	EXP 	line4: autoDraw = True
51.4604 	EXP 	fixation: autoDraw = False
52.4510 	INFO 	Keyboard events cleared
52.4508 	EXP 	probe: autoDraw = True
52.4943 	EXP 	Device response: <KeyPress from None: t=52.48940412500815, value=v, duration=None>
52.4948 	EXP 	New trial (rep=5, index=2): <Trial 22 (2 in rep 5) data={'pos': np.int64(50), 'corr_resp': 'c ', 'thisN': 22, 'thisTrialN': 2, 'thisRepN': 5}>
52.4996 	DATA 	Keypress: v
52.5039 	EXP 	fixation: autoDraw = False
52.5039 	EXP 	line1: autoDraw = False
52.5039 	EXP 	line2: autoDraw = False
52.5039 	EXP 	line3: autoDraw = False
52.5039 	EXP 	line4: autoDraw = False
52.5039 	EXP 	probe: autoDraw = False
52.5039 	EXP 	fixation: autoDraw = True
52.6951 	EXP 	Device response: <KeyPress from None: t=52.48940412500815, value=v, duration=0.1922177090018522>
53.4846 	EXP 	line1: autoDraw = True
53.4846 	EXP 	line2: autoDraw = True
53.4846 	EXP 	line3: autoDraw = True
53.4846 	EXP 	line4: autoDraw = True
53.5001 	EXP 	fixation: autoDraw = False
54.4839 	INFO 	Keyboard events cleared
54.4837 	EXP 	probe: autoDraw = True
54.7013 	EXP 	Device response: <KeyPress from None: t=54.70027625000512, value=c, duration=None>
54.7079 	DATA 	Keypress: c
54.7135 	EXP 	New trial (rep=5, index=3): <Trial 23 (3 in rep 5) data={'pos': np.int64(-150), 'corr_resp': 'z', 'thisN': 23, 'thisTrialN': 3, 'thisRepN': 5}>
54.7269 	EXP 	fixation: autoDraw = False
54.7269 	EXP 	line1: autoDraw = False
54.7269 	EXP 	line2: autoDraw = False
54.7269 	EXP 	line3: autoDraw = False
54.7269 	EXP 	line4: autoDraw = False
54.7269 	EXP 	probe: autoDraw = False
54.7269 	EXP 	fixation: autoDraw = True
54.8952 	EXP 	Device response: <KeyPress from None: t=54.70027625000512, value=c, duration=0.18426195900246967>
55.7104 	EXP 	line1: autoDraw = True
55.7104 	EXP 	line2: autoDraw = True
55.7104 	EXP 	line3: autoDraw = True
55.7104 	EXP 	line4: autoDraw = True
55.7163 	EXP 	fixation: autoDraw = False
56.7105 	INFO 	Keyboard events cleared
56.7103 	EXP 	probe: autoDraw = True
57.0940 	EXP 	Device response: <KeyPress from None: t=57.0891841249977, value=z, duration=None>
57.0945 	EXP 	New trial (rep=6, index=0): <Trial 24 (0 in rep 6) data={'pos': np.int64(-50), 'corr_resp': 'x', 'thisN': 24, 'thisTrialN': 0, 'thisRepN': 6}>
57.1015 	DATA 	Keypress: z
57.1064 	EXP 	fixation: autoDraw = False
57.1064 	EXP 	line1: autoDraw = False
57.1064 	EXP 	line2: autoDraw = False
57.1064 	EXP 	line3: autoDraw = False
57.1064 	EXP 	line4: autoDraw = False
57.1064 	EXP 	probe: autoDraw = False
57.1064 	EXP 	fixation: autoDraw = True
57.2501 	EXP 	Device response: <KeyPress from None: t=57.0891841249977, value=z, duration=0.15646929200738668>
58.0845 	EXP 	line1: autoDraw = True
58.0845 	EXP 	line2: autoDraw = True
58.0845 	EXP 	line3: autoDraw = True
58.0845 	EXP 	line4: autoDraw = True
58.0984 	EXP 	fixation: autoDraw = False
59.0837 	INFO 	Keyboard events cleared
59.0834 	EXP 	probe: autoDraw = True
59.3842 	EXP 	Device response: <KeyPress from None: t=59.37921420900966, value=x, duration=None>
59.3846 	EXP 	New trial (rep=6, index=1): <Trial 25 (1 in rep 6) data={'pos': np.int64(150), 'corr_resp': 'v', 'thisN': 25, 'thisTrialN': 1, 'thisRepN': 6}>
59.3915 	DATA 	Keypress: x
59.3960 	EXP 	fixation: autoDraw = False
59.3960 	EXP 	line1: autoDraw = False
59.3960 	EXP 	line2: autoDraw = False
59.3960 	EXP 	line3: autoDraw = False
59.3960 	EXP 	line4: autoDraw = False
59.3960 	EXP 	probe: autoDraw = False
59.3960 	EXP 	fixation: autoDraw = True
59.5501 	EXP 	Device response: <KeyPress from None: t=59.37921420900966, value=x, duration=0.16835912498936523>
60.3830 	EXP 	line1: autoDraw = True
60.3830 	EXP 	line2: autoDraw = True
60.3830 	EXP 	line3: autoDraw = True
60.3830 	EXP 	line4: autoDraw = True
60.3938 	EXP 	fixation: autoDraw = False
61.3846 	INFO 	Keyboard events cleared
61.3844 	EXP 	probe: autoDraw = True
61.6503 	EXP 	Device response: <KeyPress from None: t=61.64918537500489, value=v, duration=None>
61.6508 	EXP 	New trial (rep=6, index=2): <Trial 26 (2 in rep 6) data={'pos': np.int64(50), 'corr_resp': 'c ', 'thisN': 26, 'thisTrialN': 2, 'thisRepN': 6}>
61.6572 	DATA 	Keypress: v
61.6624 	EXP 	fixation: autoDraw = False
61.6624 	EXP 	line1: autoDraw = False
61.6624 	EXP 	line2: autoDraw = False
61.6624 	EXP 	line3: autoDraw = False
61.6624 	EXP 	line4: autoDraw = False
61.6624 	EXP 	probe: autoDraw = False
61.6624 	EXP 	fixation: autoDraw = True
61.8289 	EXP 	Device response: <KeyPress from None: t=61.64918537500489, value=v, duration=0.17622195900185034>
62.6506 	EXP 	line1: autoDraw = True
62.6506 	EXP 	line2: autoDraw = True
62.6506 	EXP 	line3: autoDraw = True
62.6506 	EXP 	line4: autoDraw = True
62.6602 	EXP 	fixation: autoDraw = False
63.6437 	INFO 	Keyboard events cleared
63.6435 	EXP 	probe: autoDraw = True
64.2004 	EXP 	Device response: <KeyPress from None: t=64.19496079199598, value=c, duration=None>
64.2008 	EXP 	New trial (rep=6, index=3): <Trial 27 (3 in rep 6) data={'pos': np.int64(-150), 'corr_resp': 'z', 'thisN': 27, 'thisTrialN': 3, 'thisRepN': 6}>
64.2061 	DATA 	Keypress: c
64.2267 	EXP 	fixation: autoDraw = False
64.2267 	EXP 	line1: autoDraw = False
64.2267 	EXP 	line2: autoDraw = False
64.2267 	EXP 	line3: autoDraw = False
64.2267 	EXP 	line4: autoDraw = False
64.2267 	EXP 	probe: autoDraw = False
64.2267 	EXP 	fixation: autoDraw = True
64.3617 	EXP 	Device response: <KeyPress from None: t=64.19496079199598, value=c, duration=0.15641954200691544>
65.2003 	EXP 	line1: autoDraw = True
65.2003 	EXP 	line2: autoDraw = True
65.2003 	EXP 	line3: autoDraw = True
65.2003 	EXP 	line4: autoDraw = True
65.2163 	EXP 	fixation: autoDraw = False
66.2007 	INFO 	Keyboard events cleared
66.2005 	EXP 	probe: autoDraw = True
66.5206 	EXP 	Device response: <KeyPress from None: t=66.51093770899752, value=z, duration=None>
66.5210 	EXP 	New trial (rep=7, index=0): <Trial 28 (0 in rep 7) data={'pos': np.int64(-50), 'corr_resp': 'x', 'thisN': 28, 'thisTrialN': 0, 'thisRepN': 7}>
66.5271 	DATA 	Keypress: z
66.5309 	EXP 	fixation: autoDraw = False
66.5309 	EXP 	line1: autoDraw = False
66.5309 	EXP 	line2: autoDraw = False
66.5309 	EXP 	line3: autoDraw = False
66.5309 	EXP 	line4: autoDraw = False
66.5309 	EXP 	probe: autoDraw = False
66.5309 	EXP 	fixation: autoDraw = True
66.6613 	EXP 	Device response: <KeyPress from None: t=66.51093770899752, value=z, duration=0.14832200000819284>
67.5166 	EXP 	line1: autoDraw = True
67.5166 	EXP 	line2: autoDraw = True
67.5166 	EXP 	line3: autoDraw = True
67.5166 	EXP 	line4: autoDraw = True
67.5269 	EXP 	fixation: autoDraw = False
68.5176 	INFO 	Keyboard events cleared
68.5174 	EXP 	probe: autoDraw = True
68.7950 	EXP 	Device response: <KeyPress from None: t=68.78998345900618, value=x, duration=None>
68.7956 	EXP 	New trial (rep=7, index=1): <Trial 29 (1 in rep 7) data={'pos': np.int64(150), 'corr_resp': 'v', 'thisN': 29, 'thisTrialN': 1, 'thisRepN': 7}>
68.8030 	DATA 	Keypress: x
68.8082 	EXP 	fixation: autoDraw = False
68.8082 	EXP 	line1: autoDraw = False
68.8082 	EXP 	line2: autoDraw = False
68.8082 	EXP 	line3: autoDraw = False
68.8082 	EXP 	line4: autoDraw = False
68.8082 	EXP 	probe: autoDraw = False
68.8082 	EXP 	fixation: autoDraw = True
68.9619 	EXP 	Device response: <KeyPress from None: t=68.78998345900618, value=x, duration=0.1601748749963008>
69.7937 	EXP 	line1: autoDraw = True
69.7937 	EXP 	line2: autoDraw = True
69.7937 	EXP 	line3: autoDraw = True
69.7937 	EXP 	line4: autoDraw = True
69.8000 	EXP 	fixation: autoDraw = False
70.7936 	INFO 	Keyboard events cleared
70.7934 	EXP 	probe: autoDraw = True
71.0509 	EXP 	Device response: <KeyPress from None: t=71.04785241700301, value=v, duration=None>
71.0513 	EXP 	New trial (rep=7, index=2): <Trial 30 (2 in rep 7) data={'pos': np.int64(50), 'corr_resp': 'c ', 'thisN': 30, 'thisTrialN': 2, 'thisRepN': 7}>
71.0580 	DATA 	Keypress: v
71.0627 	EXP 	fixation: autoDraw = False
71.0627 	EXP 	line1: autoDraw = False
71.0627 	EXP 	line2: autoDraw = False
71.0627 	EXP 	line3: autoDraw = False
71.0627 	EXP 	line4: autoDraw = False
71.0627 	EXP 	probe: autoDraw = False
71.0627 	EXP 	fixation: autoDraw = True
71.2173 	EXP 	Device response: <KeyPress from None: t=71.04785241700301, value=v, duration=0.16836679200059734>
72.0511 	EXP 	line1: autoDraw = True
72.0511 	EXP 	line2: autoDraw = True
72.0511 	EXP 	line3: autoDraw = True
72.0511 	EXP 	line4: autoDraw = True
72.0594 	EXP 	fixation: autoDraw = False
73.0500 	INFO 	Keyboard events cleared
73.0498 	EXP 	probe: autoDraw = True
73.3172 	EXP 	Device response: <KeyPress from None: t=73.31378050000058, value=c, duration=None>
73.3177 	EXP 	New trial (rep=7, index=3): <Trial 31 (3 in rep 7) data={'pos': np.int64(-150), 'corr_resp': 'z', 'thisN': 31, 'thisTrialN': 3, 'thisRepN': 7}>
73.3241 	DATA 	Keypress: c
73.3293 	EXP 	fixation: autoDraw = False
73.3293 	EXP 	line1: autoDraw = False
73.3293 	EXP 	line2: autoDraw = False
73.3293 	EXP 	line3: autoDraw = False
73.3293 	EXP 	line4: autoDraw = False
73.3293 	EXP 	probe: autoDraw = False
73.3293 	EXP 	fixation: autoDraw = True
73.4783 	EXP 	Device response: <KeyPress from None: t=73.31378050000058, value=c, duration=0.1603595420019701>
74.3178 	EXP 	line1: autoDraw = True
74.3178 	EXP 	line2: autoDraw = True
74.3178 	EXP 	line3: autoDraw = True
74.3178 	EXP 	line4: autoDraw = True
74.3270 	EXP 	fixation: autoDraw = False
75.3174 	INFO 	Keyboard events cleared
75.3172 	EXP 	probe: autoDraw = True
75.6782 	EXP 	Device response: <KeyPress from None: t=75.67684062500484, value=z, duration=None>
75.6788 	EXP 	New trial (rep=8, index=0): <Trial 32 (0 in rep 8) data={'pos': np.int64(-50), 'corr_resp': 'x', 'thisN': 32, 'thisTrialN': 0, 'thisRepN': 8}>
75.6857 	DATA 	Keypress: z
75.6907 	EXP 	fixation: autoDraw = False
75.6907 	EXP 	line1: autoDraw = False
75.6907 	EXP 	line2: autoDraw = False
75.6907 	EXP 	line3: autoDraw = False
75.6907 	EXP 	line4: autoDraw = False
75.6907 	EXP 	probe: autoDraw = False
75.6907 	EXP 	fixation: autoDraw = True
75.8284 	EXP 	Device response: <KeyPress from None: t=75.67684062500484, value=z, duration=0.14013229199917987>
76.6769 	EXP 	line1: autoDraw = True
76.6769 	EXP 	line2: autoDraw = True
76.6769 	EXP 	line3: autoDraw = True
76.6769 	EXP 	line4: autoDraw = True
76.6830 	EXP 	fixation: autoDraw = False
77.6773 	INFO 	Keyboard events cleared
77.6771 	EXP 	probe: autoDraw = True
77.9281 	EXP 	Device response: <KeyPress from None: t=77.92332087500836, value=x, duration=None>
77.9286 	EXP 	New trial (rep=8, index=1): <Trial 33 (1 in rep 8) data={'pos': np.int64(150), 'corr_resp': 'v', 'thisN': 33, 'thisTrialN': 1, 'thisRepN': 8}>
77.9359 	DATA 	Keypress: x
77.9408 	EXP 	fixation: autoDraw = False
77.9408 	EXP 	line1: autoDraw = False
77.9408 	EXP 	line2: autoDraw = False
77.9408 	EXP 	line3: autoDraw = False
77.9408 	EXP 	line4: autoDraw = False
77.9408 	EXP 	probe: autoDraw = False
77.9408 	EXP 	fixation: autoDraw = True
78.0624 	EXP 	Device response: <KeyPress from None: t=77.92332087500836, value=x, duration=0.1275854589912342>
78.9267 	EXP 	line1: autoDraw = True
78.9267 	EXP 	line2: autoDraw = True
78.9267 	EXP 	line3: autoDraw = True
78.9267 	EXP 	line4: autoDraw = True
78.9338 	EXP 	fixation: autoDraw = False
79.9272 	INFO 	Keyboard events cleared
79.9270 	EXP 	probe: autoDraw = True
80.1947 	EXP 	Device response: <KeyPress from None: t=80.19061304201023, value=v, duration=None>
80.1952 	EXP 	New trial (rep=8, index=2): <Trial 34 (2 in rep 8) data={'pos': np.int64(50), 'corr_resp': 'c ', 'thisN': 34, 'thisTrialN': 2, 'thisRepN': 8}>
80.2020 	DATA 	Keypress: v
80.2069 	EXP 	fixation: autoDraw = False
80.2069 	EXP 	line1: autoDraw = False
80.2069 	EXP 	line2: autoDraw = False
80.2069 	EXP 	line3: autoDraw = False
80.2069 	EXP 	line4: autoDraw = False
80.2069 	EXP 	probe: autoDraw = False
80.2069 	EXP 	fixation: autoDraw = True
80.3491 	EXP 	Device response: <KeyPress from None: t=80.19061304201023, value=v, duration=0.15631933299300727>
81.1936 	EXP 	line1: autoDraw = True
81.1936 	EXP 	line2: autoDraw = True
81.1936 	EXP 	line3: autoDraw = True
81.1936 	EXP 	line4: autoDraw = True
81.2004 	EXP 	fixation: autoDraw = False
82.1938 	INFO 	Keyboard events cleared
82.1937 	EXP 	probe: autoDraw = True
82.5009 	EXP 	Device response: <KeyPress from None: t=82.49753212500946, value=c, duration=None>
82.5014 	EXP 	New trial (rep=8, index=3): <Trial 35 (3 in rep 8) data={'pos': np.int64(-150), 'corr_resp': 'z', 'thisN': 35, 'thisTrialN': 3, 'thisRepN': 8}>
82.5080 	DATA 	Keypress: c
82.5131 	EXP 	fixation: autoDraw = False
82.5131 	EXP 	line1: autoDraw = False
82.5131 	EXP 	line2: autoDraw = False
82.5131 	EXP 	line3: autoDraw = False
82.5131 	EXP 	line4: autoDraw = False
82.5131 	EXP 	probe: autoDraw = False
82.5131 	EXP 	fixation: autoDraw = True
82.6788 	EXP 	Device response: <KeyPress from None: t=82.49753212500946, value=c, duration=0.1725934169953689>
83.5006 	EXP 	line1: autoDraw = True
83.5006 	EXP 	line2: autoDraw = True
83.5006 	EXP 	line3: autoDraw = True
83.5006 	EXP 	line4: autoDraw = True
83.5103 	EXP 	fixation: autoDraw = False
84.5006 	INFO 	Keyboard events cleared
84.5003 	EXP 	probe: autoDraw = True
84.8113 	EXP 	Device response: <KeyPress from None: t=84.80850500000815, value=z, duration=None>
84.8117 	EXP 	New trial (rep=9, index=0): <Trial 36 (0 in rep 9) data={'pos': np.int64(-50), 'corr_resp': 'x', 'thisN': 36, 'thisTrialN': 0, 'thisRepN': 9}>
84.8197 	DATA 	Keypress: z
84.8246 	EXP 	fixation: autoDraw = False
84.8246 	EXP 	line1: autoDraw = False
84.8246 	EXP 	line2: autoDraw = False
84.8246 	EXP 	line3: autoDraw = False
84.8246 	EXP 	line4: autoDraw = False
84.8246 	EXP 	probe: autoDraw = False
84.8246 	EXP 	fixation: autoDraw = True
84.9778 	EXP 	Device response: <KeyPress from None: t=84.80850500000815, value=z, duration=0.1681719170010183>
85.8131 	EXP 	line1: autoDraw = True
85.8131 	EXP 	line2: autoDraw = True
85.8131 	EXP 	line3: autoDraw = True
85.8131 	EXP 	line4: autoDraw = True
85.8267 	EXP 	fixation: autoDraw = False
86.8102 	INFO 	Keyboard events cleared
86.8100 	EXP 	probe: autoDraw = True
87.1343 	EXP 	Device response: <KeyPress from None: t=87.13230191700859, value=x, duration=None>
87.1349 	EXP 	New trial (rep=9, index=1): <Trial 37 (1 in rep 9) data={'pos': np.int64(150), 'corr_resp': 'v', 'thisN': 37, 'thisTrialN': 1, 'thisRepN': 9}>
87.1413 	DATA 	Keypress: x
87.1455 	EXP 	fixation: autoDraw = False
87.1455 	EXP 	line1: autoDraw = False
87.1455 	EXP 	line2: autoDraw = False
87.1455 	EXP 	line3: autoDraw = False
87.1455 	EXP 	line4: autoDraw = False
87.1455 	EXP 	probe: autoDraw = False
87.1455 	EXP 	fixation: autoDraw = True
87.2779 	EXP 	Device response: <KeyPress from None: t=87.13230191700859, value=x, duration=0.1363288749998901>
88.1339 	EXP 	line1: autoDraw = True
88.1339 	EXP 	line2: autoDraw = True
88.1339 	EXP 	line3: autoDraw = True
88.1339 	EXP 	line4: autoDraw = True
88.1437 	EXP 	fixation: autoDraw = False
89.1295 	INFO 	Keyboard events cleared
89.1294 	EXP 	probe: autoDraw = True
89.3946 	EXP 	Device response: <KeyPress from None: t=89.39334000000963, value=v, duration=None>
89.3951 	EXP 	New trial (rep=9, index=2): <Trial 38 (2 in rep 9) data={'pos': np.int64(50), 'corr_resp': 'c ', 'thisN': 38, 'thisTrialN': 2, 'thisRepN': 9}>
89.4021 	DATA 	Keypress: v
89.4070 	EXP 	fixation: autoDraw = False
89.4070 	EXP 	line1: autoDraw = False
89.4070 	EXP 	line2: autoDraw = False
89.4070 	EXP 	line3: autoDraw = False
89.4070 	EXP 	line4: autoDraw = False
89.4070 	EXP 	probe: autoDraw = False
89.4070 	EXP 	fixation: autoDraw = True
89.5672 	EXP 	Device response: <KeyPress from None: t=89.39334000000963, value=v, duration=0.1722580839996226>
90.3934 	EXP 	line1: autoDraw = True
90.3934 	EXP 	line2: autoDraw = True
90.3934 	EXP 	line3: autoDraw = True
90.3934 	EXP 	line4: autoDraw = True
90.3989 	EXP 	fixation: autoDraw = False
91.3936 	INFO 	Keyboard events cleared
91.3934 	EXP 	probe: autoDraw = True
91.6780 	EXP 	Device response: <KeyPress from None: t=91.6693119170086, value=c, duration=None>
91.6785 	EXP 	New trial (rep=9, index=3): <Trial 39 (3 in rep 9) data={'pos': np.int64(-150), 'corr_resp': 'z', 'thisN': 39, 'thisTrialN': 3, 'thisRepN': 9}>
91.6852 	DATA 	Keypress: c
91.6901 	EXP 	fixation: autoDraw = False
91.6901 	EXP 	line1: autoDraw = False
91.6901 	EXP 	line2: autoDraw = False
91.6901 	EXP 	line3: autoDraw = False
91.6901 	EXP 	line4: autoDraw = False
91.6901 	EXP 	probe: autoDraw = False
91.6901 	EXP 	fixation: autoDraw = True
91.8121 	EXP 	Device response: <KeyPress from None: t=91.6693119170086, value=c, duration=0.14028137498826254>
92.6770 	EXP 	line1: autoDraw = True
92.6770 	EXP 	line2: autoDraw = True
92.6770 	EXP 	line3: autoDraw = True
92.6770 	EXP 	line4: autoDraw = True
92.6828 	EXP 	fixation: autoDraw = False
93.6771 	INFO 	Keyboard events cleared
93.6768 	EXP 	probe: autoDraw = True
94.0944 	EXP 	Device response: <KeyPress from None: t=94.09319041699928, value=z, duration=None>
94.0949 	EXP 	New trial (rep=10, index=0): <Trial 40 (0 in rep 10) data={'pos': np.int64(-50), 'corr_resp': 'x', 'thisN': 40, 'thisTrialN': 0, 'thisRepN': 10}>
94.1015 	DATA 	Keypress: z
94.1065 	EXP 	fixation: autoDraw = False
94.1065 	EXP 	line1: autoDraw = False
94.1065 	EXP 	line2: autoDraw = False
94.1065 	EXP 	line3: autoDraw = False
94.1065 	EXP 	line4: autoDraw = False
94.1065 	EXP 	probe: autoDraw = False
94.1065 	EXP 	fixation: autoDraw = True
94.2454 	EXP 	Device response: <KeyPress from None: t=94.09319041699928, value=z, duration=0.14838558300107252>
95.0844 	EXP 	line1: autoDraw = True
95.0844 	EXP 	line2: autoDraw = True
95.0844 	EXP 	line3: autoDraw = True
95.0844 	EXP 	line4: autoDraw = True
95.0976 	EXP 	fixation: autoDraw = False
96.0925 	INFO 	Keyboard events cleared
96.0923 	EXP 	probe: autoDraw = True
96.2286 	EXP 	Device response: <KeyPress from None: t=96.22120320900285, value=x, duration=None>
96.2292 	EXP 	New trial (rep=10, index=1): <Trial 41 (1 in rep 10) data={'pos': np.int64(150), 'corr_resp': 'v', 'thisN': 41, 'thisTrialN': 1, 'thisRepN': 10}>
96.2362 	DATA 	Keypress: x
96.2412 	EXP 	fixation: autoDraw = False
96.2412 	EXP 	line1: autoDraw = False
96.2412 	EXP 	line2: autoDraw = False
96.2412 	EXP 	line3: autoDraw = False
96.2412 	EXP 	line4: autoDraw = False
96.2412 	EXP 	probe: autoDraw = False
96.2412 	EXP 	fixation: autoDraw = True
96.3672 	EXP 	Device response: <KeyPress from None: t=96.22120320900285, value=x, duration=0.14417937499820255>
97.2267 	EXP 	line1: autoDraw = True
97.2267 	EXP 	line2: autoDraw = True
97.2267 	EXP 	line3: autoDraw = True
97.2267 	EXP 	line4: autoDraw = True
97.2330 	EXP 	fixation: autoDraw = False
98.2270 	INFO 	Keyboard events cleared
98.2268 	EXP 	probe: autoDraw = True
98.4939 	EXP 	Device response: <KeyPress from None: t=98.49007062500459, value=v, duration=None>
98.4942 	EXP 	New trial (rep=10, index=2): <Trial 42 (2 in rep 10) data={'pos': np.int64(50), 'corr_resp': 'c ', 'thisN': 42, 'thisTrialN': 2, 'thisRepN': 10}>
98.4969 	DATA 	Keypress: v
98.5011 	EXP 	fixation: autoDraw = False
98.5011 	EXP 	line1: autoDraw = False
98.5011 	EXP 	line2: autoDraw = False
98.5011 	EXP 	line3: autoDraw = False
98.5011 	EXP 	line4: autoDraw = False
98.5011 	EXP 	probe: autoDraw = False
98.5011 	EXP 	fixation: autoDraw = True
98.6616 	EXP 	Device response: <KeyPress from None: t=98.49007062500459, value=v, duration=0.16037516700453125>
99.4840 	EXP 	line1: autoDraw = True
99.4840 	EXP 	line2: autoDraw = True
99.4840 	EXP 	line3: autoDraw = True
99.4840 	EXP 	line4: autoDraw = True
99.4934 	EXP 	fixation: autoDraw = False
100.4841 	INFO 	Keyboard events cleared
100.4839 	EXP 	probe: autoDraw = True
100.7615 	EXP 	Device response: <KeyPress from None: t=100.7509676250047, value=c, duration=None>
100.7622 	EXP 	New trial (rep=10, index=3): <Trial 43 (3 in rep 10) data={'pos': np.int64(-150), 'corr_resp': 'z', 'thisN': 43, 'thisTrialN': 3, 'thisRepN': 10}>
100.7693 	DATA 	Keypress: c
100.7743 	EXP 	fixation: autoDraw = False
100.7743 	EXP 	line1: autoDraw = False
100.7743 	EXP 	line2: autoDraw = False
100.7743 	EXP 	line3: autoDraw = False
100.7743 	EXP 	line4: autoDraw = False
100.7743 	EXP 	probe: autoDraw = False
100.7743 	EXP 	fixation: autoDraw = True
100.9010 	EXP 	Device response: <KeyPress from None: t=100.7509676250047, value=c, duration=0.1442671669938136>
101.7601 	EXP 	line1: autoDraw = True
101.7601 	EXP 	line2: autoDraw = True
101.7601 	EXP 	line3: autoDraw = True
101.7601 	EXP 	line4: autoDraw = True
101.7657 	EXP 	fixation: autoDraw = False
102.7605 	INFO 	Keyboard events cleared
102.7603 	EXP 	probe: autoDraw = True
103.0447 	EXP 	Device response: <KeyPress from None: t=103.03387666700291, value=z, duration=None>
103.0451 	EXP 	New trial (rep=11, index=0): <Trial 44 (0 in rep 11) data={'pos': np.int64(-50), 'corr_resp': 'x', 'thisN': 44, 'thisTrialN': 0, 'thisRepN': 11}>
103.0518 	DATA 	Keypress: z
103.0567 	EXP 	fixation: autoDraw = False
103.0567 	EXP 	line1: autoDraw = False
103.0567 	EXP 	line2: autoDraw = False
103.0567 	EXP 	line3: autoDraw = False
103.0567 	EXP 	line4: autoDraw = False
103.0567 	EXP 	probe: autoDraw = False
103.0567 	EXP 	fixation: autoDraw = True
103.1787 	EXP 	Device response: <KeyPress from None: t=103.03387666700291, value=z, duration=0.1323236669995822>
104.0437 	EXP 	line1: autoDraw = True
104.0437 	EXP 	line2: autoDraw = True
104.0437 	EXP 	line3: autoDraw = True
104.0437 	EXP 	line4: autoDraw = True
104.0505 	EXP 	fixation: autoDraw = False
105.0440 	INFO 	Keyboard events cleared
105.0438 	EXP 	probe: autoDraw = True
105.2453 	EXP 	Device response: <KeyPress from None: t=105.24189729199861, value=x, duration=None>
105.2460 	EXP 	New trial (rep=11, index=1): <Trial 45 (1 in rep 11) data={'pos': np.int64(150), 'corr_resp': 'v', 'thisN': 45, 'thisTrialN': 1, 'thisRepN': 11}>
105.2531 	DATA 	Keypress: x
105.2581 	EXP 	fixation: autoDraw = False
105.2581 	EXP 	line1: autoDraw = False
105.2581 	EXP 	line2: autoDraw = False
105.2581 	EXP 	line3: autoDraw = False
105.2581 	EXP 	line4: autoDraw = False
105.2581 	EXP 	probe: autoDraw = False
105.2581 	EXP 	fixation: autoDraw = True
105.3953 	EXP 	Device response: <KeyPress from None: t=105.24189729199861, value=x, duration=0.1442814170004567>
106.2434 	EXP 	line1: autoDraw = True
106.2434 	EXP 	line2: autoDraw = True
106.2434 	EXP 	line3: autoDraw = True
106.2434 	EXP 	line4: autoDraw = True
106.2490 	EXP 	fixation: autoDraw = False
107.2436 	INFO 	Keyboard events cleared
107.2434 	EXP 	probe: autoDraw = True
107.3780 	EXP 	Device response: <KeyPress from None: t=107.3688363340043, value=v, duration=None>
107.3787 	EXP 	New trial (rep=11, index=2): <Trial 46 (2 in rep 11) data={'pos': np.int64(50), 'corr_resp': 'c ', 'thisN': 46, 'thisTrialN': 2, 'thisRepN': 11}>
107.3856 	DATA 	Keypress: v
107.3905 	EXP 	fixation: autoDraw = False
107.3905 	EXP 	line1: autoDraw = False
107.3905 	EXP 	line2: autoDraw = False
107.3905 	EXP 	line3: autoDraw = False
107.3905 	EXP 	line4: autoDraw = False
107.3905 	EXP 	probe: autoDraw = False
107.3905 	EXP 	fixation: autoDraw = True
107.5456 	EXP 	Device response: <KeyPress from None: t=107.3688363340043, value=v, duration=0.16419862500333693>
108.3767 	EXP 	line1: autoDraw = True
108.3767 	EXP 	line2: autoDraw = True
108.3767 	EXP 	line3: autoDraw = True
108.3767 	EXP 	line4: autoDraw = True
108.3831 	EXP 	fixation: autoDraw = False
109.3770 	INFO 	Keyboard events cleared
109.3768 	EXP 	probe: autoDraw = True
109.6453 	EXP 	Device response: <KeyPress from None: t=109.63672483401024, value=c, duration=None>
109.6458 	EXP 	New trial (rep=11, index=3): <Trial 47 (3 in rep 11) data={'pos': np.int64(-150), 'corr_resp': 'z', 'thisN': 47, 'thisTrialN': 3, 'thisRepN': 11}>
109.6520 	DATA 	Keypress: c
109.6567 	EXP 	fixation: autoDraw = False
109.6567 	EXP 	line1: autoDraw = False
109.6567 	EXP 	line2: autoDraw = False
109.6567 	EXP 	line3: autoDraw = False
109.6567 	EXP 	line4: autoDraw = False
109.6567 	EXP 	probe: autoDraw = False
109.6567 	EXP 	fixation: autoDraw = True
109.8110 	EXP 	Device response: <KeyPress from None: t=109.63672483401024, value=c, duration=0.1643288329942152>
110.6437 	EXP 	line1: autoDraw = True
110.6437 	EXP 	line2: autoDraw = True
110.6437 	EXP 	line3: autoDraw = True
110.6437 	EXP 	line4: autoDraw = True
110.6500 	EXP 	fixation: autoDraw = False
111.6428 	INFO 	Keyboard events cleared
111.6425 	EXP 	probe: autoDraw = True
111.9448 	EXP 	Device response: <KeyPress from None: t=111.94266341700859, value=z, duration=None>
111.9453 	EXP 	New trial (rep=12, index=0): <Trial 48 (0 in rep 12) data={'pos': np.int64(-50), 'corr_resp': 'x', 'thisN': 48, 'thisTrialN': 0, 'thisRepN': 12}>
111.9498 	DATA 	Keypress: z
111.9542 	EXP 	fixation: autoDraw = False
111.9542 	EXP 	line1: autoDraw = False
111.9542 	EXP 	line2: autoDraw = False
111.9542 	EXP 	line3: autoDraw = False
111.9542 	EXP 	line4: autoDraw = False
111.9542 	EXP 	probe: autoDraw = False
111.9542 	EXP 	fixation: autoDraw = True
112.1133 	EXP 	Device response: <KeyPress from None: t=111.94266341700859, value=z, duration=0.1683106249984121>
112.9437 	EXP 	line1: autoDraw = True
112.9437 	EXP 	line2: autoDraw = True
112.9437 	EXP 	line3: autoDraw = True
112.9437 	EXP 	line4: autoDraw = True
112.9510 	EXP 	fixation: autoDraw = False
113.9437 	INFO 	Keyboard events cleared
113.9435 	EXP 	probe: autoDraw = True
113.9509 	DATA 	Keypress: x
114.3945 	EXP 	Device response: <KeyPress from None: t=114.39058812501025, value=x, duration=None>
114.3949 	EXP 	New trial (rep=12, index=1): <Trial 49 (1 in rep 12) data={'pos': np.int64(150), 'corr_resp': 'v', 'thisN': 49, 'thisTrialN': 1, 'thisRepN': 12}>
114.4193 	DATA 	Keypress: x
114.4233 	EXP 	fixation: autoDraw = False
114.4233 	EXP 	line1: autoDraw = False
114.4233 	EXP 	line2: autoDraw = False
114.4233 	EXP 	line3: autoDraw = False
114.4233 	EXP 	line4: autoDraw = False
114.4233 	EXP 	probe: autoDraw = False
114.4233 	EXP 	fixation: autoDraw = True
114.5451 	EXP 	Device response: <KeyPress from None: t=114.39058812501025, value=x, duration=0.14042758398863953>
115.3935 	EXP 	line1: autoDraw = True
115.3935 	EXP 	line2: autoDraw = True
115.3935 	EXP 	line3: autoDraw = True
115.3935 	EXP 	line4: autoDraw = True
115.4160 	EXP 	fixation: autoDraw = False
116.3938 	INFO 	Keyboard events cleared
116.3935 	EXP 	probe: autoDraw = True
116.8008 	EXP 	Device response: <KeyPress from None: t=116.79662658400775, value=v, duration=None>
116.8012 	EXP 	New trial (rep=12, index=2): <Trial 50 (2 in rep 12) data={'pos': np.int64(50), 'corr_resp': 'c ', 'thisN': 50, 'thisTrialN': 2, 'thisRepN': 12}>
116.8072 	DATA 	Keypress: v
116.8120 	EXP 	fixation: autoDraw = False
116.8120 	EXP 	line1: autoDraw = False
116.8120 	EXP 	line2: autoDraw = False
116.8120 	EXP 	line3: autoDraw = False
116.8120 	EXP 	line4: autoDraw = False
116.8120 	EXP 	probe: autoDraw = False
116.8120 	EXP 	fixation: autoDraw = True
116.9452 	EXP 	Device response: <KeyPress from None: t=116.79662658400775, value=v, duration=0.1441804579953896>
117.8142 	EXP 	line1: autoDraw = True
117.8142 	EXP 	line2: autoDraw = True
117.8142 	EXP 	line3: autoDraw = True
117.8142 	EXP 	line4: autoDraw = True
117.8178 	EXP 	fixation: autoDraw = False
118.7999 	INFO 	Keyboard events cleared
118.7997 	EXP 	probe: autoDraw = True
119.0445 	EXP 	Device response: <KeyPress from None: t=119.03747362500872, value=c, duration=None>
119.0450 	EXP 	New trial (rep=12, index=3): <Trial 51 (3 in rep 12) data={'pos': np.int64(-150), 'corr_resp': 'z', 'thisN': 51, 'thisTrialN': 3, 'thisRepN': 12}>
119.0519 	DATA 	Keypress: c
119.0568 	EXP 	fixation: autoDraw = False
119.0568 	EXP 	line1: autoDraw = False
119.0568 	EXP 	line2: autoDraw = False
119.0568 	EXP 	line3: autoDraw = False
119.0568 	EXP 	line4: autoDraw = False
119.0568 	EXP 	probe: autoDraw = False
119.0568 	EXP 	fixation: autoDraw = True
119.2115 	EXP 	Device response: <KeyPress from None: t=119.03747362500872, value=c, duration=0.16433166699425783>
120.0435 	EXP 	line1: autoDraw = True
120.0435 	EXP 	line2: autoDraw = True
120.0435 	EXP 	line3: autoDraw = True
120.0435 	EXP 	line4: autoDraw = True
120.0491 	EXP 	fixation: autoDraw = False
121.0435 	INFO 	Keyboard events cleared
121.0433 	EXP 	probe: autoDraw = True
121.3497 	EXP 	Device response: <KeyPress from None: t=121.3443504589959, value=z, duration=None>
121.3501 	EXP 	New trial (rep=13, index=0): <Trial 52 (0 in rep 13) data={'pos': np.int64(-50), 'corr_resp': 'x', 'thisN': 52, 'thisTrialN': 0, 'thisRepN': 13}>
121.3543 	DATA 	Keypress: z
121.3589 	EXP 	fixation: autoDraw = False
121.3589 	EXP 	line1: autoDraw = False
121.3589 	EXP 	line2: autoDraw = False
121.3589 	EXP 	line3: autoDraw = False
121.3589 	EXP 	line4: autoDraw = False
121.3589 	EXP 	probe: autoDraw = False
121.3589 	EXP 	fixation: autoDraw = True
121.5175 	EXP 	Device response: <KeyPress from None: t=121.3443504589959, value=z, duration=0.16835316600918304>
122.3428 	EXP 	line1: autoDraw = True
122.3428 	EXP 	line2: autoDraw = True
122.3428 	EXP 	line3: autoDraw = True
122.3428 	EXP 	line4: autoDraw = True
122.3490 	EXP 	fixation: autoDraw = False
123.3426 	INFO 	Keyboard events cleared
123.3423 	EXP 	probe: autoDraw = True
123.6795 	EXP 	Device response: <KeyPress from None: t=123.67539504200977, value=x, duration=None>
123.6807 	EXP 	New trial (rep=13, index=1): <Trial 53 (1 in rep 13) data={'pos': np.int64(150), 'corr_resp': 'v', 'thisN': 53, 'thisTrialN': 1, 'thisRepN': 13}>
123.6901 	DATA 	Keypress: x
123.6952 	EXP 	fixation: autoDraw = False
123.6952 	EXP 	line1: autoDraw = False
123.6952 	EXP 	line2: autoDraw = False
123.6952 	EXP 	line3: autoDraw = False
123.6952 	EXP 	line4: autoDraw = False
123.6952 	EXP 	probe: autoDraw = False
123.6952 	EXP 	fixation: autoDraw = True
123.8604 	EXP 	Device response: <KeyPress from None: t=123.67539504200977, value=x, duration=0.18022324999037664>
124.6766 	EXP 	line1: autoDraw = True
124.6766 	EXP 	line2: autoDraw = True
124.6766 	EXP 	line3: autoDraw = True
124.6766 	EXP 	line4: autoDraw = True
124.6932 	EXP 	fixation: autoDraw = False
125.6768 	INFO 	Keyboard events cleared
125.6767 	EXP 	probe: autoDraw = True
125.9834 	EXP 	Device response: <KeyPress from None: t=125.97937762500078, value=v, duration=None>
125.9839 	EXP 	New trial (rep=13, index=2): <Trial 54 (2 in rep 13) data={'pos': np.int64(50), 'corr_resp': 'c ', 'thisN': 54, 'thisTrialN': 2, 'thisRepN': 13}>
125.9907 	DATA 	Keypress: v
125.9958 	EXP 	fixation: autoDraw = False
125.9958 	EXP 	line1: autoDraw = False
125.9958 	EXP 	line2: autoDraw = False
125.9958 	EXP 	line3: autoDraw = False
125.9958 	EXP 	line4: autoDraw = False
125.9958 	EXP 	probe: autoDraw = False
125.9958 	EXP 	fixation: autoDraw = True
126.1133 	EXP 	Device response: <KeyPress from None: t=125.97937762500078, value=v, duration=0.12037162500200793>
126.9830 	EXP 	line1: autoDraw = True
126.9830 	EXP 	line2: autoDraw = True
126.9830 	EXP 	line3: autoDraw = True
126.9830 	EXP 	line4: autoDraw = True
126.9936 	EXP 	fixation: autoDraw = False
127.9769 	INFO 	Keyboard events cleared
127.9766 	EXP 	probe: autoDraw = True
128.2946 	EXP 	Device response: <KeyPress from None: t=128.28513079200638, value=c, duration=None>
128.2951 	EXP 	New trial (rep=13, index=3): <Trial 55 (3 in rep 13) data={'pos': np.int64(-150), 'corr_resp': 'z', 'thisN': 55, 'thisTrialN': 3, 'thisRepN': 13}>
128.3026 	DATA 	Keypress: c
128.3074 	EXP 	fixation: autoDraw = False
128.3074 	EXP 	line1: autoDraw = False
128.3074 	EXP 	line2: autoDraw = False
128.3074 	EXP 	line3: autoDraw = False
128.3074 	EXP 	line4: autoDraw = False
128.3074 	EXP 	probe: autoDraw = False
128.3074 	EXP 	fixation: autoDraw = True
128.4620 	EXP 	Device response: <KeyPress from None: t=128.28513079200638, value=c, duration=0.1723713749961462>
129.2934 	EXP 	line1: autoDraw = True
129.2934 	EXP 	line2: autoDraw = True
129.2934 	EXP 	line3: autoDraw = True
129.2934 	EXP 	line4: autoDraw = True
129.2989 	EXP 	fixation: autoDraw = False
130.3105 	INFO 	Keyboard events cleared
130.3103 	EXP 	probe: autoDraw = True
130.9615 	EXP 	Device response: <KeyPress from None: t=130.9560002090002, value=z, duration=None>
130.9624 	EXP 	New trial (rep=14, index=0): <Trial 56 (0 in rep 14) data={'pos': np.int64(-50), 'corr_resp': 'x', 'thisN': 56, 'thisTrialN': 0, 'thisRepN': 14}>
130.9703 	DATA 	Keypress: z
130.9756 	EXP 	fixation: autoDraw = False
130.9756 	EXP 	line1: autoDraw = False
130.9756 	EXP 	line2: autoDraw = False
130.9756 	EXP 	line3: autoDraw = False
130.9756 	EXP 	line4: autoDraw = False
130.9756 	EXP 	probe: autoDraw = False
130.9756 	EXP 	fixation: autoDraw = True
131.1337 	EXP 	Device response: <KeyPress from None: t=130.9560002090002, value=z, duration=0.17267583300417755>
131.9602 	EXP 	line1: autoDraw = True
131.9602 	EXP 	line2: autoDraw = True
131.9602 	EXP 	line3: autoDraw = True
131.9602 	EXP 	line4: autoDraw = True
131.9665 	EXP 	fixation: autoDraw = False
132.9603 	INFO 	Keyboard events cleared
132.9601 	EXP 	probe: autoDraw = True
133.2341 	EXP 	Device response: <KeyPress from None: t=133.22907645899977, value=x, duration=None>
133.2346 	EXP 	New trial (rep=14, index=1): <Trial 57 (1 in rep 14) data={'pos': np.int64(150), 'corr_resp': 'v', 'thisN': 57, 'thisTrialN': 1, 'thisRepN': 14}>
133.2415 	DATA 	Keypress: x
133.2458 	EXP 	fixation: autoDraw = False
133.2458 	EXP 	line1: autoDraw = False
133.2458 	EXP 	line2: autoDraw = False
133.2458 	EXP 	line3: autoDraw = False
133.2458 	EXP 	line4: autoDraw = False
133.2458 	EXP 	probe: autoDraw = False
133.2458 	EXP 	fixation: autoDraw = True
133.4115 	EXP 	Device response: <KeyPress from None: t=133.22907645899977, value=x, duration=0.17619287500565406>
134.2329 	EXP 	line1: autoDraw = True
134.2329 	EXP 	line2: autoDraw = True
134.2329 	EXP 	line3: autoDraw = True
134.2329 	EXP 	line4: autoDraw = True
134.2432 	EXP 	fixation: autoDraw = False
135.2333 	INFO 	Keyboard events cleared
135.2331 	EXP 	probe: autoDraw = True
135.5280 	EXP 	Device response: <KeyPress from None: t=135.52101150000817, value=v, duration=None>
135.5285 	EXP 	New trial (rep=14, index=2): <Trial 58 (2 in rep 14) data={'pos': np.int64(50), 'corr_resp': 'c ', 'thisN': 58, 'thisTrialN': 2, 'thisRepN': 14}>
135.5355 	DATA 	Keypress: v
135.5405 	EXP 	fixation: autoDraw = False
135.5405 	EXP 	line1: autoDraw = False
135.5405 	EXP 	line2: autoDraw = False
135.5405 	EXP 	line3: autoDraw = False
135.5405 	EXP 	line4: autoDraw = False
135.5405 	EXP 	probe: autoDraw = False
135.5405 	EXP 	fixation: autoDraw = True
135.6947 	EXP 	Device response: <KeyPress from None: t=135.52101150000817, value=v, duration=0.16422504199726973>
136.5263 	EXP 	line1: autoDraw = True
136.5263 	EXP 	line2: autoDraw = True
136.5263 	EXP 	line3: autoDraw = True
136.5263 	EXP 	line4: autoDraw = True
136.5299 	EXP 	fixation: autoDraw = False
137.5256 	INFO 	Keyboard events cleared
137.5254 	EXP 	probe: autoDraw = True
137.7831 	EXP 	Device response: <KeyPress from None: t=137.78192779200617, value=c, duration=None>
137.7835 	EXP 	New trial (rep=14, index=3): <Trial 59 (3 in rep 14) data={'pos': np.int64(-150), 'corr_resp': 'z', 'thisN': 59, 'thisTrialN': 3, 'thisRepN': 14}>
137.7881 	DATA 	Keypress: c
137.7930 	EXP 	fixation: autoDraw = False
137.7930 	EXP 	line1: autoDraw = False
137.7930 	EXP 	line2: autoDraw = False
137.7930 	EXP 	line3: autoDraw = False
137.7930 	EXP 	line4: autoDraw = False
137.7930 	EXP 	probe: autoDraw = False
137.7930 	EXP 	fixation: autoDraw = True
137.9948 	EXP 	Device response: <KeyPress from None: t=137.78192779200617, value=c, duration=0.20426583300286438>
138.7796 	EXP 	fixation: autoDraw = False
138.7796 	EXP 	line1: autoDraw = True
138.7796 	EXP 	line2: autoDraw = True
138.7796 	EXP 	line3: autoDraw = True
138.7796 	EXP 	line4: autoDraw = True
139.7769 	INFO 	Keyboard events cleared
139.7767 	EXP 	probe: autoDraw = True
140.0012 	EXP 	Device response: <KeyPress from None: t=139.99681854200026, value=z, duration=None>
140.0017 	EXP 	New trial (rep=15, index=0): <Trial 60 (0 in rep 15) data={'pos': np.int64(-50), 'corr_resp': 'x', 'thisN': 60, 'thisTrialN': 0, 'thisRepN': 15}>
140.0082 	DATA 	Keypress: z
140.0126 	EXP 	fixation: autoDraw = False
140.0126 	EXP 	line1: autoDraw = False
140.0126 	EXP 	line2: autoDraw = False
140.0126 	EXP 	line3: autoDraw = False
140.0126 	EXP 	line4: autoDraw = False
140.0126 	EXP 	probe: autoDraw = False
140.0126 	EXP 	fixation: autoDraw = True
140.1840 	EXP 	Device response: <KeyPress from None: t=139.99681854200026, value=z, duration=0.18036983300407883>
140.9999 	EXP 	line1: autoDraw = True
140.9999 	EXP 	line2: autoDraw = True
140.9999 	EXP 	line3: autoDraw = True
140.9999 	EXP 	line4: autoDraw = True
141.0101 	EXP 	fixation: autoDraw = False
142.0010 	INFO 	Keyboard events cleared
142.0008 	EXP 	probe: autoDraw = True
142.2669 	EXP 	Device response: <KeyPress from None: t=142.2647472920071, value=x, duration=None>
142.2673 	EXP 	New trial (rep=15, index=1): <Trial 61 (1 in rep 15) data={'pos': np.int64(150), 'corr_resp': 'v', 'thisN': 61, 'thisTrialN': 1, 'thisRepN': 15}>
142.2738 	DATA 	Keypress: x
142.2787 	EXP 	fixation: autoDraw = False
142.2787 	EXP 	line1: autoDraw = False
142.2787 	EXP 	line2: autoDraw = False
142.2787 	EXP 	line3: autoDraw = False
142.2787 	EXP 	line4: autoDraw = False
142.2787 	EXP 	probe: autoDraw = False
142.2787 	EXP 	fixation: autoDraw = True
142.4611 	EXP 	Device response: <KeyPress from None: t=142.2647472920071, value=x, duration=0.18829733299207874>
143.2672 	EXP 	line1: autoDraw = True
143.2672 	EXP 	line2: autoDraw = True
143.2672 	EXP 	line3: autoDraw = True
143.2672 	EXP 	line4: autoDraw = True
143.2765 	EXP 	fixation: autoDraw = False
144.2593 	INFO 	Keyboard events cleared
144.2591 	EXP 	probe: autoDraw = True
144.3779 	EXP 	Device response: <KeyPress from None: t=144.36876208400645, value=v, duration=None>
144.3784 	EXP 	New trial (rep=15, index=2): <Trial 62 (2 in rep 15) data={'pos': np.int64(50), 'corr_resp': 'c ', 'thisN': 62, 'thisTrialN': 2, 'thisRepN': 15}>
144.3853 	DATA 	Keypress: v
144.3904 	EXP 	fixation: autoDraw = False
144.3904 	EXP 	line1: autoDraw = False
144.3904 	EXP 	line2: autoDraw = False
144.3904 	EXP 	line3: autoDraw = False
144.3904 	EXP 	line4: autoDraw = False
144.3904 	EXP 	probe: autoDraw = False
144.3904 	EXP 	fixation: autoDraw = True
144.5280 	EXP 	Device response: <KeyPress from None: t=144.36876208400645, value=v, duration=0.1562524159962777>
145.3769 	EXP 	line1: autoDraw = True
145.3769 	EXP 	line2: autoDraw = True
145.3769 	EXP 	line3: autoDraw = True
145.3769 	EXP 	line4: autoDraw = True
145.3828 	EXP 	fixation: autoDraw = False
146.3763 	INFO 	Keyboard events cleared
146.3763 	EXP 	probe: autoDraw = True
146.6843 	EXP 	Device response: <KeyPress from None: t=146.67870112499804, value=c, duration=None>
146.6848 	EXP 	New trial (rep=15, index=3): <Trial 63 (3 in rep 15) data={'pos': np.int64(-150), 'corr_resp': 'z', 'thisN': 63, 'thisTrialN': 3, 'thisRepN': 15}>
146.6917 	DATA 	Keypress: c
146.6961 	EXP 	fixation: autoDraw = False
146.6961 	EXP 	line1: autoDraw = False
146.6961 	EXP 	line2: autoDraw = False
146.6961 	EXP 	line3: autoDraw = False
146.6961 	EXP 	line4: autoDraw = False
146.6961 	EXP 	probe: autoDraw = False
146.6961 	EXP 	fixation: autoDraw = True
146.8121 	EXP 	Device response: <KeyPress from None: t=146.67870112499804, value=c, duration=0.12428695900598541>
147.6844 	EXP 	line1: autoDraw = True
147.6844 	EXP 	line2: autoDraw = True
147.6844 	EXP 	line3: autoDraw = True
147.6844 	EXP 	line4: autoDraw = True
147.6938 	EXP 	fixation: autoDraw = False
148.6839 	INFO 	Keyboard events cleared
148.6837 	EXP 	probe: autoDraw = True
148.8279 	EXP 	Device response: <KeyPress from None: t=148.82061916700331, value=z, duration=None>
148.8286 	EXP 	New trial (rep=16, index=0): <Trial 64 (0 in rep 16) data={'pos': np.int64(-50), 'corr_resp': 'x', 'thisN': 64, 'thisTrialN': 0, 'thisRepN': 16}>
148.8353 	DATA 	Keypress: z
148.8416 	EXP 	fixation: autoDraw = False
148.8416 	EXP 	line1: autoDraw = False
148.8416 	EXP 	line2: autoDraw = False
148.8416 	EXP 	line3: autoDraw = False
148.8416 	EXP 	line4: autoDraw = False
148.8416 	EXP 	probe: autoDraw = False
148.8416 	EXP 	fixation: autoDraw = True
148.9835 	EXP 	Device response: <KeyPress from None: t=148.82061916700331, value=z, duration=0.16029250000428874>
149.8268 	EXP 	line1: autoDraw = True
149.8268 	EXP 	line2: autoDraw = True
149.8268 	EXP 	line3: autoDraw = True
149.8268 	EXP 	line4: autoDraw = True
149.8323 	EXP 	fixation: autoDraw = False
150.8268 	INFO 	Keyboard events cleared
150.8266 	EXP 	probe: autoDraw = True
151.1288 	EXP 	Device response: <KeyPress from None: t=151.12051570900076, value=x, duration=None>
151.1297 	EXP 	New trial (rep=16, index=1): <Trial 65 (1 in rep 16) data={'pos': np.int64(150), 'corr_resp': 'v', 'thisN': 65, 'thisTrialN': 1, 'thisRepN': 16}>
151.1370 	DATA 	Keypress: x
151.1417 	EXP 	fixation: autoDraw = False
151.1417 	EXP 	line1: autoDraw = False
151.1417 	EXP 	line2: autoDraw = False
151.1417 	EXP 	line3: autoDraw = False
151.1417 	EXP 	line4: autoDraw = False
151.1417 	EXP 	probe: autoDraw = False
151.1417 	EXP 	fixation: autoDraw = True
151.2780 	EXP 	Device response: <KeyPress from None: t=151.12051570900076, value=x, duration=0.1442151660012314>
152.1339 	EXP 	fixation: autoDraw = False
152.1339 	EXP 	line1: autoDraw = True
152.1339 	EXP 	line2: autoDraw = True
152.1339 	EXP 	line3: autoDraw = True
152.1339 	EXP 	line4: autoDraw = True
153.1262 	INFO 	Keyboard events cleared
153.1261 	EXP 	probe: autoDraw = True
153.3273 	EXP 	Device response: <KeyPress from None: t=153.3205132919975, value=v, duration=None>
153.3281 	EXP 	New trial (rep=16, index=2): <Trial 66 (2 in rep 16) data={'pos': np.int64(50), 'corr_resp': 'c ', 'thisN': 66, 'thisTrialN': 2, 'thisRepN': 16}>
153.3347 	DATA 	Keypress: v
153.3394 	EXP 	fixation: autoDraw = False
153.3394 	EXP 	line1: autoDraw = False
153.3394 	EXP 	line2: autoDraw = False
153.3394 	EXP 	line3: autoDraw = False
153.3394 	EXP 	line4: autoDraw = False
153.3394 	EXP 	probe: autoDraw = False
153.3394 	EXP 	fixation: autoDraw = True
153.5118 	EXP 	Device response: <KeyPress from None: t=153.3205132919975, value=v, duration=0.1842060000053607>
154.3160 	EXP 	line1: autoDraw = True
154.3160 	EXP 	line2: autoDraw = True
154.3160 	EXP 	line3: autoDraw = True
154.3160 	EXP 	line4: autoDraw = True
154.3327 	EXP 	fixation: autoDraw = False
155.3260 	INFO 	Keyboard events cleared
155.3258 	EXP 	probe: autoDraw = True
155.5948 	EXP 	Device response: <KeyPress from None: t=155.5893873340101, value=c, duration=None>
155.5952 	EXP 	New trial (rep=16, index=3): <Trial 67 (3 in rep 16) data={'pos': np.int64(-150), 'corr_resp': 'z', 'thisN': 67, 'thisTrialN': 3, 'thisRepN': 16}>
155.5995 	EXP 	fixation: autoDraw = False
155.5995 	EXP 	line1: autoDraw = False
155.5995 	EXP 	line2: autoDraw = False
155.5995 	EXP 	line3: autoDraw = False
155.5995 	EXP 	line4: autoDraw = False
155.5995 	EXP 	probe: autoDraw = False
155.5995 	EXP 	fixation: autoDraw = True
155.6033 	DATA 	Keypress: c
155.7114 	EXP 	Device response: <KeyPress from None: t=155.5893873340101, value=c, duration=0.12033904099371284>
156.5936 	EXP 	line1: autoDraw = True
156.5936 	EXP 	line2: autoDraw = True
156.5936 	EXP 	line3: autoDraw = True
156.5936 	EXP 	line4: autoDraw = True
156.5997 	EXP 	fixation: autoDraw = False
157.5933 	INFO 	Keyboard events cleared
157.5932 	EXP 	probe: autoDraw = True
157.9180 	EXP 	Device response: <KeyPress from None: t=157.9133387089969, value=z, duration=None>
157.9185 	EXP 	New trial (rep=17, index=0): <Trial 68 (0 in rep 17) data={'pos': np.int64(-50), 'corr_resp': 'x', 'thisN': 68, 'thisTrialN': 0, 'thisRepN': 17}>
157.9255 	DATA 	Keypress: z
157.9300 	EXP 	fixation: autoDraw = False
157.9300 	EXP 	line1: autoDraw = False
157.9300 	EXP 	line2: autoDraw = False
157.9300 	EXP 	line3: autoDraw = False
157.9300 	EXP 	line4: autoDraw = False
157.9300 	EXP 	probe: autoDraw = False
157.9300 	EXP 	fixation: autoDraw = True
158.1005 	EXP 	Device response: <KeyPress from None: t=157.9133387089969, value=z, duration=0.1843400830111932>
158.9166 	EXP 	line1: autoDraw = True
158.9166 	EXP 	line2: autoDraw = True
158.9166 	EXP 	line3: autoDraw = True
158.9166 	EXP 	line4: autoDraw = True
158.9264 	EXP 	fixation: autoDraw = False
159.9170 	INFO 	Keyboard events cleared
159.9168 	EXP 	probe: autoDraw = True
160.2336 	EXP 	Device response: <KeyPress from None: t=160.23028550000163, value=x, duration=None>
160.2339 	EXP 	New trial (rep=17, index=1): <Trial 69 (1 in rep 17) data={'pos': np.int64(150), 'corr_resp': 'v', 'thisN': 69, 'thisTrialN': 1, 'thisRepN': 17}>
160.2386 	DATA 	Keypress: x
160.2429 	EXP 	fixation: autoDraw = False
160.2429 	EXP 	line1: autoDraw = False
160.2429 	EXP 	line2: autoDraw = False
160.2429 	EXP 	line3: autoDraw = False
160.2429 	EXP 	line4: autoDraw = False
160.2429 	EXP 	probe: autoDraw = False
160.2429 	EXP 	fixation: autoDraw = True
160.4173 	EXP 	Device response: <KeyPress from None: t=160.23028550000163, value=x, duration=0.1802725419984199>
161.2334 	EXP 	fixation: autoDraw = False
161.2334 	EXP 	line1: autoDraw = True
161.2334 	EXP 	line2: autoDraw = True
161.2334 	EXP 	line3: autoDraw = True
161.2334 	EXP 	line4: autoDraw = True
162.2335 	INFO 	Keyboard events cleared
162.2333 	EXP 	probe: autoDraw = True
162.6779 	EXP 	Device response: <KeyPress from None: t=162.67432120900776, value=v, duration=None>
162.6786 	EXP 	New trial (rep=17, index=2): <Trial 70 (2 in rep 17) data={'pos': np.int64(50), 'corr_resp': 'c ', 'thisN': 70, 'thisTrialN': 2, 'thisRepN': 17}>
162.6872 	DATA 	Keypress: v
162.6920 	EXP 	fixation: autoDraw = False
162.6920 	EXP 	line1: autoDraw = False
162.6920 	EXP 	line2: autoDraw = False
162.6920 	EXP 	line3: autoDraw = False
162.6920 	EXP 	line4: autoDraw = False
162.6920 	EXP 	probe: autoDraw = False
162.6920 	EXP 	fixation: autoDraw = True
162.8454 	EXP 	Device response: <KeyPress from None: t=162.67432120900776, value=v, duration=0.16428812500089407>
163.6768 	EXP 	line1: autoDraw = True
163.6768 	EXP 	line2: autoDraw = True
163.6768 	EXP 	line3: autoDraw = True
163.6768 	EXP 	line4: autoDraw = True
163.6834 	EXP 	fixation: autoDraw = False
164.6768 	INFO 	Keyboard events cleared
164.6766 	EXP 	probe: autoDraw = True
164.9670 	EXP 	Device response: <KeyPress from None: t=164.9561717089964, value=c, duration=None>
164.9673 	EXP 	New trial (rep=17, index=3): <Trial 71 (3 in rep 17) data={'pos': np.int64(-150), 'corr_resp': 'z', 'thisN': 71, 'thisTrialN': 3, 'thisRepN': 17}>
164.9717 	DATA 	Keypress: c
164.9761 	EXP 	fixation: autoDraw = False
164.9761 	EXP 	line1: autoDraw = False
164.9761 	EXP 	line2: autoDraw = False
164.9761 	EXP 	line3: autoDraw = False
164.9761 	EXP 	line4: autoDraw = False
164.9761 	EXP 	probe: autoDraw = False
164.9761 	EXP 	fixation: autoDraw = True
165.0952 	EXP 	Device response: <KeyPress from None: t=164.9561717089964, value=c, duration=0.12820258300052956>
165.9630 	EXP 	fixation: autoDraw = False
165.9630 	EXP 	line1: autoDraw = True
165.9630 	EXP 	line2: autoDraw = True
165.9630 	EXP 	line3: autoDraw = True
165.9630 	EXP 	line4: autoDraw = True
166.9655 	INFO 	Keyboard events cleared
166.9651 	EXP 	probe: autoDraw = True
167.2838 	EXP 	Device response: <KeyPress from None: t=167.28002441700664, value=z, duration=None>
167.2843 	EXP 	New trial (rep=18, index=0): <Trial 72 (0 in rep 18) data={'pos': np.int64(-50), 'corr_resp': 'x', 'thisN': 72, 'thisTrialN': 0, 'thisRepN': 18}>
167.2891 	DATA 	Keypress: z
167.2950 	EXP 	fixation: autoDraw = False
167.2950 	EXP 	line1: autoDraw = False
167.2950 	EXP 	line2: autoDraw = False
167.2950 	EXP 	line3: autoDraw = False
167.2950 	EXP 	line4: autoDraw = False
167.2950 	EXP 	probe: autoDraw = False
167.2950 	EXP 	fixation: autoDraw = True
167.4449 	EXP 	Device response: <KeyPress from None: t=167.28002441700664, value=z, duration=0.15630008299194742>
168.2843 	EXP 	line1: autoDraw = True
168.2843 	EXP 	line2: autoDraw = True
168.2843 	EXP 	line3: autoDraw = True
168.2843 	EXP 	line4: autoDraw = True
168.2922 	EXP 	fixation: autoDraw = False
169.2843 	INFO 	Keyboard events cleared
169.2840 	EXP 	probe: autoDraw = True
169.3277 	EXP 	Device response: <KeyPress from None: t=169.32001075000153, value=x, duration=None>
169.3282 	EXP 	New trial (rep=18, index=1): <Trial 73 (1 in rep 18) data={'pos': np.int64(150), 'corr_resp': 'v', 'thisN': 73, 'thisTrialN': 1, 'thisRepN': 18}>
169.3357 	DATA 	Keypress: x
169.3406 	EXP 	fixation: autoDraw = False
169.3406 	EXP 	line1: autoDraw = False
169.3406 	EXP 	line2: autoDraw = False
169.3406 	EXP 	line3: autoDraw = False
169.3406 	EXP 	line4: autoDraw = False
169.3406 	EXP 	probe: autoDraw = False
169.3406 	EXP 	fixation: autoDraw = True
169.5171 	EXP 	Device response: <KeyPress from None: t=169.32001075000153, value=x, duration=0.1922732920065755>
170.3269 	EXP 	line1: autoDraw = True
170.3269 	EXP 	line2: autoDraw = True
170.3269 	EXP 	line3: autoDraw = True
170.3269 	EXP 	line4: autoDraw = True
170.3336 	EXP 	fixation: autoDraw = False
171.3262 	INFO 	Keyboard events cleared
171.3261 	EXP 	probe: autoDraw = True
171.6500 	EXP 	Device response: <KeyPress from None: t=171.64885770900582, value=v, duration=None>
171.6606 	EXP 	New trial (rep=18, index=2): <Trial 74 (2 in rep 18) data={'pos': np.int64(50), 'corr_resp': 'c ', 'thisN': 74, 'thisTrialN': 2, 'thisRepN': 18}>
171.6674 	DATA 	Keypress: v
171.6724 	EXP 	fixation: autoDraw = False
171.6724 	EXP 	line1: autoDraw = False
171.6724 	EXP 	line2: autoDraw = False
171.6724 	EXP 	line3: autoDraw = False
171.6724 	EXP 	line4: autoDraw = False
171.6724 	EXP 	probe: autoDraw = False
171.6724 	EXP 	fixation: autoDraw = True
171.7782 	EXP 	Device response: <KeyPress from None: t=171.64885770900582, value=v, duration=0.120446125001763>
172.6498 	EXP 	line1: autoDraw = True
172.6498 	EXP 	line2: autoDraw = True
172.6498 	EXP 	line3: autoDraw = True
172.6498 	EXP 	line4: autoDraw = True
172.6764 	EXP 	fixation: autoDraw = False
173.6506 	INFO 	Keyboard events cleared
173.6503 	EXP 	probe: autoDraw = True
173.9777 	EXP 	Device response: <KeyPress from None: t=173.97485604199755, value=c, duration=None>
173.9782 	EXP 	New trial (rep=18, index=3): <Trial 75 (3 in rep 18) data={'pos': np.int64(-150), 'corr_resp': 'z', 'thisN': 75, 'thisTrialN': 3, 'thisRepN': 18}>
173.9870 	DATA 	Keypress: c
173.9919 	EXP 	fixation: autoDraw = False
173.9919 	EXP 	line1: autoDraw = False
173.9919 	EXP 	line2: autoDraw = False
173.9919 	EXP 	line3: autoDraw = False
173.9919 	EXP 	line4: autoDraw = False
173.9919 	EXP 	probe: autoDraw = False
173.9919 	EXP 	fixation: autoDraw = True
174.1447 	EXP 	Device response: <KeyPress from None: t=173.97485604199755, value=c, duration=0.16022041700489353>
174.9756 	EXP 	line1: autoDraw = True
174.9756 	EXP 	line2: autoDraw = True
174.9756 	EXP 	line3: autoDraw = True
174.9756 	EXP 	line4: autoDraw = True
174.9788 	EXP 	fixation: autoDraw = False
175.9766 	INFO 	Keyboard events cleared
175.9763 	EXP 	probe: autoDraw = True
176.4614 	EXP 	Device response: <KeyPress from None: t=176.45983150000393, value=z, duration=None>
176.4621 	EXP 	New trial (rep=19, index=0): <Trial 76 (0 in rep 19) data={'pos': np.int64(-50), 'corr_resp': 'x', 'thisN': 76, 'thisTrialN': 0, 'thisRepN': 19}>
176.4700 	DATA 	Keypress: z
176.4747 	EXP 	fixation: autoDraw = False
176.4747 	EXP 	line1: autoDraw = False
176.4747 	EXP 	line2: autoDraw = False
176.4747 	EXP 	line3: autoDraw = False
176.4747 	EXP 	line4: autoDraw = False
176.4747 	EXP 	probe: autoDraw = False
176.4747 	EXP 	fixation: autoDraw = True
176.5990 	EXP 	Device response: <KeyPress from None: t=176.45983150000393, value=z, duration=0.13626237500284333>
177.4601 	EXP 	line1: autoDraw = True
177.4601 	EXP 	line2: autoDraw = True
177.4601 	EXP 	line3: autoDraw = True
177.4601 	EXP 	line4: autoDraw = True
177.4668 	EXP 	fixation: autoDraw = False
178.4603 	INFO 	Keyboard events cleared
178.4601 	EXP 	probe: autoDraw = True
178.7785 	EXP 	Device response: <KeyPress from None: t=178.77178404200822, value=x, duration=None>
178.7793 	EXP 	New trial (rep=19, index=1): <Trial 77 (1 in rep 19) data={'pos': np.int64(150), 'corr_resp': 'v', 'thisN': 77, 'thisTrialN': 1, 'thisRepN': 19}>
178.7887 	DATA 	Keypress: x
178.7938 	EXP 	fixation: autoDraw = False
178.7938 	EXP 	line1: autoDraw = False
178.7938 	EXP 	line2: autoDraw = False
178.7938 	EXP 	line3: autoDraw = False
178.7938 	EXP 	line4: autoDraw = False
178.7938 	EXP 	probe: autoDraw = False
178.7938 	EXP 	fixation: autoDraw = True
178.9339 	EXP 	Device response: <KeyPress from None: t=178.77178404200822, value=x, duration=0.16033308299665805>
179.7766 	EXP 	line1: autoDraw = True
179.7766 	EXP 	line2: autoDraw = True
179.7766 	EXP 	line3: autoDraw = True
179.7766 	EXP 	line4: autoDraw = True
179.7824 	EXP 	fixation: autoDraw = False
180.7766 	INFO 	Keyboard events cleared
180.7765 	EXP 	probe: autoDraw = True
181.0618 	EXP 	Device response: <KeyPress from None: t=181.05370412500633, value=v, duration=None>
181.0626 	EXP 	New trial (rep=19, index=2): <Trial 78 (2 in rep 19) data={'pos': np.int64(50), 'corr_resp': 'c ', 'thisN': 78, 'thisTrialN': 2, 'thisRepN': 19}>
181.0701 	DATA 	Keypress: v
181.0751 	EXP 	fixation: autoDraw = False
181.0751 	EXP 	line1: autoDraw = False
181.0751 	EXP 	line2: autoDraw = False
181.0751 	EXP 	line3: autoDraw = False
181.0751 	EXP 	line4: autoDraw = False
181.0751 	EXP 	probe: autoDraw = False
181.0751 	EXP 	fixation: autoDraw = True
181.2109 	EXP 	Device response: <KeyPress from None: t=181.05370412500633, value=v, duration=0.14828224999655504>
182.0599 	EXP 	line1: autoDraw = True
182.0599 	EXP 	line2: autoDraw = True
182.0599 	EXP 	line3: autoDraw = True
182.0599 	EXP 	line4: autoDraw = True
182.0669 	EXP 	fixation: autoDraw = False
183.0600 	INFO 	Keyboard events cleared
183.0598 	EXP 	probe: autoDraw = True
183.7108 	EXP 	Device response: <KeyPress from None: t=183.7096328750049, value=c, duration=None>
183.7113 	EXP 	New trial (rep=19, index=3): <Trial 79 (3 in rep 19) data={'pos': np.int64(-150), 'corr_resp': 'z', 'thisN': 79, 'thisTrialN': 3, 'thisRepN': 19}>
183.7180 	DATA 	Keypress: c
183.7229 	EXP 	fixation: autoDraw = False
183.7229 	EXP 	line1: autoDraw = False
183.7229 	EXP 	line2: autoDraw = False
183.7229 	EXP 	line3: autoDraw = False
183.7229 	EXP 	line4: autoDraw = False
183.7229 	EXP 	probe: autoDraw = False
183.7229 	EXP 	fixation: autoDraw = True
183.8994 	EXP 	Device response: <KeyPress from None: t=183.7096328750049, value=c, duration=0.1842893339926377>
184.7097 	EXP 	line1: autoDraw = True
184.7097 	EXP 	line2: autoDraw = True
184.7097 	EXP 	line3: autoDraw = True
184.7097 	EXP 	line4: autoDraw = True
184.7159 	EXP 	fixation: autoDraw = False
185.7099 	INFO 	Keyboard events cleared
185.7097 	EXP 	probe: autoDraw = True
186.1509 	EXP 	Device response: <KeyPress from None: t=186.1464875840029, value=z, duration=None>
186.1513 	EXP 	New trial (rep=20, index=0): <Trial 80 (0 in rep 20) data={'pos': np.int64(-50), 'corr_resp': 'x', 'thisN': 80, 'thisTrialN': 0, 'thisRepN': 20}>
186.1577 	DATA 	Keypress: z
186.1621 	EXP 	fixation: autoDraw = False
186.1621 	EXP 	line1: autoDraw = False
186.1621 	EXP 	line2: autoDraw = False
186.1621 	EXP 	line3: autoDraw = False
186.1621 	EXP 	line4: autoDraw = False
186.1621 	EXP 	probe: autoDraw = False
186.1621 	EXP 	fixation: autoDraw = True
186.3502 	EXP 	Device response: <KeyPress from None: t=186.1464875840029, value=z, duration=0.2003066659963224>
187.1502 	EXP 	line1: autoDraw = True
187.1502 	EXP 	line2: autoDraw = True
187.1502 	EXP 	line3: autoDraw = True
187.1502 	EXP 	line4: autoDraw = True
187.1599 	EXP 	fixation: autoDraw = False
188.1504 	INFO 	Keyboard events cleared
188.1502 	EXP 	probe: autoDraw = True
188.4611 	EXP 	Device response: <KeyPress from None: t=188.4514377500018, value=x, duration=None>
188.4615 	EXP 	New trial (rep=20, index=1): <Trial 81 (1 in rep 20) data={'pos': np.int64(150), 'corr_resp': 'v', 'thisN': 81, 'thisTrialN': 1, 'thisRepN': 20}>
188.4690 	DATA 	Keypress: x
188.4740 	EXP 	fixation: autoDraw = False
188.4740 	EXP 	line1: autoDraw = False
188.4740 	EXP 	line2: autoDraw = False
188.4740 	EXP 	line3: autoDraw = False
188.4740 	EXP 	line4: autoDraw = False
188.4740 	EXP 	probe: autoDraw = False
188.4740 	EXP 	fixation: autoDraw = True
188.6285 	EXP 	Device response: <KeyPress from None: t=188.4514377500018, value=x, duration=0.1643476669996744>
189.4598 	EXP 	line1: autoDraw = True
189.4598 	EXP 	line2: autoDraw = True
189.4598 	EXP 	line3: autoDraw = True
189.4598 	EXP 	line4: autoDraw = True
189.4653 	EXP 	fixation: autoDraw = False
190.4599 	INFO 	Keyboard events cleared
190.4597 	EXP 	probe: autoDraw = True
190.7446 	EXP 	Device response: <KeyPress from None: t=190.73837220900168, value=v, duration=None>
190.7453 	EXP 	New trial (rep=20, index=2): <Trial 82 (2 in rep 20) data={'pos': np.int64(50), 'corr_resp': 'c ', 'thisN': 82, 'thisTrialN': 2, 'thisRepN': 20}>
190.7528 	DATA 	Keypress: v
190.7578 	EXP 	fixation: autoDraw = False
190.7578 	EXP 	line1: autoDraw = False
190.7578 	EXP 	line2: autoDraw = False
190.7578 	EXP 	line3: autoDraw = False
190.7578 	EXP 	line4: autoDraw = False
190.7578 	EXP 	probe: autoDraw = False
190.7578 	EXP 	fixation: autoDraw = True
190.8834 	EXP 	Device response: <KeyPress from None: t=190.73837220900168, value=v, duration=0.1403884159954032>
191.7431 	EXP 	line1: autoDraw = True
191.7431 	EXP 	line2: autoDraw = True
191.7431 	EXP 	line3: autoDraw = True
191.7431 	EXP 	line4: autoDraw = True
191.7499 	EXP 	fixation: autoDraw = False
192.7432 	INFO 	Keyboard events cleared
192.7430 	EXP 	probe: autoDraw = True
193.0787 	EXP 	Device response: <KeyPress from None: t=193.0692957919964, value=c, duration=None>
193.0792 	EXP 	New trial (rep=20, index=3): <Trial 83 (3 in rep 20) data={'pos': np.int64(-150), 'corr_resp': 'z', 'thisN': 83, 'thisTrialN': 3, 'thisRepN': 20}>
193.0874 	DATA 	Keypress: c
193.0925 	EXP 	fixation: autoDraw = False
193.0925 	EXP 	line1: autoDraw = False
193.0925 	EXP 	line2: autoDraw = False
193.0925 	EXP 	line3: autoDraw = False
193.0925 	EXP 	line4: autoDraw = False
193.0925 	EXP 	probe: autoDraw = False
193.0925 	EXP 	fixation: autoDraw = True
193.2782 	EXP 	Device response: <KeyPress from None: t=193.0692957919964, value=c, duration=0.2043555000127526>
194.0765 	EXP 	line1: autoDraw = True
194.0765 	EXP 	line2: autoDraw = True
194.0765 	EXP 	line3: autoDraw = True
194.0765 	EXP 	line4: autoDraw = True
194.0827 	EXP 	fixation: autoDraw = False
195.0767 	INFO 	Keyboard events cleared
195.0765 	EXP 	probe: autoDraw = True
195.6115 	EXP 	Device response: <KeyPress from None: t=195.608279417007, value=z, duration=None>
195.6123 	EXP 	New trial (rep=21, index=0): <Trial 84 (0 in rep 21) data={'pos': np.int64(-50), 'corr_resp': 'x', 'thisN': 84, 'thisTrialN': 0, 'thisRepN': 21}>
195.6217 	DATA 	Keypress: z
195.6266 	EXP 	fixation: autoDraw = False
195.6266 	EXP 	line1: autoDraw = False
195.6266 	EXP 	line2: autoDraw = False
195.6266 	EXP 	line3: autoDraw = False
195.6266 	EXP 	line4: autoDraw = False
195.6266 	EXP 	probe: autoDraw = False
195.6266 	EXP 	fixation: autoDraw = True
195.7669 	EXP 	Device response: <KeyPress from None: t=195.608279417007, value=z, duration=0.15635170799214393>
196.6098 	EXP 	line1: autoDraw = True
196.6098 	EXP 	line2: autoDraw = True
196.6098 	EXP 	line3: autoDraw = True
196.6098 	EXP 	line4: autoDraw = True
196.6158 	EXP 	fixation: autoDraw = False
197.6100 	INFO 	Keyboard events cleared
197.6098 	EXP 	probe: autoDraw = True
197.9008 	EXP 	Device response: <KeyPress from None: t=197.8971307920001, value=x, duration=None>
197.9013 	EXP 	New trial (rep=21, index=1): <Trial 85 (1 in rep 21) data={'pos': np.int64(150), 'corr_resp': 'v', 'thisN': 85, 'thisTrialN': 1, 'thisRepN': 21}>
197.9080 	DATA 	Keypress: x
197.9125 	EXP 	fixation: autoDraw = False
197.9125 	EXP 	line1: autoDraw = False
197.9125 	EXP 	line2: autoDraw = False
197.9125 	EXP 	line3: autoDraw = False
197.9125 	EXP 	line4: autoDraw = False
197.9125 	EXP 	probe: autoDraw = False
197.9125 	EXP 	fixation: autoDraw = True
198.0631 	EXP 	Device response: <KeyPress from None: t=197.8971307920001, value=x, duration=0.16449733299668878>
198.9004 	EXP 	line1: autoDraw = True
198.9004 	EXP 	line2: autoDraw = True
198.9004 	EXP 	line3: autoDraw = True
198.9004 	EXP 	line4: autoDraw = True
198.9085 	EXP 	fixation: autoDraw = False
199.8996 	INFO 	Keyboard events cleared
199.8993 	EXP 	probe: autoDraw = True
200.2005 	EXP 	Device response: <KeyPress from None: t=200.1940895000007, value=v, duration=None>
200.2010 	EXP 	New trial (rep=21, index=2): <Trial 86 (2 in rep 21) data={'pos': np.int64(50), 'corr_resp': 'c ', 'thisN': 86, 'thisTrialN': 2, 'thisRepN': 21}>
200.2077 	DATA 	Keypress: v
200.2120 	EXP 	fixation: autoDraw = False
200.2120 	EXP 	line1: autoDraw = False
200.2120 	EXP 	line2: autoDraw = False
200.2120 	EXP 	line3: autoDraw = False
200.2120 	EXP 	line4: autoDraw = False
200.2120 	EXP 	probe: autoDraw = False
200.2120 	EXP 	fixation: autoDraw = True
200.3463 	EXP 	Device response: <KeyPress from None: t=200.1940895000007, value=v, duration=0.1443708340084413>
201.2007 	EXP 	line1: autoDraw = True
201.2007 	EXP 	line2: autoDraw = True
201.2007 	EXP 	line3: autoDraw = True
201.2007 	EXP 	line4: autoDraw = True
201.2097 	EXP 	fixation: autoDraw = False
202.2002 	INFO 	Keyboard events cleared
202.2000 	EXP 	probe: autoDraw = True
202.2444 	EXP 	Device response: <KeyPress from None: t=202.24204145900148, value=c, duration=None>
202.2451 	EXP 	New trial (rep=21, index=3): <Trial 87 (3 in rep 21) data={'pos': np.int64(-150), 'corr_resp': 'z', 'thisN': 87, 'thisTrialN': 3, 'thisRepN': 21}>
202.2528 	DATA 	Keypress: c
202.2579 	EXP 	fixation: autoDraw = False
202.2579 	EXP 	line1: autoDraw = False
202.2579 	EXP 	line2: autoDraw = False
202.2579 	EXP 	line3: autoDraw = False
202.2579 	EXP 	line4: autoDraw = False
202.2579 	EXP 	probe: autoDraw = False
202.2579 	EXP 	fixation: autoDraw = True
202.4446 	EXP 	Device response: <KeyPress from None: t=202.24204145900148, value=c, duration=0.19223308299842756>
203.2431 	EXP 	line1: autoDraw = True
203.2431 	EXP 	line2: autoDraw = True
203.2431 	EXP 	line3: autoDraw = True
203.2431 	EXP 	line4: autoDraw = True
203.2496 	EXP 	fixation: autoDraw = False
204.2433 	INFO 	Keyboard events cleared
204.2431 	EXP 	probe: autoDraw = True
204.5783 	EXP 	Device response: <KeyPress from None: t=204.56595033399935, value=z, duration=None>
204.5792 	EXP 	New trial (rep=22, index=0): <Trial 88 (0 in rep 22) data={'pos': np.int64(-50), 'corr_resp': 'x', 'thisN': 88, 'thisTrialN': 0, 'thisRepN': 22}>
204.5865 	DATA 	Keypress: z
204.5916 	EXP 	fixation: autoDraw = False
204.5916 	EXP 	line1: autoDraw = False
204.5916 	EXP 	line2: autoDraw = False
204.5916 	EXP 	line3: autoDraw = False
204.5916 	EXP 	line4: autoDraw = False
204.5916 	EXP 	probe: autoDraw = False
204.5916 	EXP 	fixation: autoDraw = True
204.7617 	EXP 	Device response: <KeyPress from None: t=204.56595033399935, value=z, duration=0.19240875000832602>
205.5765 	EXP 	line1: autoDraw = True
205.5765 	EXP 	line2: autoDraw = True
205.5765 	EXP 	line3: autoDraw = True
205.5765 	EXP 	line4: autoDraw = True
205.5827 	EXP 	fixation: autoDraw = False
206.5766 	INFO 	Keyboard events cleared
206.5764 	EXP 	probe: autoDraw = True
206.8779 	EXP 	Device response: <KeyPress from None: t=206.87496458399983, value=x, duration=None>
206.8786 	EXP 	New trial (rep=22, index=1): <Trial 89 (1 in rep 22) data={'pos': np.int64(150), 'corr_resp': 'v', 'thisN': 89, 'thisTrialN': 1, 'thisRepN': 22}>
206.8855 	DATA 	Keypress: x
206.8906 	EXP 	fixation: autoDraw = False
206.8906 	EXP 	line1: autoDraw = False
206.8906 	EXP 	line2: autoDraw = False
206.8906 	EXP 	line3: autoDraw = False
206.8906 	EXP 	line4: autoDraw = False
206.8906 	EXP 	probe: autoDraw = False
206.8906 	EXP 	fixation: autoDraw = True
207.0490 	EXP 	Device response: <KeyPress from None: t=206.87496458399983, value=x, duration=0.17224104100023396>
207.8765 	EXP 	line1: autoDraw = True
207.8765 	EXP 	line2: autoDraw = True
207.8765 	EXP 	line3: autoDraw = True
207.8765 	EXP 	line4: autoDraw = True
207.8827 	EXP 	fixation: autoDraw = False
208.8767 	INFO 	Keyboard events cleared
208.8765 	EXP 	probe: autoDraw = True
209.1596 	EXP 	Device response: <KeyPress from None: t=209.15680075000273, value=v, duration=None>
209.1601 	EXP 	New trial (rep=22, index=2): <Trial 90 (2 in rep 22) data={'pos': np.int64(50), 'corr_resp': 'c ', 'thisN': 90, 'thisTrialN': 2, 'thisRepN': 22}>
209.1673 	DATA 	Keypress: v
209.1717 	EXP 	fixation: autoDraw = False
209.1717 	EXP 	line1: autoDraw = False
209.1717 	EXP 	line2: autoDraw = False
209.1717 	EXP 	line3: autoDraw = False
209.1717 	EXP 	line4: autoDraw = False
209.1717 	EXP 	probe: autoDraw = False
209.1717 	EXP 	fixation: autoDraw = True
209.2831 	EXP 	Device response: <KeyPress from None: t=209.15680075000273, value=v, duration=0.12440270899969619>
210.1505 	EXP 	line1: autoDraw = True
210.1505 	EXP 	line2: autoDraw = True
210.1505 	EXP 	line3: autoDraw = True
210.1505 	EXP 	line4: autoDraw = True
210.1641 	EXP 	fixation: autoDraw = False
211.1506 	INFO 	Keyboard events cleared
211.1504 	EXP 	probe: autoDraw = True
211.4615 	EXP 	Device response: <KeyPress from None: t=211.45268183400913, value=c, duration=None>
211.4622 	EXP 	New trial (rep=22, index=3): <Trial 91 (3 in rep 22) data={'pos': np.int64(-150), 'corr_resp': 'z', 'thisN': 91, 'thisTrialN': 3, 'thisRepN': 22}>
211.4694 	DATA 	Keypress: c
211.4742 	EXP 	fixation: autoDraw = False
211.4742 	EXP 	line1: autoDraw = False
211.4742 	EXP 	line2: autoDraw = False
211.4742 	EXP 	line3: autoDraw = False
211.4742 	EXP 	line4: autoDraw = False
211.4742 	EXP 	probe: autoDraw = False
211.4742 	EXP 	fixation: autoDraw = True
211.6667 	EXP 	Device response: <KeyPress from None: t=211.45268183400913, value=c, duration=0.21235879098821897>
212.4653 	EXP 	fixation: autoDraw = False
212.4653 	EXP 	line1: autoDraw = True
212.4653 	EXP 	line2: autoDraw = True
212.4653 	EXP 	line3: autoDraw = True
212.4653 	EXP 	line4: autoDraw = True
213.4598 	INFO 	Keyboard events cleared
213.4596 	EXP 	probe: autoDraw = True
213.7275 	EXP 	Device response: <KeyPress from None: t=213.72081004199572, value=z, duration=None>
213.7280 	EXP 	New trial (rep=23, index=0): <Trial 92 (0 in rep 23) data={'pos': np.int64(-50), 'corr_resp': 'x', 'thisN': 92, 'thisTrialN': 0, 'thisRepN': 23}>
213.7350 	DATA 	Keypress: z
213.7399 	EXP 	fixation: autoDraw = False
213.7399 	EXP 	line1: autoDraw = False
213.7399 	EXP 	line2: autoDraw = False
213.7399 	EXP 	line3: autoDraw = False
213.7399 	EXP 	line4: autoDraw = False
213.7399 	EXP 	probe: autoDraw = False
213.7399 	EXP 	fixation: autoDraw = True
213.8779 	EXP 	Device response: <KeyPress from None: t=213.72081004199572, value=z, duration=0.14411033301439602>
214.7262 	EXP 	line1: autoDraw = True
214.7262 	EXP 	line2: autoDraw = True
214.7262 	EXP 	line3: autoDraw = True
214.7262 	EXP 	line4: autoDraw = True
214.7332 	EXP 	fixation: autoDraw = False
215.7266 	INFO 	Keyboard events cleared
215.7264 	EXP 	probe: autoDraw = True
215.9776 	EXP 	Device response: <KeyPress from None: t=215.96754033400794, value=x, duration=None>
215.9780 	EXP 	New trial (rep=23, index=1): <Trial 93 (1 in rep 23) data={'pos': np.int64(150), 'corr_resp': 'v', 'thisN': 93, 'thisTrialN': 1, 'thisRepN': 23}>
215.9850 	DATA 	Keypress: x
215.9900 	EXP 	fixation: autoDraw = False
215.9900 	EXP 	line1: autoDraw = False
215.9900 	EXP 	line2: autoDraw = False
215.9900 	EXP 	line3: autoDraw = False
215.9900 	EXP 	line4: autoDraw = False
215.9900 	EXP 	probe: autoDraw = False
215.9900 	EXP 	fixation: autoDraw = True
216.1784 	EXP 	Device response: <KeyPress from None: t=215.96754033400794, value=x, duration=0.2003946249897126>
216.9763 	EXP 	line1: autoDraw = True
216.9763 	EXP 	line2: autoDraw = True
216.9763 	EXP 	line3: autoDraw = True
216.9763 	EXP 	line4: autoDraw = True
216.9821 	EXP 	fixation: autoDraw = False
217.9755 	INFO 	Keyboard events cleared
217.9754 	EXP 	probe: autoDraw = True
218.3006 	EXP 	Device response: <KeyPress from None: t=218.29753091699968, value=v, duration=None>
218.3011 	EXP 	New trial (rep=23, index=2): <Trial 94 (2 in rep 23) data={'pos': np.int64(50), 'corr_resp': 'c ', 'thisN': 94, 'thisTrialN': 2, 'thisRepN': 23}>
218.3082 	DATA 	Keypress: v
218.3127 	EXP 	fixation: autoDraw = False
218.3127 	EXP 	line1: autoDraw = False
218.3127 	EXP 	line2: autoDraw = False
218.3127 	EXP 	line3: autoDraw = False
218.3127 	EXP 	line4: autoDraw = False
218.3127 	EXP 	probe: autoDraw = False
218.3127 	EXP 	fixation: autoDraw = True
218.4842 	EXP 	Device response: <KeyPress from None: t=218.29753091699968, value=v, duration=0.18040995800402015>
219.3005 	EXP 	line1: autoDraw = True
219.3005 	EXP 	line2: autoDraw = True
219.3005 	EXP 	line3: autoDraw = True
219.3005 	EXP 	line4: autoDraw = True
219.3097 	EXP 	fixation: autoDraw = False
220.2998 	INFO 	Keyboard events cleared
220.2996 	EXP 	probe: autoDraw = True
220.5841 	EXP 	Device response: <KeyPress from None: t=220.5775141250051, value=c, duration=None>
220.5846 	EXP 	New trial (rep=23, index=3): <Trial 95 (3 in rep 23) data={'pos': np.int64(-150), 'corr_resp': 'z', 'thisN': 95, 'thisTrialN': 3, 'thisRepN': 23}>
220.5927 	DATA 	Keypress: c
220.5969 	EXP 	fixation: autoDraw = False
220.5969 	EXP 	line1: autoDraw = False
220.5969 	EXP 	line2: autoDraw = False
220.5969 	EXP 	line3: autoDraw = False
220.5969 	EXP 	line4: autoDraw = False
220.5969 	EXP 	probe: autoDraw = False
220.5969 	EXP 	fixation: autoDraw = True
220.6946 	EXP 	Device response: <KeyPress from None: t=220.5775141250051, value=c, duration=0.11229729199840222>
221.5823 	EXP 	line1: autoDraw = True
221.5823 	EXP 	line2: autoDraw = True
221.5823 	EXP 	line3: autoDraw = True
221.5823 	EXP 	line4: autoDraw = True
221.5933 	EXP 	fixation: autoDraw = False
222.5838 	INFO 	Keyboard events cleared
222.5835 	EXP 	probe: autoDraw = True
222.8278 	EXP 	Device response: <KeyPress from None: t=222.8173888750025, value=z, duration=None>
222.8283 	EXP 	New trial (rep=24, index=0): <Trial 96 (0 in rep 24) data={'pos': np.int64(-50), 'corr_resp': 'x', 'thisN': 96, 'thisTrialN': 0, 'thisRepN': 24}>
222.8346 	DATA 	Keypress: z
222.8393 	EXP 	fixation: autoDraw = False
222.8393 	EXP 	line1: autoDraw = False
222.8393 	EXP 	line2: autoDraw = False
222.8393 	EXP 	line3: autoDraw = False
222.8393 	EXP 	line4: autoDraw = False
222.8393 	EXP 	probe: autoDraw = False
222.8393 	EXP 	fixation: autoDraw = True
222.9778 	EXP 	Device response: <KeyPress from None: t=222.8173888750025, value=z, duration=0.15234324999619275>
223.8262 	EXP 	line1: autoDraw = True
223.8262 	EXP 	line2: autoDraw = True
223.8262 	EXP 	line3: autoDraw = True
223.8262 	EXP 	line4: autoDraw = True
223.8316 	EXP 	fixation: autoDraw = False
224.8265 	INFO 	Keyboard events cleared
224.8263 	EXP 	probe: autoDraw = True
225.1175 	EXP 	Device response: <KeyPress from None: t=225.11140941700432, value=x, duration=None>
225.1180 	EXP 	New trial (rep=24, index=1): <Trial 97 (1 in rep 24) data={'pos': np.int64(150), 'corr_resp': 'v', 'thisN': 97, 'thisTrialN': 1, 'thisRepN': 24}>
225.1247 	DATA 	Keypress: x
225.1288 	EXP 	fixation: autoDraw = False
225.1288 	EXP 	line1: autoDraw = False
225.1288 	EXP 	line2: autoDraw = False
225.1288 	EXP 	line3: autoDraw = False
225.1288 	EXP 	line4: autoDraw = False
225.1288 	EXP 	probe: autoDraw = False
225.1288 	EXP 	fixation: autoDraw = True
225.2836 	EXP 	Device response: <KeyPress from None: t=225.11140941700432, value=x, duration=0.168386167002609>
226.1166 	EXP 	line1: autoDraw = True
226.1166 	EXP 	line2: autoDraw = True
226.1166 	EXP 	line3: autoDraw = True
226.1166 	EXP 	line4: autoDraw = True
226.1263 	EXP 	fixation: autoDraw = False
227.1165 	INFO 	Keyboard events cleared
227.1163 	EXP 	probe: autoDraw = True
227.4607 	EXP 	Device response: <KeyPress from None: t=227.4583090840024, value=v, duration=None>
227.4611 	EXP 	New trial (rep=24, index=2): <Trial 98 (2 in rep 24) data={'pos': np.int64(50), 'corr_resp': 'c ', 'thisN': 98, 'thisTrialN': 2, 'thisRepN': 24}>
227.4680 	DATA 	Keypress: v
227.4731 	EXP 	fixation: autoDraw = False
227.4731 	EXP 	line1: autoDraw = False
227.4731 	EXP 	line2: autoDraw = False
227.4731 	EXP 	line3: autoDraw = False
227.4731 	EXP 	line4: autoDraw = False
227.4731 	EXP 	probe: autoDraw = False
227.4731 	EXP 	fixation: autoDraw = True
227.6500 	EXP 	Device response: <KeyPress from None: t=227.4583090840024, value=v, duration=0.1883190829976229>
228.4510 	EXP 	line1: autoDraw = True
228.4510 	EXP 	line2: autoDraw = True
228.4510 	EXP 	line3: autoDraw = True
228.4510 	EXP 	line4: autoDraw = True
228.4635 	EXP 	fixation: autoDraw = False
229.4598 	INFO 	Keyboard events cleared
229.4597 	EXP 	probe: autoDraw = True
229.7669 	EXP 	Device response: <KeyPress from None: t=229.76024220899853, value=c, duration=None>
229.7673 	EXP 	New trial (rep=24, index=3): <Trial 99 (3 in rep 24) data={'pos': np.int64(-150), 'corr_resp': 'z', 'thisN': 99, 'thisTrialN': 3, 'thisRepN': 24}>
229.7736 	DATA 	Keypress: c
229.7794 	EXP 	fixation: autoDraw = False
229.7794 	EXP 	line1: autoDraw = False
229.7794 	EXP 	line2: autoDraw = False
229.7794 	EXP 	line3: autoDraw = False
229.7794 	EXP 	line4: autoDraw = False
229.7794 	EXP 	probe: autoDraw = False
229.7794 	EXP 	fixation: autoDraw = True
229.9667 	EXP 	Device response: <KeyPress from None: t=229.76024220899853, value=c, duration=0.20423324999865144>
230.7657 	EXP 	line1: autoDraw = True
230.7657 	EXP 	line2: autoDraw = True
230.7657 	EXP 	line3: autoDraw = True
230.7657 	EXP 	line4: autoDraw = True
230.7752 	EXP 	fixation: autoDraw = False
231.7678 	INFO 	Keyboard events cleared
231.7676 	EXP 	probe: autoDraw = True
232.1442 	EXP 	Device response: <KeyPress from None: t=232.1411663339968, value=z, duration=None>
232.2112 	EXP 	Imported /Users/tiaragajjar/Downloads/EXP 4 - Sheet1.csv as conditions, 4 conditions, 2 params
232.2223 	EXP 	New trial (rep=0, index=0): <Trial 0 (0 in rep 0) data={'pos': np.int64(-150), 'corr_resp': 'z', 'thisN': 0, 'thisTrialN': 0, 'thisRepN': 0}>
232.2269 	DATA 	Keypress: z
232.2309 	EXP 	fixation: autoDraw = False
232.2309 	EXP 	line1: autoDraw = False
232.2309 	EXP 	line2: autoDraw = False
232.2309 	EXP 	line3: autoDraw = False
232.2309 	EXP 	line4: autoDraw = False
232.2309 	EXP 	probe: autoDraw = False
232.2309 	EXP 	fixation: autoDraw = True
232.3098 	EXP 	Device response: <KeyPress from None: t=232.1411663339968, value=z, duration=0.16031870800361503>
233.1430 	EXP 	line1: autoDraw = True
233.1430 	EXP 	line2: autoDraw = True
233.1430 	EXP 	line3: autoDraw = True
233.1430 	EXP 	line4: autoDraw = True
233.2263 	EXP 	fixation: autoDraw = False
234.1431 	INFO 	Keyboard events cleared
234.1429 	EXP 	probe: autoDraw = True
234.7330 	EXP 	Device response: <KeyPress from None: t=234.73206820900668, value=z, duration=None>
234.7335 	EXP 	New trial (rep=0, index=1): <Trial 1 (1 in rep 0) data={'pos': np.int64(150), 'corr_resp': 'v', 'thisN': 1, 'thisTrialN': 1, 'thisRepN': 0}>
234.7424 	DATA 	Keypress: z
234.7465 	EXP 	fixation: autoDraw = False
234.7465 	EXP 	line1: autoDraw = False
234.7465 	EXP 	line2: autoDraw = False
234.7465 	EXP 	line3: autoDraw = False
234.7465 	EXP 	line4: autoDraw = False
234.7465 	EXP 	probe: autoDraw = False
234.7465 	EXP 	fixation: autoDraw = True
234.8947 	EXP 	Device response: <KeyPress from None: t=234.73206820900668, value=z, duration=0.1604207909986144>
235.7345 	EXP 	line1: autoDraw = True
235.7345 	EXP 	line2: autoDraw = True
235.7345 	EXP 	line3: autoDraw = True
235.7345 	EXP 	line4: autoDraw = True
235.7427 	EXP 	fixation: autoDraw = False
236.7265 	INFO 	Keyboard events cleared
236.7263 	EXP 	probe: autoDraw = True
237.1942 	EXP 	Device response: <KeyPress from None: t=237.18290479200368, value=v, duration=None>
237.1947 	EXP 	New trial (rep=0, index=2): <Trial 2 (2 in rep 0) data={'pos': np.int64(-50), 'corr_resp': 'x', 'thisN': 2, 'thisTrialN': 2, 'thisRepN': 0}>
237.2015 	DATA 	Keypress: v
237.2063 	EXP 	fixation: autoDraw = False
237.2063 	EXP 	line1: autoDraw = False
237.2063 	EXP 	line2: autoDraw = False
237.2063 	EXP 	line3: autoDraw = False
237.2063 	EXP 	line4: autoDraw = False
237.2063 	EXP 	probe: autoDraw = False
237.2063 	EXP 	fixation: autoDraw = True
237.3606 	EXP 	Device response: <KeyPress from None: t=237.18290479200368, value=v, duration=0.16846283299673814>
238.1932 	EXP 	line1: autoDraw = True
238.1932 	EXP 	line2: autoDraw = True
238.1932 	EXP 	line3: autoDraw = True
238.1932 	EXP 	line4: autoDraw = True
238.1991 	EXP 	fixation: autoDraw = False
239.1932 	INFO 	Keyboard events cleared
239.1930 	EXP 	probe: autoDraw = True
239.5443 	EXP 	Device response: <KeyPress from None: t=239.53793979200418, value=x, duration=None>
239.5448 	EXP 	New trial (rep=0, index=3): <Trial 3 (3 in rep 0) data={'pos': np.int64(50), 'corr_resp': 'c ', 'thisN': 3, 'thisTrialN': 3, 'thisRepN': 0}>
239.5519 	DATA 	Keypress: x
239.5569 	EXP 	fixation: autoDraw = False
239.5569 	EXP 	line1: autoDraw = False
239.5569 	EXP 	line2: autoDraw = False
239.5569 	EXP 	line3: autoDraw = False
239.5569 	EXP 	line4: autoDraw = False
239.5569 	EXP 	probe: autoDraw = False
239.5569 	EXP 	fixation: autoDraw = True
239.7450 	EXP 	Device response: <KeyPress from None: t=239.53793979200418, value=x, duration=0.19631866700365208>
240.5430 	EXP 	line1: autoDraw = True
240.5430 	EXP 	line2: autoDraw = True
240.5430 	EXP 	line3: autoDraw = True
240.5430 	EXP 	line4: autoDraw = True
240.5498 	EXP 	fixation: autoDraw = False
241.5427 	INFO 	Keyboard events cleared
241.5425 	EXP 	probe: autoDraw = True
241.8272 	EXP 	Device response: <KeyPress from None: t=241.825897333998, value=c, duration=None>
241.8277 	EXP 	New trial (rep=1, index=4): <Trial 4 (4 in rep 1) data={'pos': np.int64(-150), 'corr_resp': 'z', 'thisN': 4, 'thisTrialN': 4, 'thisRepN': 1}>
241.8346 	DATA 	Keypress: c
241.8398 	EXP 	fixation: autoDraw = False
241.8398 	EXP 	line1: autoDraw = False
241.8398 	EXP 	line2: autoDraw = False
241.8398 	EXP 	line3: autoDraw = False
241.8398 	EXP 	line4: autoDraw = False
241.8398 	EXP 	probe: autoDraw = False
241.8398 	EXP 	fixation: autoDraw = True
242.0442 	EXP 	Device response: <KeyPress from None: t=241.825897333998, value=c, duration=0.21630116600135807>
242.8263 	EXP 	line1: autoDraw = True
242.8263 	EXP 	line2: autoDraw = True
242.8263 	EXP 	line3: autoDraw = True
242.8263 	EXP 	line4: autoDraw = True
242.8326 	EXP 	fixation: autoDraw = False
243.8260 	INFO 	Keyboard events cleared
243.8258 	EXP 	probe: autoDraw = True
244.2268 	EXP 	Device response: <KeyPress from None: t=244.22479183399992, value=z, duration=None>
244.2271 	EXP 	New trial (rep=1, index=5): <Trial 5 (5 in rep 1) data={'pos': np.int64(-50), 'corr_resp': 'x', 'thisN': 5, 'thisTrialN': 5, 'thisRepN': 1}>
244.2310 	EXP 	fixation: autoDraw = False
244.2310 	EXP 	line1: autoDraw = False
244.2310 	EXP 	line2: autoDraw = False
244.2310 	EXP 	line3: autoDraw = False
244.2310 	EXP 	line4: autoDraw = False
244.2310 	EXP 	probe: autoDraw = False
244.2310 	EXP 	fixation: autoDraw = True
244.2332 	DATA 	Keypress: z
244.3608 	EXP 	Device response: <KeyPress from None: t=244.22479183399992, value=z, duration=0.12910979099979158>
245.2172 	EXP 	line1: autoDraw = True
245.2172 	EXP 	line2: autoDraw = True
245.2172 	EXP 	line3: autoDraw = True
245.2172 	EXP 	line4: autoDraw = True
245.2256 	EXP 	fixation: autoDraw = False
246.2171 	INFO 	Keyboard events cleared
246.2169 	EXP 	probe: autoDraw = True
246.5625 	EXP 	Device response: <KeyPress from None: t=246.56077374999586, value=x, duration=None>
246.5627 	EXP 	New trial (rep=1, index=6): <Trial 6 (6 in rep 1) data={'pos': np.int64(50), 'corr_resp': 'c ', 'thisN': 6, 'thisTrialN': 6, 'thisRepN': 1}>
246.5760 	EXP 	fixation: autoDraw = False
246.5760 	EXP 	line1: autoDraw = False
246.5760 	EXP 	line2: autoDraw = False
246.5760 	EXP 	line3: autoDraw = False
246.5760 	EXP 	line4: autoDraw = False
246.5760 	EXP 	probe: autoDraw = False
246.5760 	EXP 	fixation: autoDraw = True
246.5780 	DATA 	Keypress: x
246.7108 	EXP 	Device response: <KeyPress from None: t=246.56077374999586, value=x, duration=0.14034550001088064>
247.5596 	EXP 	line1: autoDraw = True
247.5596 	EXP 	line2: autoDraw = True
247.5596 	EXP 	line3: autoDraw = True
247.5596 	EXP 	line4: autoDraw = True
247.5659 	EXP 	fixation: autoDraw = False
248.5599 	INFO 	Keyboard events cleared
248.5597 	EXP 	probe: autoDraw = True
248.8838 	EXP 	Device response: <KeyPress from None: t=248.87957820900192, value=c, duration=None>
248.8843 	EXP 	New trial (rep=1, index=7): <Trial 7 (7 in rep 1) data={'pos': np.int64(150), 'corr_resp': 'v', 'thisN': 7, 'thisTrialN': 7, 'thisRepN': 1}>
248.8911 	DATA 	Keypress: c
248.8955 	EXP 	fixation: autoDraw = False
248.8955 	EXP 	line1: autoDraw = False
248.8955 	EXP 	line2: autoDraw = False
248.8955 	EXP 	line3: autoDraw = False
248.8955 	EXP 	line4: autoDraw = False
248.8955 	EXP 	probe: autoDraw = False
248.8955 	EXP 	fixation: autoDraw = True
249.0451 	EXP 	Device response: <KeyPress from None: t=248.87957820900192, value=c, duration=0.16045570799906272>
249.8840 	EXP 	line1: autoDraw = True
249.8840 	EXP 	line2: autoDraw = True
249.8840 	EXP 	line3: autoDraw = True
249.8840 	EXP 	line4: autoDraw = True
249.8918 	EXP 	fixation: autoDraw = False
250.8840 	INFO 	Keyboard events cleared
250.8837 	EXP 	probe: autoDraw = True
251.2837 	EXP 	Device response: <KeyPress from None: t=251.2775612090045, value=v, duration=None>
251.2842 	EXP 	New trial (rep=2, index=8): <Trial 8 (8 in rep 2) data={'pos': np.int64(50), 'corr_resp': 'c ', 'thisN': 8, 'thisTrialN': 8, 'thisRepN': 2}>
251.2907 	DATA 	Keypress: v
251.2954 	EXP 	fixation: autoDraw = False
251.2954 	EXP 	line1: autoDraw = False
251.2954 	EXP 	line2: autoDraw = False
251.2954 	EXP 	line3: autoDraw = False
251.2954 	EXP 	line4: autoDraw = False
251.2954 	EXP 	probe: autoDraw = False
251.2954 	EXP 	fixation: autoDraw = True
251.4487 	EXP 	Device response: <KeyPress from None: t=251.2775612090045, value=v, duration=0.16829383300500922>
252.2839 	EXP 	line1: autoDraw = True
252.2839 	EXP 	line2: autoDraw = True
252.2839 	EXP 	line3: autoDraw = True
252.2839 	EXP 	line4: autoDraw = True
252.2914 	EXP 	fixation: autoDraw = False
253.2837 	INFO 	Keyboard events cleared
253.2835 	EXP 	probe: autoDraw = True
253.6940 	EXP 	Device response: <KeyPress from None: t=253.6895534590003, value=c, duration=None>
253.6945 	EXP 	New trial (rep=2, index=9): <Trial 9 (9 in rep 2) data={'pos': np.int64(150), 'corr_resp': 'v', 'thisN': 9, 'thisTrialN': 9, 'thisRepN': 2}>
253.7014 	DATA 	Keypress: c
253.7062 	EXP 	fixation: autoDraw = False
253.7062 	EXP 	line1: autoDraw = False
253.7062 	EXP 	line2: autoDraw = False
253.7062 	EXP 	line3: autoDraw = False
253.7062 	EXP 	line4: autoDraw = False
253.7062 	EXP 	probe: autoDraw = False
253.7062 	EXP 	fixation: autoDraw = True
253.8832 	EXP 	Device response: <KeyPress from None: t=253.6895534590003, value=c, duration=0.18832445800944697>
254.6929 	EXP 	line1: autoDraw = True
254.6929 	EXP 	line2: autoDraw = True
254.6929 	EXP 	line3: autoDraw = True
254.6929 	EXP 	line4: autoDraw = True
254.6990 	EXP 	fixation: autoDraw = False
255.6933 	INFO 	Keyboard events cleared
255.6930 	EXP 	probe: autoDraw = True
256.0612 	EXP 	Device response: <KeyPress from None: t=256.0564677920047, value=v, duration=None>
256.0616 	EXP 	New trial (rep=2, index=10): <Trial 10 (10 in rep 2) data={'pos': np.int64(-50), 'corr_resp': 'x', 'thisN': 10, 'thisTrialN': 10, 'thisRepN': 2}>
256.0684 	DATA 	Keypress: v
256.0733 	EXP 	fixation: autoDraw = False
256.0733 	EXP 	line1: autoDraw = False
256.0733 	EXP 	line2: autoDraw = False
256.0733 	EXP 	line3: autoDraw = False
256.0733 	EXP 	line4: autoDraw = False
256.0733 	EXP 	probe: autoDraw = False
256.0733 	EXP 	fixation: autoDraw = True
256.2498 	EXP 	Device response: <KeyPress from None: t=256.0564677920047, value=v, duration=0.19229337500291876>
257.0597 	EXP 	line1: autoDraw = True
257.0597 	EXP 	line2: autoDraw = True
257.0597 	EXP 	line3: autoDraw = True
257.0597 	EXP 	line4: autoDraw = True
257.0653 	EXP 	fixation: autoDraw = False
258.0597 	INFO 	Keyboard events cleared
258.0595 	EXP 	probe: autoDraw = True
258.4112 	EXP 	Device response: <KeyPress from None: t=258.4053186670062, value=x, duration=None>
258.4117 	EXP 	New trial (rep=3, index=11): <Trial 11 (11 in rep 3) data={'pos': np.int64(-50), 'corr_resp': 'x', 'thisN': 11, 'thisTrialN': 11, 'thisRepN': 3}>
258.4194 	DATA 	Keypress: x
258.4244 	EXP 	fixation: autoDraw = False
258.4244 	EXP 	line1: autoDraw = False
258.4244 	EXP 	line2: autoDraw = False
258.4244 	EXP 	line3: autoDraw = False
258.4244 	EXP 	line4: autoDraw = False
258.4244 	EXP 	probe: autoDraw = False
258.4244 	EXP 	fixation: autoDraw = True
258.5666 	EXP 	Device response: <KeyPress from None: t=258.4053186670062, value=x, duration=0.15643833299691323>
259.4095 	EXP 	line1: autoDraw = True
259.4095 	EXP 	line2: autoDraw = True
259.4095 	EXP 	line3: autoDraw = True
259.4095 	EXP 	line4: autoDraw = True
259.4149 	EXP 	fixation: autoDraw = False
260.4099 	INFO 	Keyboard events cleared
260.4097 	EXP 	probe: autoDraw = True
260.8173 	EXP 	Device response: <KeyPress from None: t=260.81528933400114, value=x, duration=None>
260.8177 	EXP 	New trial (rep=3, index=12): <Trial 12 (12 in rep 3) data={'pos': np.int64(150), 'corr_resp': 'v', 'thisN': 12, 'thisTrialN': 12, 'thisRepN': 3}>
260.8249 	EXP 	fixation: autoDraw = False
260.8249 	EXP 	line1: autoDraw = False
260.8249 	EXP 	line2: autoDraw = False
260.8249 	EXP 	line3: autoDraw = False
260.8249 	EXP 	line4: autoDraw = False
260.8249 	EXP 	probe: autoDraw = False
260.8249 	EXP 	fixation: autoDraw = True
260.8305 	DATA 	Keypress: x
260.9500 	EXP 	Device response: <KeyPress from None: t=260.81528933400114, value=x, duration=0.13227816599828657>
261.8170 	EXP 	fixation: autoDraw = False
261.8170 	EXP 	line1: autoDraw = True
261.8170 	EXP 	line2: autoDraw = True
261.8170 	EXP 	line3: autoDraw = True
261.8170 	EXP 	line4: autoDraw = True
262.8164 	INFO 	Keyboard events cleared
262.8162 	EXP 	probe: autoDraw = True
263.1950 	EXP 	Device response: <KeyPress from None: t=263.1932600840082, value=v, duration=None>
263.2026 	DATA 	Keypress: v
263.2083 	EXP 	New trial (rep=2, index=13): <Trial 13 (13 in rep 2) data={'pos': np.int64(-150), 'corr_resp': 'z', 'thisN': 13, 'thisTrialN': 13, 'thisRepN': 2}>
263.2127 	EXP 	fixation: autoDraw = False
263.2127 	EXP 	line1: autoDraw = False
263.2127 	EXP 	line2: autoDraw = False
263.2127 	EXP 	line3: autoDraw = False
263.2127 	EXP 	line4: autoDraw = False
263.2127 	EXP 	probe: autoDraw = False
263.2127 	EXP 	fixation: autoDraw = True
263.3777 	EXP 	Device response: <KeyPress from None: t=263.1932600840082, value=v, duration=0.17228458299359772>
264.2011 	EXP 	line1: autoDraw = True
264.2011 	EXP 	line2: autoDraw = True
264.2011 	EXP 	line3: autoDraw = True
264.2011 	EXP 	line4: autoDraw = True
264.2090 	EXP 	fixation: autoDraw = False
265.2001 	INFO 	Keyboard events cleared
265.1999 	EXP 	probe: autoDraw = True
265.5612 	EXP 	Device response: <KeyPress from None: t=265.5491168340086, value=z, duration=None>
265.5619 	EXP 	New trial (rep=3, index=14): <Trial 14 (14 in rep 3) data={'pos': np.int64(-150), 'corr_resp': 'z', 'thisN': 14, 'thisTrialN': 14, 'thisRepN': 3}>
265.5692 	DATA 	Keypress: z
265.5741 	EXP 	fixation: autoDraw = False
265.5741 	EXP 	line1: autoDraw = False
265.5741 	EXP 	line2: autoDraw = False
265.5741 	EXP 	line3: autoDraw = False
265.5741 	EXP 	line4: autoDraw = False
265.5741 	EXP 	probe: autoDraw = False
265.5741 	EXP 	fixation: autoDraw = True
265.6947 	EXP 	Device response: <KeyPress from None: t=265.5491168340086, value=z, duration=0.1394214999891119>
266.5597 	EXP 	line1: autoDraw = True
266.5597 	EXP 	line2: autoDraw = True
266.5597 	EXP 	line3: autoDraw = True
266.5597 	EXP 	line4: autoDraw = True
266.5666 	EXP 	fixation: autoDraw = False
267.5599 	INFO 	Keyboard events cleared
267.5596 	EXP 	probe: autoDraw = True
268.1616 	EXP 	Device response: <KeyPress from None: t=268.1550651669968, value=z, duration=None>
268.1626 	EXP 	New trial (rep=4, index=15): <Trial 15 (15 in rep 4) data={'pos': np.int64(150), 'corr_resp': 'v', 'thisN': 15, 'thisTrialN': 15, 'thisRepN': 4}>
268.1711 	DATA 	Keypress: z
268.1758 	EXP 	fixation: autoDraw = False
268.1758 	EXP 	line1: autoDraw = False
268.1758 	EXP 	line2: autoDraw = False
268.1758 	EXP 	line3: autoDraw = False
268.1758 	EXP 	line4: autoDraw = False
268.1758 	EXP 	probe: autoDraw = False
268.1758 	EXP 	fixation: autoDraw = True
268.3110 	EXP 	Device response: <KeyPress from None: t=268.1550651669968, value=z, duration=0.15247445800923742>
269.1597 	EXP 	line1: autoDraw = True
269.1597 	EXP 	line2: autoDraw = True
269.1597 	EXP 	line3: autoDraw = True
269.1597 	EXP 	line4: autoDraw = True
269.1665 	EXP 	fixation: autoDraw = False
270.1596 	INFO 	Keyboard events cleared
270.1594 	EXP 	probe: autoDraw = True
270.5774 	EXP 	Device response: <KeyPress from None: t=270.5690899170004, value=v, duration=None>
270.5779 	EXP 	New trial (rep=4, index=16): <Trial 16 (16 in rep 4) data={'pos': np.int64(-50), 'corr_resp': 'x', 'thisN': 16, 'thisTrialN': 16, 'thisRepN': 4}>
270.5848 	DATA 	Keypress: v
270.5897 	EXP 	fixation: autoDraw = False
270.5897 	EXP 	line1: autoDraw = False
270.5897 	EXP 	line2: autoDraw = False
270.5897 	EXP 	line3: autoDraw = False
270.5897 	EXP 	line4: autoDraw = False
270.5897 	EXP 	probe: autoDraw = False
270.5897 	EXP 	fixation: autoDraw = True
270.7115 	EXP 	Device response: <KeyPress from None: t=270.5690899170004, value=v, duration=0.13621741700626444>
271.5762 	EXP 	line1: autoDraw = True
271.5762 	EXP 	line2: autoDraw = True
271.5762 	EXP 	line3: autoDraw = True
271.5762 	EXP 	line4: autoDraw = True
271.5826 	EXP 	fixation: autoDraw = False
272.5763 	INFO 	Keyboard events cleared
272.5761 	EXP 	probe: autoDraw = True
272.9281 	EXP 	Device response: <KeyPress from None: t=272.92004116700264, value=x, duration=None>
272.9290 	EXP 	New trial (rep=4, index=17): <Trial 17 (17 in rep 4) data={'pos': np.int64(-150), 'corr_resp': 'z', 'thisN': 17, 'thisTrialN': 17, 'thisRepN': 4}>
272.9359 	DATA 	Keypress: x
272.9409 	EXP 	fixation: autoDraw = False
272.9409 	EXP 	line1: autoDraw = False
272.9409 	EXP 	line2: autoDraw = False
272.9409 	EXP 	line3: autoDraw = False
272.9409 	EXP 	line4: autoDraw = False
272.9409 	EXP 	probe: autoDraw = False
272.9409 	EXP 	fixation: autoDraw = True
273.1171 	EXP 	Device response: <KeyPress from None: t=272.92004116700264, value=x, duration=0.19230533299560193>
273.9262 	EXP 	line1: autoDraw = True
273.9262 	EXP 	line2: autoDraw = True
273.9262 	EXP 	line3: autoDraw = True
273.9262 	EXP 	line4: autoDraw = True
273.9318 	EXP 	fixation: autoDraw = False
274.9267 	INFO 	Keyboard events cleared
274.9265 	EXP 	probe: autoDraw = True
275.3334 	EXP 	Device response: <KeyPress from None: t=275.331900959005, value=z, duration=None>
275.3339 	EXP 	New trial (rep=5, index=18): <Trial 18 (18 in rep 5) data={'pos': np.int64(150), 'corr_resp': 'v', 'thisN': 18, 'thisTrialN': 18, 'thisRepN': 5}>
275.3409 	DATA 	Keypress: z
275.3455 	EXP 	fixation: autoDraw = False
275.3455 	EXP 	line1: autoDraw = False
275.3455 	EXP 	line2: autoDraw = False
275.3455 	EXP 	line3: autoDraw = False
275.3455 	EXP 	line4: autoDraw = False
275.3455 	EXP 	probe: autoDraw = False
275.3455 	EXP 	fixation: autoDraw = True
275.4996 	EXP 	Device response: <KeyPress from None: t=275.331900959005, value=z, duration=0.16434233299514744>
276.3331 	EXP 	line1: autoDraw = True
276.3331 	EXP 	line2: autoDraw = True
276.3331 	EXP 	line3: autoDraw = True
276.3331 	EXP 	line4: autoDraw = True
276.3430 	EXP 	fixation: autoDraw = False
277.3336 	INFO 	Keyboard events cleared
277.3334 	EXP 	probe: autoDraw = True
277.7607 	EXP 	Device response: <KeyPress from None: t=277.75588816699747, value=v, duration=None>
277.7612 	EXP 	New trial (rep=5, index=19): <Trial 19 (19 in rep 5) data={'pos': np.int64(-150), 'corr_resp': 'z', 'thisN': 19, 'thisTrialN': 19, 'thisRepN': 5}>
277.7681 	DATA 	Keypress: v
277.7732 	EXP 	fixation: autoDraw = False
277.7732 	EXP 	line1: autoDraw = False
277.7732 	EXP 	line2: autoDraw = False
277.7732 	EXP 	line3: autoDraw = False
277.7732 	EXP 	line4: autoDraw = False
277.7732 	EXP 	probe: autoDraw = False
277.7732 	EXP 	fixation: autoDraw = True
277.9448 	EXP 	Device response: <KeyPress from None: t=277.75588816699747, value=v, duration=0.18434041700675152>
278.7596 	EXP 	line1: autoDraw = True
278.7596 	EXP 	line2: autoDraw = True
278.7596 	EXP 	line3: autoDraw = True
278.7596 	EXP 	line4: autoDraw = True
278.7657 	EXP 	fixation: autoDraw = False
279.7597 	INFO 	Keyboard events cleared
279.7595 	EXP 	probe: autoDraw = True
280.1441 	EXP 	Device response: <KeyPress from None: t=280.1426911669987, value=z, duration=None>
280.1446 	EXP 	New trial (rep=5, index=20): <Trial 20 (20 in rep 5) data={'pos': np.int64(-50), 'corr_resp': 'x', 'thisN': 20, 'thisTrialN': 20, 'thisRepN': 5}>
280.1514 	DATA 	Keypress: z
280.1567 	EXP 	fixation: autoDraw = False
280.1567 	EXP 	line1: autoDraw = False
280.1567 	EXP 	line2: autoDraw = False
280.1567 	EXP 	line3: autoDraw = False
280.1567 	EXP 	line4: autoDraw = False
280.1567 	EXP 	probe: autoDraw = False
280.1567 	EXP 	fixation: autoDraw = True
280.2781 	EXP 	Device response: <KeyPress from None: t=280.1426911669987, value=z, duration=0.1284851670061471>
281.1432 	EXP 	line1: autoDraw = True
281.1432 	EXP 	line2: autoDraw = True
281.1432 	EXP 	line3: autoDraw = True
281.1432 	EXP 	line4: autoDraw = True
281.1493 	EXP 	fixation: autoDraw = False
282.1431 	INFO 	Keyboard events cleared
282.1428 	EXP 	probe: autoDraw = True
282.5107 	EXP 	Device response: <KeyPress from None: t=282.50468204201024, value=x, duration=None>
282.5112 	EXP 	New trial (rep=3, index=21): <Trial 21 (21 in rep 3) data={'pos': np.int64(50), 'corr_resp': 'c ', 'thisN': 21, 'thisTrialN': 21, 'thisRepN': 3}>
282.5177 	DATA 	Keypress: x
282.5227 	EXP 	fixation: autoDraw = False
282.5227 	EXP 	line1: autoDraw = False
282.5227 	EXP 	line2: autoDraw = False
282.5227 	EXP 	line3: autoDraw = False
282.5227 	EXP 	line4: autoDraw = False
282.5227 	EXP 	probe: autoDraw = False
282.5227 	EXP 	fixation: autoDraw = True
282.7283 	EXP 	Device response: <KeyPress from None: t=282.50468204201024, value=x, duration=0.21239679199061356>
283.5095 	EXP 	line1: autoDraw = True
283.5095 	EXP 	line2: autoDraw = True
283.5095 	EXP 	line3: autoDraw = True
283.5095 	EXP 	line4: autoDraw = True
283.5157 	EXP 	fixation: autoDraw = False
284.5097 	INFO 	Keyboard events cleared
284.5095 	EXP 	probe: autoDraw = True
284.8829 	EXP 	Device response: <KeyPress from None: t=284.88160670900834, value=c, duration=None>
284.8834 	EXP 	New trial (rep=6, index=22): <Trial 22 (22 in rep 6) data={'pos': np.int64(150), 'corr_resp': 'v', 'thisN': 22, 'thisTrialN': 22, 'thisRepN': 6}>
284.8900 	DATA 	Keypress: c
284.8950 	EXP 	fixation: autoDraw = False
284.8950 	EXP 	line1: autoDraw = False
284.8950 	EXP 	line2: autoDraw = False
284.8950 	EXP 	line3: autoDraw = False
284.8950 	EXP 	line4: autoDraw = False
284.8950 	EXP 	probe: autoDraw = False
284.8950 	EXP 	fixation: autoDraw = True
285.0997 	EXP 	Device response: <KeyPress from None: t=284.88160670900834, value=c, duration=0.21638045799045358>
285.8840 	EXP 	line1: autoDraw = True
285.8840 	EXP 	line2: autoDraw = True
285.8840 	EXP 	line3: autoDraw = True
285.8840 	EXP 	line4: autoDraw = True
285.8927 	EXP 	fixation: autoDraw = False
286.8760 	INFO 	Keyboard events cleared
286.8758 	EXP 	probe: autoDraw = True
287.2842 	EXP 	Device response: <KeyPress from None: t=287.2785795840027, value=v, duration=None>
287.2846 	EXP 	New trial (rep=7, index=23): <Trial 23 (23 in rep 7) data={'pos': np.int64(150), 'corr_resp': 'v', 'thisN': 23, 'thisTrialN': 23, 'thisRepN': 7}>
287.2908 	DATA 	Keypress: v
287.2951 	EXP 	fixation: autoDraw = False
287.2951 	EXP 	line1: autoDraw = False
287.2951 	EXP 	line2: autoDraw = False
287.2951 	EXP 	line3: autoDraw = False
287.2951 	EXP 	line4: autoDraw = False
287.2951 	EXP 	probe: autoDraw = False
287.2951 	EXP 	fixation: autoDraw = True
287.4110 	EXP 	Device response: <KeyPress from None: t=287.2785795840027, value=v, duration=0.12435954100510571>
288.2833 	EXP 	line1: autoDraw = True
288.2833 	EXP 	line2: autoDraw = True
288.2833 	EXP 	line3: autoDraw = True
288.2833 	EXP 	line4: autoDraw = True
288.2929 	EXP 	fixation: autoDraw = False
289.2826 	INFO 	Keyboard events cleared
289.2824 	EXP 	probe: autoDraw = True
289.7165 	EXP 	Device response: <KeyPress from None: t=289.7154778749973, value=v, duration=None>
289.7268 	EXP 	New trial (rep=6, index=24): <Trial 24 (24 in rep 6) data={'pos': np.int64(-150), 'corr_resp': 'z', 'thisN': 24, 'thisTrialN': 24, 'thisRepN': 6}>
289.7354 	DATA 	Keypress: v
289.7404 	EXP 	fixation: autoDraw = False
289.7404 	EXP 	line1: autoDraw = False
289.7404 	EXP 	line2: autoDraw = False
289.7404 	EXP 	line3: autoDraw = False
289.7404 	EXP 	line4: autoDraw = False
289.7404 	EXP 	probe: autoDraw = False
289.7404 	EXP 	fixation: autoDraw = True
289.8832 	EXP 	Device response: <KeyPress from None: t=289.7154778749973, value=v, duration=0.1643359170120675>
290.7168 	EXP 	line1: autoDraw = True
290.7168 	EXP 	line2: autoDraw = True
290.7168 	EXP 	line3: autoDraw = True
290.7168 	EXP 	line4: autoDraw = True
290.7322 	EXP 	fixation: autoDraw = False
291.7177 	INFO 	Keyboard events cleared
291.7174 	EXP 	probe: autoDraw = True
292.1350 	EXP 	Device response: <KeyPress from None: t=292.1294569169986, value=z, duration=None>
292.1355 	EXP 	New trial (rep=4, index=25): <Trial 25 (25 in rep 4) data={'pos': np.int64(50), 'corr_resp': 'c ', 'thisN': 25, 'thisTrialN': 25, 'thisRepN': 4}>
292.1431 	DATA 	Keypress: z
292.1479 	EXP 	fixation: autoDraw = False
292.1479 	EXP 	line1: autoDraw = False
292.1479 	EXP 	line2: autoDraw = False
292.1479 	EXP 	line3: autoDraw = False
292.1479 	EXP 	line4: autoDraw = False
292.1479 	EXP 	probe: autoDraw = False
292.1479 	EXP 	fixation: autoDraw = True
292.2941 	EXP 	Device response: <KeyPress from None: t=292.1294569169986, value=z, duration=0.15633308301039506>
293.1332 	EXP 	line1: autoDraw = True
293.1332 	EXP 	line2: autoDraw = True
293.1332 	EXP 	line3: autoDraw = True
293.1332 	EXP 	line4: autoDraw = True
293.1428 	EXP 	fixation: autoDraw = False
294.1423 	INFO 	Keyboard events cleared
294.1421 	EXP 	probe: autoDraw = True
294.5933 	EXP 	Device response: <KeyPress from None: t=294.5753456250095, value=c, duration=None>
294.5941 	EXP 	New trial (rep=5, index=26): <Trial 26 (26 in rep 5) data={'pos': np.int64(50), 'corr_resp': 'c ', 'thisN': 26, 'thisTrialN': 26, 'thisRepN': 5}>
294.5981 	DATA 	Keypress: c
294.6019 	EXP 	fixation: autoDraw = False
294.6019 	EXP 	line1: autoDraw = False
294.6019 	EXP 	line2: autoDraw = False
294.6019 	EXP 	line3: autoDraw = False
294.6019 	EXP 	line4: autoDraw = False
294.6019 	EXP 	probe: autoDraw = False
294.6019 	EXP 	fixation: autoDraw = True
294.7281 	EXP 	Device response: <KeyPress from None: t=294.5753456250095, value=c, duration=0.14831391698680818>
295.5833 	EXP 	line1: autoDraw = True
295.5833 	EXP 	line2: autoDraw = True
295.5833 	EXP 	line3: autoDraw = True
295.5833 	EXP 	line4: autoDraw = True
295.5988 	EXP 	fixation: autoDraw = False
296.5837 	INFO 	Keyboard events cleared
296.5834 	EXP 	probe: autoDraw = True
296.9441 	EXP 	Device response: <KeyPress from None: t=296.93529516700073, value=c, duration=None>
296.9446 	EXP 	New trial (rep=6, index=27): <Trial 27 (27 in rep 6) data={'pos': np.int64(-50), 'corr_resp': 'x', 'thisN': 27, 'thisTrialN': 27, 'thisRepN': 6}>
296.9523 	DATA 	Keypress: c
296.9579 	EXP 	fixation: autoDraw = False
296.9579 	EXP 	line1: autoDraw = False
296.9579 	EXP 	line2: autoDraw = False
296.9579 	EXP 	line3: autoDraw = False
296.9579 	EXP 	line4: autoDraw = False
296.9579 	EXP 	probe: autoDraw = False
296.9579 	EXP 	fixation: autoDraw = True
297.1444 	EXP 	Device response: <KeyPress from None: t=296.93529516700073, value=c, duration=0.20033175000571646>
297.9428 	EXP 	line1: autoDraw = True
297.9428 	EXP 	line2: autoDraw = True
297.9428 	EXP 	line3: autoDraw = True
297.9428 	EXP 	line4: autoDraw = True
297.9494 	EXP 	fixation: autoDraw = False
298.9430 	INFO 	Keyboard events cleared
298.9428 	EXP 	probe: autoDraw = True
299.4610 	EXP 	Device response: <KeyPress from None: t=299.45926866700756, value=x, duration=None>
299.4617 	EXP 	New trial (rep=7, index=28): <Trial 28 (28 in rep 7) data={'pos': np.int64(-150), 'corr_resp': 'z', 'thisN': 28, 'thisTrialN': 28, 'thisRepN': 7}>
299.4695 	DATA 	Keypress: x
299.4746 	EXP 	fixation: autoDraw = False
299.4746 	EXP 	line1: autoDraw = False
299.4746 	EXP 	line2: autoDraw = False
299.4746 	EXP 	line3: autoDraw = False
299.4746 	EXP 	line4: autoDraw = False
299.4746 	EXP 	probe: autoDraw = False
299.4746 	EXP 	fixation: autoDraw = True
299.6287 	EXP 	Device response: <KeyPress from None: t=299.45926866700756, value=x, duration=0.1602774170023622>
300.4585 	EXP 	line1: autoDraw = True
300.4585 	EXP 	line2: autoDraw = True
300.4585 	EXP 	line3: autoDraw = True
300.4585 	EXP 	line4: autoDraw = True
300.4637 	EXP 	fixation: autoDraw = False
301.4598 	INFO 	Keyboard events cleared
301.4595 	EXP 	probe: autoDraw = True
301.8443 	EXP 	Device response: <KeyPress from None: t=301.8401219590014, value=z, duration=None>
301.8448 	EXP 	New trial (rep=8, index=29): <Trial 29 (29 in rep 8) data={'pos': np.int64(-150), 'corr_resp': 'z', 'thisN': 29, 'thisTrialN': 29, 'thisRepN': 8}>
301.8512 	DATA 	Keypress: z
301.8558 	EXP 	fixation: autoDraw = False
301.8558 	EXP 	line1: autoDraw = False
301.8558 	EXP 	line2: autoDraw = False
301.8558 	EXP 	line3: autoDraw = False
301.8558 	EXP 	line4: autoDraw = False
301.8558 	EXP 	probe: autoDraw = False
301.8558 	EXP 	fixation: autoDraw = True
301.9830 	EXP 	Device response: <KeyPress from None: t=301.8401219590014, value=z, duration=0.14030183300201315>
302.8430 	EXP 	line1: autoDraw = True
302.8430 	EXP 	line2: autoDraw = True
302.8430 	EXP 	line3: autoDraw = True
302.8430 	EXP 	line4: autoDraw = True
302.8492 	EXP 	fixation: autoDraw = False
303.8430 	INFO 	Keyboard events cleared
303.8428 	EXP 	probe: autoDraw = True
304.4340 	EXP 	Device response: <KeyPress from None: t=304.42703083400556, value=z, duration=None>
304.4345 	EXP 	New trial (rep=9, index=30): <Trial 30 (30 in rep 9) data={'pos': np.int64(-150), 'corr_resp': 'z', 'thisN': 30, 'thisTrialN': 30, 'thisRepN': 9}>
304.4413 	DATA 	Keypress: z
304.4455 	EXP 	fixation: autoDraw = False
304.4455 	EXP 	line1: autoDraw = False
304.4455 	EXP 	line2: autoDraw = False
304.4455 	EXP 	line3: autoDraw = False
304.4455 	EXP 	line4: autoDraw = False
304.4455 	EXP 	probe: autoDraw = False
304.4455 	EXP 	fixation: autoDraw = True
304.5779 	EXP 	Device response: <KeyPress from None: t=304.42703083400556, value=z, duration=0.1403544159984449>
305.4335 	EXP 	line1: autoDraw = True
305.4335 	EXP 	line2: autoDraw = True
305.4335 	EXP 	line3: autoDraw = True
305.4335 	EXP 	line4: autoDraw = True
305.4420 	EXP 	fixation: autoDraw = False
306.4332 	INFO 	Keyboard events cleared
306.4329 	EXP 	probe: autoDraw = True
306.9108 	EXP 	Device response: <KeyPress from None: t=306.8999422920024, value=z, duration=None>
306.9113 	EXP 	New trial (rep=6, index=31): <Trial 31 (31 in rep 6) data={'pos': np.int64(50), 'corr_resp': 'c ', 'thisN': 31, 'thisTrialN': 31, 'thisRepN': 6}>
306.9187 	DATA 	Keypress: z
306.9238 	EXP 	fixation: autoDraw = False
306.9238 	EXP 	line1: autoDraw = False
306.9238 	EXP 	line2: autoDraw = False
306.9238 	EXP 	line3: autoDraw = False
306.9238 	EXP 	line4: autoDraw = False
306.9238 	EXP 	probe: autoDraw = False
306.9238 	EXP 	fixation: autoDraw = True
307.0447 	EXP 	Device response: <KeyPress from None: t=306.8999422920024, value=z, duration=0.13639100000727922>
307.9095 	EXP 	line1: autoDraw = True
307.9095 	EXP 	line2: autoDraw = True
307.9095 	EXP 	line3: autoDraw = True
307.9095 	EXP 	line4: autoDraw = True
307.9152 	EXP 	fixation: autoDraw = False
308.9096 	INFO 	Keyboard events cleared
308.9094 	EXP 	probe: autoDraw = True
309.4276 	EXP 	Device response: <KeyPress from None: t=309.415907083996, value=c, duration=None>
309.4281 	EXP 	New trial (rep=7, index=32): <Trial 32 (32 in rep 7) data={'pos': np.int64(-50), 'corr_resp': 'x', 'thisN': 32, 'thisTrialN': 32, 'thisRepN': 7}>
309.4339 	DATA 	Keypress: c
309.4381 	EXP 	fixation: autoDraw = False
309.4381 	EXP 	line1: autoDraw = False
309.4381 	EXP 	line2: autoDraw = False
309.4381 	EXP 	line3: autoDraw = False
309.4381 	EXP 	line4: autoDraw = False
309.4381 	EXP 	probe: autoDraw = False
309.4381 	EXP 	fixation: autoDraw = True
309.5830 	EXP 	Device response: <KeyPress from None: t=309.415907083996, value=c, duration=0.1643603330012411>
310.4261 	EXP 	line1: autoDraw = True
310.4261 	EXP 	line2: autoDraw = True
310.4261 	EXP 	line3: autoDraw = True
310.4261 	EXP 	line4: autoDraw = True
310.4324 	EXP 	fixation: autoDraw = False
311.4260 	INFO 	Keyboard events cleared
311.4258 	EXP 	probe: autoDraw = True
311.7774 	EXP 	Device response: <KeyPress from None: t=311.77484333400207, value=x, duration=None>
311.7779 	EXP 	New trial (rep=7, index=33): <Trial 33 (33 in rep 7) data={'pos': np.int64(50), 'corr_resp': 'c ', 'thisN': 33, 'thisTrialN': 33, 'thisRepN': 7}>
311.7838 	DATA 	Keypress: x
311.7884 	EXP 	fixation: autoDraw = False
311.7884 	EXP 	line1: autoDraw = False
311.7884 	EXP 	line2: autoDraw = False
311.7884 	EXP 	line3: autoDraw = False
311.7884 	EXP 	line4: autoDraw = False
311.7884 	EXP 	probe: autoDraw = False
311.7884 	EXP 	fixation: autoDraw = True
311.9448 	EXP 	Device response: <KeyPress from None: t=311.77484333400207, value=x, duration=0.1643504160019802>
312.7760 	EXP 	line1: autoDraw = True
312.7760 	EXP 	line2: autoDraw = True
312.7760 	EXP 	line3: autoDraw = True
312.7760 	EXP 	line4: autoDraw = True
312.7823 	EXP 	fixation: autoDraw = False
313.7751 	INFO 	Keyboard events cleared
313.7748 	EXP 	probe: autoDraw = True
314.2102 	EXP 	Device response: <KeyPress from None: t=314.20179333399574, value=c, duration=None>
314.2104 	EXP 	New trial (rep=8, index=34): <Trial 34 (34 in rep 8) data={'pos': np.int64(50), 'corr_resp': 'c ', 'thisN': 34, 'thisTrialN': 34, 'thisRepN': 8}>
314.2132 	DATA 	Keypress: c
314.2170 	EXP 	fixation: autoDraw = False
314.2170 	EXP 	line1: autoDraw = False
314.2170 	EXP 	line2: autoDraw = False
314.2170 	EXP 	line3: autoDraw = False
314.2170 	EXP 	line4: autoDraw = False
314.2170 	EXP 	probe: autoDraw = False
314.2170 	EXP 	fixation: autoDraw = True
314.3667 	EXP 	Device response: <KeyPress from None: t=314.20179333399574, value=c, duration=0.16031612500955816>
315.2012 	EXP 	line1: autoDraw = True
315.2012 	EXP 	line2: autoDraw = True
315.2012 	EXP 	line3: autoDraw = True
315.2012 	EXP 	line4: autoDraw = True
315.2079 	EXP 	fixation: autoDraw = False
316.2004 	INFO 	Keyboard events cleared
316.2002 	EXP 	probe: autoDraw = True
316.7105 	EXP 	Device response: <KeyPress from None: t=316.69967808399815, value=c, duration=None>
316.7110 	EXP 	New trial (rep=8, index=35): <Trial 35 (35 in rep 8) data={'pos': np.int64(150), 'corr_resp': 'v', 'thisN': 35, 'thisTrialN': 35, 'thisRepN': 8}>
316.7180 	DATA 	Keypress: c
316.7228 	EXP 	fixation: autoDraw = False
316.7228 	EXP 	line1: autoDraw = False
316.7228 	EXP 	line2: autoDraw = False
316.7228 	EXP 	line3: autoDraw = False
316.7228 	EXP 	line4: autoDraw = False
316.7228 	EXP 	probe: autoDraw = False
316.7228 	EXP 	fixation: autoDraw = True
316.8280 	EXP 	Device response: <KeyPress from None: t=316.69967808399815, value=c, duration=0.12442933300917502>
317.7096 	EXP 	line1: autoDraw = True
317.7096 	EXP 	line2: autoDraw = True
317.7096 	EXP 	line3: autoDraw = True
317.7096 	EXP 	line4: autoDraw = True
317.7161 	EXP 	fixation: autoDraw = False
318.7097 	INFO 	Keyboard events cleared
318.7095 	EXP 	probe: autoDraw = True
319.1607 	EXP 	Device response: <KeyPress from None: t=319.1491649590025, value=v, duration=None>
319.1612 	EXP 	New trial (rep=9, index=36): <Trial 36 (36 in rep 9) data={'pos': np.int64(50), 'corr_resp': 'c ', 'thisN': 36, 'thisTrialN': 36, 'thisRepN': 9}>
319.1683 	DATA 	Keypress: v
319.1733 	EXP 	fixation: autoDraw = False
319.1733 	EXP 	line1: autoDraw = False
319.1733 	EXP 	line2: autoDraw = False
319.1733 	EXP 	line3: autoDraw = False
319.1733 	EXP 	line4: autoDraw = False
319.1733 	EXP 	probe: autoDraw = False
319.1733 	EXP 	fixation: autoDraw = True
319.3114 	EXP 	Device response: <KeyPress from None: t=319.1491649590025, value=v, duration=0.1597598329972243>
320.1593 	EXP 	line1: autoDraw = True
320.1593 	EXP 	line2: autoDraw = True
320.1593 	EXP 	line3: autoDraw = True
320.1593 	EXP 	line4: autoDraw = True
320.1650 	EXP 	fixation: autoDraw = False
321.1598 	INFO 	Keyboard events cleared
321.1596 	EXP 	probe: autoDraw = True
321.5609 	EXP 	Device response: <KeyPress from None: t=321.5505852500064, value=c, duration=None>
321.5616 	EXP 	New trial (rep=10, index=37): <Trial 37 (37 in rep 10) data={'pos': np.int64(-150), 'corr_resp': 'z', 'thisN': 37, 'thisTrialN': 37, 'thisRepN': 10}>
321.5687 	DATA 	Keypress: c
321.5736 	EXP 	fixation: autoDraw = False
321.5736 	EXP 	line1: autoDraw = False
321.5736 	EXP 	line2: autoDraw = False
321.5736 	EXP 	line3: autoDraw = False
321.5736 	EXP 	line4: autoDraw = False
321.5736 	EXP 	probe: autoDraw = False
321.5736 	EXP 	fixation: autoDraw = True
321.7115 	EXP 	Device response: <KeyPress from None: t=321.5505852500064, value=c, duration=0.15232779199141078>
322.5594 	EXP 	line1: autoDraw = True
322.5594 	EXP 	line2: autoDraw = True
322.5594 	EXP 	line3: autoDraw = True
322.5594 	EXP 	line4: autoDraw = True
322.5650 	EXP 	fixation: autoDraw = False
323.5595 	INFO 	Keyboard events cleared
323.5593 	EXP 	probe: autoDraw = True
323.9942 	EXP 	Device response: <KeyPress from None: t=323.9894624169974, value=z, duration=None>
323.9947 	EXP 	New trial (rep=9, index=38): <Trial 38 (38 in rep 9) data={'pos': np.int64(150), 'corr_resp': 'v', 'thisN': 38, 'thisTrialN': 38, 'thisRepN': 9}>
324.0020 	DATA 	Keypress: z
324.0070 	EXP 	fixation: autoDraw = False
324.0070 	EXP 	line1: autoDraw = False
324.0070 	EXP 	line2: autoDraw = False
324.0070 	EXP 	line3: autoDraw = False
324.0070 	EXP 	line4: autoDraw = False
324.0070 	EXP 	probe: autoDraw = False
324.0070 	EXP 	fixation: autoDraw = True
324.1780 	EXP 	Device response: <KeyPress from None: t=323.9894624169974, value=z, duration=0.1843075420038076>
324.9928 	EXP 	line1: autoDraw = True
324.9928 	EXP 	line2: autoDraw = True
324.9928 	EXP 	line3: autoDraw = True
324.9928 	EXP 	line4: autoDraw = True
324.9984 	EXP 	fixation: autoDraw = False
325.9928 	INFO 	Keyboard events cleared
325.9926 	EXP 	probe: autoDraw = True
326.5329 	EXP 	Device response: <KeyPress from None: t=326.52943462500116, value=v, duration=None>
326.5333 	EXP 	New trial (rep=10, index=39): <Trial 39 (39 in rep 10) data={'pos': np.int64(50), 'corr_resp': 'c ', 'thisN': 39, 'thisTrialN': 39, 'thisRepN': 10}>
326.5399 	DATA 	Keypress: v
326.5452 	EXP 	fixation: autoDraw = False
326.5452 	EXP 	line1: autoDraw = False
326.5452 	EXP 	line2: autoDraw = False
326.5452 	EXP 	line3: autoDraw = False
326.5452 	EXP 	line4: autoDraw = False
326.5452 	EXP 	probe: autoDraw = False
326.5452 	EXP 	fixation: autoDraw = True
326.6996 	EXP 	Device response: <KeyPress from None: t=326.52943462500116, value=v, duration=0.16823170900170226>
327.5339 	EXP 	line1: autoDraw = True
327.5339 	EXP 	line2: autoDraw = True
327.5339 	EXP 	line3: autoDraw = True
327.5339 	EXP 	line4: autoDraw = True
327.5420 	EXP 	fixation: autoDraw = False
328.5329 	INFO 	Keyboard events cleared
328.5327 	EXP 	probe: autoDraw = True
328.9831 	EXP 	Device response: <KeyPress from None: t=328.97727179199865, value=c, duration=None>
328.9836 	EXP 	New trial (rep=11, index=40): <Trial 40 (40 in rep 11) data={'pos': np.int64(50), 'corr_resp': 'c ', 'thisN': 40, 'thisTrialN': 40, 'thisRepN': 11}>
328.9903 	DATA 	Keypress: c
328.9952 	EXP 	fixation: autoDraw = False
328.9952 	EXP 	line1: autoDraw = False
328.9952 	EXP 	line2: autoDraw = False
328.9952 	EXP 	line3: autoDraw = False
328.9952 	EXP 	line4: autoDraw = False
328.9952 	EXP 	probe: autoDraw = False
328.9952 	EXP 	fixation: autoDraw = True
329.1439 	EXP 	Device response: <KeyPress from None: t=328.97727179199865, value=c, duration=0.15634454200335313>
329.9829 	EXP 	line1: autoDraw = True
329.9829 	EXP 	line2: autoDraw = True
329.9829 	EXP 	line3: autoDraw = True
329.9829 	EXP 	line4: autoDraw = True
329.9927 	EXP 	fixation: autoDraw = False
330.9835 	INFO 	Keyboard events cleared
330.9833 	EXP 	probe: autoDraw = True
331.4331 	EXP 	Device response: <KeyPress from None: t=331.4262554169982, value=c, duration=None>
331.4336 	EXP 	New trial (rep=8, index=41): <Trial 41 (41 in rep 8) data={'pos': np.int64(-50), 'corr_resp': 'x', 'thisN': 41, 'thisTrialN': 41, 'thisRepN': 8}>
331.4402 	DATA 	Keypress: c
331.4452 	EXP 	fixation: autoDraw = False
331.4452 	EXP 	line1: autoDraw = False
331.4452 	EXP 	line2: autoDraw = False
331.4452 	EXP 	line3: autoDraw = False
331.4452 	EXP 	line4: autoDraw = False
331.4452 	EXP 	probe: autoDraw = False
331.4452 	EXP 	fixation: autoDraw = True
331.5774 	EXP 	Device response: <KeyPress from None: t=331.4262554169982, value=c, duration=0.1482933750085067>
332.4327 	EXP 	line1: autoDraw = True
332.4327 	EXP 	line2: autoDraw = True
332.4327 	EXP 	line3: autoDraw = True
332.4327 	EXP 	line4: autoDraw = True
332.4428 	EXP 	fixation: autoDraw = False
333.4325 	INFO 	Keyboard events cleared
333.4323 	EXP 	probe: autoDraw = True
333.8174 	EXP 	Device response: <KeyPress from None: t=333.81322958400415, value=x, duration=None>
333.8178 	EXP 	New trial (rep=10, index=42): <Trial 42 (42 in rep 10) data={'pos': np.int64(150), 'corr_resp': 'v', 'thisN': 42, 'thisTrialN': 42, 'thisRepN': 10}>
333.8237 	DATA 	Keypress: x
333.8284 	EXP 	fixation: autoDraw = False
333.8284 	EXP 	line1: autoDraw = False
333.8284 	EXP 	line2: autoDraw = False
333.8284 	EXP 	line3: autoDraw = False
333.8284 	EXP 	line4: autoDraw = False
333.8284 	EXP 	probe: autoDraw = False
333.8284 	EXP 	fixation: autoDraw = True
334.0006 	EXP 	Device response: <KeyPress from None: t=333.81322958400415, value=x, duration=0.18421374999161344>
334.8173 	EXP 	line1: autoDraw = True
334.8173 	EXP 	line2: autoDraw = True
334.8173 	EXP 	line3: autoDraw = True
334.8173 	EXP 	line4: autoDraw = True
334.8249 	EXP 	fixation: autoDraw = False
335.8174 	INFO 	Keyboard events cleared
335.8171 	EXP 	probe: autoDraw = True
336.3337 	EXP 	Device response: <KeyPress from None: t=336.33014504199673, value=v, duration=None>
336.3342 	EXP 	New trial (rep=9, index=43): <Trial 43 (43 in rep 9) data={'pos': np.int64(-50), 'corr_resp': 'x', 'thisN': 43, 'thisTrialN': 43, 'thisRepN': 9}>
336.3405 	DATA 	Keypress: v
336.3452 	EXP 	fixation: autoDraw = False
336.3452 	EXP 	line1: autoDraw = False
336.3452 	EXP 	line2: autoDraw = False
336.3452 	EXP 	line3: autoDraw = False
336.3452 	EXP 	line4: autoDraw = False
336.3452 	EXP 	probe: autoDraw = False
336.3452 	EXP 	fixation: autoDraw = True
336.5113 	EXP 	Device response: <KeyPress from None: t=336.33014504199673, value=v, duration=0.17632220800442155>
337.3337 	EXP 	line1: autoDraw = True
337.3337 	EXP 	line2: autoDraw = True
337.3337 	EXP 	line3: autoDraw = True
337.3337 	EXP 	line4: autoDraw = True
337.3425 	EXP 	fixation: autoDraw = False
338.3332 	INFO 	Keyboard events cleared
338.3330 	EXP 	probe: autoDraw = True
338.7347 	EXP 	Device response: <KeyPress from None: t=338.72905479199835, value=x, duration=None>
338.7351 	EXP 	New trial (rep=11, index=44): <Trial 44 (44 in rep 11) data={'pos': np.int64(-150), 'corr_resp': 'z', 'thisN': 44, 'thisTrialN': 44, 'thisRepN': 11}>
338.7417 	DATA 	Keypress: x
338.7459 	EXP 	fixation: autoDraw = False
338.7459 	EXP 	line1: autoDraw = False
338.7459 	EXP 	line2: autoDraw = False
338.7459 	EXP 	line3: autoDraw = False
338.7459 	EXP 	line4: autoDraw = False
338.7459 	EXP 	probe: autoDraw = False
338.7459 	EXP 	fixation: autoDraw = True
338.8997 	EXP 	Device response: <KeyPress from None: t=338.72905479199835, value=x, duration=0.16832412499934435>
339.7335 	EXP 	line1: autoDraw = True
339.7335 	EXP 	line2: autoDraw = True
339.7335 	EXP 	line3: autoDraw = True
339.7335 	EXP 	line4: autoDraw = True
339.7427 	EXP 	fixation: autoDraw = False
340.7325 	INFO 	Keyboard events cleared
340.7324 	EXP 	probe: autoDraw = True
341.1274 	EXP 	Device response: <KeyPress from None: t=341.1240031250054, value=z, duration=None>
341.1279 	EXP 	New trial (rep=12, index=45): <Trial 45 (45 in rep 12) data={'pos': np.int64(-150), 'corr_resp': 'z', 'thisN': 45, 'thisTrialN': 45, 'thisRepN': 12}>
341.1339 	DATA 	Keypress: z
341.1381 	EXP 	fixation: autoDraw = False
341.1381 	EXP 	line1: autoDraw = False
341.1381 	EXP 	line2: autoDraw = False
341.1381 	EXP 	line3: autoDraw = False
341.1381 	EXP 	line4: autoDraw = False
341.1381 	EXP 	probe: autoDraw = False
341.1381 	EXP 	fixation: autoDraw = True
341.2613 	EXP 	Device response: <KeyPress from None: t=341.1240031250054, value=z, duration=0.12835741699382197>
342.1259 	EXP 	line1: autoDraw = True
342.1259 	EXP 	line2: autoDraw = True
342.1259 	EXP 	line3: autoDraw = True
342.1259 	EXP 	line4: autoDraw = True
342.1322 	EXP 	fixation: autoDraw = False
343.1263 	INFO 	Keyboard events cleared
343.1261 	EXP 	probe: autoDraw = True
343.5496 	EXP 	Device response: <KeyPress from None: t=343.5459209170076, value=z, duration=None>
343.5501 	EXP 	New trial (rep=10, index=46): <Trial 46 (46 in rep 10) data={'pos': np.int64(-50), 'corr_resp': 'x', 'thisN': 46, 'thisTrialN': 46, 'thisRepN': 10}>
343.5558 	DATA 	Keypress: z
343.5615 	EXP 	fixation: autoDraw = False
343.5615 	EXP 	line1: autoDraw = False
343.5615 	EXP 	line2: autoDraw = False
343.5615 	EXP 	line3: autoDraw = False
343.5615 	EXP 	line4: autoDraw = False
343.5615 	EXP 	probe: autoDraw = False
343.5615 	EXP 	fixation: autoDraw = True
343.6992 	EXP 	Device response: <KeyPress from None: t=343.5459209170076, value=z, duration=0.14823937499022577>
344.5502 	EXP 	line1: autoDraw = True
344.5502 	EXP 	line2: autoDraw = True
344.5502 	EXP 	line3: autoDraw = True
344.5502 	EXP 	line4: autoDraw = True
344.5593 	EXP 	fixation: autoDraw = False
345.5499 	INFO 	Keyboard events cleared
345.5496 	EXP 	probe: autoDraw = True
345.9674 	EXP 	Device response: <KeyPress from None: t=345.9597279590089, value=x, duration=None>
345.9679 	EXP 	New trial (rep=13, index=47): <Trial 47 (47 in rep 13) data={'pos': np.int64(-150), 'corr_resp': 'z', 'thisN': 47, 'thisTrialN': 47, 'thisRepN': 13}>
345.9751 	DATA 	Keypress: x
345.9794 	EXP 	fixation: autoDraw = False
345.9794 	EXP 	line1: autoDraw = False
345.9794 	EXP 	line2: autoDraw = False
345.9794 	EXP 	line3: autoDraw = False
345.9794 	EXP 	line4: autoDraw = False
345.9794 	EXP 	probe: autoDraw = False
345.9794 	EXP 	fixation: autoDraw = True
346.1794 	EXP 	Device response: <KeyPress from None: t=345.9597279590089, value=x, duration=0.2084675829974003>
346.9671 	EXP 	line1: autoDraw = True
346.9671 	EXP 	line2: autoDraw = True
346.9671 	EXP 	line3: autoDraw = True
346.9671 	EXP 	line4: autoDraw = True
346.9752 	EXP 	fixation: autoDraw = False
347.9665 	INFO 	Keyboard events cleared
347.9663 	EXP 	probe: autoDraw = True
348.4167 	EXP 	Device response: <KeyPress from None: t=348.41474387500784, value=z, duration=None>
348.4172 	EXP 	New trial (rep=14, index=48): <Trial 48 (48 in rep 14) data={'pos': np.int64(-150), 'corr_resp': 'z', 'thisN': 48, 'thisTrialN': 48, 'thisRepN': 14}>
348.4233 	DATA 	Keypress: z
348.4284 	EXP 	fixation: autoDraw = False
348.4284 	EXP 	line1: autoDraw = False
348.4284 	EXP 	line2: autoDraw = False
348.4284 	EXP 	line3: autoDraw = False
348.4284 	EXP 	line4: autoDraw = False
348.4284 	EXP 	probe: autoDraw = False
348.4284 	EXP 	fixation: autoDraw = True
348.5612 	EXP 	Device response: <KeyPress from None: t=348.41474387500784, value=z, duration=0.14439974998822436>
349.4168 	EXP 	line1: autoDraw = True
349.4168 	EXP 	line2: autoDraw = True
349.4168 	EXP 	line3: autoDraw = True
349.4168 	EXP 	line4: autoDraw = True
349.4253 	EXP 	fixation: autoDraw = False
350.4168 	INFO 	Keyboard events cleared
350.4166 	EXP 	probe: autoDraw = True
350.8272 	EXP 	Device response: <KeyPress from None: t=350.82174812500307, value=z, duration=None>
350.8277 	EXP 	New trial (rep=15, index=49): <Trial 49 (49 in rep 15) data={'pos': np.int64(-150), 'corr_resp': 'z', 'thisN': 49, 'thisTrialN': 49, 'thisRepN': 15}>
350.8343 	DATA 	Keypress: z
350.8392 	EXP 	fixation: autoDraw = False
350.8392 	EXP 	line1: autoDraw = False
350.8392 	EXP 	line2: autoDraw = False
350.8392 	EXP 	line3: autoDraw = False
350.8392 	EXP 	line4: autoDraw = False
350.8392 	EXP 	probe: autoDraw = False
350.8392 	EXP 	fixation: autoDraw = True
350.9949 	EXP 	Device response: <KeyPress from None: t=350.82174812500307, value=z, duration=0.16831808400456794>
351.8260 	EXP 	line1: autoDraw = True
351.8260 	EXP 	line2: autoDraw = True
351.8260 	EXP 	line3: autoDraw = True
351.8260 	EXP 	line4: autoDraw = True
351.8327 	EXP 	fixation: autoDraw = False
352.8248 	INFO 	Keyboard events cleared
352.8246 	EXP 	probe: autoDraw = True
353.2943 	EXP 	Device response: <KeyPress from None: t=353.2886867089983, value=z, duration=None>
353.2948 	EXP 	New trial (rep=16, index=50): <Trial 50 (50 in rep 16) data={'pos': np.int64(-150), 'corr_resp': 'z', 'thisN': 50, 'thisTrialN': 50, 'thisRepN': 16}>
353.3018 	DATA 	Keypress: z
353.3066 	EXP 	fixation: autoDraw = False
353.3066 	EXP 	line1: autoDraw = False
353.3066 	EXP 	line2: autoDraw = False
353.3066 	EXP 	line3: autoDraw = False
353.3066 	EXP 	line4: autoDraw = False
353.3066 	EXP 	probe: autoDraw = False
353.3066 	EXP 	fixation: autoDraw = True
353.4501 	EXP 	Device response: <KeyPress from None: t=353.2886867089983, value=z, duration=0.1562136249995092>
354.2926 	EXP 	line1: autoDraw = True
354.2926 	EXP 	line2: autoDraw = True
354.2926 	EXP 	line3: autoDraw = True
354.2926 	EXP 	line4: autoDraw = True
354.2989 	EXP 	fixation: autoDraw = False
355.2927 	INFO 	Keyboard events cleared
355.2925 	EXP 	probe: autoDraw = True
355.7774 	EXP 	Device response: <KeyPress from None: t=355.77251075000095, value=z, duration=None>
355.7780 	EXP 	New trial (rep=12, index=51): <Trial 51 (51 in rep 12) data={'pos': np.int64(50), 'corr_resp': 'c ', 'thisN': 51, 'thisTrialN': 51, 'thisRepN': 12}>
355.7849 	DATA 	Keypress: z
355.7899 	EXP 	fixation: autoDraw = False
355.7899 	EXP 	line1: autoDraw = False
355.7899 	EXP 	line2: autoDraw = False
355.7899 	EXP 	line3: autoDraw = False
355.7899 	EXP 	line4: autoDraw = False
355.7899 	EXP 	probe: autoDraw = False
355.7899 	EXP 	fixation: autoDraw = True
355.9487 	EXP 	Device response: <KeyPress from None: t=355.77251075000095, value=z, duration=0.1723388749960577>
356.7762 	EXP 	line1: autoDraw = True
356.7762 	EXP 	line2: autoDraw = True
356.7762 	EXP 	line3: autoDraw = True
356.7762 	EXP 	line4: autoDraw = True
356.7824 	EXP 	fixation: autoDraw = False
357.7760 	INFO 	Keyboard events cleared
357.7758 	EXP 	probe: autoDraw = True
358.2106 	EXP 	Device response: <KeyPress from None: t=358.2074972499977, value=c, duration=None>
358.2112 	EXP 	New trial (rep=11, index=52): <Trial 52 (52 in rep 11) data={'pos': np.int64(-50), 'corr_resp': 'x', 'thisN': 52, 'thisTrialN': 52, 'thisRepN': 11}>
358.2180 	DATA 	Keypress: c
358.2229 	EXP 	fixation: autoDraw = False
358.2229 	EXP 	line1: autoDraw = False
358.2229 	EXP 	line2: autoDraw = False
358.2229 	EXP 	line3: autoDraw = False
358.2229 	EXP 	line4: autoDraw = False
358.2229 	EXP 	probe: autoDraw = False
358.2229 	EXP 	fixation: autoDraw = True
358.3828 	EXP 	Device response: <KeyPress from None: t=358.2074972499977, value=c, duration=0.17233675000898074>
359.2089 	EXP 	line1: autoDraw = True
359.2089 	EXP 	line2: autoDraw = True
359.2089 	EXP 	line3: autoDraw = True
359.2089 	EXP 	line4: autoDraw = True
359.2148 	EXP 	fixation: autoDraw = False
360.2085 	INFO 	Keyboard events cleared
360.2082 	EXP 	probe: autoDraw = True
360.5438 	EXP 	Device response: <KeyPress from None: t=360.5363774169964, value=x, duration=None>
360.5445 	EXP 	New trial (rep=13, index=53): <Trial 53 (53 in rep 13) data={'pos': np.int64(50), 'corr_resp': 'c ', 'thisN': 53, 'thisTrialN': 53, 'thisRepN': 13}>
360.5520 	DATA 	Keypress: x
360.5571 	EXP 	fixation: autoDraw = False
360.5571 	EXP 	line1: autoDraw = False
360.5571 	EXP 	line2: autoDraw = False
360.5571 	EXP 	line3: autoDraw = False
360.5571 	EXP 	line4: autoDraw = False
360.5571 	EXP 	probe: autoDraw = False
360.5571 	EXP 	fixation: autoDraw = True
360.7167 	EXP 	Device response: <KeyPress from None: t=360.5363774169964, value=x, duration=0.1764101250009844>
361.5426 	EXP 	line1: autoDraw = True
361.5426 	EXP 	line2: autoDraw = True
361.5426 	EXP 	line3: autoDraw = True
361.5426 	EXP 	line4: autoDraw = True
361.5486 	EXP 	fixation: autoDraw = False
362.5426 	INFO 	Keyboard events cleared
362.5425 	EXP 	probe: autoDraw = True
362.9501 	EXP 	Device response: <KeyPress from None: t=362.9432338750048, value=c, duration=None>
362.9505 	EXP 	New trial (rep=12, index=54): <Trial 54 (54 in rep 12) data={'pos': np.int64(-50), 'corr_resp': 'x', 'thisN': 54, 'thisTrialN': 54, 'thisRepN': 12}>
362.9570 	DATA 	Keypress: c
362.9614 	EXP 	fixation: autoDraw = False
362.9614 	EXP 	line1: autoDraw = False
362.9614 	EXP 	line2: autoDraw = False
362.9614 	EXP 	line3: autoDraw = False
362.9614 	EXP 	line4: autoDraw = False
362.9614 	EXP 	probe: autoDraw = False
362.9614 	EXP 	fixation: autoDraw = True
363.0779 	EXP 	Device response: <KeyPress from None: t=362.9432338750048, value=c, duration=0.13269724999554455>
363.9502 	EXP 	line1: autoDraw = True
363.9502 	EXP 	line2: autoDraw = True
363.9502 	EXP 	line3: autoDraw = True
363.9502 	EXP 	line4: autoDraw = True
363.9593 	EXP 	fixation: autoDraw = False
364.9498 	INFO 	Keyboard events cleared
364.9496 	EXP 	probe: autoDraw = True
365.3994 	EXP 	Device response: <KeyPress from None: t=365.39831120900635, value=x, duration=None>
365.4099 	EXP 	New trial (rep=14, index=55): <Trial 55 (55 in rep 14) data={'pos': np.int64(50), 'corr_resp': 'c ', 'thisN': 55, 'thisTrialN': 55, 'thisRepN': 14}>
365.4165 	DATA 	Keypress: x
365.4214 	EXP 	fixation: autoDraw = False
365.4214 	EXP 	line1: autoDraw = False
365.4214 	EXP 	line2: autoDraw = False
365.4214 	EXP 	line3: autoDraw = False
365.4214 	EXP 	line4: autoDraw = False
365.4214 	EXP 	probe: autoDraw = False
365.4214 	EXP 	fixation: autoDraw = True
365.5164 	EXP 	Device response: <KeyPress from None: t=365.39831120900635, value=x, duration=0.11622129099851009>
366.4001 	EXP 	line1: autoDraw = True
366.4001 	EXP 	line2: autoDraw = True
366.4001 	EXP 	line3: autoDraw = True
366.4001 	EXP 	line4: autoDraw = True
366.4147 	EXP 	fixation: autoDraw = False
367.3991 	INFO 	Keyboard events cleared
367.3989 	EXP 	probe: autoDraw = True
367.7835 	EXP 	Device response: <KeyPress from None: t=367.77723245900415, value=c, duration=None>
367.7840 	EXP 	New trial (rep=15, index=56): <Trial 56 (56 in rep 15) data={'pos': np.int64(50), 'corr_resp': 'c ', 'thisN': 56, 'thisTrialN': 56, 'thisRepN': 15}>
367.7904 	DATA 	Keypress: c
367.7951 	EXP 	fixation: autoDraw = False
367.7951 	EXP 	line1: autoDraw = False
367.7951 	EXP 	line2: autoDraw = False
367.7951 	EXP 	line3: autoDraw = False
367.7951 	EXP 	line4: autoDraw = False
367.7951 	EXP 	probe: autoDraw = False
367.7951 	EXP 	fixation: autoDraw = True
367.9162 	EXP 	Device response: <KeyPress from None: t=367.77723245900415, value=c, duration=0.13625579100335017>
368.7832 	EXP 	line1: autoDraw = True
368.7832 	EXP 	line2: autoDraw = True
368.7832 	EXP 	line3: autoDraw = True
368.7832 	EXP 	line4: autoDraw = True
368.7925 	EXP 	fixation: autoDraw = False
369.7832 	INFO 	Keyboard events cleared
369.7830 	EXP 	probe: autoDraw = True
370.1769 	EXP 	Device response: <KeyPress from None: t=370.17115937500785, value=c, duration=None>
370.1774 	EXP 	New trial (rep=11, index=57): <Trial 57 (57 in rep 11) data={'pos': np.int64(150), 'corr_resp': 'v', 'thisN': 57, 'thisTrialN': 57, 'thisRepN': 11}>
370.1842 	DATA 	Keypress: c
370.1891 	EXP 	fixation: autoDraw = False
370.1891 	EXP 	line1: autoDraw = False
370.1891 	EXP 	line2: autoDraw = False
370.1891 	EXP 	line3: autoDraw = False
370.1891 	EXP 	line4: autoDraw = False
370.1891 	EXP 	probe: autoDraw = False
370.1891 	EXP 	fixation: autoDraw = True
370.3270 	EXP 	Device response: <KeyPress from None: t=370.17115937500785, value=c, duration=0.1442490839981474>
371.1759 	EXP 	line1: autoDraw = True
371.1759 	EXP 	line2: autoDraw = True
371.1759 	EXP 	line3: autoDraw = True
371.1759 	EXP 	line4: autoDraw = True
371.1826 	EXP 	fixation: autoDraw = False
372.1760 	INFO 	Keyboard events cleared
372.1758 	EXP 	probe: autoDraw = True
372.6499 	EXP 	Device response: <KeyPress from None: t=372.6439955000096, value=v, duration=None>
372.6504 	EXP 	New trial (rep=16, index=58): <Trial 58 (58 in rep 16) data={'pos': np.int64(50), 'corr_resp': 'c ', 'thisN': 58, 'thisTrialN': 58, 'thisRepN': 16}>
372.6572 	DATA 	Keypress: v
372.6618 	EXP 	fixation: autoDraw = False
372.6618 	EXP 	line1: autoDraw = False
372.6618 	EXP 	line2: autoDraw = False
372.6618 	EXP 	line3: autoDraw = False
372.6618 	EXP 	line4: autoDraw = False
372.6618 	EXP 	probe: autoDraw = False
372.6618 	EXP 	fixation: autoDraw = True
372.8333 	EXP 	Device response: <KeyPress from None: t=372.6439955000096, value=v, duration=0.18446391698671505>
373.6503 	EXP 	line1: autoDraw = True
373.6503 	EXP 	line2: autoDraw = True
373.6503 	EXP 	line3: autoDraw = True
373.6503 	EXP 	line4: autoDraw = True
373.6592 	EXP 	fixation: autoDraw = False
374.6504 	INFO 	Keyboard events cleared
374.6501 	EXP 	probe: autoDraw = True
375.1165 	EXP 	Device response: <KeyPress from None: t=375.1130536670098, value=c, duration=None>
375.1170 	EXP 	New trial (rep=13, index=59): <Trial 59 (59 in rep 13) data={'pos': np.int64(-50), 'corr_resp': 'x', 'thisN': 59, 'thisTrialN': 59, 'thisRepN': 13}>
375.1241 	DATA 	Keypress: c
375.1286 	EXP 	fixation: autoDraw = False
375.1286 	EXP 	line1: autoDraw = False
375.1286 	EXP 	line2: autoDraw = False
375.1286 	EXP 	line3: autoDraw = False
375.1286 	EXP 	line4: autoDraw = False
375.1286 	EXP 	probe: autoDraw = False
375.1286 	EXP 	fixation: autoDraw = True
375.2444 	EXP 	Device response: <KeyPress from None: t=375.1130536670098, value=c, duration=0.12432224999065511>
376.1174 	EXP 	line1: autoDraw = True
376.1174 	EXP 	line2: autoDraw = True
376.1174 	EXP 	line3: autoDraw = True
376.1174 	EXP 	line4: autoDraw = True
376.1246 	EXP 	fixation: autoDraw = False
377.1162 	INFO 	Keyboard events cleared
377.1159 	EXP 	probe: autoDraw = True
377.4437 	EXP 	Device response: <KeyPress from None: t=377.4338854170055, value=x, duration=None>
377.4441 	EXP 	New trial (rep=12, index=60): <Trial 60 (60 in rep 12) data={'pos': np.int64(150), 'corr_resp': 'v', 'thisN': 60, 'thisTrialN': 60, 'thisRepN': 12}>
377.4502 	DATA 	Keypress: x
377.4544 	EXP 	fixation: autoDraw = False
377.4544 	EXP 	line1: autoDraw = False
377.4544 	EXP 	line2: autoDraw = False
377.4544 	EXP 	line3: autoDraw = False
377.4544 	EXP 	line4: autoDraw = False
377.4544 	EXP 	probe: autoDraw = False
377.4544 	EXP 	fixation: autoDraw = True
377.5946 	EXP 	Device response: <KeyPress from None: t=377.4338854170055, value=x, duration=0.15643633299623616>
378.4427 	EXP 	line1: autoDraw = True
378.4427 	EXP 	line2: autoDraw = True
378.4427 	EXP 	line3: autoDraw = True
378.4427 	EXP 	line4: autoDraw = True
378.4498 	EXP 	fixation: autoDraw = False
379.4427 	INFO 	Keyboard events cleared
379.4425 	EXP 	probe: autoDraw = True
379.8508 	EXP 	Device response: <KeyPress from None: t=379.8437593340059, value=v, duration=None>
379.8513 	EXP 	New trial (rep=17, index=61): <Trial 61 (61 in rep 17) data={'pos': np.int64(50), 'corr_resp': 'c ', 'thisN': 61, 'thisTrialN': 61, 'thisRepN': 17}>
379.8575 	DATA 	Keypress: v
379.8619 	EXP 	fixation: autoDraw = False
379.8619 	EXP 	line1: autoDraw = False
379.8619 	EXP 	line2: autoDraw = False
379.8619 	EXP 	line3: autoDraw = False
379.8619 	EXP 	line4: autoDraw = False
379.8619 	EXP 	probe: autoDraw = False
379.8619 	EXP 	fixation: autoDraw = True
380.0366 	EXP 	Device response: <KeyPress from None: t=379.8437593340059, value=v, duration=0.18041279099998064>
380.8495 	EXP 	line1: autoDraw = True
380.8495 	EXP 	line2: autoDraw = True
380.8495 	EXP 	line3: autoDraw = True
380.8495 	EXP 	line4: autoDraw = True
380.8591 	EXP 	fixation: autoDraw = False
381.8495 	INFO 	Keyboard events cleared
381.8493 	EXP 	probe: autoDraw = True
382.2999 	EXP 	Device response: <KeyPress from None: t=382.29485216700414, value=x, duration=None>
382.3003 	EXP 	New trial (rep=17, index=62): <Trial 62 (62 in rep 17) data={'pos': np.int64(-150), 'corr_resp': 'z', 'thisN': 62, 'thisTrialN': 62, 'thisRepN': 17}>
382.3055 	DATA 	Keypress: x
382.3119 	EXP 	fixation: autoDraw = False
382.3119 	EXP 	line1: autoDraw = False
382.3119 	EXP 	line2: autoDraw = False
382.3119 	EXP 	line3: autoDraw = False
382.3119 	EXP 	line4: autoDraw = False
382.3119 	EXP 	probe: autoDraw = False
382.3119 	EXP 	fixation: autoDraw = True
382.4338 	EXP 	Device response: <KeyPress from None: t=382.29485216700414, value=x, duration=0.1363242499937769>
383.2996 	EXP 	line1: autoDraw = True
383.2996 	EXP 	line2: autoDraw = True
383.2996 	EXP 	line3: autoDraw = True
383.2996 	EXP 	line4: autoDraw = True
383.3094 	EXP 	fixation: autoDraw = False
384.2996 	INFO 	Keyboard events cleared
384.2994 	EXP 	probe: autoDraw = True
384.7438 	EXP 	Device response: <KeyPress from None: t=384.73466687499604, value=z, duration=None>
384.7444 	EXP 	New trial (rep=18, index=63): <Trial 63 (63 in rep 18) data={'pos': np.int64(50), 'corr_resp': 'c ', 'thisN': 63, 'thisTrialN': 63, 'thisRepN': 18}>
384.7511 	DATA 	Keypress: z
384.7559 	EXP 	fixation: autoDraw = False
384.7559 	EXP 	line1: autoDraw = False
384.7559 	EXP 	line2: autoDraw = False
384.7559 	EXP 	line3: autoDraw = False
384.7559 	EXP 	line4: autoDraw = False
384.7559 	EXP 	probe: autoDraw = False
384.7559 	EXP 	fixation: autoDraw = True
384.8464 	EXP 	Device response: <KeyPress from None: t=384.73466687499604, value=z, duration=0.1043962090043351>
385.7426 	EXP 	line1: autoDraw = True
385.7426 	EXP 	line2: autoDraw = True
385.7426 	EXP 	line3: autoDraw = True
385.7426 	EXP 	line4: autoDraw = True
385.7492 	EXP 	fixation: autoDraw = False
386.7427 	INFO 	Keyboard events cleared
386.7426 	EXP 	probe: autoDraw = True
387.0761 	EXP 	Device response: <KeyPress from None: t=387.0685675840068, value=c, duration=None>
387.0766 	EXP 	New trial (rep=13, index=64): <Trial 64 (64 in rep 13) data={'pos': np.int64(150), 'corr_resp': 'v', 'thisN': 64, 'thisTrialN': 64, 'thisRepN': 13}>
387.0814 	DATA 	Keypress: c
387.0851 	EXP 	fixation: autoDraw = False
387.0851 	EXP 	line1: autoDraw = False
387.0851 	EXP 	line2: autoDraw = False
387.0851 	EXP 	line3: autoDraw = False
387.0851 	EXP 	line4: autoDraw = False
387.0851 	EXP 	probe: autoDraw = False
387.0851 	EXP 	fixation: autoDraw = True
387.2312 	EXP 	Device response: <KeyPress from None: t=387.0685675840068, value=c, duration=0.16040966600121465>
388.0751 	EXP 	line1: autoDraw = True
388.0751 	EXP 	line2: autoDraw = True
388.0751 	EXP 	line3: autoDraw = True
388.0751 	EXP 	line4: autoDraw = True
388.0786 	EXP 	fixation: autoDraw = False
389.0664 	INFO 	Keyboard events cleared
389.0662 	EXP 	probe: autoDraw = True
389.5774 	EXP 	Device response: <KeyPress from None: t=389.5685904590064, value=v, duration=None>
389.5779 	EXP 	New trial (rep=19, index=65): <Trial 65 (65 in rep 19) data={'pos': np.int64(50), 'corr_resp': 'c ', 'thisN': 65, 'thisTrialN': 65, 'thisRepN': 19}>
389.5843 	DATA 	Keypress: v
389.5891 	EXP 	fixation: autoDraw = False
389.5891 	EXP 	line1: autoDraw = False
389.5891 	EXP 	line2: autoDraw = False
389.5891 	EXP 	line3: autoDraw = False
389.5891 	EXP 	line4: autoDraw = False
389.5891 	EXP 	probe: autoDraw = False
389.5891 	EXP 	fixation: autoDraw = True
389.7278 	EXP 	Device response: <KeyPress from None: t=389.5685904590064, value=v, duration=0.15274966599827167>
390.5757 	EXP 	line1: autoDraw = True
390.5757 	EXP 	line2: autoDraw = True
390.5757 	EXP 	line3: autoDraw = True
390.5757 	EXP 	line4: autoDraw = True
390.5819 	EXP 	fixation: autoDraw = False
391.5760 	INFO 	Keyboard events cleared
391.5758 	EXP 	probe: autoDraw = True
391.9770 	EXP 	Device response: <KeyPress from None: t=391.97542712499853, value=c, duration=None>
391.9775 	EXP 	New trial (rep=14, index=66): <Trial 66 (66 in rep 14) data={'pos': np.int64(-50), 'corr_resp': 'x', 'thisN': 66, 'thisTrialN': 66, 'thisRepN': 14}>
391.9847 	DATA 	Keypress: c
391.9896 	EXP 	fixation: autoDraw = False
391.9896 	EXP 	line1: autoDraw = False
391.9896 	EXP 	line2: autoDraw = False
391.9896 	EXP 	line3: autoDraw = False
391.9896 	EXP 	line4: autoDraw = False
391.9896 	EXP 	probe: autoDraw = False
391.9896 	EXP 	fixation: autoDraw = True
392.1118 	EXP 	Device response: <KeyPress from None: t=391.97542712499853, value=c, duration=0.13248316700628493>
392.9758 	EXP 	line1: autoDraw = True
392.9758 	EXP 	line2: autoDraw = True
392.9758 	EXP 	line3: autoDraw = True
392.9758 	EXP 	line4: autoDraw = True
392.9822 	EXP 	fixation: autoDraw = False
393.9760 	INFO 	Keyboard events cleared
393.9758 	EXP 	probe: autoDraw = True
394.3768 	EXP 	Device response: <KeyPress from None: t=394.3684361670021, value=x, duration=None>
394.3773 	EXP 	New trial (rep=20, index=67): <Trial 67 (67 in rep 20) data={'pos': np.int64(50), 'corr_resp': 'c ', 'thisN': 67, 'thisTrialN': 67, 'thisRepN': 20}>
394.3843 	DATA 	Keypress: x
394.3896 	EXP 	fixation: autoDraw = False
394.3896 	EXP 	line1: autoDraw = False
394.3896 	EXP 	line2: autoDraw = False
394.3896 	EXP 	line3: autoDraw = False
394.3896 	EXP 	line4: autoDraw = False
394.3896 	EXP 	probe: autoDraw = False
394.3896 	EXP 	fixation: autoDraw = True
394.5493 	EXP 	Device response: <KeyPress from None: t=394.3684361670021, value=x, duration=0.17626787499466445>
395.3758 	EXP 	line1: autoDraw = True
395.3758 	EXP 	line2: autoDraw = True
395.3758 	EXP 	line3: autoDraw = True
395.3758 	EXP 	line4: autoDraw = True
395.3818 	EXP 	fixation: autoDraw = False
396.3761 	INFO 	Keyboard events cleared
396.3759 	EXP 	probe: autoDraw = True
396.7269 	EXP 	Device response: <KeyPress from None: t=396.72528504200454, value=c, duration=None>
396.7273 	EXP 	New trial (rep=21, index=68): <Trial 68 (68 in rep 21) data={'pos': np.int64(50), 'corr_resp': 'c ', 'thisN': 68, 'thisTrialN': 68, 'thisRepN': 21}>
396.7341 	DATA 	Keypress: c
396.7393 	EXP 	fixation: autoDraw = False
396.7393 	EXP 	line1: autoDraw = False
396.7393 	EXP 	line2: autoDraw = False
396.7393 	EXP 	line3: autoDraw = False
396.7393 	EXP 	line4: autoDraw = False
396.7393 	EXP 	probe: autoDraw = False
396.7393 	EXP 	fixation: autoDraw = True
396.8827 	EXP 	Device response: <KeyPress from None: t=396.72528504200454, value=c, duration=0.15640479199646506>
397.7259 	EXP 	line1: autoDraw = True
397.7259 	EXP 	line2: autoDraw = True
397.7259 	EXP 	line3: autoDraw = True
397.7259 	EXP 	line4: autoDraw = True
397.7323 	EXP 	fixation: autoDraw = False
398.7260 	INFO 	Keyboard events cleared
398.7258 	EXP 	probe: autoDraw = True
399.0941 	EXP 	Device response: <KeyPress from None: t=399.08328437499586, value=c, duration=None>
399.0947 	EXP 	New trial (rep=18, index=69): <Trial 69 (69 in rep 18) data={'pos': np.int64(-150), 'corr_resp': 'z', 'thisN': 69, 'thisTrialN': 69, 'thisRepN': 18}>
399.1022 	DATA 	Keypress: c
399.1072 	EXP 	fixation: autoDraw = False
399.1072 	EXP 	line1: autoDraw = False
399.1072 	EXP 	line2: autoDraw = False
399.1072 	EXP 	line3: autoDraw = False
399.1072 	EXP 	line4: autoDraw = False
399.1072 	EXP 	probe: autoDraw = False
399.1072 	EXP 	fixation: autoDraw = True
399.2939 	EXP 	Device response: <KeyPress from None: t=399.08328437499586, value=c, duration=0.2002910840092227>
400.0925 	EXP 	line1: autoDraw = True
400.0925 	EXP 	line2: autoDraw = True
400.0925 	EXP 	line3: autoDraw = True
400.0925 	EXP 	line4: autoDraw = True
400.0990 	EXP 	fixation: autoDraw = False
401.0926 	INFO 	Keyboard events cleared
401.0924 	EXP 	probe: autoDraw = True
401.4935 	EXP 	Device response: <KeyPress from None: t=401.48513779199857, value=z, duration=None>
401.4941 	EXP 	New trial (rep=15, index=70): <Trial 70 (70 in rep 15) data={'pos': np.int64(-50), 'corr_resp': 'x', 'thisN': 70, 'thisTrialN': 70, 'thisRepN': 15}>
401.5009 	DATA 	Keypress: z
401.5058 	EXP 	fixation: autoDraw = False
401.5058 	EXP 	line1: autoDraw = False
401.5058 	EXP 	line2: autoDraw = False
401.5058 	EXP 	line3: autoDraw = False
401.5058 	EXP 	line4: autoDraw = False
401.5058 	EXP 	probe: autoDraw = False
401.5058 	EXP 	fixation: autoDraw = True
401.6443 	EXP 	Device response: <KeyPress from None: t=401.48513779199857, value=z, duration=0.1564103749988135>
402.4926 	EXP 	line1: autoDraw = True
402.4926 	EXP 	line2: autoDraw = True
402.4926 	EXP 	line3: autoDraw = True
402.4926 	EXP 	line4: autoDraw = True
402.4995 	EXP 	fixation: autoDraw = False
403.4929 	INFO 	Keyboard events cleared
403.4927 	EXP 	probe: autoDraw = True
403.8327 	EXP 	Device response: <KeyPress from None: t=403.83017012500204, value=x, duration=None>
403.8332 	EXP 	New trial (rep=19, index=71): <Trial 71 (71 in rep 19) data={'pos': np.int64(-150), 'corr_resp': 'z', 'thisN': 71, 'thisTrialN': 71, 'thisRepN': 19}>
403.8427 	EXP 	fixation: autoDraw = False
403.8427 	EXP 	line1: autoDraw = False
403.8427 	EXP 	line2: autoDraw = False
403.8427 	EXP 	line3: autoDraw = False
403.8427 	EXP 	line4: autoDraw = False
403.8427 	EXP 	probe: autoDraw = False
403.8427 	EXP 	fixation: autoDraw = True
403.8475 	DATA 	Keypress: x
404.0110 	EXP 	Device response: <KeyPress from None: t=403.83017012500204, value=x, duration=0.1723215420061024>
404.8329 	EXP 	fixation: autoDraw = False
404.8329 	EXP 	line1: autoDraw = True
404.8329 	EXP 	line2: autoDraw = True
404.8329 	EXP 	line3: autoDraw = True
404.8329 	EXP 	line4: autoDraw = True
405.8250 	INFO 	Keyboard events cleared
405.8247 	EXP 	probe: autoDraw = True
406.3270 	EXP 	Device response: <KeyPress from None: t=406.31599812500644, value=z, duration=None>
406.3275 	EXP 	New trial (rep=16, index=72): <Trial 72 (72 in rep 16) data={'pos': np.int64(-50), 'corr_resp': 'x', 'thisN': 72, 'thisTrialN': 72, 'thisRepN': 16}>
406.3328 	DATA 	Keypress: z
406.3371 	EXP 	fixation: autoDraw = False
406.3371 	EXP 	line1: autoDraw = False
406.3371 	EXP 	line2: autoDraw = False
406.3371 	EXP 	line3: autoDraw = False
406.3371 	EXP 	line4: autoDraw = False
406.3371 	EXP 	probe: autoDraw = False
406.3371 	EXP 	fixation: autoDraw = True
406.4983 	EXP 	Device response: <KeyPress from None: t=406.31599812500644, value=z, duration=0.1804197919991566>
407.3259 	EXP 	line1: autoDraw = True
407.3259 	EXP 	line2: autoDraw = True
407.3259 	EXP 	line3: autoDraw = True
407.3259 	EXP 	line4: autoDraw = True
407.3318 	EXP 	fixation: autoDraw = False
408.3260 	INFO 	Keyboard events cleared
408.3257 	EXP 	probe: autoDraw = True
408.7007 	EXP 	Device response: <KeyPress from None: t=408.6960599169979, value=x, duration=None>
408.7012 	EXP 	New trial (rep=14, index=73): <Trial 73 (73 in rep 14) data={'pos': np.int64(150), 'corr_resp': 'v', 'thisN': 73, 'thisTrialN': 73, 'thisRepN': 14}>
408.7076 	DATA 	Keypress: x
408.7120 	EXP 	fixation: autoDraw = False
408.7120 	EXP 	line1: autoDraw = False
408.7120 	EXP 	line2: autoDraw = False
408.7120 	EXP 	line3: autoDraw = False
408.7120 	EXP 	line4: autoDraw = False
408.7120 	EXP 	probe: autoDraw = False
408.7120 	EXP 	fixation: autoDraw = True
408.8660 	EXP 	Device response: <KeyPress from None: t=408.6960599169979, value=x, duration=0.16827516700141132>
409.6996 	EXP 	line1: autoDraw = True
409.6996 	EXP 	line2: autoDraw = True
409.6996 	EXP 	line3: autoDraw = True
409.6996 	EXP 	line4: autoDraw = True
409.7092 	EXP 	fixation: autoDraw = False
410.6996 	INFO 	Keyboard events cleared
410.6994 	EXP 	probe: autoDraw = True
411.2428 	EXP 	Device response: <KeyPress from None: t=411.2329396670102, value=v, duration=None>
411.2433 	EXP 	New trial (rep=20, index=74): <Trial 74 (74 in rep 20) data={'pos': np.int64(-150), 'corr_resp': 'z', 'thisN': 74, 'thisTrialN': 74, 'thisRepN': 20}>
411.2473 	DATA 	Keypress: v
411.2507 	EXP 	fixation: autoDraw = False
411.2507 	EXP 	line1: autoDraw = False
411.2507 	EXP 	line2: autoDraw = False
411.2507 	EXP 	line3: autoDraw = False
411.2507 	EXP 	line4: autoDraw = False
411.2507 	EXP 	probe: autoDraw = False
411.2507 	EXP 	fixation: autoDraw = True
411.4611 	EXP 	Device response: <KeyPress from None: t=411.2329396670102, value=v, duration=0.21635408299334813>
412.2340 	EXP 	line1: autoDraw = True
412.2340 	EXP 	line2: autoDraw = True
412.2340 	EXP 	line3: autoDraw = True
412.2340 	EXP 	line4: autoDraw = True
412.2410 	EXP 	fixation: autoDraw = False
413.2329 	INFO 	Keyboard events cleared
413.2327 	EXP 	probe: autoDraw = True
413.6501 	EXP 	Device response: <KeyPress from None: t=413.64891391700075, value=z, duration=None>
413.6505 	EXP 	New trial (rep=17, index=75): <Trial 75 (75 in rep 17) data={'pos': np.int64(-50), 'corr_resp': 'x', 'thisN': 75, 'thisTrialN': 75, 'thisRepN': 17}>
413.6569 	DATA 	Keypress: z
413.6612 	EXP 	fixation: autoDraw = False
413.6612 	EXP 	line1: autoDraw = False
413.6612 	EXP 	line2: autoDraw = False
413.6612 	EXP 	line3: autoDraw = False
413.6612 	EXP 	line4: autoDraw = False
413.6612 	EXP 	probe: autoDraw = False
413.6612 	EXP 	fixation: autoDraw = True
413.8315 	EXP 	Device response: <KeyPress from None: t=413.64891391700075, value=z, duration=0.18035108300682623>
414.6515 	EXP 	line1: autoDraw = True
414.6515 	EXP 	line2: autoDraw = True
414.6515 	EXP 	line3: autoDraw = True
414.6515 	EXP 	line4: autoDraw = True
414.6576 	EXP 	fixation: autoDraw = False
415.6495 	INFO 	Keyboard events cleared
415.6493 	EXP 	probe: autoDraw = True
416.0272 	EXP 	Device response: <KeyPress from None: t=416.01885995900375, value=x, duration=None>
416.0277 	EXP 	New trial (rep=15, index=76): <Trial 76 (76 in rep 15) data={'pos': np.int64(150), 'corr_resp': 'v', 'thisN': 76, 'thisTrialN': 76, 'thisRepN': 15}>
416.0341 	DATA 	Keypress: x
416.0390 	EXP 	fixation: autoDraw = False
416.0390 	EXP 	line1: autoDraw = False
416.0390 	EXP 	line2: autoDraw = False
416.0390 	EXP 	line3: autoDraw = False
416.0390 	EXP 	line4: autoDraw = False
416.0390 	EXP 	probe: autoDraw = False
416.0390 	EXP 	fixation: autoDraw = True
416.1606 	EXP 	Device response: <KeyPress from None: t=416.01885995900375, value=x, duration=0.13623424999241251>
417.0256 	EXP 	line1: autoDraw = True
417.0256 	EXP 	line2: autoDraw = True
417.0256 	EXP 	line3: autoDraw = True
417.0256 	EXP 	line4: autoDraw = True
417.0315 	EXP 	fixation: autoDraw = False
418.0259 	INFO 	Keyboard events cleared
418.0257 	EXP 	probe: autoDraw = True
418.5871 	EXP 	Device response: <KeyPress from None: t=418.5827470840013, value=v, duration=None>
418.5878 	EXP 	New trial (rep=22, index=77): <Trial 77 (77 in rep 22) data={'pos': np.int64(50), 'corr_resp': 'c ', 'thisN': 77, 'thisTrialN': 77, 'thisRepN': 22}>
418.5931 	DATA 	Keypress: v
418.5966 	EXP 	fixation: autoDraw = False
418.5966 	EXP 	line1: autoDraw = False
418.5966 	EXP 	line2: autoDraw = False
418.5966 	EXP 	line3: autoDraw = False
418.5966 	EXP 	line4: autoDraw = False
418.5966 	EXP 	probe: autoDraw = False
418.5966 	EXP 	fixation: autoDraw = True
418.7609 	EXP 	Device response: <KeyPress from None: t=418.5827470840013, value=v, duration=0.16828779100615066>
419.5831 	EXP 	line1: autoDraw = True
419.5831 	EXP 	line2: autoDraw = True
419.5831 	EXP 	line3: autoDraw = True
419.5831 	EXP 	line4: autoDraw = True
419.5918 	EXP 	fixation: autoDraw = False
420.5831 	INFO 	Keyboard events cleared
420.5828 	EXP 	probe: autoDraw = True
421.0105 	EXP 	Device response: <KeyPress from None: t=420.9995330420061, value=c, duration=None>
421.0111 	EXP 	New trial (rep=18, index=78): <Trial 78 (78 in rep 18) data={'pos': np.int64(-50), 'corr_resp': 'x', 'thisN': 78, 'thisTrialN': 78, 'thisRepN': 18}>
421.0181 	DATA 	Keypress: c
421.0230 	EXP 	fixation: autoDraw = False
421.0230 	EXP 	line1: autoDraw = False
421.0230 	EXP 	line2: autoDraw = False
421.0230 	EXP 	line3: autoDraw = False
421.0230 	EXP 	line4: autoDraw = False
421.0230 	EXP 	probe: autoDraw = False
421.0230 	EXP 	fixation: autoDraw = True
421.1938 	EXP 	Device response: <KeyPress from None: t=420.9995330420061, value=c, duration=0.19246579200262204>
422.0092 	EXP 	line1: autoDraw = True
422.0092 	EXP 	line2: autoDraw = True
422.0092 	EXP 	line3: autoDraw = True
422.0092 	EXP 	line4: autoDraw = True
422.0145 	EXP 	fixation: autoDraw = False
423.0093 	INFO 	Keyboard events cleared
423.0091 	EXP 	probe: autoDraw = True
423.5437 	EXP 	Device response: <KeyPress from None: t=423.5334827089973, value=x, duration=None>
423.5443 	EXP 	New trial (rep=19, index=79): <Trial 79 (79 in rep 19) data={'pos': np.int64(-50), 'corr_resp': 'x', 'thisN': 79, 'thisTrialN': 79, 'thisRepN': 19}>
423.5515 	DATA 	Keypress: x
423.5567 	EXP 	fixation: autoDraw = False
423.5567 	EXP 	line1: autoDraw = False
423.5567 	EXP 	line2: autoDraw = False
423.5567 	EXP 	line3: autoDraw = False
423.5567 	EXP 	line4: autoDraw = False
423.5567 	EXP 	probe: autoDraw = False
423.5567 	EXP 	fixation: autoDraw = True
423.7277 	EXP 	Device response: <KeyPress from None: t=423.5334827089973, value=x, duration=0.1883705830114195>
424.5423 	EXP 	line1: autoDraw = True
424.5423 	EXP 	line2: autoDraw = True
424.5423 	EXP 	line3: autoDraw = True
424.5423 	EXP 	line4: autoDraw = True
424.5487 	EXP 	fixation: autoDraw = False
425.5425 	INFO 	Keyboard events cleared
425.5423 	EXP 	probe: autoDraw = True
425.8835 	EXP 	Device response: <KeyPress from None: t=425.8775405839988, value=x, duration=None>
425.8839 	EXP 	New trial (rep=20, index=80): <Trial 80 (80 in rep 20) data={'pos': np.int64(-50), 'corr_resp': 'x', 'thisN': 80, 'thisTrialN': 80, 'thisRepN': 20}>
425.8904 	DATA 	Keypress: x
425.8946 	EXP 	fixation: autoDraw = False
425.8946 	EXP 	line1: autoDraw = False
425.8946 	EXP 	line2: autoDraw = False
425.8946 	EXP 	line3: autoDraw = False
425.8946 	EXP 	line4: autoDraw = False
425.8946 	EXP 	probe: autoDraw = False
425.8946 	EXP 	fixation: autoDraw = True
426.0604 	EXP 	Device response: <KeyPress from None: t=425.8775405839988, value=x, duration=0.17233745800331235>
426.8821 	EXP 	line1: autoDraw = True
426.8821 	EXP 	line2: autoDraw = True
426.8821 	EXP 	line3: autoDraw = True
426.8821 	EXP 	line4: autoDraw = True
426.8924 	EXP 	fixation: autoDraw = False
427.8821 	INFO 	Keyboard events cleared
427.8820 	EXP 	probe: autoDraw = True
428.3102 	EXP 	Device response: <KeyPress from None: t=428.3004778750037, value=x, duration=None>
428.3107 	EXP 	New trial (rep=21, index=81): <Trial 81 (81 in rep 21) data={'pos': np.int64(-150), 'corr_resp': 'z', 'thisN': 81, 'thisTrialN': 81, 'thisRepN': 21}>
428.3184 	DATA 	Keypress: x
428.3233 	EXP 	fixation: autoDraw = False
428.3233 	EXP 	line1: autoDraw = False
428.3233 	EXP 	line2: autoDraw = False
428.3233 	EXP 	line3: autoDraw = False
428.3233 	EXP 	line4: autoDraw = False
428.3233 	EXP 	probe: autoDraw = False
428.3233 	EXP 	fixation: autoDraw = True
428.4327 	EXP 	Device response: <KeyPress from None: t=428.3004778750037, value=x, duration=0.12834049999946728>
429.3091 	EXP 	line1: autoDraw = True
429.3091 	EXP 	line2: autoDraw = True
429.3091 	EXP 	line3: autoDraw = True
429.3091 	EXP 	line4: autoDraw = True
429.3163 	EXP 	fixation: autoDraw = False
430.3091 	INFO 	Keyboard events cleared
430.3089 	EXP 	probe: autoDraw = True
430.7494 	EXP 	Device response: <KeyPress from None: t=430.7442972090066, value=z, duration=None>
430.7499 	EXP 	New trial (rep=21, index=82): <Trial 82 (82 in rep 21) data={'pos': np.int64(-50), 'corr_resp': 'x', 'thisN': 82, 'thisTrialN': 82, 'thisRepN': 21}>
430.7564 	DATA 	Keypress: z
430.7611 	EXP 	fixation: autoDraw = False
430.7611 	EXP 	line1: autoDraw = False
430.7611 	EXP 	line2: autoDraw = False
430.7611 	EXP 	line3: autoDraw = False
430.7611 	EXP 	line4: autoDraw = False
430.7611 	EXP 	probe: autoDraw = False
430.7611 	EXP 	fixation: autoDraw = True
430.9098 	EXP 	Device response: <KeyPress from None: t=430.7442972090066, value=z, duration=0.15711099999316502>
431.7502 	EXP 	line1: autoDraw = True
431.7502 	EXP 	line2: autoDraw = True
431.7502 	EXP 	line3: autoDraw = True
431.7502 	EXP 	line4: autoDraw = True
431.7584 	EXP 	fixation: autoDraw = False
432.7497 	INFO 	Keyboard events cleared
432.7495 	EXP 	probe: autoDraw = True
433.1433 	EXP 	Device response: <KeyPress from None: t=433.14225437500863, value=x, duration=None>
433.1438 	EXP 	New trial (rep=16, index=83): <Trial 83 (83 in rep 16) data={'pos': np.int64(150), 'corr_resp': 'v', 'thisN': 83, 'thisTrialN': 83, 'thisRepN': 16}>
433.1507 	DATA 	Keypress: x
433.1557 	EXP 	fixation: autoDraw = False
433.1557 	EXP 	line1: autoDraw = False
433.1557 	EXP 	line2: autoDraw = False
433.1557 	EXP 	line3: autoDraw = False
433.1557 	EXP 	line4: autoDraw = False
433.1557 	EXP 	probe: autoDraw = False
433.1557 	EXP 	fixation: autoDraw = True
433.3109 	EXP 	Device response: <KeyPress from None: t=433.14225437500863, value=x, duration=0.16032895899843425>
434.1424 	EXP 	line1: autoDraw = True
434.1424 	EXP 	line2: autoDraw = True
434.1424 	EXP 	line3: autoDraw = True
434.1424 	EXP 	line4: autoDraw = True
434.1481 	EXP 	fixation: autoDraw = False
435.1427 	INFO 	Keyboard events cleared
435.1424 	EXP 	probe: autoDraw = True
435.6442 	EXP 	Device response: <KeyPress from None: t=435.63624012500804, value=v, duration=None>
435.6447 	EXP 	New trial (rep=17, index=84): <Trial 84 (84 in rep 17) data={'pos': np.int64(150), 'corr_resp': 'v', 'thisN': 84, 'thisTrialN': 84, 'thisRepN': 17}>
435.6501 	DATA 	Keypress: v
435.6594 	EXP 	fixation: autoDraw = False
435.6594 	EXP 	line1: autoDraw = False
435.6594 	EXP 	line2: autoDraw = False
435.6594 	EXP 	line3: autoDraw = False
435.6594 	EXP 	line4: autoDraw = False
435.6594 	EXP 	probe: autoDraw = False
435.6594 	EXP 	fixation: autoDraw = True
435.8109 	EXP 	Device response: <KeyPress from None: t=435.63624012500804, value=v, duration=0.17237899999599904>
436.6423 	EXP 	line1: autoDraw = True
436.6423 	EXP 	line2: autoDraw = True
436.6423 	EXP 	line3: autoDraw = True
436.6423 	EXP 	line4: autoDraw = True
436.6479 	EXP 	fixation: autoDraw = False
437.6426 	INFO 	Keyboard events cleared
437.6424 	EXP 	probe: autoDraw = True
438.1768 	EXP 	Device response: <KeyPress from None: t=438.1712260420027, value=v, duration=None>
438.1773 	EXP 	New trial (rep=22, index=85): <Trial 85 (85 in rep 22) data={'pos': np.int64(-150), 'corr_resp': 'z', 'thisN': 85, 'thisTrialN': 85, 'thisRepN': 22}>
438.1844 	DATA 	Keypress: v
438.1893 	EXP 	fixation: autoDraw = False
438.1893 	EXP 	line1: autoDraw = False
438.1893 	EXP 	line2: autoDraw = False
438.1893 	EXP 	line3: autoDraw = False
438.1893 	EXP 	line4: autoDraw = False
438.1893 	EXP 	probe: autoDraw = False
438.1893 	EXP 	fixation: autoDraw = True
438.3770 	EXP 	Device response: <KeyPress from None: t=438.1712260420027, value=v, duration=0.1963014579960145>
439.1759 	EXP 	line1: autoDraw = True
439.1759 	EXP 	line2: autoDraw = True
439.1759 	EXP 	line3: autoDraw = True
439.1759 	EXP 	line4: autoDraw = True
439.1828 	EXP 	fixation: autoDraw = False
440.1758 	INFO 	Keyboard events cleared
440.1756 	EXP 	probe: autoDraw = True
440.5603 	EXP 	Device response: <KeyPress from None: t=440.5530998339964, value=z, duration=None>
440.5608 	EXP 	New trial (rep=18, index=86): <Trial 86 (86 in rep 18) data={'pos': np.int64(150), 'corr_resp': 'v', 'thisN': 86, 'thisTrialN': 86, 'thisRepN': 18}>
440.5658 	DATA 	Keypress: z
440.5701 	EXP 	fixation: autoDraw = False
440.5701 	EXP 	line1: autoDraw = False
440.5701 	EXP 	line2: autoDraw = False
440.5701 	EXP 	line3: autoDraw = False
440.5701 	EXP 	line4: autoDraw = False
440.5701 	EXP 	probe: autoDraw = False
440.5701 	EXP 	fixation: autoDraw = True
440.7273 	EXP 	Device response: <KeyPress from None: t=440.5530998339964, value=z, duration=0.17234416599967517>
441.5590 	EXP 	line1: autoDraw = True
441.5590 	EXP 	line2: autoDraw = True
441.5590 	EXP 	line3: autoDraw = True
441.5590 	EXP 	line4: autoDraw = True
441.5658 	EXP 	fixation: autoDraw = False
442.5592 	INFO 	Keyboard events cleared
442.5590 	EXP 	probe: autoDraw = True
443.0292 	EXP 	Device response: <KeyPress from None: t=443.02213366700744, value=v, duration=None>
443.0297 	EXP 	New trial (rep=23, index=87): <Trial 87 (87 in rep 23) data={'pos': np.int64(50), 'corr_resp': 'c ', 'thisN': 87, 'thisTrialN': 87, 'thisRepN': 23}>
443.0357 	DATA 	Keypress: v
443.0409 	EXP 	fixation: autoDraw = False
443.0409 	EXP 	line1: autoDraw = False
443.0409 	EXP 	line2: autoDraw = False
443.0409 	EXP 	line3: autoDraw = False
443.0409 	EXP 	line4: autoDraw = False
443.0409 	EXP 	probe: autoDraw = False
443.0409 	EXP 	fixation: autoDraw = True
443.2106 	EXP 	Device response: <KeyPress from None: t=443.02213366700744, value=v, duration=0.18424145800236147>
444.0256 	EXP 	line1: autoDraw = True
444.0256 	EXP 	line2: autoDraw = True
444.0256 	EXP 	line3: autoDraw = True
444.0256 	EXP 	line4: autoDraw = True
444.0314 	EXP 	fixation: autoDraw = False
445.0258 	INFO 	Keyboard events cleared
445.0256 	EXP 	probe: autoDraw = True
445.3964 	EXP 	Device response: <KeyPress from None: t=445.3858531250007, value=c, duration=None>
445.3967 	EXP 	New trial (rep=19, index=88): <Trial 88 (88 in rep 19) data={'pos': np.int64(150), 'corr_resp': 'v', 'thisN': 88, 'thisTrialN': 88, 'thisRepN': 19}>
445.4001 	DATA 	Keypress: c
445.4089 	EXP 	fixation: autoDraw = False
445.4089 	EXP 	line1: autoDraw = False
445.4089 	EXP 	line2: autoDraw = False
445.4089 	EXP 	line3: autoDraw = False
445.4089 	EXP 	line4: autoDraw = False
445.4089 	EXP 	probe: autoDraw = False
445.4089 	EXP 	fixation: autoDraw = True
445.5155 	EXP 	Device response: <KeyPress from None: t=445.3858531250007, value=c, duration=0.1283577919966774>
446.3923 	EXP 	line1: autoDraw = True
446.3923 	EXP 	line2: autoDraw = True
446.3923 	EXP 	line3: autoDraw = True
446.3923 	EXP 	line4: autoDraw = True
446.3980 	EXP 	fixation: autoDraw = False
447.3924 	INFO 	Keyboard events cleared
447.3922 	EXP 	probe: autoDraw = True
447.8316 	EXP 	Device response: <KeyPress from None: t=447.8258501250093, value=v, duration=None>
447.8321 	EXP 	New trial (rep=20, index=89): <Trial 89 (89 in rep 20) data={'pos': np.int64(150), 'corr_resp': 'v', 'thisN': 89, 'thisTrialN': 89, 'thisRepN': 20}>
447.8391 	DATA 	Keypress: v
447.8443 	EXP 	fixation: autoDraw = False
447.8443 	EXP 	line1: autoDraw = False
447.8443 	EXP 	line2: autoDraw = False
447.8443 	EXP 	line3: autoDraw = False
447.8443 	EXP 	line4: autoDraw = False
447.8443 	EXP 	probe: autoDraw = False
447.8443 	EXP 	fixation: autoDraw = True
448.0145 	EXP 	Device response: <KeyPress from None: t=447.8258501250093, value=v, duration=0.18052216699288692>
448.8315 	EXP 	line1: autoDraw = True
448.8315 	EXP 	line2: autoDraw = True
448.8315 	EXP 	line3: autoDraw = True
448.8315 	EXP 	line4: autoDraw = True
448.8423 	EXP 	fixation: autoDraw = False
449.8257 	INFO 	Keyboard events cleared
449.8255 	EXP 	probe: autoDraw = True
450.2324 	EXP 	Device response: <KeyPress from None: t=450.2278008340072, value=v, duration=None>
450.2329 	EXP 	New trial (rep=21, index=90): <Trial 90 (90 in rep 21) data={'pos': np.int64(150), 'corr_resp': 'v', 'thisN': 90, 'thisTrialN': 90, 'thisRepN': 21}>
450.2396 	DATA 	Keypress: v
450.2444 	EXP 	fixation: autoDraw = False
450.2444 	EXP 	line1: autoDraw = False
450.2444 	EXP 	line2: autoDraw = False
450.2444 	EXP 	line3: autoDraw = False
450.2444 	EXP 	line4: autoDraw = False
450.2444 	EXP 	probe: autoDraw = False
450.2444 	EXP 	fixation: autoDraw = True
450.3940 	EXP 	Device response: <KeyPress from None: t=450.2278008340072, value=v, duration=0.16436545799660962>
451.2327 	EXP 	line1: autoDraw = True
451.2327 	EXP 	line2: autoDraw = True
451.2327 	EXP 	line3: autoDraw = True
451.2327 	EXP 	line4: autoDraw = True
451.2420 	EXP 	fixation: autoDraw = False
452.2320 	INFO 	Keyboard events cleared
452.2318 	EXP 	probe: autoDraw = True
452.7269 	EXP 	Device response: <KeyPress from None: t=452.7179733340017, value=v, duration=None>
452.7274 	EXP 	New trial (rep=22, index=91): <Trial 91 (91 in rep 22) data={'pos': np.int64(-50), 'corr_resp': 'x', 'thisN': 91, 'thisTrialN': 91, 'thisRepN': 22}>
452.7344 	DATA 	Keypress: v
452.7392 	EXP 	fixation: autoDraw = False
452.7392 	EXP 	line1: autoDraw = False
452.7392 	EXP 	line2: autoDraw = False
452.7392 	EXP 	line3: autoDraw = False
452.7392 	EXP 	line4: autoDraw = False
452.7392 	EXP 	probe: autoDraw = False
452.7392 	EXP 	fixation: autoDraw = True
452.8826 	EXP 	Device response: <KeyPress from None: t=452.7179733340017, value=v, duration=0.16008625000540633>
453.7255 	EXP 	line1: autoDraw = True
453.7255 	EXP 	line2: autoDraw = True
453.7255 	EXP 	line3: autoDraw = True
453.7255 	EXP 	line4: autoDraw = True
453.7319 	EXP 	fixation: autoDraw = False
454.7257 	INFO 	Keyboard events cleared
454.7255 	EXP 	probe: autoDraw = True
455.0466 	EXP 	Device response: <KeyPress from None: t=455.03664416700485, value=x, duration=None>
455.0469 	EXP 	New trial (rep=23, index=92): <Trial 92 (92 in rep 23) data={'pos': np.int64(-150), 'corr_resp': 'z', 'thisN': 92, 'thisTrialN': 92, 'thisRepN': 23}>
455.0492 	DATA 	Keypress: x
455.0588 	EXP 	fixation: autoDraw = False
455.0588 	EXP 	line1: autoDraw = False
455.0588 	EXP 	line2: autoDraw = False
455.0588 	EXP 	line3: autoDraw = False
455.0588 	EXP 	line4: autoDraw = False
455.0588 	EXP 	probe: autoDraw = False
455.0588 	EXP 	fixation: autoDraw = True
455.1986 	EXP 	Device response: <KeyPress from None: t=455.03664416700485, value=x, duration=0.16025958300451748>
456.0423 	EXP 	line1: autoDraw = True
456.0423 	EXP 	line2: autoDraw = True
456.0423 	EXP 	line3: autoDraw = True
456.0423 	EXP 	line4: autoDraw = True
456.0495 	EXP 	fixation: autoDraw = False
457.0423 	INFO 	Keyboard events cleared
457.0422 	EXP 	probe: autoDraw = True
457.6824 	EXP 	Device response: <KeyPress from None: t=457.67761395900743, value=z, duration=None>
457.6829 	EXP 	New trial (rep=23, index=93): <Trial 93 (93 in rep 23) data={'pos': np.int64(-50), 'corr_resp': 'x', 'thisN': 93, 'thisTrialN': 93, 'thisRepN': 23}>
457.6895 	DATA 	Keypress: z
457.6941 	EXP 	fixation: autoDraw = False
457.6941 	EXP 	line1: autoDraw = False
457.6941 	EXP 	line2: autoDraw = False
457.6941 	EXP 	line3: autoDraw = False
457.6941 	EXP 	line4: autoDraw = False
457.6941 	EXP 	probe: autoDraw = False
457.6941 	EXP 	fixation: autoDraw = True
457.8439 	EXP 	Device response: <KeyPress from None: t=457.67761395900743, value=z, duration=0.15622783299477305>
458.6838 	EXP 	line1: autoDraw = True
458.6838 	EXP 	line2: autoDraw = True
458.6838 	EXP 	line3: autoDraw = True
458.6838 	EXP 	line4: autoDraw = True
458.6913 	EXP 	fixation: autoDraw = False
459.6824 	INFO 	Keyboard events cleared
459.6822 	EXP 	probe: autoDraw = True
460.0766 	EXP 	Device response: <KeyPress from None: t=460.073513292009, value=x, duration=None>
460.0772 	EXP 	New trial (rep=24, index=94): <Trial 94 (94 in rep 24) data={'pos': np.int64(-50), 'corr_resp': 'x', 'thisN': 94, 'thisTrialN': 94, 'thisRepN': 24}>
460.0842 	DATA 	Keypress: x
460.0890 	EXP 	fixation: autoDraw = False
460.0890 	EXP 	line1: autoDraw = False
460.0890 	EXP 	line2: autoDraw = False
460.0890 	EXP 	line3: autoDraw = False
460.0890 	EXP 	line4: autoDraw = False
460.0890 	EXP 	probe: autoDraw = False
460.0890 	EXP 	fixation: autoDraw = True
460.2608 	EXP 	Device response: <KeyPress from None: t=460.073513292009, value=x, duration=0.1843262079928536>
461.0755 	EXP 	line1: autoDraw = True
461.0755 	EXP 	line2: autoDraw = True
461.0755 	EXP 	line3: autoDraw = True
461.0755 	EXP 	line4: autoDraw = True
461.0813 	EXP 	fixation: autoDraw = False
462.0757 	INFO 	Keyboard events cleared
462.0755 	EXP 	probe: autoDraw = True
462.3831 	EXP 	Device response: <KeyPress from None: t=462.3803809170058, value=x, duration=None>
462.3835 	EXP 	New trial (rep=24, index=95): <Trial 95 (95 in rep 24) data={'pos': np.int64(-150), 'corr_resp': 'z', 'thisN': 95, 'thisTrialN': 95, 'thisRepN': 24}>
462.3900 	DATA 	Keypress: x
462.3944 	EXP 	fixation: autoDraw = False
462.3944 	EXP 	line1: autoDraw = False
462.3944 	EXP 	line2: autoDraw = False
462.3944 	EXP 	line3: autoDraw = False
462.3944 	EXP 	line4: autoDraw = False
462.3944 	EXP 	probe: autoDraw = False
462.3944 	EXP 	fixation: autoDraw = True
462.5275 	EXP 	Device response: <KeyPress from None: t=462.3803809170058, value=x, duration=0.14045733299280982>
463.3829 	EXP 	line1: autoDraw = True
463.3829 	EXP 	line2: autoDraw = True
463.3829 	EXP 	line3: autoDraw = True
463.3829 	EXP 	line4: autoDraw = True
463.3921 	EXP 	fixation: autoDraw = False
464.3828 	INFO 	Keyboard events cleared
464.3826 	EXP 	probe: autoDraw = True
464.7934 	EXP 	Device response: <KeyPress from None: t=464.78746079200937, value=z, duration=None>
464.7938 	EXP 	New trial (rep=24, index=96): <Trial 96 (96 in rep 24) data={'pos': np.int64(50), 'corr_resp': 'c ', 'thisN': 96, 'thisTrialN': 96, 'thisRepN': 24}>
464.8007 	DATA 	Keypress: z
464.8056 	EXP 	fixation: autoDraw = False
464.8056 	EXP 	line1: autoDraw = False
464.8056 	EXP 	line2: autoDraw = False
464.8056 	EXP 	line3: autoDraw = False
464.8056 	EXP 	line4: autoDraw = False
464.8056 	EXP 	probe: autoDraw = False
464.8056 	EXP 	fixation: autoDraw = True
464.9159 	EXP 	Device response: <KeyPress from None: t=464.78746079200937, value=z, duration=0.12427237498923205>
465.7922 	EXP 	line1: autoDraw = True
465.7922 	EXP 	line2: autoDraw = True
465.7922 	EXP 	line3: autoDraw = True
465.7922 	EXP 	line4: autoDraw = True
465.7991 	EXP 	fixation: autoDraw = False
466.7924 	INFO 	Keyboard events cleared
466.7922 	EXP 	probe: autoDraw = True
467.2280 	EXP 	Device response: <KeyPress from None: t=467.2223559999984, value=c, duration=None>
467.2287 	EXP 	New trial (rep=22, index=97): <Trial 97 (97 in rep 22) data={'pos': np.int64(150), 'corr_resp': 'v', 'thisN': 97, 'thisTrialN': 97, 'thisRepN': 22}>
467.2356 	DATA 	Keypress: c
467.2405 	EXP 	fixation: autoDraw = False
467.2405 	EXP 	line1: autoDraw = False
467.2405 	EXP 	line2: autoDraw = False
467.2405 	EXP 	line3: autoDraw = False
467.2405 	EXP 	line4: autoDraw = False
467.2405 	EXP 	probe: autoDraw = False
467.2405 	EXP 	fixation: autoDraw = True
467.4158 	EXP 	Device response: <KeyPress from None: t=467.2223559999984, value=c, duration=0.1883401670056628>
468.2256 	EXP 	line1: autoDraw = True
468.2256 	EXP 	line2: autoDraw = True
468.2256 	EXP 	line3: autoDraw = True
468.2256 	EXP 	line4: autoDraw = True
468.2315 	EXP 	fixation: autoDraw = False
469.2253 	INFO 	Keyboard events cleared
469.2252 	EXP 	probe: autoDraw = True
469.6495 	EXP 	Device response: <KeyPress from None: t=469.6462532919977, value=v, duration=None>
469.6500 	EXP 	New trial (rep=23, index=98): <Trial 98 (98 in rep 23) data={'pos': np.int64(150), 'corr_resp': 'v', 'thisN': 98, 'thisTrialN': 98, 'thisRepN': 23}>
469.6567 	DATA 	Keypress: v
469.6608 	EXP 	fixation: autoDraw = False
469.6608 	EXP 	line1: autoDraw = False
469.6608 	EXP 	line2: autoDraw = False
469.6608 	EXP 	line3: autoDraw = False
469.6608 	EXP 	line4: autoDraw = False
469.6608 	EXP 	probe: autoDraw = False
469.6608 	EXP 	fixation: autoDraw = True
469.8106 	EXP 	Device response: <KeyPress from None: t=469.6462532919977, value=v, duration=0.1563922080094926>
470.6497 	EXP 	line1: autoDraw = True
470.6497 	EXP 	line2: autoDraw = True
470.6497 	EXP 	line3: autoDraw = True
470.6497 	EXP 	line4: autoDraw = True
470.6589 	EXP 	fixation: autoDraw = False
471.6497 	INFO 	Keyboard events cleared
471.6495 	EXP 	probe: autoDraw = True
472.0996 	EXP 	Device response: <KeyPress from None: t=472.0951800000039, value=v, duration=None>
472.1001 	EXP 	New trial (rep=24, index=99): <Trial 99 (99 in rep 24) data={'pos': np.int64(150), 'corr_resp': 'v', 'thisN': 99, 'thisTrialN': 99, 'thisRepN': 24}>
472.1073 	DATA 	Keypress: v
472.1117 	EXP 	fixation: autoDraw = False
472.1117 	EXP 	line1: autoDraw = False
472.1117 	EXP 	line2: autoDraw = False
472.1117 	EXP 	line3: autoDraw = False
472.1117 	EXP 	line4: autoDraw = False
472.1117 	EXP 	probe: autoDraw = False
472.1117 	EXP 	fixation: autoDraw = True
472.2599 	EXP 	Device response: <KeyPress from None: t=472.0951800000039, value=v, duration=0.16041220899205655>
473.0992 	EXP 	line1: autoDraw = True
473.0992 	EXP 	line2: autoDraw = True
473.0992 	EXP 	line3: autoDraw = True
473.0992 	EXP 	line4: autoDraw = True
473.1084 	EXP 	fixation: autoDraw = False
474.0994 	INFO 	Keyboard events cleared
474.0992 	EXP 	probe: autoDraw = True
474.5832 	EXP 	Device response: <KeyPress from None: t=474.58006779200514, value=v, duration=None>
474.5894 	DATA 	Keypress: v
474.5947 	EXP 	fixation: autoDraw = False
474.5947 	EXP 	line1: autoDraw = False
474.5947 	EXP 	line2: autoDraw = False
474.5947 	EXP 	line3: autoDraw = False
474.5947 	EXP 	line4: autoDraw = False
474.5947 	EXP 	probe: autoDraw = False
474.5949 	EXP 	Motor Sequence Learning: status = STOPPED
474.6510 	INFO 	saved data to '/Users/tiaragajjar/Desktop/lab/EXP5  Motor sequence /data/3_Motor Sequence Learning_2025-10-02_14h39.47.723.csv'
474.6572 	INFO 	saved data to /Users/tiaragajjar/Desktop/lab/EXP5  Motor sequence /data/3_Motor Sequence Learning_2025-10-02_14h39.47.723.psydat
475.4782 	WARNING 	Stopping key buffers but this could be dangerous ifother keyboards rely on the same.
475.4790 	WARNING 	Stopping key buffers but this could be dangerous ifother keyboards rely on the same.
