31.0563 	WARNING 	Font Manager failed to load file /System/Library/PrivateFrameworks/FontServices.framework/Resources/Reserved/PingFangUI.ttc
31.2094 	WARNING 	Font Manager failed to load file /System/Library/PrivateFrameworks/FontServices.framework/Resources/Reserved/PingFangUI.ttc
43.0058 	INFO 	Loaded monitor calibration from ['2025_08_07 12:17']
43.0368 	WARNING 	User requested fullscreen with size [1024  768], but screen is actually [1440, 900]. Using actual size
43.3670 	INFO 	Using renderer 'Apple M2' for graphics
43.3670 	INFO 	OpenGL version supported by driver is 2..
43.4506 	EXP 	Created window1 = Window(allowGUI=False, allowStencil=False, autoLog=True, backendConf=UNKNOWN, backgroundFit=<method-wrapper '__getattribute__' of attributeSetter object at 0x156b657e0>, backgroundImage=<method-wrapper '__getattribute__' of attributeSetter object at 0x156b65780>, bitsMode=UNKNOWN, blendMode='avg', bpc=(8, 8, 8), color=array([0, 0, 0]), colorSpace='rgb', depthBits=8, fullscr=True, gamma=None, gammaErrorPolicy='raise', infoMsg=UNKNOWN, lms=UNKNOWN, monitor=<psychopy.monitors.calibTools.Monitor object at 0x156c40c10>, multiSample=False, name='window1', numSamples=2, pos=[np.float64(0.0), np.float64(0.0)], screen=0, size=array([2880, 1800]), stencilBits=0, stereo=False, title='PsychoPy', units='height', useFBO=True, useRetina=True, viewOri=0.0, viewPos=None, viewScale=None, waitBlanking=True, winType='pyglet')
43.4508 	EXP 	window1: backgroundImage = ''
43.4508 	EXP 	window1: backgroundFit = 'none'
44.0168 	EXP 	window1: Attempting to measure frame rate of screen (0) ...
44.0168 	EXP 	window1: recordFrameIntervals = False
44.5088 	EXP 	window1: recordFrameIntervals = True
45.3525 	WARNING 	Couldn't measure a consistent frame rate!
  - Is your graphics card set to sync to vertical blank?
  - Are you running other processes on your computer?

47.9390 	INFO 	keyboard.Keyboard is using ptb backend.
48.4399 	INFO 	keyboard.Keyboard is using ptb backend.
48.4399 	EXP 	Motor Sequence Learning: status = STARTED
48.4534 	EXP 	Created fixation = ShapeStim(__class__=<class 'psychopy.visual.shape.ShapeStim'>, anchor=('center', 'center'), autoDraw=False, autoLog=True, closeShape=True, color=method-wrapper(...), colorSpace='rgb', contrast=None, depth=0.0, draggable=False, fillColor=array([1, 1, 1]), fillColorSpace='rgb', fillRGB=array([1, 1, 1]), interpolate=True, lineColor=array([1., 1., 1.]), lineColorSpace='rgb', lineRGB=array([1, 1, 1]), lineWidth=1.0, name='fixation', opacity=1, ori=0.0, pos=array([0., 0.]), size=array([10., 10.]), units='pix', vertices=ndarray(...), win=Window(...), windingRule=None)
48.4547 	EXP 	Created line1 = Rect(__class__=<class 'psychopy.visual.rect.Rect'>, anchor=('center', 'center'), autoDraw=False, autoLog=True, closeShape=True, color=method-wrapper(...), colorSpace='rgb', contrast=None, depth=-1.0, draggable=False, fillColor=array([1, 1, 1]), fillColorSpace='rgb', fillRGB=array([1, 1, 1]), interpolate=True, lineColor=array([1., 1., 1.]), lineColorSpace='rgb', lineRGB=array([1, 1, 1]), lineWidth=1.0, name='line1', opacity=1, ori=90.0, pos=array([-150.,    0.]), size=array([100.,  10.]), units='pix', vertices=ndarray(...), win=Window(...))
48.4557 	EXP 	Created line2 = Rect(__class__=<class 'psychopy.visual.rect.Rect'>, anchor=('center', 'center'), autoDraw=False, autoLog=True, closeShape=True, color=method-wrapper(...), colorSpace='rgb', contrast=None, depth=-2.0, draggable=False, fillColor=array([1, 1, 1]), fillColorSpace='rgb', fillRGB=array([1, 1, 1]), interpolate=True, lineColor=array([1., 1., 1.]), lineColorSpace='rgb', lineRGB=array([1, 1, 1]), lineWidth=1.0, name='line2', opacity=1, ori=90.0, pos=array([-50.,   0.]), size=array([100.,  10.]), units='pix', vertices=ndarray(...), win=Window(...))
48.4568 	EXP 	Created line3 = Rect(__class__=<class 'psychopy.visual.rect.Rect'>, anchor=('center', 'center'), autoDraw=False, autoLog=True, closeShape=True, color=method-wrapper(...), colorSpace='rgb', contrast=None, depth=-3.0, draggable=False, fillColor=array([1, 1, 1]), fillColorSpace='rgb', fillRGB=array([1, 1, 1]), interpolate=True, lineColor=array([1., 1., 1.]), lineColorSpace='rgb', lineRGB=array([1, 1, 1]), lineWidth=1.0, name='line3', opacity=1, ori=90.0, pos=array([50.,  0.]), size=array([100.,  10.]), units='pix', vertices=ndarray(...), win=Window(...))
48.4578 	EXP 	Created line4 = Rect(__class__=<class 'psychopy.visual.rect.Rect'>, anchor=('center', 'center'), autoDraw=False, autoLog=True, closeShape=True, color=method-wrapper(...), colorSpace='rgb', contrast=None, depth=-4.0, draggable=False, fillColor=array([1, 1, 1]), fillColorSpace='rgb', fillRGB=array([1, 1, 1]), interpolate=True, lineColor=array([1., 1., 1.]), lineColorSpace='rgb', lineRGB=array([1, 1, 1]), lineWidth=1.0, name='line4', opacity=1, ori=90.0, pos=array([150.,   0.]), size=array([100.,  10.]), units='pix', vertices=ndarray(...), win=Window(...))
48.4596 	EXP 	Created probe = ShapeStim(__class__=<class 'psychopy.visual.shape.ShapeStim'>, anchor=('center', 'center'), autoDraw=False, autoLog=True, closeShape=True, color=method-wrapper(...), colorSpace='rgb', contrast=None, depth=-5.0, draggable=False, fillColor=array([1, 1, 1]), fillColorSpace='rgb', fillRGB=array([1, 1, 1]), interpolate=True, lineColor=array([1., 1., 1.]), lineColorSpace='rgb', lineRGB=array([1, 1, 1]), lineWidth=1.0, name='probe', opacity=1, ori=0.0, pos=array([0., 0.]), size=array([10., 10.]), units='pix', vertices=ndarray(...), win=Window(...), windingRule=None)
48.4615 	EXP 	Created fixation = ShapeStim(__class__=<class 'psychopy.visual.shape.ShapeStim'>, anchor=('center', 'center'), autoDraw=False, autoLog=True, closeShape=True, color=method-wrapper(...), colorSpace='rgb', contrast=None, depth=0.0, draggable=False, fillColor=array([1, 1, 1]), fillColorSpace='rgb', fillRGB=array([1, 1, 1]), interpolate=True, lineColor=array([1., 1., 1.]), lineColorSpace='rgb', lineRGB=array([1, 1, 1]), lineWidth=1.0, name='fixation', opacity=1, ori=0.0, pos=array([0., 0.]), size=array([10., 10.]), units='pix', vertices=ndarray(...), win=Window(...), windingRule=None)
48.4627 	EXP 	Created line1 = Rect(__class__=<class 'psychopy.visual.rect.Rect'>, anchor=('center', 'center'), autoDraw=False, autoLog=True, closeShape=True, color=method-wrapper(...), colorSpace='rgb', contrast=None, depth=-1.0, draggable=False, fillColor=array([1, 1, 1]), fillColorSpace='rgb', fillRGB=array([1, 1, 1]), interpolate=True, lineColor=array([1., 1., 1.]), lineColorSpace='rgb', lineRGB=array([1, 1, 1]), lineWidth=1.0, name='line1', opacity=1, ori=90.0, pos=array([-150.,    0.]), size=array([100.,  10.]), units='pix', vertices=ndarray(...), win=Window(...))
48.4655 	EXP 	Created line2 = Rect(__class__=<class 'psychopy.visual.rect.Rect'>, anchor=('center', 'center'), autoDraw=False, autoLog=True, closeShape=True, color=method-wrapper(...), colorSpace='rgb', contrast=None, depth=-2.0, draggable=False, fillColor=array([1, 1, 1]), fillColorSpace='rgb', fillRGB=array([1, 1, 1]), interpolate=True, lineColor=array([1., 1., 1.]), lineColorSpace='rgb', lineRGB=array([1, 1, 1]), lineWidth=1.0, name='line2', opacity=1, ori=90.0, pos=array([-50.,   0.]), size=array([100.,  10.]), units='pix', vertices=ndarray(...), win=Window(...))
48.4667 	EXP 	Created line3 = Rect(__class__=<class 'psychopy.visual.rect.Rect'>, anchor=('center', 'center'), autoDraw=False, autoLog=True, closeShape=True, color=method-wrapper(...), colorSpace='rgb', contrast=None, depth=-3.0, draggable=False, fillColor=array([1, 1, 1]), fillColorSpace='rgb', fillRGB=array([1, 1, 1]), interpolate=True, lineColor=array([1., 1., 1.]), lineColorSpace='rgb', lineRGB=array([1, 1, 1]), lineWidth=1.0, name='line3', opacity=1, ori=90.0, pos=array([50.,  0.]), size=array([100.,  10.]), units='pix', vertices=ndarray(...), win=Window(...))
48.4677 	EXP 	Created line4 = Rect(__class__=<class 'psychopy.visual.rect.Rect'>, anchor=('center', 'center'), autoDraw=False, autoLog=True, closeShape=True, color=method-wrapper(...), colorSpace='rgb', contrast=None, depth=-4.0, draggable=False, fillColor=array([1, 1, 1]), fillColorSpace='rgb', fillRGB=array([1, 1, 1]), interpolate=True, lineColor=array([1., 1., 1.]), lineColorSpace='rgb', lineRGB=array([1, 1, 1]), lineWidth=1.0, name='line4', opacity=1, ori=90.0, pos=array([150.,   0.]), size=array([100.,  10.]), units='pix', vertices=ndarray(...), win=Window(...))
48.4691 	EXP 	Created probe = ShapeStim(__class__=<class 'psychopy.visual.shape.ShapeStim'>, anchor=('center', 'center'), autoDraw=False, autoLog=True, closeShape=True, color=method-wrapper(...), colorSpace='rgb', contrast=None, depth=-5.0, draggable=False, fillColor=array([1, 1, 1]), fillColorSpace='rgb', fillRGB=array([1, 1, 1]), interpolate=True, lineColor=array([1., 1., 1.]), lineColorSpace='rgb', lineRGB=array([1, 1, 1]), lineWidth=1.0, name='probe', opacity=1, ori=0.0, pos=array([0., 0.]), size=array([10., 10.]), units='pix', vertices=ndarray(...), win=Window(...), windingRule=None)
0.0430 	EXP 	Imported /Users/tiaragajjar/Downloads/EXP 4 - Sheet1.csv as conditions, 4 conditions, 2 params
0.0474 	EXP 	New trial (rep=0, index=0): <Trial 0 (0 in rep 0) data={'pos': np.int64(-50), 'corr_resp': 'x', 'thisN': 0, 'thisTrialN': 0, 'thisRepN': 0}>
0.0538 	WARNING 	t of last frame was 44.44ms (=1/22)
0.0538 	EXP 	fixation: autoDraw = True
1.0113 	WARNING 	t of last frame was 26.36ms (=1/37)
1.0113 	EXP 	line1: autoDraw = True
1.0113 	EXP 	line2: autoDraw = True
1.0113 	EXP 	line3: autoDraw = True
1.0113 	EXP 	line4: autoDraw = True
1.0515 	EXP 	fixation: autoDraw = False
1.9933 	INFO 	Keyboard events cleared
1.9931 	EXP 	probe: autoDraw = True
4.2516 	WARNING 	t of last frame was 27.29ms (=1/36)
4.9190 	EXP 	Device response: <KeyPress from None: t=4.539807166001992, value=x, duration=None>
4.9192 	EXP 	Device response: <KeyPress from None: t=4.539807166001992, value=x, duration=0.11851670799660496>
4.9195 	EXP 	New trial (rep=0, index=1): <Trial 1 (1 in rep 0) data={'pos': np.int64(150), 'corr_resp': 'v', 'thisN': 1, 'thisTrialN': 1, 'thisRepN': 0}>
4.9312 	DATA 	Keypress: x
4.9357 	WARNING 	t of last frame was 384.65ms (=1/2)
4.9357 	EXP 	fixation: autoDraw = False
4.9357 	EXP 	line1: autoDraw = False
4.9357 	EXP 	line2: autoDraw = False
4.9357 	EXP 	line3: autoDraw = False
4.9357 	EXP 	line4: autoDraw = False
4.9357 	EXP 	probe: autoDraw = False
4.9357 	EXP 	fixation: autoDraw = True
4.9700 	WARNING 	Multiple dropped frames have occurred - I'll stop bothering you about them!
5.9182 	EXP 	line1: autoDraw = True
5.9182 	EXP 	line2: autoDraw = True
5.9182 	EXP 	line3: autoDraw = True
5.9182 	EXP 	line4: autoDraw = True
5.9246 	EXP 	fixation: autoDraw = False
6.9181 	INFO 	Keyboard events cleared
6.9180 	EXP 	probe: autoDraw = True
8.0858 	EXP 	Device response: <KeyPress from None: t=8.080979291000403, value=v, duration=None>
8.0863 	EXP 	New trial (rep=0, index=2): <Trial 2 (2 in rep 0) data={'pos': np.int64(50), 'corr_resp': 'c ', 'thisN': 2, 'thisTrialN': 2, 'thisRepN': 0}>
8.0941 	DATA 	Keypress: v
8.0991 	EXP 	fixation: autoDraw = False
8.0991 	EXP 	line1: autoDraw = False
8.0991 	EXP 	line2: autoDraw = False
8.0991 	EXP 	line3: autoDraw = False
8.0991 	EXP 	line4: autoDraw = False
8.0991 	EXP 	probe: autoDraw = False
8.0991 	EXP 	fixation: autoDraw = True
8.3196 	EXP 	Device response: <KeyPress from None: t=8.080979291000403, value=v, duration=0.2322549579985207>
9.0847 	EXP 	line1: autoDraw = True
9.0847 	EXP 	line2: autoDraw = True
9.0847 	EXP 	line3: autoDraw = True
9.0847 	EXP 	line4: autoDraw = True
9.0908 	EXP 	fixation: autoDraw = False
10.0850 	INFO 	Keyboard events cleared
10.0848 	EXP 	probe: autoDraw = True
11.1526 	EXP 	Device response: <KeyPress from None: t=11.144100873993011, value=c, duration=None>
11.1531 	EXP 	New trial (rep=0, index=3): <Trial 3 (3 in rep 0) data={'pos': np.int64(-150), 'corr_resp': 'z', 'thisN': 3, 'thisTrialN': 3, 'thisRepN': 0}>
11.1597 	DATA 	Keypress: c
11.1645 	EXP 	fixation: autoDraw = False
11.1645 	EXP 	line1: autoDraw = False
11.1645 	EXP 	line2: autoDraw = False
11.1645 	EXP 	line3: autoDraw = False
11.1645 	EXP 	line4: autoDraw = False
11.1645 	EXP 	probe: autoDraw = False
11.1645 	EXP 	fixation: autoDraw = True
11.4034 	EXP 	Device response: <KeyPress from None: t=11.144100873993011, value=c, duration=0.25199575000442564>
12.1515 	EXP 	line1: autoDraw = True
12.1515 	EXP 	line2: autoDraw = True
12.1515 	EXP 	line3: autoDraw = True
12.1515 	EXP 	line4: autoDraw = True
12.1580 	EXP 	fixation: autoDraw = False
13.1517 	INFO 	Keyboard events cleared
13.1515 	EXP 	probe: autoDraw = True
14.0255 	EXP 	Device response: <KeyPress from None: t=14.018655748994206, value=z, duration=None>
14.0260 	EXP 	New trial (rep=1, index=0): <Trial 4 (0 in rep 1) data={'pos': np.int64(-50), 'corr_resp': 'x', 'thisN': 4, 'thisTrialN': 0, 'thisRepN': 1}>
14.0325 	DATA 	Keypress: z
14.0370 	EXP 	fixation: autoDraw = False
14.0370 	EXP 	line1: autoDraw = False
14.0370 	EXP 	line2: autoDraw = False
14.0370 	EXP 	line3: autoDraw = False
14.0370 	EXP 	line4: autoDraw = False
14.0370 	EXP 	probe: autoDraw = False
14.0370 	EXP 	fixation: autoDraw = True
14.2699 	EXP 	Device response: <KeyPress from None: t=14.018655748994206, value=z, duration=0.24037520799902268>
15.0249 	EXP 	line1: autoDraw = True
15.0249 	EXP 	line2: autoDraw = True
15.0249 	EXP 	line3: autoDraw = True
15.0249 	EXP 	line4: autoDraw = True
15.0346 	EXP 	fixation: autoDraw = False
16.0243 	INFO 	Keyboard events cleared
16.0241 	EXP 	probe: autoDraw = True
17.0419 	EXP 	Device response: <KeyPress from None: t=17.038628331996733, value=x, duration=None>
17.0423 	EXP 	New trial (rep=1, index=1): <Trial 5 (1 in rep 1) data={'pos': np.int64(150), 'corr_resp': 'v', 'thisN': 5, 'thisTrialN': 1, 'thisRepN': 1}>
17.0487 	DATA 	Keypress: x
17.0537 	EXP 	fixation: autoDraw = False
17.0537 	EXP 	line1: autoDraw = False
17.0537 	EXP 	line2: autoDraw = False
17.0537 	EXP 	line3: autoDraw = False
17.0537 	EXP 	line4: autoDraw = False
17.0537 	EXP 	probe: autoDraw = False
17.0537 	EXP 	fixation: autoDraw = True
17.2701 	EXP 	Device response: <KeyPress from None: t=17.038628331996733, value=x, duration=0.22441345900006127>
18.0412 	EXP 	line1: autoDraw = True
18.0412 	EXP 	line2: autoDraw = True
18.0412 	EXP 	line3: autoDraw = True
18.0412 	EXP 	line4: autoDraw = True
18.0513 	EXP 	fixation: autoDraw = False
19.0420 	INFO 	Keyboard events cleared
19.0417 	EXP 	probe: autoDraw = True
20.0423 	EXP 	Device response: <KeyPress from None: t=20.04057054099394, value=v, duration=None>
20.0428 	EXP 	New trial (rep=1, index=2): <Trial 6 (2 in rep 1) data={'pos': np.int64(50), 'corr_resp': 'c ', 'thisN': 6, 'thisTrialN': 2, 'thisRepN': 1}>
20.0492 	DATA 	Keypress: v
20.0538 	EXP 	fixation: autoDraw = False
20.0538 	EXP 	line1: autoDraw = False
20.0538 	EXP 	line2: autoDraw = False
20.0538 	EXP 	line3: autoDraw = False
20.0538 	EXP 	line4: autoDraw = False
20.0538 	EXP 	probe: autoDraw = False
20.0538 	EXP 	fixation: autoDraw = True
20.2681 	EXP 	Device response: <KeyPress from None: t=20.04057054099394, value=v, duration=0.2163236659980612>
21.0420 	EXP 	line1: autoDraw = True
21.0420 	EXP 	line2: autoDraw = True
21.0420 	EXP 	line3: autoDraw = True
21.0420 	EXP 	line4: autoDraw = True
21.0514 	EXP 	fixation: autoDraw = False
22.0426 	INFO 	Keyboard events cleared
22.0423 	EXP 	probe: autoDraw = True
23.0361 	EXP 	Device response: <KeyPress from None: t=23.02845016599167, value=c, duration=None>
23.0367 	EXP 	New trial (rep=1, index=3): <Trial 7 (3 in rep 1) data={'pos': np.int64(-150), 'corr_resp': 'z', 'thisN': 7, 'thisTrialN': 3, 'thisRepN': 1}>
23.0441 	DATA 	Keypress: c
23.0493 	EXP 	fixation: autoDraw = False
23.0493 	EXP 	line1: autoDraw = False
23.0493 	EXP 	line2: autoDraw = False
23.0493 	EXP 	line3: autoDraw = False
23.0493 	EXP 	line4: autoDraw = False
23.0493 	EXP 	probe: autoDraw = False
23.0493 	EXP 	fixation: autoDraw = True
23.2748 	EXP 	Device response: <KeyPress from None: t=23.02845016599167, value=c, duration=0.24033875000895932>
24.0347 	EXP 	line1: autoDraw = True
24.0347 	EXP 	line2: autoDraw = True
24.0347 	EXP 	line3: autoDraw = True
24.0347 	EXP 	line4: autoDraw = True
24.0418 	EXP 	fixation: autoDraw = False
25.0349 	INFO 	Keyboard events cleared
25.0347 	EXP 	probe: autoDraw = True
25.9421 	EXP 	Device response: <KeyPress from None: t=25.937278373996378, value=z, duration=None>
25.9426 	EXP 	New trial (rep=2, index=0): <Trial 8 (0 in rep 2) data={'pos': np.int64(-50), 'corr_resp': 'x', 'thisN': 8, 'thisTrialN': 0, 'thisRepN': 2}>
25.9491 	DATA 	Keypress: z
25.9534 	EXP 	fixation: autoDraw = False
25.9534 	EXP 	line1: autoDraw = False
25.9534 	EXP 	line2: autoDraw = False
25.9534 	EXP 	line3: autoDraw = False
25.9534 	EXP 	line4: autoDraw = False
25.9534 	EXP 	probe: autoDraw = False
25.9534 	EXP 	fixation: autoDraw = True
26.1531 	EXP 	Device response: <KeyPress from None: t=25.937278373996378, value=z, duration=0.2124112919991603>
26.9419 	EXP 	line1: autoDraw = True
26.9419 	EXP 	line2: autoDraw = True
26.9419 	EXP 	line3: autoDraw = True
26.9419 	EXP 	line4: autoDraw = True
26.9513 	EXP 	fixation: autoDraw = False
27.9416 	INFO 	Keyboard events cleared
27.9414 	EXP 	probe: autoDraw = True
28.6913 	EXP 	Device response: <KeyPress from None: t=28.68740674899891, value=x, duration=None>
28.6918 	EXP 	New trial (rep=2, index=1): <Trial 9 (1 in rep 2) data={'pos': np.int64(150), 'corr_resp': 'v', 'thisN': 9, 'thisTrialN': 1, 'thisRepN': 2}>
28.6984 	DATA 	Keypress: x
28.7034 	EXP 	fixation: autoDraw = False
28.7034 	EXP 	line1: autoDraw = False
28.7034 	EXP 	line2: autoDraw = False
28.7034 	EXP 	line3: autoDraw = False
28.7034 	EXP 	line4: autoDraw = False
28.7034 	EXP 	probe: autoDraw = False
28.7034 	EXP 	fixation: autoDraw = True
28.9443 	EXP 	Device response: <KeyPress from None: t=28.68740674899891, value=x, duration=0.2442121249914635>
29.6920 	EXP 	line1: autoDraw = True
29.6920 	EXP 	line2: autoDraw = True
29.6920 	EXP 	line3: autoDraw = True
29.6920 	EXP 	line4: autoDraw = True
29.7011 	EXP 	fixation: autoDraw = False
30.6921 	INFO 	Keyboard events cleared
30.6919 	EXP 	probe: autoDraw = True
31.6194 	EXP 	Device response: <KeyPress from None: t=31.615241956998943, value=v, duration=None>
31.6200 	EXP 	New trial (rep=2, index=2): <Trial 10 (2 in rep 2) data={'pos': np.int64(50), 'corr_resp': 'c ', 'thisN': 10, 'thisTrialN': 2, 'thisRepN': 2}>
31.6269 	DATA 	Keypress: v
31.6318 	EXP 	fixation: autoDraw = False
31.6318 	EXP 	line1: autoDraw = False
31.6318 	EXP 	line2: autoDraw = False
31.6318 	EXP 	line3: autoDraw = False
31.6318 	EXP 	line4: autoDraw = False
31.6318 	EXP 	probe: autoDraw = False
31.6318 	EXP 	fixation: autoDraw = True
31.8366 	EXP 	Device response: <KeyPress from None: t=31.615241956998943, value=v, duration=0.21629704200313427>
32.6181 	EXP 	line1: autoDraw = True
32.6181 	EXP 	line2: autoDraw = True
32.6181 	EXP 	line3: autoDraw = True
32.6181 	EXP 	line4: autoDraw = True
32.6250 	EXP 	fixation: autoDraw = False
33.6181 	INFO 	Keyboard events cleared
33.6179 	EXP 	probe: autoDraw = True
34.4873 	EXP 	Device response: <KeyPress from None: t=34.479022081999574, value=c, duration=None>
34.4877 	EXP 	New trial (rep=2, index=3): <Trial 11 (3 in rep 2) data={'pos': np.int64(-150), 'corr_resp': 'z', 'thisN': 11, 'thisTrialN': 3, 'thisRepN': 2}>
34.4933 	DATA 	Keypress: c
34.5013 	EXP 	fixation: autoDraw = False
34.5013 	EXP 	line1: autoDraw = False
34.5013 	EXP 	line2: autoDraw = False
34.5013 	EXP 	line3: autoDraw = False
34.5013 	EXP 	line4: autoDraw = False
34.5013 	EXP 	probe: autoDraw = False
34.5013 	EXP 	fixation: autoDraw = True
34.7194 	EXP 	Device response: <KeyPress from None: t=34.479022081999574, value=c, duration=0.22840883399476297>
35.4836 	EXP 	line1: autoDraw = True
35.4836 	EXP 	line2: autoDraw = True
35.4836 	EXP 	line3: autoDraw = True
35.4836 	EXP 	line4: autoDraw = True
35.5001 	EXP 	fixation: autoDraw = False
36.4848 	INFO 	Keyboard events cleared
36.4845 	EXP 	probe: autoDraw = True
37.3026 	EXP 	Device response: <KeyPress from None: t=37.28996037399338, value=z, duration=None>
37.3034 	EXP 	New trial (rep=3, index=0): <Trial 12 (0 in rep 3) data={'pos': np.int64(-50), 'corr_resp': 'x', 'thisN': 12, 'thisTrialN': 0, 'thisRepN': 3}>
37.3086 	DATA 	Keypress: z
37.3125 	EXP 	fixation: autoDraw = False
37.3125 	EXP 	line1: autoDraw = False
37.3125 	EXP 	line2: autoDraw = False
37.3125 	EXP 	line3: autoDraw = False
37.3125 	EXP 	line4: autoDraw = False
37.3125 	EXP 	probe: autoDraw = False
37.3125 	EXP 	fixation: autoDraw = True
37.5363 	EXP 	Device response: <KeyPress from None: t=37.28996037399338, value=z, duration=0.23638124999706633>
38.3013 	EXP 	line1: autoDraw = True
38.3013 	EXP 	line2: autoDraw = True
38.3013 	EXP 	line3: autoDraw = True
38.3013 	EXP 	line4: autoDraw = True
38.3071 	EXP 	fixation: autoDraw = False
39.3017 	INFO 	Keyboard events cleared
39.3015 	EXP 	probe: autoDraw = True
40.0403 	EXP 	Device response: <KeyPress from None: t=40.034884456996224, value=x, duration=None>
40.0410 	EXP 	New trial (rep=3, index=1): <Trial 13 (1 in rep 3) data={'pos': np.int64(150), 'corr_resp': 'v', 'thisN': 13, 'thisTrialN': 1, 'thisRepN': 3}>
40.0461 	DATA 	Keypress: x
40.0508 	EXP 	fixation: autoDraw = False
40.0508 	EXP 	line1: autoDraw = False
40.0508 	EXP 	line2: autoDraw = False
40.0508 	EXP 	line3: autoDraw = False
40.0508 	EXP 	line4: autoDraw = False
40.0508 	EXP 	probe: autoDraw = False
40.0508 	EXP 	fixation: autoDraw = True
40.2864 	EXP 	Device response: <KeyPress from None: t=40.034884456996224, value=x, duration=0.24439941700256895>
41.0410 	EXP 	fixation: autoDraw = False
41.0410 	EXP 	line1: autoDraw = True
41.0410 	EXP 	line2: autoDraw = True
41.0410 	EXP 	line3: autoDraw = True
41.0410 	EXP 	line4: autoDraw = True
42.0345 	INFO 	Keyboard events cleared
42.0343 	EXP 	probe: autoDraw = True
42.9526 	EXP 	Device response: <KeyPress from None: t=42.949880665997625, value=v, duration=None>
42.9531 	EXP 	New trial (rep=3, index=2): <Trial 14 (2 in rep 3) data={'pos': np.int64(50), 'corr_resp': 'c ', 'thisN': 14, 'thisTrialN': 2, 'thisRepN': 3}>
42.9600 	DATA 	Keypress: v
42.9650 	EXP 	fixation: autoDraw = False
42.9650 	EXP 	line1: autoDraw = False
42.9650 	EXP 	line2: autoDraw = False
42.9650 	EXP 	line3: autoDraw = False
42.9650 	EXP 	line4: autoDraw = False
42.9650 	EXP 	probe: autoDraw = False
42.9650 	EXP 	fixation: autoDraw = True
43.1728 	EXP 	Device response: <KeyPress from None: t=42.949880665997625, value=v, duration=0.22030241599713918>
43.9506 	EXP 	line1: autoDraw = True
43.9506 	EXP 	line2: autoDraw = True
43.9506 	EXP 	line3: autoDraw = True
43.9506 	EXP 	line4: autoDraw = True
43.9563 	EXP 	fixation: autoDraw = False
44.9516 	INFO 	Keyboard events cleared
44.9515 	EXP 	probe: autoDraw = True
45.8359 	EXP 	Device response: <KeyPress from None: t=45.83183033199748, value=c, duration=None>
45.8365 	EXP 	New trial (rep=3, index=3): <Trial 15 (3 in rep 3) data={'pos': np.int64(-150), 'corr_resp': 'z', 'thisN': 15, 'thisTrialN': 3, 'thisRepN': 3}>
45.8443 	DATA 	Keypress: c
45.8493 	EXP 	fixation: autoDraw = False
45.8493 	EXP 	line1: autoDraw = False
45.8493 	EXP 	line2: autoDraw = False
45.8493 	EXP 	line3: autoDraw = False
45.8493 	EXP 	line4: autoDraw = False
45.8493 	EXP 	probe: autoDraw = False
45.8493 	EXP 	fixation: autoDraw = True
46.1009 	EXP 	Device response: <KeyPress from None: t=45.83183033199748, value=c, duration=0.2642794999992475>
46.8345 	EXP 	line1: autoDraw = True
46.8345 	EXP 	line2: autoDraw = True
46.8345 	EXP 	line3: autoDraw = True
46.8345 	EXP 	line4: autoDraw = True
46.8402 	EXP 	fixation: autoDraw = False
47.8347 	INFO 	Keyboard events cleared
47.8345 	EXP 	probe: autoDraw = True
48.5692 	EXP 	Device response: <KeyPress from None: t=48.56774287400185, value=z, duration=None>
48.5697 	EXP 	New trial (rep=4, index=0): <Trial 16 (0 in rep 4) data={'pos': np.int64(-50), 'corr_resp': 'x', 'thisN': 16, 'thisTrialN': 0, 'thisRepN': 4}>
48.5766 	DATA 	Keypress: z
48.5817 	EXP 	fixation: autoDraw = False
48.5817 	EXP 	line1: autoDraw = False
48.5817 	EXP 	line2: autoDraw = False
48.5817 	EXP 	line3: autoDraw = False
48.5817 	EXP 	line4: autoDraw = False
48.5817 	EXP 	probe: autoDraw = False
48.5817 	EXP 	fixation: autoDraw = True
48.8196 	EXP 	Device response: <KeyPress from None: t=48.56774287400185, value=z, duration=0.2482728749891976>
49.5680 	EXP 	line1: autoDraw = True
49.5680 	EXP 	line2: autoDraw = True
49.5680 	EXP 	line3: autoDraw = True
49.5680 	EXP 	line4: autoDraw = True
49.5746 	EXP 	fixation: autoDraw = False
50.5681 	INFO 	Keyboard events cleared
50.5679 	EXP 	probe: autoDraw = True
51.2925 	EXP 	Device response: <KeyPress from None: t=51.28662762399472, value=x, duration=None>
51.2929 	EXP 	New trial (rep=4, index=1): <Trial 17 (1 in rep 4) data={'pos': np.int64(150), 'corr_resp': 'v', 'thisN': 17, 'thisTrialN': 1, 'thisRepN': 4}>
51.2993 	DATA 	Keypress: x
51.3038 	EXP 	fixation: autoDraw = False
51.3038 	EXP 	line1: autoDraw = False
51.3038 	EXP 	line2: autoDraw = False
51.3038 	EXP 	line3: autoDraw = False
51.3038 	EXP 	line4: autoDraw = False
51.3038 	EXP 	probe: autoDraw = False
51.3038 	EXP 	fixation: autoDraw = True
51.5368 	EXP 	Device response: <KeyPress from None: t=51.28662762399472, value=x, duration=0.24458112500724383>
52.2924 	EXP 	line1: autoDraw = True
52.2924 	EXP 	line2: autoDraw = True
52.2924 	EXP 	line3: autoDraw = True
52.2924 	EXP 	line4: autoDraw = True
52.3004 	EXP 	fixation: autoDraw = False
53.2912 	INFO 	Keyboard events cleared
53.2910 	EXP 	probe: autoDraw = True
54.0919 	EXP 	Device response: <KeyPress from None: t=54.08953562399256, value=v, duration=None>
54.0924 	EXP 	New trial (rep=4, index=2): <Trial 18 (2 in rep 4) data={'pos': np.int64(50), 'corr_resp': 'c ', 'thisN': 18, 'thisTrialN': 2, 'thisRepN': 4}>
54.0991 	DATA 	Keypress: v
54.1037 	EXP 	fixation: autoDraw = False
54.1037 	EXP 	line1: autoDraw = False
54.1037 	EXP 	line2: autoDraw = False
54.1037 	EXP 	line3: autoDraw = False
54.1037 	EXP 	line4: autoDraw = False
54.1037 	EXP 	probe: autoDraw = False
54.1037 	EXP 	fixation: autoDraw = True
54.3211 	EXP 	Device response: <KeyPress from None: t=54.08953562399256, value=v, duration=0.22031579200120177>
55.0892 	EXP 	line1: autoDraw = True
55.0892 	EXP 	line2: autoDraw = True
55.0892 	EXP 	line3: autoDraw = True
55.0892 	EXP 	line4: autoDraw = True
55.1005 	EXP 	fixation: autoDraw = False
56.0924 	INFO 	Keyboard events cleared
56.0921 	EXP 	probe: autoDraw = True
56.9695 	EXP 	Device response: <KeyPress from None: t=56.96648729099252, value=c, duration=None>
56.9699 	EXP 	New trial (rep=4, index=3): <Trial 19 (3 in rep 4) data={'pos': np.int64(-150), 'corr_resp': 'z', 'thisN': 19, 'thisTrialN': 3, 'thisRepN': 4}>
56.9772 	DATA 	Keypress: c
56.9823 	EXP 	fixation: autoDraw = False
56.9823 	EXP 	line1: autoDraw = False
56.9823 	EXP 	line2: autoDraw = False
56.9823 	EXP 	line3: autoDraw = False
56.9823 	EXP 	line4: autoDraw = False
56.9823 	EXP 	probe: autoDraw = False
56.9823 	EXP 	fixation: autoDraw = True
57.2691 	EXP 	Device response: <KeyPress from None: t=56.96648729099252, value=c, duration=0.30025154100439977>
57.9679 	EXP 	line1: autoDraw = True
57.9679 	EXP 	line2: autoDraw = True
57.9679 	EXP 	line3: autoDraw = True
57.9679 	EXP 	line4: autoDraw = True
57.9739 	EXP 	fixation: autoDraw = False
58.9674 	INFO 	Keyboard events cleared
58.9671 	EXP 	probe: autoDraw = True
59.5918 	EXP 	Device response: <KeyPress from None: t=59.58541291599977, value=z, duration=None>
59.5924 	EXP 	New trial (rep=5, index=0): <Trial 20 (0 in rep 5) data={'pos': np.int64(-50), 'corr_resp': 'x', 'thisN': 20, 'thisTrialN': 0, 'thisRepN': 5}>
59.5994 	DATA 	Keypress: z
59.6040 	EXP 	fixation: autoDraw = False
59.6040 	EXP 	line1: autoDraw = False
59.6040 	EXP 	line2: autoDraw = False
59.6040 	EXP 	line3: autoDraw = False
59.6040 	EXP 	line4: autoDraw = False
59.6040 	EXP 	probe: autoDraw = False
59.6040 	EXP 	fixation: autoDraw = True
59.8365 	EXP 	Device response: <KeyPress from None: t=59.58541291599977, value=z, duration=0.24036487498960923>
60.5887 	EXP 	line1: autoDraw = True
60.5887 	EXP 	line2: autoDraw = True
60.5887 	EXP 	line3: autoDraw = True
60.5887 	EXP 	line4: autoDraw = True
60.6003 	EXP 	fixation: autoDraw = False
61.5924 	INFO 	Keyboard events cleared
61.5922 	EXP 	probe: autoDraw = True
62.2272 	EXP 	Device response: <KeyPress from None: t=62.21933874899696, value=x, duration=None>
62.2282 	EXP 	New trial (rep=5, index=1): <Trial 21 (1 in rep 5) data={'pos': np.int64(150), 'corr_resp': 'v', 'thisN': 21, 'thisTrialN': 1, 'thisRepN': 5}>
62.2356 	DATA 	Keypress: x
62.2403 	EXP 	fixation: autoDraw = False
62.2403 	EXP 	line1: autoDraw = False
62.2403 	EXP 	line2: autoDraw = False
62.2403 	EXP 	line3: autoDraw = False
62.2403 	EXP 	line4: autoDraw = False
62.2403 	EXP 	probe: autoDraw = False
62.2403 	EXP 	fixation: autoDraw = True
62.4863 	EXP 	Device response: <KeyPress from None: t=62.21933874899696, value=x, duration=0.26040504200500436>
63.2243 	EXP 	line1: autoDraw = True
63.2243 	EXP 	line2: autoDraw = True
63.2243 	EXP 	line3: autoDraw = True
63.2243 	EXP 	line4: autoDraw = True
63.2347 	EXP 	fixation: autoDraw = False
64.2248 	INFO 	Keyboard events cleared
64.2246 	EXP 	probe: autoDraw = True
64.9925 	EXP 	Device response: <KeyPress from None: t=64.9852744989912, value=v, duration=None>
64.9930 	EXP 	New trial (rep=5, index=2): <Trial 22 (2 in rep 5) data={'pos': np.int64(50), 'corr_resp': 'c ', 'thisN': 22, 'thisTrialN': 2, 'thisRepN': 5}>
65.0017 	DATA 	Keypress: v
65.0058 	EXP 	fixation: autoDraw = False
65.0058 	EXP 	line1: autoDraw = False
65.0058 	EXP 	line2: autoDraw = False
65.0058 	EXP 	line3: autoDraw = False
65.0058 	EXP 	line4: autoDraw = False
65.0058 	EXP 	probe: autoDraw = False
65.0058 	EXP 	fixation: autoDraw = True
65.2366 	EXP 	Device response: <KeyPress from None: t=64.9852744989912, value=v, duration=0.24829770800715778>
65.9909 	EXP 	line1: autoDraw = True
65.9909 	EXP 	line2: autoDraw = True
65.9909 	EXP 	line3: autoDraw = True
65.9909 	EXP 	line4: autoDraw = True
66.0014 	EXP 	fixation: autoDraw = False
66.9917 	INFO 	Keyboard events cleared
66.9914 	EXP 	probe: autoDraw = True
67.8260 	EXP 	Device response: <KeyPress from None: t=67.82410154100216, value=c, duration=None>
67.8267 	EXP 	New trial (rep=5, index=3): <Trial 23 (3 in rep 5) data={'pos': np.int64(-150), 'corr_resp': 'z', 'thisN': 23, 'thisTrialN': 3, 'thisRepN': 5}>
67.8336 	DATA 	Keypress: c
67.8377 	EXP 	fixation: autoDraw = False
67.8377 	EXP 	line1: autoDraw = False
67.8377 	EXP 	line2: autoDraw = False
67.8377 	EXP 	line3: autoDraw = False
67.8377 	EXP 	line4: autoDraw = False
67.8377 	EXP 	probe: autoDraw = False
67.8377 	EXP 	fixation: autoDraw = True
68.0746 	EXP 	Device response: <KeyPress from None: t=67.82410154100216, value=c, duration=0.24443183299445082>
68.8253 	EXP 	line1: autoDraw = True
68.8253 	EXP 	line2: autoDraw = True
68.8253 	EXP 	line3: autoDraw = True
68.8253 	EXP 	line4: autoDraw = True
68.8344 	EXP 	fixation: autoDraw = False
69.8246 	INFO 	Keyboard events cleared
69.8244 	EXP 	probe: autoDraw = True
70.5252 	EXP 	Device response: <KeyPress from None: t=70.51905508199707, value=z, duration=None>
70.5257 	EXP 	New trial (rep=6, index=0): <Trial 24 (0 in rep 6) data={'pos': np.int64(-50), 'corr_resp': 'x', 'thisN': 24, 'thisTrialN': 0, 'thisRepN': 6}>
70.5323 	DATA 	Keypress: z
70.5368 	EXP 	fixation: autoDraw = False
70.5368 	EXP 	line1: autoDraw = False
70.5368 	EXP 	line2: autoDraw = False
70.5368 	EXP 	line3: autoDraw = False
70.5368 	EXP 	line4: autoDraw = False
70.5368 	EXP 	probe: autoDraw = False
70.5368 	EXP 	fixation: autoDraw = True
70.7699 	EXP 	Device response: <KeyPress from None: t=70.51905508199707, value=z, duration=0.24437800000305288>
71.5250 	EXP 	line1: autoDraw = True
71.5250 	EXP 	line2: autoDraw = True
71.5250 	EXP 	line3: autoDraw = True
71.5250 	EXP 	line4: autoDraw = True
71.5344 	EXP 	fixation: autoDraw = False
72.5175 	INFO 	Keyboard events cleared
72.5173 	EXP 	probe: autoDraw = True
73.1025 	EXP 	Device response: <KeyPress from None: t=73.09495566599071, value=x, duration=None>
73.1030 	EXP 	New trial (rep=6, index=1): <Trial 25 (1 in rep 6) data={'pos': np.int64(150), 'corr_resp': 'v', 'thisN': 25, 'thisTrialN': 1, 'thisRepN': 6}>
73.1101 	DATA 	Keypress: x
73.1151 	EXP 	fixation: autoDraw = False
73.1151 	EXP 	line1: autoDraw = False
73.1151 	EXP 	line2: autoDraw = False
73.1151 	EXP 	line3: autoDraw = False
73.1151 	EXP 	line4: autoDraw = False
73.1151 	EXP 	probe: autoDraw = False
73.1151 	EXP 	fixation: autoDraw = True
73.3862 	EXP 	Device response: <KeyPress from None: t=73.09495566599071, value=x, duration=0.28426916600437835>
74.1012 	EXP 	line1: autoDraw = True
74.1012 	EXP 	line2: autoDraw = True
74.1012 	EXP 	line3: autoDraw = True
74.1012 	EXP 	line4: autoDraw = True
74.1080 	EXP 	fixation: autoDraw = False
75.1015 	INFO 	Keyboard events cleared
75.1013 	EXP 	probe: autoDraw = True
75.7692 	EXP 	Device response: <KeyPress from None: t=75.7638729570026, value=v, duration=None>
75.7698 	EXP 	New trial (rep=6, index=2): <Trial 26 (2 in rep 6) data={'pos': np.int64(50), 'corr_resp': 'c ', 'thisN': 26, 'thisTrialN': 2, 'thisRepN': 6}>
75.7775 	DATA 	Keypress: v
75.7823 	EXP 	fixation: autoDraw = False
75.7823 	EXP 	line1: autoDraw = False
75.7823 	EXP 	line2: autoDraw = False
75.7823 	EXP 	line3: autoDraw = False
75.7823 	EXP 	line4: autoDraw = False
75.7823 	EXP 	probe: autoDraw = False
75.7823 	EXP 	fixation: autoDraw = True
76.0364 	EXP 	Device response: <KeyPress from None: t=75.7638729570026, value=v, duration=0.26442662499903236>
76.7678 	EXP 	line1: autoDraw = True
76.7678 	EXP 	line2: autoDraw = True
76.7678 	EXP 	line3: autoDraw = True
76.7678 	EXP 	line4: autoDraw = True
76.7747 	EXP 	fixation: autoDraw = False
77.7681 	INFO 	Keyboard events cleared
77.7679 	EXP 	probe: autoDraw = True
78.4856 	EXP 	Device response: <KeyPress from None: t=78.48287545698986, value=c, duration=None>
78.4862 	EXP 	New trial (rep=6, index=3): <Trial 27 (3 in rep 6) data={'pos': np.int64(-150), 'corr_resp': 'z', 'thisN': 27, 'thisTrialN': 3, 'thisRepN': 6}>
78.4931 	DATA 	Keypress: c
78.4980 	EXP 	fixation: autoDraw = False
78.4980 	EXP 	line1: autoDraw = False
78.4980 	EXP 	line2: autoDraw = False
78.4980 	EXP 	line3: autoDraw = False
78.4980 	EXP 	line4: autoDraw = False
78.4980 	EXP 	probe: autoDraw = False
78.4980 	EXP 	fixation: autoDraw = True
78.7526 	EXP 	Device response: <KeyPress from None: t=78.48287545698986, value=c, duration=0.26036141700751614>
79.4845 	EXP 	line1: autoDraw = True
79.4845 	EXP 	line2: autoDraw = True
79.4845 	EXP 	line3: autoDraw = True
79.4845 	EXP 	line4: autoDraw = True
79.4908 	EXP 	fixation: autoDraw = False
80.4845 	INFO 	Keyboard events cleared
80.4844 	EXP 	probe: autoDraw = True
81.4253 	EXP 	Device response: <KeyPress from None: t=81.42277308199846, value=z, duration=None>
81.4258 	EXP 	New trial (rep=7, index=0): <Trial 28 (0 in rep 7) data={'pos': np.int64(-50), 'corr_resp': 'x', 'thisN': 28, 'thisTrialN': 0, 'thisRepN': 7}>
81.4332 	DATA 	Keypress: z
81.4375 	EXP 	fixation: autoDraw = False
81.4375 	EXP 	line1: autoDraw = False
81.4375 	EXP 	line2: autoDraw = False
81.4375 	EXP 	line3: autoDraw = False
81.4375 	EXP 	line4: autoDraw = False
81.4375 	EXP 	probe: autoDraw = False
81.4375 	EXP 	fixation: autoDraw = True
81.6695 	EXP 	Device response: <KeyPress from None: t=81.42277308199846, value=z, duration=0.24424524999631103>
82.4251 	EXP 	line1: autoDraw = True
82.4251 	EXP 	line2: autoDraw = True
82.4251 	EXP 	line3: autoDraw = True
82.4251 	EXP 	line4: autoDraw = True
82.4345 	EXP 	fixation: autoDraw = False
83.4250 	INFO 	Keyboard events cleared
83.4248 	EXP 	probe: autoDraw = True
84.0912 	EXP 	Device response: <KeyPress from None: t=84.08874004099926, value=x, duration=None>
84.0917 	EXP 	New trial (rep=7, index=1): <Trial 29 (1 in rep 7) data={'pos': np.int64(150), 'corr_resp': 'v', 'thisN': 29, 'thisTrialN': 1, 'thisRepN': 7}>
84.0982 	DATA 	Keypress: x
84.1033 	EXP 	fixation: autoDraw = False
84.1033 	EXP 	line1: autoDraw = False
84.1033 	EXP 	line2: autoDraw = False
84.1033 	EXP 	line3: autoDraw = False
84.1033 	EXP 	line4: autoDraw = False
84.1033 	EXP 	probe: autoDraw = False
84.1033 	EXP 	fixation: autoDraw = True
84.3360 	EXP 	Device response: <KeyPress from None: t=84.08874004099926, value=x, duration=0.24026120800408535>
85.0914 	EXP 	line1: autoDraw = True
85.0914 	EXP 	line2: autoDraw = True
85.0914 	EXP 	line3: autoDraw = True
85.0914 	EXP 	line4: autoDraw = True
85.1011 	EXP 	fixation: autoDraw = False
86.0847 	INFO 	Keyboard events cleared
86.0845 	EXP 	probe: autoDraw = True
86.6859 	EXP 	Device response: <KeyPress from None: t=86.67971374899207, value=v, duration=None>
86.6865 	EXP 	New trial (rep=7, index=2): <Trial 30 (2 in rep 7) data={'pos': np.int64(50), 'corr_resp': 'c ', 'thisN': 30, 'thisTrialN': 2, 'thisRepN': 7}>
86.6952 	DATA 	Keypress: v
86.7000 	EXP 	fixation: autoDraw = False
86.7000 	EXP 	line1: autoDraw = False
86.7000 	EXP 	line2: autoDraw = False
86.7000 	EXP 	line3: autoDraw = False
86.7000 	EXP 	line4: autoDraw = False
86.7000 	EXP 	probe: autoDraw = False
86.7000 	EXP 	fixation: autoDraw = True
86.9194 	EXP 	Device response: <KeyPress from None: t=86.67971374899207, value=v, duration=0.23233141700620763>
87.6843 	EXP 	line1: autoDraw = True
87.6843 	EXP 	line2: autoDraw = True
87.6843 	EXP 	line3: autoDraw = True
87.6843 	EXP 	line4: autoDraw = True
87.6899 	EXP 	fixation: autoDraw = False
88.6847 	INFO 	Keyboard events cleared
88.6845 	EXP 	probe: autoDraw = True
89.3358 	EXP 	Device response: <KeyPress from None: t=89.32959670700075, value=c, duration=None>
89.3363 	EXP 	New trial (rep=7, index=3): <Trial 31 (3 in rep 7) data={'pos': np.int64(-150), 'corr_resp': 'z', 'thisN': 31, 'thisTrialN': 3, 'thisRepN': 7}>
89.3430 	DATA 	Keypress: c
89.3477 	EXP 	fixation: autoDraw = False
89.3477 	EXP 	line1: autoDraw = False
89.3477 	EXP 	line2: autoDraw = False
89.3477 	EXP 	line3: autoDraw = False
89.3477 	EXP 	line4: autoDraw = False
89.3477 	EXP 	probe: autoDraw = False
89.3477 	EXP 	fixation: autoDraw = True
89.5699 	EXP 	Device response: <KeyPress from None: t=89.32959670700075, value=c, duration=0.23637124999368098>
90.3344 	EXP 	line1: autoDraw = True
90.3344 	EXP 	line2: autoDraw = True
90.3344 	EXP 	line3: autoDraw = True
90.3344 	EXP 	line4: autoDraw = True
90.3403 	EXP 	fixation: autoDraw = False
91.3346 	INFO 	Keyboard events cleared
91.3344 	EXP 	probe: autoDraw = True
92.0359 	EXP 	Device response: <KeyPress from None: t=92.02543224899273, value=z, duration=None>
92.0364 	EXP 	New trial (rep=8, index=0): <Trial 32 (0 in rep 8) data={'pos': np.int64(-50), 'corr_resp': 'x', 'thisN': 32, 'thisTrialN': 0, 'thisRepN': 8}>
92.0430 	DATA 	Keypress: z
92.0478 	EXP 	fixation: autoDraw = False
92.0478 	EXP 	line1: autoDraw = False
92.0478 	EXP 	line2: autoDraw = False
92.0478 	EXP 	line3: autoDraw = False
92.0478 	EXP 	line4: autoDraw = False
92.0478 	EXP 	probe: autoDraw = False
92.0478 	EXP 	fixation: autoDraw = True
92.2528 	EXP 	Device response: <KeyPress from None: t=92.02543224899273, value=z, duration=0.22437012499722186>
93.0345 	EXP 	line1: autoDraw = True
93.0345 	EXP 	line2: autoDraw = True
93.0345 	EXP 	line3: autoDraw = True
93.0345 	EXP 	line4: autoDraw = True
93.0411 	EXP 	fixation: autoDraw = False
94.0346 	INFO 	Keyboard events cleared
94.0344 	EXP 	probe: autoDraw = True
94.7252 	EXP 	Device response: <KeyPress from None: t=94.72046029099147, value=x, duration=None>
94.7257 	EXP 	New trial (rep=8, index=1): <Trial 33 (1 in rep 8) data={'pos': np.int64(150), 'corr_resp': 'v', 'thisN': 33, 'thisTrialN': 1, 'thisRepN': 8}>
94.7322 	DATA 	Keypress: x
94.7369 	EXP 	fixation: autoDraw = False
94.7369 	EXP 	line1: autoDraw = False
94.7369 	EXP 	line2: autoDraw = False
94.7369 	EXP 	line3: autoDraw = False
94.7369 	EXP 	line4: autoDraw = False
94.7369 	EXP 	probe: autoDraw = False
94.7369 	EXP 	fixation: autoDraw = True
94.9747 	EXP 	Device response: <KeyPress from None: t=94.72046029099147, value=x, duration=0.25218766600301024>
95.7251 	EXP 	line1: autoDraw = True
95.7251 	EXP 	line2: autoDraw = True
95.7251 	EXP 	line3: autoDraw = True
95.7251 	EXP 	line4: autoDraw = True
95.7345 	EXP 	fixation: autoDraw = False
96.7259 	INFO 	Keyboard events cleared
96.7257 	EXP 	probe: autoDraw = True
97.5194 	EXP 	Device response: <KeyPress from None: t=97.50830366599257, value=v, duration=None>
97.5200 	EXP 	New trial (rep=8, index=2): <Trial 34 (2 in rep 8) data={'pos': np.int64(50), 'corr_resp': 'c ', 'thisN': 34, 'thisTrialN': 2, 'thisRepN': 8}>
97.5281 	DATA 	Keypress: v
97.5329 	EXP 	fixation: autoDraw = False
97.5329 	EXP 	line1: autoDraw = False
97.5329 	EXP 	line2: autoDraw = False
97.5329 	EXP 	line3: autoDraw = False
97.5329 	EXP 	line4: autoDraw = False
97.5329 	EXP 	probe: autoDraw = False
97.5329 	EXP 	fixation: autoDraw = True
97.7364 	EXP 	Device response: <KeyPress from None: t=97.50830366599257, value=v, duration=0.21620358299696818>
98.5177 	EXP 	line1: autoDraw = True
98.5177 	EXP 	line2: autoDraw = True
98.5177 	EXP 	line3: autoDraw = True
98.5177 	EXP 	line4: autoDraw = True
98.5238 	EXP 	fixation: autoDraw = False
99.5178 	INFO 	Keyboard events cleared
99.5176 	EXP 	probe: autoDraw = True
100.4248 	EXP 	Device response: <KeyPress from None: t=100.41914304099919, value=c, duration=None>
100.4252 	EXP 	New trial (rep=8, index=3): <Trial 35 (3 in rep 8) data={'pos': np.int64(-150), 'corr_resp': 'z', 'thisN': 35, 'thisTrialN': 3, 'thisRepN': 8}>
100.4290 	DATA 	Keypress: c
100.4337 	EXP 	fixation: autoDraw = False
100.4337 	EXP 	line1: autoDraw = False
100.4337 	EXP 	line2: autoDraw = False
100.4337 	EXP 	line3: autoDraw = False
100.4337 	EXP 	line4: autoDraw = False
100.4337 	EXP 	probe: autoDraw = False
100.4337 	EXP 	fixation: autoDraw = True
100.6747 	EXP 	Device response: <KeyPress from None: t=100.41914304099919, value=c, duration=0.25240666599711403>
101.4247 	EXP 	fixation: autoDraw = False
101.4247 	EXP 	line1: autoDraw = True
101.4247 	EXP 	line2: autoDraw = True
101.4247 	EXP 	line3: autoDraw = True
101.4247 	EXP 	line4: autoDraw = True
102.4250 	INFO 	Keyboard events cleared
102.4248 	EXP 	probe: autoDraw = True
103.3079 	EXP 	Device response: <KeyPress from None: t=103.30512624898984, value=z, duration=None>
103.3083 	EXP 	New trial (rep=9, index=0): <Trial 36 (0 in rep 9) data={'pos': np.int64(-50), 'corr_resp': 'x', 'thisN': 36, 'thisTrialN': 0, 'thisRepN': 9}>
103.3147 	DATA 	Keypress: z
103.3202 	EXP 	fixation: autoDraw = False
103.3202 	EXP 	line1: autoDraw = False
103.3202 	EXP 	line2: autoDraw = False
103.3202 	EXP 	line3: autoDraw = False
103.3202 	EXP 	line4: autoDraw = False
103.3202 	EXP 	probe: autoDraw = False
103.3202 	EXP 	fixation: autoDraw = True
103.6533 	EXP 	Device response: <KeyPress from None: t=103.30512624898984, value=z, duration=0.3363615420093993>
104.3085 	EXP 	line1: autoDraw = True
104.3085 	EXP 	line2: autoDraw = True
104.3085 	EXP 	line3: autoDraw = True
104.3085 	EXP 	line4: autoDraw = True
104.3176 	EXP 	fixation: autoDraw = False
105.3014 	INFO 	Keyboard events cleared
105.3011 	EXP 	probe: autoDraw = True
105.9358 	EXP 	Device response: <KeyPress from None: t=105.92805799900088, value=x, duration=None>
105.9364 	EXP 	New trial (rep=9, index=1): <Trial 37 (1 in rep 9) data={'pos': np.int64(150), 'corr_resp': 'v', 'thisN': 37, 'thisTrialN': 1, 'thisRepN': 9}>
105.9442 	DATA 	Keypress: x
105.9493 	EXP 	fixation: autoDraw = False
105.9493 	EXP 	line1: autoDraw = False
105.9493 	EXP 	line2: autoDraw = False
105.9493 	EXP 	line3: autoDraw = False
105.9493 	EXP 	line4: autoDraw = False
105.9493 	EXP 	probe: autoDraw = False
105.9493 	EXP 	fixation: autoDraw = True
106.2075 	EXP 	Device response: <KeyPress from None: t=105.92805799900088, value=x, duration=0.2762393750017509>
106.9345 	EXP 	line1: autoDraw = True
106.9345 	EXP 	line2: autoDraw = True
106.9345 	EXP 	line3: autoDraw = True
106.9345 	EXP 	line4: autoDraw = True
106.9408 	EXP 	fixation: autoDraw = False
107.9346 	INFO 	Keyboard events cleared
107.9344 	EXP 	probe: autoDraw = True
108.6523 	EXP 	Device response: <KeyPress from None: t=108.6439262490021, value=v, duration=None>
108.6528 	EXP 	New trial (rep=9, index=2): <Trial 38 (2 in rep 9) data={'pos': np.int64(50), 'corr_resp': 'c ', 'thisN': 38, 'thisTrialN': 2, 'thisRepN': 9}>
108.6595 	DATA 	Keypress: v
108.6651 	EXP 	fixation: autoDraw = False
108.6651 	EXP 	line1: autoDraw = False
108.6651 	EXP 	line2: autoDraw = False
108.6651 	EXP 	line3: autoDraw = False
108.6651 	EXP 	line4: autoDraw = False
108.6651 	EXP 	probe: autoDraw = False
108.6651 	EXP 	fixation: autoDraw = True
108.8695 	EXP 	Device response: <KeyPress from None: t=108.6439262490021, value=v, duration=0.2122847919963533>
109.6511 	EXP 	line1: autoDraw = True
109.6511 	EXP 	line2: autoDraw = True
109.6511 	EXP 	line3: autoDraw = True
109.6511 	EXP 	line4: autoDraw = True
109.6567 	EXP 	fixation: autoDraw = False
110.6511 	INFO 	Keyboard events cleared
110.6510 	EXP 	probe: autoDraw = True
110.9689 	EXP 	Device response: <KeyPress from None: t=110.96594683200237, value=c, duration=None>
110.9695 	EXP 	New trial (rep=9, index=3): <Trial 39 (3 in rep 9) data={'pos': np.int64(-150), 'corr_resp': 'z', 'thisN': 39, 'thisTrialN': 3, 'thisRepN': 9}>
110.9764 	DATA 	Keypress: c
110.9813 	EXP 	fixation: autoDraw = False
110.9813 	EXP 	line1: autoDraw = False
110.9813 	EXP 	line2: autoDraw = False
110.9813 	EXP 	line3: autoDraw = False
110.9813 	EXP 	line4: autoDraw = False
110.9813 	EXP 	probe: autoDraw = False
110.9813 	EXP 	fixation: autoDraw = True
111.1192 	EXP 	Device response: <KeyPress from None: t=110.96594683200237, value=c, duration=0.14827929199964274>
111.9677 	EXP 	line1: autoDraw = True
111.9677 	EXP 	line2: autoDraw = True
111.9677 	EXP 	line3: autoDraw = True
111.9677 	EXP 	line4: autoDraw = True
111.9733 	EXP 	fixation: autoDraw = False
112.9679 	INFO 	Keyboard events cleared
112.9677 	EXP 	probe: autoDraw = True
113.2680 	EXP 	Device response: <KeyPress from None: t=113.25778845699097, value=z, duration=None>
113.2682 	EXP 	New trial (rep=10, index=0): <Trial 40 (0 in rep 10) data={'pos': np.int64(-50), 'corr_resp': 'x', 'thisN': 40, 'thisTrialN': 0, 'thisRepN': 10}>
113.2707 	DATA 	Keypress: z
113.2747 	EXP 	fixation: autoDraw = False
113.2747 	EXP 	line1: autoDraw = False
113.2747 	EXP 	line2: autoDraw = False
113.2747 	EXP 	line3: autoDraw = False
113.2747 	EXP 	line4: autoDraw = False
113.2747 	EXP 	probe: autoDraw = False
113.2747 	EXP 	fixation: autoDraw = True
113.4357 	EXP 	Device response: <KeyPress from None: t=113.25778845699097, value=z, duration=0.172425791999558>
114.2665 	EXP 	line1: autoDraw = True
114.2665 	EXP 	line2: autoDraw = True
114.2665 	EXP 	line3: autoDraw = True
114.2665 	EXP 	line4: autoDraw = True
114.2696 	EXP 	fixation: autoDraw = False
115.2578 	INFO 	Keyboard events cleared
115.2576 	EXP 	probe: autoDraw = True
115.5856 	EXP 	Device response: <KeyPress from None: t=115.57369470699632, value=x, duration=None>
115.5861 	EXP 	New trial (rep=10, index=1): <Trial 41 (1 in rep 10) data={'pos': np.int64(150), 'corr_resp': 'v', 'thisN': 41, 'thisTrialN': 1, 'thisRepN': 10}>
115.5929 	DATA 	Keypress: x
115.5977 	EXP 	fixation: autoDraw = False
115.5977 	EXP 	line1: autoDraw = False
115.5977 	EXP 	line2: autoDraw = False
115.5977 	EXP 	line3: autoDraw = False
115.5977 	EXP 	line4: autoDraw = False
115.5977 	EXP 	probe: autoDraw = False
115.5977 	EXP 	fixation: autoDraw = True
115.7412 	EXP 	Device response: <KeyPress from None: t=115.57369470699632, value=x, duration=0.16445220900641289>
116.5845 	EXP 	line1: autoDraw = True
116.5845 	EXP 	line2: autoDraw = True
116.5845 	EXP 	line3: autoDraw = True
116.5845 	EXP 	line4: autoDraw = True
116.5908 	EXP 	fixation: autoDraw = False
117.5846 	INFO 	Keyboard events cleared
117.5844 	EXP 	probe: autoDraw = True
117.9193 	EXP 	Device response: <KeyPress from None: t=117.90921924899158, value=v, duration=None>
117.9197 	EXP 	New trial (rep=10, index=2): <Trial 42 (2 in rep 10) data={'pos': np.int64(50), 'corr_resp': 'c ', 'thisN': 42, 'thisTrialN': 2, 'thisRepN': 10}>
117.9271 	DATA 	Keypress: v
117.9320 	EXP 	fixation: autoDraw = False
117.9320 	EXP 	line1: autoDraw = False
117.9320 	EXP 	line2: autoDraw = False
117.9320 	EXP 	line3: autoDraw = False
117.9320 	EXP 	line4: autoDraw = False
117.9320 	EXP 	probe: autoDraw = False
117.9320 	EXP 	fixation: autoDraw = True
118.1196 	EXP 	Device response: <KeyPress from None: t=117.90921924899158, value=v, duration=0.20790137500443961>
118.9179 	EXP 	line1: autoDraw = True
118.9179 	EXP 	line2: autoDraw = True
118.9179 	EXP 	line3: autoDraw = True
118.9179 	EXP 	line4: autoDraw = True
118.9244 	EXP 	fixation: autoDraw = False
119.9179 	INFO 	Keyboard events cleared
119.9177 	EXP 	probe: autoDraw = True
120.5693 	EXP 	Device response: <KeyPress from None: t=120.56165124899417, value=c, duration=None>
120.5701 	EXP 	New trial (rep=10, index=3): <Trial 43 (3 in rep 10) data={'pos': np.int64(-150), 'corr_resp': 'z', 'thisN': 43, 'thisTrialN': 3, 'thisRepN': 10}>
120.5812 	DATA 	Keypress: c
120.5856 	EXP 	fixation: autoDraw = False
120.5856 	EXP 	line1: autoDraw = False
120.5856 	EXP 	line2: autoDraw = False
120.5856 	EXP 	line3: autoDraw = False
120.5856 	EXP 	line4: autoDraw = False
120.5856 	EXP 	probe: autoDraw = False
120.5856 	EXP 	fixation: autoDraw = True
120.8364 	EXP 	Device response: <KeyPress from None: t=120.56165124899417, value=c, duration=0.2603242500044871>
121.5676 	EXP 	line1: autoDraw = True
121.5676 	EXP 	line2: autoDraw = True
121.5676 	EXP 	line3: autoDraw = True
121.5676 	EXP 	line4: autoDraw = True
121.5848 	EXP 	fixation: autoDraw = False
122.5678 	INFO 	Keyboard events cleared
122.5676 	EXP 	probe: autoDraw = True
122.9026 	EXP 	Device response: <KeyPress from None: t=122.89349416599725, value=z, duration=None>
122.9031 	EXP 	New trial (rep=11, index=0): <Trial 44 (0 in rep 11) data={'pos': np.int64(-50), 'corr_resp': 'x', 'thisN': 44, 'thisTrialN': 0, 'thisRepN': 11}>
122.9097 	DATA 	Keypress: z
122.9146 	EXP 	fixation: autoDraw = False
122.9146 	EXP 	line1: autoDraw = False
122.9146 	EXP 	line2: autoDraw = False
122.9146 	EXP 	line3: autoDraw = False
122.9146 	EXP 	line4: autoDraw = False
122.9146 	EXP 	probe: autoDraw = False
122.9146 	EXP 	fixation: autoDraw = True
123.1365 	EXP 	Device response: <KeyPress from None: t=122.89349416599725, value=z, duration=0.2403349160013022>
123.9010 	EXP 	line1: autoDraw = True
123.9010 	EXP 	line2: autoDraw = True
123.9010 	EXP 	line3: autoDraw = True
123.9010 	EXP 	line4: autoDraw = True
123.9072 	EXP 	fixation: autoDraw = False
124.9014 	INFO 	Keyboard events cleared
124.9012 	EXP 	probe: autoDraw = True
125.2195 	EXP 	Device response: <KeyPress from None: t=125.21260379099112, value=x, duration=None>
125.2203 	EXP 	New trial (rep=11, index=1): <Trial 45 (1 in rep 11) data={'pos': np.int64(150), 'corr_resp': 'v', 'thisN': 45, 'thisTrialN': 1, 'thisRepN': 11}>
125.2274 	DATA 	Keypress: x
125.2324 	EXP 	fixation: autoDraw = False
125.2324 	EXP 	line1: autoDraw = False
125.2324 	EXP 	line2: autoDraw = False
125.2324 	EXP 	line3: autoDraw = False
125.2324 	EXP 	line4: autoDraw = False
125.2324 	EXP 	probe: autoDraw = False
125.2324 	EXP 	fixation: autoDraw = True
125.4529 	EXP 	Device response: <KeyPress from None: t=125.21260379099112, value=x, duration=0.23629787500249222>
126.2179 	EXP 	line1: autoDraw = True
126.2179 	EXP 	line2: autoDraw = True
126.2179 	EXP 	line3: autoDraw = True
126.2179 	EXP 	line4: autoDraw = True
126.2240 	EXP 	fixation: autoDraw = False
127.2182 	INFO 	Keyboard events cleared
127.2180 	EXP 	probe: autoDraw = True
127.9026 	EXP 	Device response: <KeyPress from None: t=127.89170849899529, value=v, duration=None>
127.9033 	EXP 	New trial (rep=11, index=2): <Trial 46 (2 in rep 11) data={'pos': np.int64(50), 'corr_resp': 'c ', 'thisN': 46, 'thisTrialN': 2, 'thisRepN': 11}>
127.9104 	DATA 	Keypress: v
127.9153 	EXP 	fixation: autoDraw = False
127.9153 	EXP 	line1: autoDraw = False
127.9153 	EXP 	line2: autoDraw = False
127.9153 	EXP 	line3: autoDraw = False
127.9153 	EXP 	line4: autoDraw = False
127.9153 	EXP 	probe: autoDraw = False
127.9153 	EXP 	fixation: autoDraw = True
128.1692 	EXP 	Device response: <KeyPress from None: t=127.89170849899529, value=v, duration=0.2640109579951968>
128.9011 	EXP 	line1: autoDraw = True
128.9011 	EXP 	line2: autoDraw = True
128.9011 	EXP 	line3: autoDraw = True
128.9011 	EXP 	line4: autoDraw = True
128.9071 	EXP 	fixation: autoDraw = False
129.9013 	INFO 	Keyboard events cleared
129.9011 	EXP 	probe: autoDraw = True
130.5083 	EXP 	Device response: <KeyPress from None: t=130.50536879099673, value=c, duration=None>
130.5087 	EXP 	New trial (rep=11, index=3): <Trial 47 (3 in rep 11) data={'pos': np.int64(-150), 'corr_resp': 'z', 'thisN': 47, 'thisTrialN': 3, 'thisRepN': 11}>
130.5151 	DATA 	Keypress: c
130.5202 	EXP 	fixation: autoDraw = False
130.5202 	EXP 	line1: autoDraw = False
130.5202 	EXP 	line2: autoDraw = False
130.5202 	EXP 	line3: autoDraw = False
130.5202 	EXP 	line4: autoDraw = False
130.5202 	EXP 	probe: autoDraw = False
130.5202 	EXP 	fixation: autoDraw = True
130.7863 	EXP 	Device response: <KeyPress from None: t=130.50536879099673, value=c, duration=0.2723987500066869>
131.5078 	EXP 	line1: autoDraw = True
131.5078 	EXP 	line2: autoDraw = True
131.5078 	EXP 	line3: autoDraw = True
131.5078 	EXP 	line4: autoDraw = True
131.5176 	EXP 	fixation: autoDraw = False
132.5083 	INFO 	Keyboard events cleared
132.5081 	EXP 	probe: autoDraw = True
132.9357 	EXP 	Device response: <KeyPress from None: t=132.9313062489964, value=z, duration=None>
132.9364 	EXP 	New trial (rep=12, index=0): <Trial 48 (0 in rep 12) data={'pos': np.int64(-50), 'corr_resp': 'x', 'thisN': 48, 'thisTrialN': 0, 'thisRepN': 12}>
132.9431 	DATA 	Keypress: z
132.9479 	EXP 	fixation: autoDraw = False
132.9479 	EXP 	line1: autoDraw = False
132.9479 	EXP 	line2: autoDraw = False
132.9479 	EXP 	line3: autoDraw = False
132.9479 	EXP 	line4: autoDraw = False
132.9479 	EXP 	probe: autoDraw = False
132.9479 	EXP 	fixation: autoDraw = True
133.1689 	EXP 	Device response: <KeyPress from None: t=132.9313062489964, value=z, duration=0.2323251670022728>
133.9345 	EXP 	line1: autoDraw = True
133.9345 	EXP 	line2: autoDraw = True
133.9345 	EXP 	line3: autoDraw = True
133.9345 	EXP 	line4: autoDraw = True
133.9412 	EXP 	fixation: autoDraw = False
134.9345 	INFO 	Keyboard events cleared
134.9343 	EXP 	probe: autoDraw = True
135.2525 	EXP 	Device response: <KeyPress from None: t=135.24526695699024, value=x, duration=None>
135.2530 	EXP 	New trial (rep=12, index=1): <Trial 49 (1 in rep 12) data={'pos': np.int64(150), 'corr_resp': 'v', 'thisN': 49, 'thisTrialN': 1, 'thisRepN': 12}>
135.2602 	DATA 	Keypress: x
135.2651 	EXP 	fixation: autoDraw = False
135.2651 	EXP 	line1: autoDraw = False
135.2651 	EXP 	line2: autoDraw = False
135.2651 	EXP 	line3: autoDraw = False
135.2651 	EXP 	line4: autoDraw = False
135.2651 	EXP 	probe: autoDraw = False
135.2651 	EXP 	fixation: autoDraw = True
135.4858 	EXP 	Device response: <KeyPress from None: t=135.24526695699024, value=x, duration=0.22817795901210047>
136.2680 	EXP 	fixation: autoDraw = False
136.2680 	EXP 	line1: autoDraw = True
136.2680 	EXP 	line2: autoDraw = True
136.2680 	EXP 	line3: autoDraw = True
136.2680 	EXP 	line4: autoDraw = True
137.2510 	INFO 	Keyboard events cleared
137.2508 	EXP 	probe: autoDraw = True
137.5361 	EXP 	Device response: <KeyPress from None: t=137.52926295700308, value=v, duration=None>
137.5368 	EXP 	New trial (rep=12, index=2): <Trial 50 (2 in rep 12) data={'pos': np.int64(50), 'corr_resp': 'c ', 'thisN': 50, 'thisTrialN': 2, 'thisRepN': 12}>
137.5433 	DATA 	Keypress: v
137.5485 	EXP 	fixation: autoDraw = False
137.5485 	EXP 	line1: autoDraw = False
137.5485 	EXP 	line2: autoDraw = False
137.5485 	EXP 	line3: autoDraw = False
137.5485 	EXP 	line4: autoDraw = False
137.5485 	EXP 	probe: autoDraw = False
137.5485 	EXP 	fixation: autoDraw = True
137.7578 	EXP 	Device response: <KeyPress from None: t=137.52926295700308, value=v, duration=0.2242277499899501>
138.5341 	EXP 	line1: autoDraw = True
138.5341 	EXP 	line2: autoDraw = True
138.5341 	EXP 	line3: autoDraw = True
138.5341 	EXP 	line4: autoDraw = True
138.5398 	EXP 	fixation: autoDraw = False
139.5346 	INFO 	Keyboard events cleared
139.5344 	EXP 	probe: autoDraw = True
139.8522 	EXP 	Device response: <KeyPress from None: t=139.84403704099532, value=c, duration=None>
139.8526 	EXP 	New trial (rep=12, index=3): <Trial 51 (3 in rep 12) data={'pos': np.int64(-150), 'corr_resp': 'z', 'thisN': 51, 'thisTrialN': 3, 'thisRepN': 12}>
139.8595 	DATA 	Keypress: c
139.8644 	EXP 	fixation: autoDraw = False
139.8644 	EXP 	line1: autoDraw = False
139.8644 	EXP 	line2: autoDraw = False
139.8644 	EXP 	line3: autoDraw = False
139.8644 	EXP 	line4: autoDraw = False
139.8644 	EXP 	probe: autoDraw = False
139.8644 	EXP 	fixation: autoDraw = True
140.1072 	EXP 	Device response: <KeyPress from None: t=139.84403704099532, value=c, duration=0.26030354099930264>
140.8511 	EXP 	line1: autoDraw = True
140.8511 	EXP 	line2: autoDraw = True
140.8511 	EXP 	line3: autoDraw = True
140.8511 	EXP 	line4: autoDraw = True
140.8582 	EXP 	fixation: autoDraw = False
141.8511 	INFO 	Keyboard events cleared
141.8509 	EXP 	probe: autoDraw = True
142.1521 	EXP 	Device response: <KeyPress from None: t=142.1409824989969, value=z, duration=None>
142.1526 	EXP 	New trial (rep=13, index=0): <Trial 52 (0 in rep 13) data={'pos': np.int64(-50), 'corr_resp': 'x', 'thisN': 52, 'thisTrialN': 0, 'thisRepN': 13}>
142.1592 	DATA 	Keypress: z
142.1641 	EXP 	fixation: autoDraw = False
142.1641 	EXP 	line1: autoDraw = False
142.1641 	EXP 	line2: autoDraw = False
142.1641 	EXP 	line3: autoDraw = False
142.1641 	EXP 	line4: autoDraw = False
142.1641 	EXP 	probe: autoDraw = False
142.1641 	EXP 	fixation: autoDraw = True
142.3912 	EXP 	Device response: <KeyPress from None: t=142.1409824989969, value=z, duration=0.24426008299633395>
143.1511 	EXP 	line1: autoDraw = True
143.1511 	EXP 	line2: autoDraw = True
143.1511 	EXP 	line3: autoDraw = True
143.1511 	EXP 	line4: autoDraw = True
143.1581 	EXP 	fixation: autoDraw = False
144.1508 	INFO 	Keyboard events cleared
144.1507 	EXP 	probe: autoDraw = True
144.5023 	EXP 	Device response: <KeyPress from None: t=144.4939123739896, value=x, duration=None>
144.5028 	EXP 	New trial (rep=13, index=1): <Trial 53 (1 in rep 13) data={'pos': np.int64(150), 'corr_resp': 'v', 'thisN': 53, 'thisTrialN': 1, 'thisRepN': 13}>
144.5090 	DATA 	Keypress: x
144.5139 	EXP 	fixation: autoDraw = False
144.5139 	EXP 	line1: autoDraw = False
144.5139 	EXP 	line2: autoDraw = False
144.5139 	EXP 	line3: autoDraw = False
144.5139 	EXP 	line4: autoDraw = False
144.5139 	EXP 	probe: autoDraw = False
144.5139 	EXP 	fixation: autoDraw = True
144.7531 	EXP 	Device response: <KeyPress from None: t=144.4939123739896, value=x, duration=0.25237500001094304>
145.5009 	EXP 	line1: autoDraw = True
145.5009 	EXP 	line2: autoDraw = True
145.5009 	EXP 	line3: autoDraw = True
145.5009 	EXP 	line4: autoDraw = True
145.5070 	EXP 	fixation: autoDraw = False
146.5011 	INFO 	Keyboard events cleared
146.5009 	EXP 	probe: autoDraw = True
146.8585 	EXP 	Device response: <KeyPress from None: t=146.85226633198909, value=v, duration=None>
146.8590 	EXP 	New trial (rep=13, index=2): <Trial 54 (2 in rep 13) data={'pos': np.int64(50), 'corr_resp': 'c ', 'thisN': 54, 'thisTrialN': 2, 'thisRepN': 13}>
146.8671 	DATA 	Keypress: v
146.8709 	EXP 	fixation: autoDraw = False
146.8709 	EXP 	line1: autoDraw = False
146.8709 	EXP 	line2: autoDraw = False
146.8709 	EXP 	line3: autoDraw = False
146.8709 	EXP 	line4: autoDraw = False
146.8709 	EXP 	probe: autoDraw = False
146.8709 	EXP 	fixation: autoDraw = True
147.0911 	EXP 	Device response: <KeyPress from None: t=146.85226633198909, value=v, duration=0.23595479200594127>
147.8585 	EXP 	line1: autoDraw = True
147.8585 	EXP 	line2: autoDraw = True
147.8585 	EXP 	line3: autoDraw = True
147.8585 	EXP 	line4: autoDraw = True
147.8677 	EXP 	fixation: autoDraw = False
148.8586 	INFO 	Keyboard events cleared
148.8584 	EXP 	probe: autoDraw = True
149.1860 	EXP 	Device response: <KeyPress from None: t=149.1818148320017, value=c, duration=None>
149.1867 	EXP 	New trial (rep=13, index=3): <Trial 55 (3 in rep 13) data={'pos': np.int64(-150), 'corr_resp': 'z', 'thisN': 55, 'thisTrialN': 3, 'thisRepN': 13}>
149.1940 	DATA 	Keypress: c
149.1989 	EXP 	fixation: autoDraw = False
149.1989 	EXP 	line1: autoDraw = False
149.1989 	EXP 	line2: autoDraw = False
149.1989 	EXP 	line3: autoDraw = False
149.1989 	EXP 	line4: autoDraw = False
149.1989 	EXP 	probe: autoDraw = False
149.1989 	EXP 	fixation: autoDraw = True
149.4357 	EXP 	Device response: <KeyPress from None: t=149.1818148320017, value=c, duration=0.24836374999722466>
150.1847 	EXP 	line1: autoDraw = True
150.1847 	EXP 	line2: autoDraw = True
150.1847 	EXP 	line3: autoDraw = True
150.1847 	EXP 	line4: autoDraw = True
150.1911 	EXP 	fixation: autoDraw = False
151.1845 	INFO 	Keyboard events cleared
151.1843 	EXP 	probe: autoDraw = True
151.5024 	EXP 	Device response: <KeyPress from None: t=151.4917984569911, value=z, duration=None>
151.5032 	EXP 	New trial (rep=14, index=0): <Trial 56 (0 in rep 14) data={'pos': np.int64(-50), 'corr_resp': 'x', 'thisN': 56, 'thisTrialN': 0, 'thisRepN': 14}>
151.5121 	DATA 	Keypress: z
151.5168 	EXP 	fixation: autoDraw = False
151.5168 	EXP 	line1: autoDraw = False
151.5168 	EXP 	line2: autoDraw = False
151.5168 	EXP 	line3: autoDraw = False
151.5168 	EXP 	line4: autoDraw = False
151.5168 	EXP 	probe: autoDraw = False
151.5168 	EXP 	fixation: autoDraw = True
151.7524 	EXP 	Device response: <KeyPress from None: t=151.4917984569911, value=z, duration=0.2521992090041749>
152.5009 	EXP 	line1: autoDraw = True
152.5009 	EXP 	line2: autoDraw = True
152.5009 	EXP 	line3: autoDraw = True
152.5009 	EXP 	line4: autoDraw = True
152.5072 	EXP 	fixation: autoDraw = False
153.5011 	INFO 	Keyboard events cleared
153.5009 	EXP 	probe: autoDraw = True
153.8354 	EXP 	Device response: <KeyPress from None: t=153.8317204569903, value=x, duration=None>
153.8359 	EXP 	New trial (rep=14, index=1): <Trial 57 (1 in rep 14) data={'pos': np.int64(150), 'corr_resp': 'v', 'thisN': 57, 'thisTrialN': 1, 'thisRepN': 14}>
153.8422 	DATA 	Keypress: x
153.8473 	EXP 	fixation: autoDraw = False
153.8473 	EXP 	line1: autoDraw = False
153.8473 	EXP 	line2: autoDraw = False
153.8473 	EXP 	line3: autoDraw = False
153.8473 	EXP 	line4: autoDraw = False
153.8473 	EXP 	probe: autoDraw = False
153.8473 	EXP 	fixation: autoDraw = True
154.1029 	EXP 	Device response: <KeyPress from None: t=153.8317204569903, value=x, duration=0.26830020900524687>
154.8335 	EXP 	line1: autoDraw = True
154.8335 	EXP 	line2: autoDraw = True
154.8335 	EXP 	line3: autoDraw = True
154.8335 	EXP 	line4: autoDraw = True
154.8393 	EXP 	fixation: autoDraw = False
155.8344 	INFO 	Keyboard events cleared
155.8342 	EXP 	probe: autoDraw = True
156.1580 	EXP 	Device response: <KeyPress from None: t=156.15469424899493, value=v, duration=None>
156.1585 	EXP 	New trial (rep=14, index=2): <Trial 58 (2 in rep 14) data={'pos': np.int64(50), 'corr_resp': 'c ', 'thisN': 58, 'thisTrialN': 2, 'thisRepN': 14}>
156.1650 	DATA 	Keypress: v
156.1700 	EXP 	fixation: autoDraw = False
156.1700 	EXP 	line1: autoDraw = False
156.1700 	EXP 	line2: autoDraw = False
156.1700 	EXP 	line3: autoDraw = False
156.1700 	EXP 	line4: autoDraw = False
156.1700 	EXP 	probe: autoDraw = False
156.1700 	EXP 	fixation: autoDraw = True
156.4195 	EXP 	Device response: <KeyPress from None: t=156.15469424899493, value=v, duration=0.2522121670044726>
157.1580 	EXP 	line1: autoDraw = True
157.1580 	EXP 	line2: autoDraw = True
157.1580 	EXP 	line3: autoDraw = True
157.1580 	EXP 	line4: autoDraw = True
157.1676 	EXP 	fixation: autoDraw = False
158.1586 	INFO 	Keyboard events cleared
158.1584 	EXP 	probe: autoDraw = True
158.5024 	EXP 	Device response: <KeyPress from None: t=158.49446762399748, value=c, duration=None>
158.5031 	EXP 	New trial (rep=14, index=3): <Trial 59 (3 in rep 14) data={'pos': np.int64(-150), 'corr_resp': 'z', 'thisN': 59, 'thisTrialN': 3, 'thisRepN': 14}>
158.5096 	DATA 	Keypress: c
158.5145 	EXP 	fixation: autoDraw = False
158.5145 	EXP 	line1: autoDraw = False
158.5145 	EXP 	line2: autoDraw = False
158.5145 	EXP 	line3: autoDraw = False
158.5145 	EXP 	line4: autoDraw = False
158.5145 	EXP 	probe: autoDraw = False
158.5145 	EXP 	fixation: autoDraw = True
158.7917 	EXP 	Device response: <KeyPress from None: t=158.49446762399748, value=c, duration=0.2924680830037687>
159.5010 	EXP 	line1: autoDraw = True
159.5010 	EXP 	line2: autoDraw = True
159.5010 	EXP 	line3: autoDraw = True
159.5010 	EXP 	line4: autoDraw = True
159.5075 	EXP 	fixation: autoDraw = False
160.5069 	INFO 	Keyboard events cleared
160.5068 	EXP 	probe: autoDraw = True
160.7689 	EXP 	Device response: <KeyPress from None: t=160.7674942070007, value=z, duration=None>
160.7696 	EXP 	New trial (rep=15, index=0): <Trial 60 (0 in rep 15) data={'pos': np.int64(-50), 'corr_resp': 'x', 'thisN': 60, 'thisTrialN': 0, 'thisRepN': 15}>
160.7764 	DATA 	Keypress: z
160.7812 	EXP 	fixation: autoDraw = False
160.7812 	EXP 	line1: autoDraw = False
160.7812 	EXP 	line2: autoDraw = False
160.7812 	EXP 	line3: autoDraw = False
160.7812 	EXP 	line4: autoDraw = False
160.7812 	EXP 	probe: autoDraw = False
160.7812 	EXP 	fixation: autoDraw = True
161.0195 	EXP 	Device response: <KeyPress from None: t=160.7674942070007, value=z, duration=0.24438079199171625>
161.7675 	EXP 	line1: autoDraw = True
161.7675 	EXP 	line2: autoDraw = True
161.7675 	EXP 	line3: autoDraw = True
161.7675 	EXP 	line4: autoDraw = True
161.7733 	EXP 	fixation: autoDraw = False
162.7677 	INFO 	Keyboard events cleared
162.7675 	EXP 	probe: autoDraw = True
163.0690 	EXP 	Device response: <KeyPress from None: t=163.06642495699634, value=x, duration=None>
163.0696 	EXP 	New trial (rep=15, index=1): <Trial 61 (1 in rep 15) data={'pos': np.int64(150), 'corr_resp': 'v', 'thisN': 61, 'thisTrialN': 1, 'thisRepN': 15}>
163.0764 	DATA 	Keypress: x
163.0813 	EXP 	fixation: autoDraw = False
163.0813 	EXP 	line1: autoDraw = False
163.0813 	EXP 	line2: autoDraw = False
163.0813 	EXP 	line3: autoDraw = False
163.0813 	EXP 	line4: autoDraw = False
163.0813 	EXP 	probe: autoDraw = False
163.0813 	EXP 	fixation: autoDraw = True
163.3245 	EXP 	Device response: <KeyPress from None: t=163.06642495699634, value=x, duration=0.25636349999695085>
164.0678 	EXP 	line1: autoDraw = True
164.0678 	EXP 	line2: autoDraw = True
164.0678 	EXP 	line3: autoDraw = True
164.0678 	EXP 	line4: autoDraw = True
164.0741 	EXP 	fixation: autoDraw = False
165.0667 	INFO 	Keyboard events cleared
165.0666 	EXP 	probe: autoDraw = True
165.3854 	EXP 	Device response: <KeyPress from None: t=165.37330054100312, value=v, duration=None>
165.3858 	EXP 	New trial (rep=15, index=2): <Trial 62 (2 in rep 15) data={'pos': np.int64(50), 'corr_resp': 'c ', 'thisN': 62, 'thisTrialN': 2, 'thisRepN': 15}>
165.3907 	DATA 	Keypress: v
165.3950 	EXP 	fixation: autoDraw = False
165.3950 	EXP 	line1: autoDraw = False
165.3950 	EXP 	line2: autoDraw = False
165.3950 	EXP 	line3: autoDraw = False
165.3950 	EXP 	line4: autoDraw = False
165.3950 	EXP 	probe: autoDraw = False
165.3950 	EXP 	fixation: autoDraw = True
165.6838 	EXP 	Device response: <KeyPress from None: t=165.37330054100312, value=v, duration=0.30033454099611845>
166.3843 	EXP 	line1: autoDraw = True
166.3843 	EXP 	line2: autoDraw = True
166.3843 	EXP 	line3: autoDraw = True
166.3843 	EXP 	line4: autoDraw = True
166.3911 	EXP 	fixation: autoDraw = False
167.3844 	INFO 	Keyboard events cleared
167.3842 	EXP 	probe: autoDraw = True
167.9857 	EXP 	Device response: <KeyPress from None: t=167.98127849899174, value=c, duration=None>
167.9863 	EXP 	New trial (rep=15, index=3): <Trial 63 (3 in rep 15) data={'pos': np.int64(-150), 'corr_resp': 'z', 'thisN': 63, 'thisTrialN': 3, 'thisRepN': 15}>
167.9926 	DATA 	Keypress: c
167.9972 	EXP 	fixation: autoDraw = False
167.9972 	EXP 	line1: autoDraw = False
167.9972 	EXP 	line2: autoDraw = False
167.9972 	EXP 	line3: autoDraw = False
167.9972 	EXP 	line4: autoDraw = False
167.9972 	EXP 	probe: autoDraw = False
167.9972 	EXP 	fixation: autoDraw = True
168.2594 	EXP 	Device response: <KeyPress from None: t=167.98127849899174, value=c, duration=0.264359583001351>
168.9842 	EXP 	line1: autoDraw = True
168.9842 	EXP 	line2: autoDraw = True
168.9842 	EXP 	line3: autoDraw = True
168.9842 	EXP 	line4: autoDraw = True
168.9905 	EXP 	fixation: autoDraw = False
169.9844 	INFO 	Keyboard events cleared
169.9842 	EXP 	probe: autoDraw = True
170.3187 	EXP 	Device response: <KeyPress from None: t=170.31416270699992, value=z, duration=None>
170.3193 	EXP 	New trial (rep=16, index=0): <Trial 64 (0 in rep 16) data={'pos': np.int64(-50), 'corr_resp': 'x', 'thisN': 64, 'thisTrialN': 0, 'thisRepN': 16}>
170.3267 	DATA 	Keypress: z
170.3314 	EXP 	fixation: autoDraw = False
170.3314 	EXP 	line1: autoDraw = False
170.3314 	EXP 	line2: autoDraw = False
170.3314 	EXP 	line3: autoDraw = False
170.3314 	EXP 	line4: autoDraw = False
170.3314 	EXP 	probe: autoDraw = False
170.3314 	EXP 	fixation: autoDraw = True
170.5576 	EXP 	Device response: <KeyPress from None: t=170.31416270699992, value=z, duration=0.24027487500279676>
171.3178 	EXP 	line1: autoDraw = True
171.3178 	EXP 	line2: autoDraw = True
171.3178 	EXP 	line3: autoDraw = True
171.3178 	EXP 	line4: autoDraw = True
171.3243 	EXP 	fixation: autoDraw = False
172.3178 	INFO 	Keyboard events cleared
172.3176 	EXP 	probe: autoDraw = True
172.6023 	EXP 	Device response: <KeyPress from None: t=172.59610895699007, value=x, duration=None>
172.6027 	EXP 	New trial (rep=16, index=1): <Trial 65 (1 in rep 16) data={'pos': np.int64(150), 'corr_resp': 'v', 'thisN': 65, 'thisTrialN': 1, 'thisRepN': 16}>
172.6100 	DATA 	Keypress: x
172.6151 	EXP 	fixation: autoDraw = False
172.6151 	EXP 	line1: autoDraw = False
172.6151 	EXP 	line2: autoDraw = False
172.6151 	EXP 	line3: autoDraw = False
172.6151 	EXP 	line4: autoDraw = False
172.6151 	EXP 	probe: autoDraw = False
172.6151 	EXP 	fixation: autoDraw = True
172.8187 	EXP 	Device response: <KeyPress from None: t=172.59610895699007, value=x, duration=0.21641900000395253>
173.6011 	EXP 	line1: autoDraw = True
173.6011 	EXP 	line2: autoDraw = True
173.6011 	EXP 	line3: autoDraw = True
173.6011 	EXP 	line4: autoDraw = True
173.6080 	EXP 	fixation: autoDraw = False
174.6010 	INFO 	Keyboard events cleared
174.6008 	EXP 	probe: autoDraw = True
174.8422 	EXP 	Device response: <KeyPress from None: t=174.84115641599055, value=v, duration=None>
174.8426 	EXP 	New trial (rep=16, index=2): <Trial 66 (2 in rep 16) data={'pos': np.int64(50), 'corr_resp': 'c ', 'thisN': 66, 'thisTrialN': 2, 'thisRepN': 16}>
174.8497 	EXP 	fixation: autoDraw = False
174.8497 	EXP 	line1: autoDraw = False
174.8497 	EXP 	line2: autoDraw = False
174.8497 	EXP 	line3: autoDraw = False
174.8497 	EXP 	line4: autoDraw = False
174.8497 	EXP 	probe: autoDraw = False
174.8497 	EXP 	fixation: autoDraw = True
174.8551 	DATA 	Keypress: v
175.0861 	EXP 	Device response: <KeyPress from None: t=174.84115641599055, value=v, duration=0.23621995800931472>
175.8413 	EXP 	fixation: autoDraw = False
175.8413 	EXP 	line1: autoDraw = True
175.8413 	EXP 	line2: autoDraw = True
175.8413 	EXP 	line3: autoDraw = True
175.8413 	EXP 	line4: autoDraw = True
176.8409 	INFO 	Keyboard events cleared
176.8407 	EXP 	probe: autoDraw = True
177.1409 	EXP 	Device response: <KeyPress from None: t=177.1360110819951, value=c, duration=None>
177.1413 	EXP 	New trial (rep=16, index=3): <Trial 67 (3 in rep 16) data={'pos': np.int64(-150), 'corr_resp': 'z', 'thisN': 67, 'thisTrialN': 3, 'thisRepN': 16}>
177.1476 	DATA 	Keypress: c
177.1527 	EXP 	fixation: autoDraw = False
177.1527 	EXP 	line1: autoDraw = False
177.1527 	EXP 	line2: autoDraw = False
177.1527 	EXP 	line3: autoDraw = False
177.1527 	EXP 	line4: autoDraw = False
177.1527 	EXP 	probe: autoDraw = False
177.1527 	EXP 	fixation: autoDraw = True
177.4022 	EXP 	Device response: <KeyPress from None: t=177.1360110819951, value=c, duration=0.25623204199655447>
178.1417 	EXP 	line1: autoDraw = True
178.1417 	EXP 	line2: autoDraw = True
178.1417 	EXP 	line3: autoDraw = True
178.1417 	EXP 	line4: autoDraw = True
178.1508 	EXP 	fixation: autoDraw = False
179.1351 	INFO 	Keyboard events cleared
179.1347 	EXP 	probe: autoDraw = True
179.4756 	EXP 	Device response: <KeyPress from None: t=179.47095729099237, value=z, duration=None>
179.4761 	EXP 	New trial (rep=17, index=0): <Trial 68 (0 in rep 17) data={'pos': np.int64(-50), 'corr_resp': 'x', 'thisN': 68, 'thisTrialN': 0, 'thisRepN': 17}>
179.4830 	DATA 	Keypress: z
179.4874 	EXP 	fixation: autoDraw = False
179.4874 	EXP 	line1: autoDraw = False
179.4874 	EXP 	line2: autoDraw = False
179.4874 	EXP 	line3: autoDraw = False
179.4874 	EXP 	line4: autoDraw = False
179.4874 	EXP 	probe: autoDraw = False
179.4874 	EXP 	fixation: autoDraw = True
179.7074 	EXP 	Device response: <KeyPress from None: t=179.47095729099237, value=z, duration=0.23233595800411422>
180.4731 	EXP 	line1: autoDraw = True
180.4731 	EXP 	line2: autoDraw = True
180.4731 	EXP 	line3: autoDraw = True
180.4731 	EXP 	line4: autoDraw = True
180.4841 	EXP 	fixation: autoDraw = False
181.4733 	INFO 	Keyboard events cleared
181.4731 	EXP 	probe: autoDraw = True
181.7690 	EXP 	Device response: <KeyPress from None: t=181.75788437399024, value=x, duration=None>
181.7697 	EXP 	New trial (rep=17, index=1): <Trial 69 (1 in rep 17) data={'pos': np.int64(150), 'corr_resp': 'v', 'thisN': 69, 'thisTrialN': 1, 'thisRepN': 17}>
181.7766 	DATA 	Keypress: x
181.7816 	EXP 	fixation: autoDraw = False
181.7816 	EXP 	line1: autoDraw = False
181.7816 	EXP 	line2: autoDraw = False
181.7816 	EXP 	line3: autoDraw = False
181.7816 	EXP 	line4: autoDraw = False
181.7816 	EXP 	probe: autoDraw = False
181.7816 	EXP 	fixation: autoDraw = True
182.0018 	EXP 	Device response: <KeyPress from None: t=181.75788437399024, value=x, duration=0.2323170420131646>
182.7677 	EXP 	line1: autoDraw = True
182.7677 	EXP 	line2: autoDraw = True
182.7677 	EXP 	line3: autoDraw = True
182.7677 	EXP 	line4: autoDraw = True
182.7742 	EXP 	fixation: autoDraw = False
183.7677 	INFO 	Keyboard events cleared
183.7675 	EXP 	probe: autoDraw = True
184.0853 	EXP 	Device response: <KeyPress from None: t=184.08287495699187, value=v, duration=None>
184.0859 	EXP 	New trial (rep=17, index=2): <Trial 70 (2 in rep 17) data={'pos': np.int64(50), 'corr_resp': 'c ', 'thisN': 70, 'thisTrialN': 2, 'thisRepN': 17}>
184.0946 	DATA 	Keypress: v
184.0994 	EXP 	fixation: autoDraw = False
184.0994 	EXP 	line1: autoDraw = False
184.0994 	EXP 	line2: autoDraw = False
184.0994 	EXP 	line3: autoDraw = False
184.0994 	EXP 	line4: autoDraw = False
184.0994 	EXP 	probe: autoDraw = False
184.0994 	EXP 	fixation: autoDraw = True
184.3402 	EXP 	Device response: <KeyPress from None: t=184.08287495699187, value=v, duration=0.2522264170111157>
185.0844 	EXP 	line1: autoDraw = True
185.0844 	EXP 	line2: autoDraw = True
185.0844 	EXP 	line3: autoDraw = True
185.0844 	EXP 	line4: autoDraw = True
185.0902 	EXP 	fixation: autoDraw = False
186.0845 	INFO 	Keyboard events cleared
186.0843 	EXP 	probe: autoDraw = True
186.6690 	EXP 	Device response: <KeyPress from None: t=186.66577658199822, value=c, duration=None>
186.6697 	EXP 	New trial (rep=17, index=3): <Trial 71 (3 in rep 17) data={'pos': np.int64(-150), 'corr_resp': 'z', 'thisN': 71, 'thisTrialN': 3, 'thisRepN': 17}>
186.6789 	DATA 	Keypress: c
186.6844 	EXP 	fixation: autoDraw = False
186.6844 	EXP 	line1: autoDraw = False
186.6844 	EXP 	line2: autoDraw = False
186.6844 	EXP 	line3: autoDraw = False
186.6844 	EXP 	line4: autoDraw = False
186.6844 	EXP 	probe: autoDraw = False
186.6844 	EXP 	fixation: autoDraw = True
186.9062 	EXP 	Device response: <KeyPress from None: t=186.66577658199822, value=c, duration=0.23627158399904147>
187.6676 	EXP 	line1: autoDraw = True
187.6676 	EXP 	line2: autoDraw = True
187.6676 	EXP 	line3: autoDraw = True
187.6676 	EXP 	line4: autoDraw = True
187.6743 	EXP 	fixation: autoDraw = False
188.6676 	INFO 	Keyboard events cleared
188.6674 	EXP 	probe: autoDraw = True
188.9743 	EXP 	Device response: <KeyPress from None: t=188.97067208199587, value=z, duration=None>
188.9748 	EXP 	New trial (rep=18, index=0): <Trial 72 (0 in rep 18) data={'pos': np.int64(-50), 'corr_resp': 'x', 'thisN': 72, 'thisTrialN': 0, 'thisRepN': 18}>
188.9818 	DATA 	Keypress: z
188.9868 	EXP 	fixation: autoDraw = False
188.9868 	EXP 	line1: autoDraw = False
188.9868 	EXP 	line2: autoDraw = False
188.9868 	EXP 	line3: autoDraw = False
188.9868 	EXP 	line4: autoDraw = False
188.9868 	EXP 	probe: autoDraw = False
188.9868 	EXP 	fixation: autoDraw = True
189.2176 	EXP 	Device response: <KeyPress from None: t=188.97067208199587, value=z, duration=0.2443456250039162>
189.9745 	EXP 	line1: autoDraw = True
189.9745 	EXP 	line2: autoDraw = True
189.9745 	EXP 	line3: autoDraw = True
189.9745 	EXP 	line4: autoDraw = True
189.9842 	EXP 	fixation: autoDraw = False
190.9744 	INFO 	Keyboard events cleared
190.9742 	EXP 	probe: autoDraw = True
191.3081 	EXP 	Device response: <KeyPress from None: t=191.30569133200333, value=x, duration=None>
191.3085 	EXP 	New trial (rep=18, index=1): <Trial 73 (1 in rep 18) data={'pos': np.int64(150), 'corr_resp': 'v', 'thisN': 73, 'thisTrialN': 1, 'thisRepN': 18}>
191.3149 	DATA 	Keypress: x
191.3197 	EXP 	fixation: autoDraw = False
191.3197 	EXP 	line1: autoDraw = False
191.3197 	EXP 	line2: autoDraw = False
191.3197 	EXP 	line3: autoDraw = False
191.3197 	EXP 	line4: autoDraw = False
191.3197 	EXP 	probe: autoDraw = False
191.3197 	EXP 	fixation: autoDraw = True
191.5358 	EXP 	Device response: <KeyPress from None: t=191.30569133200333, value=x, duration=0.2243009169906145>
192.3080 	EXP 	line1: autoDraw = True
192.3080 	EXP 	line2: autoDraw = True
192.3080 	EXP 	line3: autoDraw = True
192.3080 	EXP 	line4: autoDraw = True
192.3174 	EXP 	fixation: autoDraw = False
193.3077 	INFO 	Keyboard events cleared
193.3075 	EXP 	probe: autoDraw = True
193.6187 	EXP 	Device response: <KeyPress from None: t=193.61544620699715, value=v, duration=None>
193.6192 	EXP 	New trial (rep=18, index=2): <Trial 74 (2 in rep 18) data={'pos': np.int64(50), 'corr_resp': 'c ', 'thisN': 74, 'thisTrialN': 2, 'thisRepN': 18}>
193.6262 	DATA 	Keypress: v
193.6311 	EXP 	fixation: autoDraw = False
193.6311 	EXP 	line1: autoDraw = False
193.6311 	EXP 	line2: autoDraw = False
193.6311 	EXP 	line3: autoDraw = False
193.6311 	EXP 	line4: autoDraw = False
193.6311 	EXP 	probe: autoDraw = False
193.6311 	EXP 	fixation: autoDraw = True
193.8741 	EXP 	Device response: <KeyPress from None: t=193.61544620699715, value=v, duration=0.25650849999510683>
194.6176 	EXP 	line1: autoDraw = True
194.6176 	EXP 	line2: autoDraw = True
194.6176 	EXP 	line3: autoDraw = True
194.6176 	EXP 	line4: autoDraw = True
194.6244 	EXP 	fixation: autoDraw = False
195.6177 	INFO 	Keyboard events cleared
195.6175 	EXP 	probe: autoDraw = True
196.1856 	EXP 	Device response: <KeyPress from None: t=196.17337008198956, value=c, duration=None>
196.1863 	EXP 	New trial (rep=18, index=3): <Trial 75 (3 in rep 18) data={'pos': np.int64(-150), 'corr_resp': 'z', 'thisN': 75, 'thisTrialN': 3, 'thisRepN': 18}>
196.1934 	DATA 	Keypress: c
196.1982 	EXP 	fixation: autoDraw = False
196.1982 	EXP 	line1: autoDraw = False
196.1982 	EXP 	line2: autoDraw = False
196.1982 	EXP 	line3: autoDraw = False
196.1982 	EXP 	line4: autoDraw = False
196.1982 	EXP 	probe: autoDraw = False
196.1982 	EXP 	fixation: autoDraw = True
196.4859 	EXP 	Device response: <KeyPress from None: t=196.17337008198956, value=c, duration=0.3084859590017004>
197.1842 	EXP 	line1: autoDraw = True
197.1842 	EXP 	line2: autoDraw = True
197.1842 	EXP 	line3: autoDraw = True
197.1842 	EXP 	line4: autoDraw = True
197.1912 	EXP 	fixation: autoDraw = False
198.1842 	INFO 	Keyboard events cleared
198.1840 	EXP 	probe: autoDraw = True
198.5037 	EXP 	Device response: <KeyPress from None: t=198.49338299898955, value=z, duration=None>
198.5041 	EXP 	New trial (rep=19, index=0): <Trial 76 (0 in rep 19) data={'pos': np.int64(-50), 'corr_resp': 'x', 'thisN': 76, 'thisTrialN': 0, 'thisRepN': 19}>
198.5104 	DATA 	Keypress: z
198.5160 	EXP 	fixation: autoDraw = False
198.5160 	EXP 	line1: autoDraw = False
198.5160 	EXP 	line2: autoDraw = False
198.5160 	EXP 	line3: autoDraw = False
198.5160 	EXP 	line4: autoDraw = False
198.5160 	EXP 	probe: autoDraw = False
198.5160 	EXP 	fixation: autoDraw = True
198.7522 	EXP 	Device response: <KeyPress from None: t=198.49338299898955, value=z, duration=0.2483647080080118>
199.5011 	EXP 	line1: autoDraw = True
199.5011 	EXP 	line2: autoDraw = True
199.5011 	EXP 	line3: autoDraw = True
199.5011 	EXP 	line4: autoDraw = True
199.5076 	EXP 	fixation: autoDraw = False
200.5010 	INFO 	Keyboard events cleared
200.5008 	EXP 	probe: autoDraw = True
200.7852 	EXP 	Device response: <KeyPress from None: t=200.77532504100236, value=x, duration=None>
200.7857 	EXP 	New trial (rep=19, index=1): <Trial 77 (1 in rep 19) data={'pos': np.int64(150), 'corr_resp': 'v', 'thisN': 77, 'thisTrialN': 1, 'thisRepN': 19}>
200.7916 	DATA 	Keypress: x
200.7963 	EXP 	fixation: autoDraw = False
200.7963 	EXP 	line1: autoDraw = False
200.7963 	EXP 	line2: autoDraw = False
200.7963 	EXP 	line3: autoDraw = False
200.7963 	EXP 	line4: autoDraw = False
200.7963 	EXP 	probe: autoDraw = False
200.7963 	EXP 	fixation: autoDraw = True
201.0361 	EXP 	Device response: <KeyPress from None: t=200.77532504100236, value=x, duration=0.24824237498978619>
201.7840 	EXP 	line1: autoDraw = True
201.7840 	EXP 	line2: autoDraw = True
201.7840 	EXP 	line3: autoDraw = True
201.7840 	EXP 	line4: autoDraw = True
201.7903 	EXP 	fixation: autoDraw = False
202.7844 	INFO 	Keyboard events cleared
202.7841 	EXP 	probe: autoDraw = True
203.0746 	EXP 	Device response: <KeyPress from None: t=203.0702933739958, value=v, duration=None>
203.0751 	EXP 	New trial (rep=19, index=2): <Trial 78 (2 in rep 19) data={'pos': np.int64(50), 'corr_resp': 'c ', 'thisN': 78, 'thisTrialN': 2, 'thisRepN': 19}>
203.0807 	DATA 	Keypress: v
203.0861 	EXP 	fixation: autoDraw = False
203.0861 	EXP 	line1: autoDraw = False
203.0861 	EXP 	line2: autoDraw = False
203.0861 	EXP 	line3: autoDraw = False
203.0861 	EXP 	line4: autoDraw = False
203.0861 	EXP 	probe: autoDraw = False
203.0861 	EXP 	fixation: autoDraw = True
203.3028 	EXP 	Device response: <KeyPress from None: t=203.0702933739958, value=v, duration=0.22836020799877588>
204.0745 	EXP 	line1: autoDraw = True
204.0745 	EXP 	line2: autoDraw = True
204.0745 	EXP 	line3: autoDraw = True
204.0745 	EXP 	line4: autoDraw = True
204.0841 	EXP 	fixation: autoDraw = False
205.0746 	INFO 	Keyboard events cleared
205.0744 	EXP 	probe: autoDraw = True
205.6242 	EXP 	Device response: <KeyPress from None: t=205.6222549160011, value=c, duration=None>
205.6247 	EXP 	New trial (rep=19, index=3): <Trial 79 (3 in rep 19) data={'pos': np.int64(-150), 'corr_resp': 'z', 'thisN': 79, 'thisTrialN': 3, 'thisRepN': 19}>
205.6309 	DATA 	Keypress: c
205.6363 	EXP 	fixation: autoDraw = False
205.6363 	EXP 	line1: autoDraw = False
205.6363 	EXP 	line2: autoDraw = False
205.6363 	EXP 	line3: autoDraw = False
205.6363 	EXP 	line4: autoDraw = False
205.6363 	EXP 	probe: autoDraw = False
205.6363 	EXP 	fixation: autoDraw = True
205.9187 	EXP 	Device response: <KeyPress from None: t=205.6222549160011, value=c, duration=0.28829920799762476>
206.6254 	EXP 	line1: autoDraw = True
206.6254 	EXP 	line2: autoDraw = True
206.6254 	EXP 	line3: autoDraw = True
206.6254 	EXP 	line4: autoDraw = True
206.6332 	EXP 	fixation: autoDraw = False
207.6243 	INFO 	Keyboard events cleared
207.6241 	EXP 	probe: autoDraw = True
207.9021 	EXP 	Device response: <KeyPress from None: t=207.89522604100057, value=z, duration=None>
207.9028 	EXP 	New trial (rep=20, index=0): <Trial 80 (0 in rep 20) data={'pos': np.int64(-50), 'corr_resp': 'x', 'thisN': 80, 'thisTrialN': 0, 'thisRepN': 20}>
207.9099 	DATA 	Keypress: z
207.9148 	EXP 	fixation: autoDraw = False
207.9148 	EXP 	line1: autoDraw = False
207.9148 	EXP 	line2: autoDraw = False
207.9148 	EXP 	line3: autoDraw = False
207.9148 	EXP 	line4: autoDraw = False
207.9148 	EXP 	probe: autoDraw = False
207.9148 	EXP 	fixation: autoDraw = True
208.1350 	EXP 	Device response: <KeyPress from None: t=207.89522604100057, value=z, duration=0.22813708300236613>
208.9007 	EXP 	line1: autoDraw = True
208.9007 	EXP 	line2: autoDraw = True
208.9007 	EXP 	line3: autoDraw = True
208.9007 	EXP 	line4: autoDraw = True
208.9069 	EXP 	fixation: autoDraw = False
209.9009 	INFO 	Keyboard events cleared
209.9007 	EXP 	probe: autoDraw = True
210.2574 	EXP 	Device response: <KeyPress from None: t=210.25304495698947, value=x, duration=None>
210.2578 	EXP 	New trial (rep=20, index=1): <Trial 81 (1 in rep 20) data={'pos': np.int64(150), 'corr_resp': 'v', 'thisN': 81, 'thisTrialN': 1, 'thisRepN': 20}>
210.2633 	DATA 	Keypress: x
210.2692 	EXP 	fixation: autoDraw = False
210.2692 	EXP 	line1: autoDraw = False
210.2692 	EXP 	line2: autoDraw = False
210.2692 	EXP 	line3: autoDraw = False
210.2692 	EXP 	line4: autoDraw = False
210.2692 	EXP 	probe: autoDraw = False
210.2692 	EXP 	fixation: autoDraw = True
210.5077 	EXP 	Device response: <KeyPress from None: t=210.25304495698947, value=x, duration=0.24823629201273434>
211.2577 	EXP 	line1: autoDraw = True
211.2577 	EXP 	line2: autoDraw = True
211.2577 	EXP 	line3: autoDraw = True
211.2577 	EXP 	line4: autoDraw = True
211.2674 	EXP 	fixation: autoDraw = False
212.2588 	INFO 	Keyboard events cleared
212.2586 	EXP 	probe: autoDraw = True
212.5856 	EXP 	Device response: <KeyPress from None: t=212.57496024899592, value=v, duration=None>
212.5863 	EXP 	New trial (rep=20, index=2): <Trial 82 (2 in rep 20) data={'pos': np.int64(50), 'corr_resp': 'c ', 'thisN': 82, 'thisTrialN': 2, 'thisRepN': 20}>
212.5934 	DATA 	Keypress: v
212.5983 	EXP 	fixation: autoDraw = False
212.5983 	EXP 	line1: autoDraw = False
212.5983 	EXP 	line2: autoDraw = False
212.5983 	EXP 	line3: autoDraw = False
212.5983 	EXP 	line4: autoDraw = False
212.5983 	EXP 	probe: autoDraw = False
212.5983 	EXP 	fixation: autoDraw = True
212.8024 	EXP 	Device response: <KeyPress from None: t=212.57496024899592, value=v, duration=0.2243920829932904>
213.5841 	EXP 	line1: autoDraw = True
213.5841 	EXP 	line2: autoDraw = True
213.5841 	EXP 	line3: autoDraw = True
213.5841 	EXP 	line4: autoDraw = True
213.5902 	EXP 	fixation: autoDraw = False
214.5842 	INFO 	Keyboard events cleared
214.5841 	EXP 	probe: autoDraw = True
215.0019 	EXP 	Device response: <KeyPress from None: t=214.99294283200288, value=c, duration=None>
215.0023 	EXP 	New trial (rep=20, index=3): <Trial 83 (3 in rep 20) data={'pos': np.int64(-150), 'corr_resp': 'z', 'thisN': 83, 'thisTrialN': 3, 'thisRepN': 20}>
215.0090 	DATA 	Keypress: c
215.0141 	EXP 	fixation: autoDraw = False
215.0141 	EXP 	line1: autoDraw = False
215.0141 	EXP 	line2: autoDraw = False
215.0141 	EXP 	line3: autoDraw = False
215.0141 	EXP 	line4: autoDraw = False
215.0141 	EXP 	probe: autoDraw = False
215.0141 	EXP 	fixation: autoDraw = True
215.3076 	EXP 	Device response: <KeyPress from None: t=214.99294283200288, value=c, duration=0.3082722919934895>
216.0009 	EXP 	line1: autoDraw = True
216.0009 	EXP 	line2: autoDraw = True
216.0009 	EXP 	line3: autoDraw = True
216.0009 	EXP 	line4: autoDraw = True
216.0073 	EXP 	fixation: autoDraw = False
217.0005 	INFO 	Keyboard events cleared
217.0002 	EXP 	probe: autoDraw = True
217.3081 	EXP 	Device response: <KeyPress from None: t=217.304911040992, value=z, duration=None>
217.3086 	EXP 	New trial (rep=21, index=0): <Trial 84 (0 in rep 21) data={'pos': np.int64(-50), 'corr_resp': 'x', 'thisN': 84, 'thisTrialN': 0, 'thisRepN': 21}>
217.3164 	EXP 	fixation: autoDraw = False
217.3164 	EXP 	line1: autoDraw = False
217.3164 	EXP 	line2: autoDraw = False
217.3164 	EXP 	line3: autoDraw = False
217.3164 	EXP 	line4: autoDraw = False
217.3164 	EXP 	probe: autoDraw = False
217.3164 	EXP 	fixation: autoDraw = True
217.3227 	DATA 	Keypress: z
217.5694 	EXP 	Device response: <KeyPress from None: t=217.304911040992, value=z, duration=0.252276041006553>
218.3177 	EXP 	fixation: autoDraw = False
218.3177 	EXP 	line1: autoDraw = True
218.3177 	EXP 	line2: autoDraw = True
218.3177 	EXP 	line3: autoDraw = True
218.3177 	EXP 	line4: autoDraw = True
219.3186 	INFO 	Keyboard events cleared
219.3181 	EXP 	probe: autoDraw = True
219.6200 	EXP 	Device response: <KeyPress from None: t=219.61479579099978, value=x, duration=None>
219.6209 	EXP 	New trial (rep=21, index=1): <Trial 85 (1 in rep 21) data={'pos': np.int64(150), 'corr_resp': 'v', 'thisN': 85, 'thisTrialN': 1, 'thisRepN': 21}>
219.6345 	DATA 	Keypress: x
219.6398 	EXP 	fixation: autoDraw = False
219.6398 	EXP 	line1: autoDraw = False
219.6398 	EXP 	line2: autoDraw = False
219.6398 	EXP 	line3: autoDraw = False
219.6398 	EXP 	line4: autoDraw = False
219.6398 	EXP 	probe: autoDraw = False
219.6398 	EXP 	fixation: autoDraw = True
219.8595 	EXP 	Device response: <KeyPress from None: t=219.61479579099978, value=x, duration=0.23641108299489133>
220.6181 	EXP 	line1: autoDraw = True
220.6181 	EXP 	line2: autoDraw = True
220.6181 	EXP 	line3: autoDraw = True
220.6181 	EXP 	line4: autoDraw = True
220.6511 	EXP 	fixation: autoDraw = False
221.6198 	INFO 	Keyboard events cleared
221.6196 	EXP 	probe: autoDraw = True
221.9379 	EXP 	Device response: <KeyPress from None: t=221.93171658199572, value=v, duration=None>
221.9390 	EXP 	New trial (rep=21, index=2): <Trial 86 (2 in rep 21) data={'pos': np.int64(50), 'corr_resp': 'c ', 'thisN': 86, 'thisTrialN': 2, 'thisRepN': 21}>
221.9480 	DATA 	Keypress: v
221.9523 	EXP 	fixation: autoDraw = False
221.9523 	EXP 	line1: autoDraw = False
221.9523 	EXP 	line2: autoDraw = False
221.9523 	EXP 	line3: autoDraw = False
221.9523 	EXP 	line4: autoDraw = False
221.9523 	EXP 	probe: autoDraw = False
221.9523 	EXP 	fixation: autoDraw = True
222.1580 	EXP 	Device response: <KeyPress from None: t=221.93171658199572, value=v, duration=0.22031725000124425>
222.9336 	EXP 	line1: autoDraw = True
222.9336 	EXP 	line2: autoDraw = True
222.9336 	EXP 	line3: autoDraw = True
222.9336 	EXP 	line4: autoDraw = True
222.9508 	EXP 	fixation: autoDraw = False
223.9513 	INFO 	Keyboard events cleared
223.9511 	EXP 	probe: autoDraw = True
224.3355 	EXP 	Device response: <KeyPress from None: t=224.32567724899855, value=c, duration=None>
224.3360 	EXP 	New trial (rep=21, index=3): <Trial 87 (3 in rep 21) data={'pos': np.int64(-150), 'corr_resp': 'z', 'thisN': 87, 'thisTrialN': 3, 'thisRepN': 21}>
224.3431 	DATA 	Keypress: c
224.3480 	EXP 	fixation: autoDraw = False
224.3480 	EXP 	line1: autoDraw = False
224.3480 	EXP 	line2: autoDraw = False
224.3480 	EXP 	line3: autoDraw = False
224.3480 	EXP 	line4: autoDraw = False
224.3480 	EXP 	probe: autoDraw = False
224.3480 	EXP 	fixation: autoDraw = True
224.6027 	EXP 	Device response: <KeyPress from None: t=224.32567724899855, value=c, duration=0.2642694579990348>
225.3412 	EXP 	fixation: autoDraw = False
225.3412 	EXP 	line1: autoDraw = True
225.3412 	EXP 	line2: autoDraw = True
225.3412 	EXP 	line3: autoDraw = True
225.3412 	EXP 	line4: autoDraw = True
226.3331 	INFO 	Keyboard events cleared
226.3329 	EXP 	probe: autoDraw = True
226.6244 	EXP 	Device response: <KeyPress from None: t=226.62168841599487, value=z, duration=None>
226.6249 	EXP 	New trial (rep=22, index=0): <Trial 88 (0 in rep 22) data={'pos': np.int64(-50), 'corr_resp': 'x', 'thisN': 88, 'thisTrialN': 0, 'thisRepN': 22}>
226.6319 	DATA 	Keypress: z
226.6362 	EXP 	fixation: autoDraw = False
226.6362 	EXP 	line1: autoDraw = False
226.6362 	EXP 	line2: autoDraw = False
226.6362 	EXP 	line3: autoDraw = False
226.6362 	EXP 	line4: autoDraw = False
226.6362 	EXP 	probe: autoDraw = False
226.6362 	EXP 	fixation: autoDraw = True
226.8859 	EXP 	Device response: <KeyPress from None: t=226.62168841599487, value=z, duration=0.25216687499778345>
227.6245 	EXP 	line1: autoDraw = True
227.6245 	EXP 	line2: autoDraw = True
227.6245 	EXP 	line3: autoDraw = True
227.6245 	EXP 	line4: autoDraw = True
227.6343 	EXP 	fixation: autoDraw = False
228.6243 	INFO 	Keyboard events cleared
228.6241 	EXP 	probe: autoDraw = True
228.9352 	EXP 	Device response: <KeyPress from None: t=228.93053737399168, value=x, duration=None>
228.9357 	EXP 	New trial (rep=22, index=1): <Trial 89 (1 in rep 22) data={'pos': np.int64(150), 'corr_resp': 'v', 'thisN': 89, 'thisTrialN': 1, 'thisRepN': 22}>
228.9425 	DATA 	Keypress: x
228.9473 	EXP 	fixation: autoDraw = False
228.9473 	EXP 	line1: autoDraw = False
228.9473 	EXP 	line2: autoDraw = False
228.9473 	EXP 	line3: autoDraw = False
228.9473 	EXP 	line4: autoDraw = False
228.9473 	EXP 	probe: autoDraw = False
228.9473 	EXP 	fixation: autoDraw = True
229.1744 	EXP 	Device response: <KeyPress from None: t=228.93053737399168, value=x, duration=0.24032583300140686>
229.9340 	EXP 	line1: autoDraw = True
229.9340 	EXP 	line2: autoDraw = True
229.9340 	EXP 	line3: autoDraw = True
229.9340 	EXP 	line4: autoDraw = True
229.9409 	EXP 	fixation: autoDraw = False
230.9341 	INFO 	Keyboard events cleared
230.9339 	EXP 	probe: autoDraw = True
231.2353 	EXP 	Device response: <KeyPress from None: t=231.2264796239906, value=v, duration=None>
231.2357 	EXP 	New trial (rep=22, index=2): <Trial 90 (2 in rep 22) data={'pos': np.int64(50), 'corr_resp': 'c ', 'thisN': 90, 'thisTrialN': 2, 'thisRepN': 22}>
231.2439 	DATA 	Keypress: v
231.2482 	EXP 	fixation: autoDraw = False
231.2482 	EXP 	line1: autoDraw = False
231.2482 	EXP 	line2: autoDraw = False
231.2482 	EXP 	line3: autoDraw = False
231.2482 	EXP 	line4: autoDraw = False
231.2482 	EXP 	probe: autoDraw = False
231.2482 	EXP 	fixation: autoDraw = True
231.5026 	EXP 	Device response: <KeyPress from None: t=231.2264796239906, value=v, duration=0.2642552920005983>
232.2339 	EXP 	line1: autoDraw = True
232.2339 	EXP 	line2: autoDraw = True
232.2339 	EXP 	line3: autoDraw = True
232.2339 	EXP 	line4: autoDraw = True
232.2404 	EXP 	fixation: autoDraw = False
233.2344 	INFO 	Keyboard events cleared
233.2342 	EXP 	probe: autoDraw = True
233.6686 	EXP 	Device response: <KeyPress from None: t=233.66634079099458, value=c, duration=None>
233.6692 	EXP 	New trial (rep=22, index=3): <Trial 91 (3 in rep 22) data={'pos': np.int64(-150), 'corr_resp': 'z', 'thisN': 91, 'thisTrialN': 3, 'thisRepN': 22}>
233.6755 	DATA 	Keypress: c
233.6799 	EXP 	fixation: autoDraw = False
233.6799 	EXP 	line1: autoDraw = False
233.6799 	EXP 	line2: autoDraw = False
233.6799 	EXP 	line3: autoDraw = False
233.6799 	EXP 	line4: autoDraw = False
233.6799 	EXP 	probe: autoDraw = False
233.6799 	EXP 	fixation: autoDraw = True
233.9359 	EXP 	Device response: <KeyPress from None: t=233.66634079099458, value=c, duration=0.260380541003542>
234.6696 	EXP 	line1: autoDraw = True
234.6696 	EXP 	line2: autoDraw = True
234.6696 	EXP 	line3: autoDraw = True
234.6696 	EXP 	line4: autoDraw = True
234.6843 	EXP 	fixation: autoDraw = False
235.6674 	INFO 	Keyboard events cleared
235.6672 	EXP 	probe: autoDraw = True
235.9689 	EXP 	Device response: <KeyPress from None: t=235.9603447069967, value=z, duration=None>
235.9693 	EXP 	New trial (rep=23, index=0): <Trial 92 (0 in rep 23) data={'pos': np.int64(-50), 'corr_resp': 'x', 'thisN': 92, 'thisTrialN': 0, 'thisRepN': 23}>
235.9753 	DATA 	Keypress: z
235.9799 	EXP 	fixation: autoDraw = False
235.9799 	EXP 	line1: autoDraw = False
235.9799 	EXP 	line2: autoDraw = False
235.9799 	EXP 	line3: autoDraw = False
235.9799 	EXP 	line4: autoDraw = False
235.9799 	EXP 	probe: autoDraw = False
235.9799 	EXP 	fixation: autoDraw = True
236.2188 	EXP 	Device response: <KeyPress from None: t=235.9603447069967, value=z, duration=0.2562892090063542>
236.9674 	EXP 	line1: autoDraw = True
236.9674 	EXP 	line2: autoDraw = True
236.9674 	EXP 	line3: autoDraw = True
236.9674 	EXP 	line4: autoDraw = True
236.9746 	EXP 	fixation: autoDraw = False
237.9674 	INFO 	Keyboard events cleared
237.9672 	EXP 	probe: autoDraw = True
238.2750 	EXP 	Device response: <KeyPress from None: t=238.2682274569961, value=x, duration=None>
238.2755 	EXP 	New trial (rep=23, index=1): <Trial 93 (1 in rep 23) data={'pos': np.int64(150), 'corr_resp': 'v', 'thisN': 93, 'thisTrialN': 1, 'thisRepN': 23}>
238.2823 	DATA 	Keypress: x
238.2866 	EXP 	fixation: autoDraw = False
238.2866 	EXP 	line1: autoDraw = False
238.2866 	EXP 	line2: autoDraw = False
238.2866 	EXP 	line3: autoDraw = False
238.2866 	EXP 	line4: autoDraw = False
238.2866 	EXP 	probe: autoDraw = False
238.2866 	EXP 	fixation: autoDraw = True
238.4902 	EXP 	Device response: <KeyPress from None: t=238.2682274569961, value=x, duration=0.2204362500051502>
239.2737 	EXP 	line1: autoDraw = True
239.2737 	EXP 	line2: autoDraw = True
239.2737 	EXP 	line3: autoDraw = True
239.2737 	EXP 	line4: autoDraw = True
239.2840 	EXP 	fixation: autoDraw = False
240.2753 	INFO 	Keyboard events cleared
240.2750 	EXP 	probe: autoDraw = True
240.5854 	EXP 	Device response: <KeyPress from None: t=240.58027329099423, value=v, duration=None>
240.5860 	EXP 	New trial (rep=23, index=2): <Trial 94 (2 in rep 23) data={'pos': np.int64(50), 'corr_resp': 'c ', 'thisN': 94, 'thisTrialN': 2, 'thisRepN': 23}>
240.5928 	DATA 	Keypress: v
240.5976 	EXP 	fixation: autoDraw = False
240.5976 	EXP 	line1: autoDraw = False
240.5976 	EXP 	line2: autoDraw = False
240.5976 	EXP 	line3: autoDraw = False
240.5976 	EXP 	line4: autoDraw = False
240.5976 	EXP 	probe: autoDraw = False
240.5976 	EXP 	fixation: autoDraw = True
240.8188 	EXP 	Device response: <KeyPress from None: t=240.58027329099423, value=v, duration=0.23621037500561215>
241.5842 	EXP 	line1: autoDraw = True
241.5842 	EXP 	line2: autoDraw = True
241.5842 	EXP 	line3: autoDraw = True
241.5842 	EXP 	line4: autoDraw = True
241.5906 	EXP 	fixation: autoDraw = False
242.5841 	INFO 	Keyboard events cleared
242.5839 	EXP 	probe: autoDraw = True
243.0875 	EXP 	Device response: <KeyPress from None: t=243.08637224900303, value=c, duration=None>
243.0877 	EXP 	New trial (rep=23, index=3): <Trial 95 (3 in rep 23) data={'pos': np.int64(-150), 'corr_resp': 'z', 'thisN': 95, 'thisTrialN': 3, 'thisRepN': 23}>
243.1000 	EXP 	fixation: autoDraw = False
243.1000 	EXP 	line1: autoDraw = False
243.1000 	EXP 	line2: autoDraw = False
243.1000 	EXP 	line3: autoDraw = False
243.1000 	EXP 	line4: autoDraw = False
243.1000 	EXP 	probe: autoDraw = False
243.1000 	EXP 	fixation: autoDraw = True
243.1031 	DATA 	Keypress: c
243.3856 	EXP 	Device response: <KeyPress from None: t=243.08637224900303, value=c, duration=0.29202587499457877>
244.0839 	EXP 	line1: autoDraw = True
244.0839 	EXP 	line2: autoDraw = True
244.0839 	EXP 	line3: autoDraw = True
244.0839 	EXP 	line4: autoDraw = True
244.0911 	EXP 	fixation: autoDraw = False
245.0843 	INFO 	Keyboard events cleared
245.0840 	EXP 	probe: autoDraw = True
245.4083 	EXP 	Device response: <KeyPress from None: t=245.40597574900312, value=z, duration=None>
245.4089 	EXP 	New trial (rep=24, index=0): <Trial 96 (0 in rep 24) data={'pos': np.int64(-50), 'corr_resp': 'x', 'thisN': 96, 'thisTrialN': 0, 'thisRepN': 24}>
245.4162 	DATA 	Keypress: z
245.4205 	EXP 	fixation: autoDraw = False
245.4205 	EXP 	line1: autoDraw = False
245.4205 	EXP 	line2: autoDraw = False
245.4205 	EXP 	line3: autoDraw = False
245.4205 	EXP 	line4: autoDraw = False
245.4205 	EXP 	probe: autoDraw = False
245.4205 	EXP 	fixation: autoDraw = True
245.6361 	EXP 	Device response: <KeyPress from None: t=245.40597574900312, value=z, duration=0.22036104199651163>
246.4066 	EXP 	line1: autoDraw = True
246.4066 	EXP 	line2: autoDraw = True
246.4066 	EXP 	line3: autoDraw = True
246.4066 	EXP 	line4: autoDraw = True
246.4172 	EXP 	fixation: autoDraw = False
247.4081 	INFO 	Keyboard events cleared
247.4080 	EXP 	probe: autoDraw = True
247.7241 	EXP 	Device response: <KeyPress from None: t=247.72006387400324, value=x, duration=None>
247.7246 	EXP 	New trial (rep=24, index=1): <Trial 97 (1 in rep 24) data={'pos': np.int64(150), 'corr_resp': 'v', 'thisN': 97, 'thisTrialN': 1, 'thisRepN': 24}>
247.7310 	DATA 	Keypress: x
247.7365 	EXP 	fixation: autoDraw = False
247.7365 	EXP 	line1: autoDraw = False
247.7365 	EXP 	line2: autoDraw = False
247.7365 	EXP 	line3: autoDraw = False
247.7365 	EXP 	line4: autoDraw = False
247.7365 	EXP 	probe: autoDraw = False
247.7365 	EXP 	fixation: autoDraw = True
247.9907 	EXP 	Device response: <KeyPress from None: t=247.72006387400324, value=x, duration=0.26827629198669456>
248.7237 	EXP 	line1: autoDraw = True
248.7237 	EXP 	line2: autoDraw = True
248.7237 	EXP 	line3: autoDraw = True
248.7237 	EXP 	line4: autoDraw = True
248.7341 	EXP 	fixation: autoDraw = False
249.7174 	INFO 	Keyboard events cleared
249.7172 	EXP 	probe: autoDraw = True
250.0416 	EXP 	Device response: <KeyPress from None: t=250.03688749899447, value=v, duration=None>
250.0420 	EXP 	New trial (rep=24, index=2): <Trial 98 (2 in rep 24) data={'pos': np.int64(50), 'corr_resp': 'c ', 'thisN': 98, 'thisTrialN': 2, 'thisRepN': 24}>
250.0485 	DATA 	Keypress: v
250.0530 	EXP 	fixation: autoDraw = False
250.0530 	EXP 	line1: autoDraw = False
250.0530 	EXP 	line2: autoDraw = False
250.0530 	EXP 	line3: autoDraw = False
250.0530 	EXP 	line4: autoDraw = False
250.0530 	EXP 	probe: autoDraw = False
250.0530 	EXP 	fixation: autoDraw = True
250.2521 	EXP 	Device response: <KeyPress from None: t=250.03688749899447, value=v, duration=0.20839724999677856>
251.0395 	EXP 	line1: autoDraw = True
251.0395 	EXP 	line2: autoDraw = True
251.0395 	EXP 	line3: autoDraw = True
251.0395 	EXP 	line4: autoDraw = True
251.0506 	EXP 	fixation: autoDraw = False
252.0416 	INFO 	Keyboard events cleared
252.0414 	EXP 	probe: autoDraw = True
252.6341 	EXP 	Device response: <KeyPress from None: t=252.6237719990022, value=c, duration=None>
252.6343 	EXP 	New trial (rep=24, index=3): <Trial 99 (3 in rep 24) data={'pos': np.int64(-150), 'corr_resp': 'z', 'thisN': 99, 'thisTrialN': 3, 'thisRepN': 24}>
252.6366 	DATA 	Keypress: c
252.6420 	EXP 	fixation: autoDraw = False
252.6420 	EXP 	line1: autoDraw = False
252.6420 	EXP 	line2: autoDraw = False
252.6420 	EXP 	line3: autoDraw = False
252.6420 	EXP 	line4: autoDraw = False
252.6420 	EXP 	probe: autoDraw = False
252.6420 	EXP 	fixation: autoDraw = True
252.8912 	EXP 	Device response: <KeyPress from None: t=252.6237719990022, value=c, duration=0.2643432920012856>
253.6241 	EXP 	line1: autoDraw = True
253.6241 	EXP 	line2: autoDraw = True
253.6241 	EXP 	line3: autoDraw = True
253.6241 	EXP 	line4: autoDraw = True
253.6404 	EXP 	fixation: autoDraw = False
254.6250 	INFO 	Keyboard events cleared
254.6248 	EXP 	probe: autoDraw = True
254.9352 	EXP 	Device response: <KeyPress from None: t=254.9317788319895, value=z, duration=None>
254.9931 	EXP 	Imported /Users/tiaragajjar/Downloads/EXP 4 - Sheet1.csv as conditions, 4 conditions, 2 params
255.0040 	EXP 	New trial (rep=0, index=0): <Trial 0 (0 in rep 0) data={'pos': np.int64(-50), 'corr_resp': 'x', 'thisN': 0, 'thisTrialN': 0, 'thisRepN': 0}>
255.0085 	DATA 	Keypress: z
255.0127 	EXP 	fixation: autoDraw = False
255.0127 	EXP 	line1: autoDraw = False
255.0127 	EXP 	line2: autoDraw = False
255.0127 	EXP 	line3: autoDraw = False
255.0127 	EXP 	line4: autoDraw = False
255.0127 	EXP 	probe: autoDraw = False
255.0127 	EXP 	fixation: autoDraw = True
255.2017 	EXP 	Device response: <KeyPress from None: t=254.9317788319895, value=z, duration=0.2563509590108879>
255.9340 	EXP 	line1: autoDraw = True
255.9340 	EXP 	line2: autoDraw = True
255.9340 	EXP 	line3: autoDraw = True
255.9340 	EXP 	line4: autoDraw = True
256.0075 	EXP 	fixation: autoDraw = False
256.9342 	INFO 	Keyboard events cleared
256.9340 	EXP 	probe: autoDraw = True
257.3018 	EXP 	Device response: <KeyPress from None: t=257.29458045698993, value=x, duration=None>
257.3023 	EXP 	New trial (rep=0, index=1): <Trial 1 (1 in rep 0) data={'pos': np.int64(-150), 'corr_resp': 'z', 'thisN': 1, 'thisTrialN': 1, 'thisRepN': 0}>
257.3094 	DATA 	Keypress: x
257.3144 	EXP 	fixation: autoDraw = False
257.3144 	EXP 	line1: autoDraw = False
257.3144 	EXP 	line2: autoDraw = False
257.3144 	EXP 	line3: autoDraw = False
257.3144 	EXP 	line4: autoDraw = False
257.3144 	EXP 	probe: autoDraw = False
257.3144 	EXP 	fixation: autoDraw = True
257.5519 	EXP 	Device response: <KeyPress from None: t=257.29458045698993, value=x, duration=0.2525587920099497>
258.3006 	EXP 	line1: autoDraw = True
258.3006 	EXP 	line2: autoDraw = True
258.3006 	EXP 	line3: autoDraw = True
258.3006 	EXP 	line4: autoDraw = True
258.3066 	EXP 	fixation: autoDraw = False
259.3008 	INFO 	Keyboard events cleared
259.3007 	EXP 	probe: autoDraw = True
260.2517 	EXP 	Device response: <KeyPress from None: t=260.2390693319903, value=z, duration=None>
260.2519 	EXP 	New trial (rep=1, index=2): <Trial 2 (2 in rep 1) data={'pos': np.int64(-150), 'corr_resp': 'z', 'thisN': 2, 'thisTrialN': 2, 'thisRepN': 1}>
260.2543 	DATA 	Keypress: z
260.2669 	EXP 	fixation: autoDraw = False
260.2669 	EXP 	line1: autoDraw = False
260.2669 	EXP 	line2: autoDraw = False
260.2669 	EXP 	line3: autoDraw = False
260.2669 	EXP 	line4: autoDraw = False
260.2669 	EXP 	probe: autoDraw = False
260.2669 	EXP 	fixation: autoDraw = True
260.4855 	EXP 	Device response: <KeyPress from None: t=260.2390693319903, value=z, duration=0.23992766700393986>
261.2503 	EXP 	line1: autoDraw = True
261.2503 	EXP 	line2: autoDraw = True
261.2503 	EXP 	line3: autoDraw = True
261.2503 	EXP 	line4: autoDraw = True
261.2567 	EXP 	fixation: autoDraw = False
262.2506 	INFO 	Keyboard events cleared
262.2504 	EXP 	probe: autoDraw = True
263.1252 	EXP 	Device response: <KeyPress from None: t=263.12151229099254, value=z, duration=None>
263.1257 	EXP 	New trial (rep=2, index=3): <Trial 3 (3 in rep 2) data={'pos': np.int64(-150), 'corr_resp': 'z', 'thisN': 3, 'thisTrialN': 3, 'thisRepN': 2}>
263.2585 	DATA 	Keypress: z
263.2625 	EXP 	fixation: autoDraw = False
263.2625 	EXP 	line1: autoDraw = False
263.2625 	EXP 	line2: autoDraw = False
263.2625 	EXP 	line3: autoDraw = False
263.2625 	EXP 	line4: autoDraw = False
263.2625 	EXP 	probe: autoDraw = False
263.2625 	EXP 	fixation: autoDraw = True
263.3502 	EXP 	Device response: <KeyPress from None: t=263.12151229099254, value=z, duration=0.22032454100553878>
264.1246 	EXP 	line1: autoDraw = True
264.1246 	EXP 	line2: autoDraw = True
264.1246 	EXP 	line3: autoDraw = True
264.1246 	EXP 	line4: autoDraw = True
264.2564 	EXP 	fixation: autoDraw = False
265.1235 	INFO 	Keyboard events cleared
265.1233 	EXP 	probe: autoDraw = True
265.5860 	EXP 	Device response: <KeyPress from None: t=265.57437283199397, value=z, duration=None>
265.5870 	EXP 	New trial (rep=0, index=4): <Trial 4 (4 in rep 0) data={'pos': np.int64(50), 'corr_resp': 'c ', 'thisN': 4, 'thisTrialN': 4, 'thisRepN': 0}>
265.5941 	DATA 	Keypress: z
265.5990 	EXP 	fixation: autoDraw = False
265.5990 	EXP 	line1: autoDraw = False
265.5990 	EXP 	line2: autoDraw = False
265.5990 	EXP 	line3: autoDraw = False
265.5990 	EXP 	line4: autoDraw = False
265.5990 	EXP 	probe: autoDraw = False
265.5990 	EXP 	fixation: autoDraw = True
265.8241 	EXP 	Device response: <KeyPress from None: t=265.57437283199397, value=z, duration=0.2444340420042863>
266.5915 	EXP 	fixation: autoDraw = False
266.5915 	EXP 	line1: autoDraw = True
266.5915 	EXP 	line2: autoDraw = True
266.5915 	EXP 	line3: autoDraw = True
266.5915 	EXP 	line4: autoDraw = True
267.5842 	INFO 	Keyboard events cleared
267.5840 	EXP 	probe: autoDraw = True
268.4520 	EXP 	Device response: <KeyPress from None: t=268.44240758199885, value=c, duration=None>
268.4527 	EXP 	New trial (rep=1, index=5): <Trial 5 (5 in rep 1) data={'pos': np.int64(-50), 'corr_resp': 'x', 'thisN': 5, 'thisTrialN': 5, 'thisRepN': 1}>
268.4595 	DATA 	Keypress: c
268.4643 	EXP 	fixation: autoDraw = False
268.4643 	EXP 	line1: autoDraw = False
268.4643 	EXP 	line2: autoDraw = False
268.4643 	EXP 	line3: autoDraw = False
268.4643 	EXP 	line4: autoDraw = False
268.4643 	EXP 	probe: autoDraw = False
268.4643 	EXP 	fixation: autoDraw = True
268.7023 	EXP 	Device response: <KeyPress from None: t=268.44240758199885, value=c, duration=0.2563417089986615>
269.4506 	EXP 	line1: autoDraw = True
269.4506 	EXP 	line2: autoDraw = True
269.4506 	EXP 	line3: autoDraw = True
269.4506 	EXP 	line4: autoDraw = True
269.4578 	EXP 	fixation: autoDraw = False
270.4507 	INFO 	Keyboard events cleared
270.4505 	EXP 	probe: autoDraw = True
271.1024 	EXP 	Device response: <KeyPress from None: t=271.0963282909943, value=x, duration=None>
271.1031 	EXP 	New trial (rep=3, index=6): <Trial 6 (6 in rep 3) data={'pos': np.int64(-150), 'corr_resp': 'z', 'thisN': 6, 'thisTrialN': 6, 'thisRepN': 3}>
271.1101 	DATA 	Keypress: x
271.1149 	EXP 	fixation: autoDraw = False
271.1149 	EXP 	line1: autoDraw = False
271.1149 	EXP 	line2: autoDraw = False
271.1149 	EXP 	line3: autoDraw = False
271.1149 	EXP 	line4: autoDraw = False
271.1149 	EXP 	probe: autoDraw = False
271.1149 	EXP 	fixation: autoDraw = True
271.3357 	EXP 	Device response: <KeyPress from None: t=271.0963282909943, value=x, duration=0.23633670799608808>
272.1006 	EXP 	line1: autoDraw = True
272.1006 	EXP 	line2: autoDraw = True
272.1006 	EXP 	line3: autoDraw = True
272.1006 	EXP 	line4: autoDraw = True
272.1075 	EXP 	fixation: autoDraw = False
273.1009 	INFO 	Keyboard events cleared
273.1007 	EXP 	probe: autoDraw = True
273.7739 	EXP 	Device response: <KeyPress from None: t=273.771192248998, value=z, duration=None>
273.7745 	EXP 	New trial (rep=2, index=7): <Trial 7 (7 in rep 2) data={'pos': np.int64(-50), 'corr_resp': 'x', 'thisN': 7, 'thisTrialN': 7, 'thisRepN': 2}>
273.7810 	DATA 	Keypress: z
273.7858 	EXP 	fixation: autoDraw = False
273.7858 	EXP 	line1: autoDraw = False
273.7858 	EXP 	line2: autoDraw = False
273.7858 	EXP 	line3: autoDraw = False
273.7858 	EXP 	line4: autoDraw = False
273.7858 	EXP 	probe: autoDraw = False
273.7858 	EXP 	fixation: autoDraw = True
274.0355 	EXP 	Device response: <KeyPress from None: t=273.771192248998, value=z, duration=0.25225891699665226>
274.7736 	EXP 	line1: autoDraw = True
274.7736 	EXP 	line2: autoDraw = True
274.7736 	EXP 	line3: autoDraw = True
274.7736 	EXP 	line4: autoDraw = True
274.7838 	EXP 	fixation: autoDraw = False
275.7673 	INFO 	Keyboard events cleared
275.7671 	EXP 	probe: autoDraw = True
276.4371 	EXP 	Device response: <KeyPress from None: t=276.4201633319899, value=x, duration=None>
276.4374 	EXP 	New trial (rep=4, index=8): <Trial 8 (8 in rep 4) data={'pos': np.int64(-150), 'corr_resp': 'z', 'thisN': 8, 'thisTrialN': 8, 'thisRepN': 4}>
276.4399 	DATA 	Keypress: x
276.4436 	EXP 	fixation: autoDraw = False
276.4436 	EXP 	line1: autoDraw = False
276.4436 	EXP 	line2: autoDraw = False
276.4436 	EXP 	line3: autoDraw = False
276.4436 	EXP 	line4: autoDraw = False
276.4436 	EXP 	probe: autoDraw = False
276.4436 	EXP 	fixation: autoDraw = True
276.7021 	EXP 	Device response: <KeyPress from None: t=276.4201633319899, value=x, duration=0.2762980840052478>
277.4340 	EXP 	line1: autoDraw = True
277.4340 	EXP 	line2: autoDraw = True
277.4340 	EXP 	line3: autoDraw = True
277.4340 	EXP 	line4: autoDraw = True
277.4404 	EXP 	fixation: autoDraw = False
278.4341 	INFO 	Keyboard events cleared
278.4339 	EXP 	probe: autoDraw = True
279.1849 	EXP 	Device response: <KeyPress from None: t=279.1780849159986, value=z, duration=None>
279.1854 	EXP 	New trial (rep=1, index=9): <Trial 9 (9 in rep 1) data={'pos': np.int64(50), 'corr_resp': 'c ', 'thisN': 9, 'thisTrialN': 9, 'thisRepN': 1}>
279.1917 	DATA 	Keypress: z
279.1965 	EXP 	fixation: autoDraw = False
279.1965 	EXP 	line1: autoDraw = False
279.1965 	EXP 	line2: autoDraw = False
279.1965 	EXP 	line3: autoDraw = False
279.1965 	EXP 	line4: autoDraw = False
279.1965 	EXP 	probe: autoDraw = False
279.1965 	EXP 	fixation: autoDraw = True
279.4574 	EXP 	Device response: <KeyPress from None: t=279.1780849159986, value=z, duration=0.2762510000029579>
280.1839 	EXP 	line1: autoDraw = True
280.1839 	EXP 	line2: autoDraw = True
280.1839 	EXP 	line3: autoDraw = True
280.1839 	EXP 	line4: autoDraw = True
280.1904 	EXP 	fixation: autoDraw = False
281.1841 	INFO 	Keyboard events cleared
281.1839 	EXP 	probe: autoDraw = True
281.9703 	EXP 	Device response: <KeyPress from None: t=281.9580739989906, value=c, duration=None>
281.9716 	EXP 	New trial (rep=3, index=10): <Trial 10 (10 in rep 3) data={'pos': np.int64(-50), 'corr_resp': 'x', 'thisN': 10, 'thisTrialN': 10, 'thisRepN': 3}>
281.9872 	DATA 	Keypress: c
281.9927 	EXP 	fixation: autoDraw = False
281.9927 	EXP 	line1: autoDraw = False
281.9927 	EXP 	line2: autoDraw = False
281.9927 	EXP 	line3: autoDraw = False
281.9927 	EXP 	line4: autoDraw = False
281.9927 	EXP 	probe: autoDraw = False
281.9927 	EXP 	fixation: autoDraw = True
282.2525 	EXP 	Device response: <KeyPress from None: t=281.9580739989906, value=c, duration=0.2882448750024196>
282.9671 	EXP 	line1: autoDraw = True
282.9671 	EXP 	line2: autoDraw = True
282.9671 	EXP 	line3: autoDraw = True
282.9671 	EXP 	line4: autoDraw = True
282.9898 	EXP 	fixation: autoDraw = False
283.9673 	INFO 	Keyboard events cleared
283.9670 	EXP 	probe: autoDraw = True
284.6517 	EXP 	Device response: <KeyPress from None: t=284.6429767489899, value=x, duration=None>
284.6521 	EXP 	New trial (rep=4, index=11): <Trial 11 (11 in rep 4) data={'pos': np.int64(-50), 'corr_resp': 'x', 'thisN': 11, 'thisTrialN': 11, 'thisRepN': 4}>
284.6587 	DATA 	Keypress: x
284.6637 	EXP 	fixation: autoDraw = False
284.6637 	EXP 	line1: autoDraw = False
284.6637 	EXP 	line2: autoDraw = False
284.6637 	EXP 	line3: autoDraw = False
284.6637 	EXP 	line4: autoDraw = False
284.6637 	EXP 	probe: autoDraw = False
284.6637 	EXP 	fixation: autoDraw = True
284.9191 	EXP 	Device response: <KeyPress from None: t=284.6429767489899, value=x, duration=0.26421279201167636>
285.6505 	EXP 	line1: autoDraw = True
285.6505 	EXP 	line2: autoDraw = True
285.6505 	EXP 	line3: autoDraw = True
285.6505 	EXP 	line4: autoDraw = True
285.6566 	EXP 	fixation: autoDraw = False
286.6496 	INFO 	Keyboard events cleared
286.6494 	EXP 	probe: autoDraw = True
287.1854 	EXP 	Device response: <KeyPress from None: t=287.1790002909984, value=x, duration=None>
287.1860 	EXP 	New trial (rep=2, index=12): <Trial 12 (12 in rep 2) data={'pos': np.int64(50), 'corr_resp': 'c ', 'thisN': 12, 'thisTrialN': 12, 'thisRepN': 2}>
287.1929 	DATA 	Keypress: x
287.1977 	EXP 	fixation: autoDraw = False
287.1977 	EXP 	line1: autoDraw = False
287.1977 	EXP 	line2: autoDraw = False
287.1977 	EXP 	line3: autoDraw = False
287.1977 	EXP 	line4: autoDraw = False
287.1977 	EXP 	probe: autoDraw = False
287.1977 	EXP 	fixation: autoDraw = True
287.4183 	EXP 	Device response: <KeyPress from None: t=287.1790002909984, value=x, duration=0.23621683300007135>
288.1837 	EXP 	line1: autoDraw = True
288.1837 	EXP 	line2: autoDraw = True
288.1837 	EXP 	line3: autoDraw = True
288.1837 	EXP 	line4: autoDraw = True
288.1898 	EXP 	fixation: autoDraw = False
289.1841 	INFO 	Keyboard events cleared
289.1840 	EXP 	probe: autoDraw = True
290.0244 	EXP 	Device response: <KeyPress from None: t=290.0227409569925, value=c, duration=None>
290.0248 	EXP 	New trial (rep=0, index=13): <Trial 13 (13 in rep 0) data={'pos': np.int64(150), 'corr_resp': 'v', 'thisN': 13, 'thisTrialN': 13, 'thisRepN': 0}>
290.0313 	DATA 	Keypress: c
290.0362 	EXP 	fixation: autoDraw = False
290.0362 	EXP 	line1: autoDraw = False
290.0362 	EXP 	line2: autoDraw = False
290.0362 	EXP 	line3: autoDraw = False
290.0362 	EXP 	line4: autoDraw = False
290.0362 	EXP 	probe: autoDraw = False
290.0362 	EXP 	fixation: autoDraw = True
290.2857 	EXP 	Device response: <KeyPress from None: t=290.0227409569925, value=c, duration=0.2523520840040874>
291.0242 	EXP 	line1: autoDraw = True
291.0242 	EXP 	line2: autoDraw = True
291.0242 	EXP 	line3: autoDraw = True
291.0242 	EXP 	line4: autoDraw = True
291.0338 	EXP 	fixation: autoDraw = False
292.0243 	INFO 	Keyboard events cleared
292.0241 	EXP 	probe: autoDraw = True
292.8912 	EXP 	Device response: <KeyPress from None: t=292.88771712400194, value=v, duration=None>
292.8917 	EXP 	New trial (rep=3, index=14): <Trial 14 (14 in rep 3) data={'pos': np.int64(50), 'corr_resp': 'c ', 'thisN': 14, 'thisTrialN': 14, 'thisRepN': 3}>
292.8982 	DATA 	Keypress: v
292.9027 	EXP 	fixation: autoDraw = False
292.9027 	EXP 	line1: autoDraw = False
292.9027 	EXP 	line2: autoDraw = False
292.9027 	EXP 	line3: autoDraw = False
292.9027 	EXP 	line4: autoDraw = False
292.9027 	EXP 	probe: autoDraw = False
292.9027 	EXP 	fixation: autoDraw = True
293.1575 	EXP 	Device response: <KeyPress from None: t=292.88771712400194, value=v, duration=0.2682965829881141>
293.8895 	EXP 	line1: autoDraw = True
293.8895 	EXP 	line2: autoDraw = True
293.8895 	EXP 	line3: autoDraw = True
293.8895 	EXP 	line4: autoDraw = True
293.9005 	EXP 	fixation: autoDraw = False
294.8910 	INFO 	Keyboard events cleared
294.8908 	EXP 	probe: autoDraw = True
295.7014 	EXP 	Device response: <KeyPress from None: t=295.69760462400154, value=c, duration=None>
295.7019 	EXP 	New trial (rep=1, index=15): <Trial 15 (15 in rep 1) data={'pos': np.int64(150), 'corr_resp': 'v', 'thisN': 15, 'thisTrialN': 15, 'thisRepN': 1}>
295.7086 	DATA 	Keypress: c
295.7136 	EXP 	fixation: autoDraw = False
295.7136 	EXP 	line1: autoDraw = False
295.7136 	EXP 	line2: autoDraw = False
295.7136 	EXP 	line3: autoDraw = False
295.7136 	EXP 	line4: autoDraw = False
295.7136 	EXP 	probe: autoDraw = False
295.7136 	EXP 	fixation: autoDraw = True
295.9854 	EXP 	Device response: <KeyPress from None: t=295.69760462400154, value=c, duration=0.2803799999965122>
296.7006 	EXP 	line1: autoDraw = True
296.7006 	EXP 	line2: autoDraw = True
296.7006 	EXP 	line3: autoDraw = True
296.7006 	EXP 	line4: autoDraw = True
296.7076 	EXP 	fixation: autoDraw = False
297.7006 	INFO 	Keyboard events cleared
297.7005 	EXP 	probe: autoDraw = True
298.6908 	EXP 	Device response: <KeyPress from None: t=298.68542570699356, value=v, duration=None>
298.6913 	EXP 	New trial (rep=2, index=16): <Trial 16 (16 in rep 2) data={'pos': np.int64(150), 'corr_resp': 'v', 'thisN': 16, 'thisTrialN': 16, 'thisRepN': 2}>
298.6981 	DATA 	Keypress: v
298.7032 	EXP 	fixation: autoDraw = False
298.7032 	EXP 	line1: autoDraw = False
298.7032 	EXP 	line2: autoDraw = False
298.7032 	EXP 	line3: autoDraw = False
298.7032 	EXP 	line4: autoDraw = False
298.7032 	EXP 	probe: autoDraw = False
298.7032 	EXP 	fixation: autoDraw = True
298.9523 	EXP 	Device response: <KeyPress from None: t=298.68542570699356, value=v, duration=0.264483459002804>
299.6911 	EXP 	line1: autoDraw = True
299.6911 	EXP 	line2: autoDraw = True
299.6911 	EXP 	line3: autoDraw = True
299.6911 	EXP 	line4: autoDraw = True
299.7003 	EXP 	fixation: autoDraw = False
300.6916 	INFO 	Keyboard events cleared
300.6915 	EXP 	probe: autoDraw = True
301.3579 	EXP 	Device response: <KeyPress from None: t=301.3563327489974, value=v, duration=None>
301.3583 	EXP 	New trial (rep=5, index=17): <Trial 17 (17 in rep 5) data={'pos': np.int64(-150), 'corr_resp': 'z', 'thisN': 17, 'thisTrialN': 17, 'thisRepN': 5}>
301.3645 	DATA 	Keypress: v
301.3694 	EXP 	fixation: autoDraw = False
301.3694 	EXP 	line1: autoDraw = False
301.3694 	EXP 	line2: autoDraw = False
301.3694 	EXP 	line3: autoDraw = False
301.3694 	EXP 	line4: autoDraw = False
301.3694 	EXP 	probe: autoDraw = False
301.3694 	EXP 	fixation: autoDraw = True
301.5937 	EXP 	Device response: <KeyPress from None: t=301.3563327489974, value=v, duration=0.22844816699216608>
302.3572 	EXP 	line1: autoDraw = True
302.3572 	EXP 	line2: autoDraw = True
302.3572 	EXP 	line3: autoDraw = True
302.3572 	EXP 	line4: autoDraw = True
302.3670 	EXP 	fixation: autoDraw = False
303.3583 	INFO 	Keyboard events cleared
303.3582 	EXP 	probe: autoDraw = True
304.2016 	EXP 	Device response: <KeyPress from None: t=304.19129554099345, value=z, duration=None>
304.2021 	EXP 	New trial (rep=4, index=18): <Trial 18 (18 in rep 4) data={'pos': np.int64(50), 'corr_resp': 'c ', 'thisN': 18, 'thisTrialN': 18, 'thisRepN': 4}>
304.2084 	DATA 	Keypress: z
304.2133 	EXP 	fixation: autoDraw = False
304.2133 	EXP 	line1: autoDraw = False
304.2133 	EXP 	line2: autoDraw = False
304.2133 	EXP 	line3: autoDraw = False
304.2133 	EXP 	line4: autoDraw = False
304.2133 	EXP 	probe: autoDraw = False
304.2133 	EXP 	fixation: autoDraw = True
304.4216 	EXP 	Device response: <KeyPress from None: t=304.19129554099345, value=z, duration=0.21636495800339617>
305.2005 	EXP 	line1: autoDraw = True
305.2005 	EXP 	line2: autoDraw = True
305.2005 	EXP 	line3: autoDraw = True
305.2005 	EXP 	line4: autoDraw = True
305.2062 	EXP 	fixation: autoDraw = False
306.2006 	INFO 	Keyboard events cleared
306.2004 	EXP 	probe: autoDraw = True
306.9018 	EXP 	Device response: <KeyPress from None: t=306.89126083199517, value=c, duration=None>
306.9027 	EXP 	New trial (rep=5, index=19): <Trial 19 (19 in rep 5) data={'pos': np.int64(-50), 'corr_resp': 'x', 'thisN': 19, 'thisTrialN': 19, 'thisRepN': 5}>
306.9239 	DATA 	Keypress: c
306.9310 	EXP 	fixation: autoDraw = False
306.9310 	EXP 	line1: autoDraw = False
306.9310 	EXP 	line2: autoDraw = False
306.9310 	EXP 	line3: autoDraw = False
306.9310 	EXP 	line4: autoDraw = False
306.9310 	EXP 	probe: autoDraw = False
306.9310 	EXP 	fixation: autoDraw = True
307.1357 	EXP 	Device response: <KeyPress from None: t=306.89126083199517, value=c, duration=0.23639516699768137>
307.9004 	EXP 	line1: autoDraw = True
307.9004 	EXP 	line2: autoDraw = True
307.9004 	EXP 	line3: autoDraw = True
307.9004 	EXP 	line4: autoDraw = True
307.9224 	EXP 	fixation: autoDraw = False
308.9006 	INFO 	Keyboard events cleared
308.9004 	EXP 	probe: autoDraw = True
309.6683 	EXP 	Device response: <KeyPress from None: t=309.6641507070017, value=x, duration=None>
309.6687 	EXP 	New trial (rep=6, index=20): <Trial 20 (20 in rep 6) data={'pos': np.int64(-50), 'corr_resp': 'x', 'thisN': 20, 'thisTrialN': 20, 'thisRepN': 6}>
309.6757 	DATA 	Keypress: x
309.6806 	EXP 	fixation: autoDraw = False
309.6806 	EXP 	line1: autoDraw = False
309.6806 	EXP 	line2: autoDraw = False
309.6806 	EXP 	line3: autoDraw = False
309.6806 	EXP 	line4: autoDraw = False
309.6806 	EXP 	probe: autoDraw = False
309.6806 	EXP 	fixation: autoDraw = True
309.9183 	EXP 	Device response: <KeyPress from None: t=309.6641507070017, value=x, duration=0.24437449999095406>
310.6671 	EXP 	line1: autoDraw = True
310.6671 	EXP 	line2: autoDraw = True
310.6671 	EXP 	line3: autoDraw = True
310.6671 	EXP 	line4: autoDraw = True
310.6734 	EXP 	fixation: autoDraw = False
311.6672 	INFO 	Keyboard events cleared
311.6670 	EXP 	probe: autoDraw = True
312.2047 	EXP 	Device response: <KeyPress from None: t=312.19222383199667, value=x, duration=None>
312.2052 	EXP 	New trial (rep=6, index=21): <Trial 21 (21 in rep 6) data={'pos': np.int64(-150), 'corr_resp': 'z', 'thisN': 21, 'thisTrialN': 21, 'thisRepN': 6}>
312.2115 	DATA 	Keypress: x
312.2163 	EXP 	fixation: autoDraw = False
312.2163 	EXP 	line1: autoDraw = False
312.2163 	EXP 	line2: autoDraw = False
312.2163 	EXP 	line3: autoDraw = False
312.2163 	EXP 	line4: autoDraw = False
312.2163 	EXP 	probe: autoDraw = False
312.2163 	EXP 	fixation: autoDraw = True
312.4072 	EXP 	Device response: <KeyPress from None: t=312.19222383199667, value=x, duration=0.21213166699453723>
313.2004 	EXP 	line1: autoDraw = True
313.2004 	EXP 	line2: autoDraw = True
313.2004 	EXP 	line3: autoDraw = True
313.2004 	EXP 	line4: autoDraw = True
313.2072 	EXP 	fixation: autoDraw = False
314.2006 	INFO 	Keyboard events cleared
314.2004 	EXP 	probe: autoDraw = True
315.0076 	EXP 	Device response: <KeyPress from None: t=315.006172081994, value=z, duration=None>
315.0080 	EXP 	New trial (rep=7, index=22): <Trial 22 (22 in rep 7) data={'pos': np.int64(-150), 'corr_resp': 'z', 'thisN': 22, 'thisTrialN': 22, 'thisRepN': 7}>
315.0141 	DATA 	Keypress: z
315.0188 	EXP 	fixation: autoDraw = False
315.0188 	EXP 	line1: autoDraw = False
315.0188 	EXP 	line2: autoDraw = False
315.0188 	EXP 	line3: autoDraw = False
315.0188 	EXP 	line4: autoDraw = False
315.0188 	EXP 	probe: autoDraw = False
315.0188 	EXP 	fixation: autoDraw = True
315.2552 	EXP 	Device response: <KeyPress from None: t=315.006172081994, value=z, duration=0.2441522090084618>
316.0072 	EXP 	line1: autoDraw = True
316.0072 	EXP 	line2: autoDraw = True
316.0072 	EXP 	line3: autoDraw = True
316.0072 	EXP 	line4: autoDraw = True
316.0169 	EXP 	fixation: autoDraw = False
317.0073 	INFO 	Keyboard events cleared
317.0071 	EXP 	probe: autoDraw = True
317.6683 	EXP 	Device response: <KeyPress from None: t=317.6599090410018, value=z, duration=None>
317.6687 	EXP 	New trial (rep=8, index=23): <Trial 23 (23 in rep 8) data={'pos': np.int64(-150), 'corr_resp': 'z', 'thisN': 23, 'thisTrialN': 23, 'thisRepN': 8}>
317.6755 	DATA 	Keypress: z
317.6803 	EXP 	fixation: autoDraw = False
317.6803 	EXP 	line1: autoDraw = False
317.6803 	EXP 	line2: autoDraw = False
317.6803 	EXP 	line3: autoDraw = False
317.6803 	EXP 	line4: autoDraw = False
317.6803 	EXP 	probe: autoDraw = False
317.6803 	EXP 	fixation: autoDraw = True
317.8858 	EXP 	Device response: <KeyPress from None: t=317.6599090410018, value=z, duration=0.2204519579972839>
318.6673 	EXP 	line1: autoDraw = True
318.6673 	EXP 	line2: autoDraw = True
318.6673 	EXP 	line3: autoDraw = True
318.6673 	EXP 	line4: autoDraw = True
318.6747 	EXP 	fixation: autoDraw = False
319.6671 	INFO 	Keyboard events cleared
319.6669 	EXP 	probe: autoDraw = True
320.1247 	EXP 	Device response: <KeyPress from None: t=320.1188526659971, value=z, duration=None>
320.1251 	EXP 	New trial (rep=9, index=24): <Trial 24 (24 in rep 9) data={'pos': np.int64(-150), 'corr_resp': 'z', 'thisN': 24, 'thisTrialN': 24, 'thisRepN': 9}>
320.1317 	DATA 	Keypress: z
320.1361 	EXP 	fixation: autoDraw = False
320.1361 	EXP 	line1: autoDraw = False
320.1361 	EXP 	line2: autoDraw = False
320.1361 	EXP 	line3: autoDraw = False
320.1361 	EXP 	line4: autoDraw = False
320.1361 	EXP 	probe: autoDraw = False
320.1361 	EXP 	fixation: autoDraw = True
320.3523 	EXP 	Device response: <KeyPress from None: t=320.1188526659971, value=z, duration=0.22827041600248776>
321.1241 	EXP 	line1: autoDraw = True
321.1241 	EXP 	line2: autoDraw = True
321.1241 	EXP 	line3: autoDraw = True
321.1241 	EXP 	line4: autoDraw = True
321.1337 	EXP 	fixation: autoDraw = False
322.1242 	INFO 	Keyboard events cleared
322.1239 	EXP 	probe: autoDraw = True
322.6184 	EXP 	Device response: <KeyPress from None: t=322.6097679569939, value=z, duration=None>
322.6191 	EXP 	New trial (rep=3, index=25): <Trial 25 (25 in rep 3) data={'pos': np.int64(150), 'corr_resp': 'v', 'thisN': 25, 'thisTrialN': 25, 'thisRepN': 3}>
322.6262 	DATA 	Keypress: z
322.6310 	EXP 	fixation: autoDraw = False
322.6310 	EXP 	line1: autoDraw = False
322.6310 	EXP 	line2: autoDraw = False
322.6310 	EXP 	line3: autoDraw = False
322.6310 	EXP 	line4: autoDraw = False
322.6310 	EXP 	probe: autoDraw = False
322.6310 	EXP 	fixation: autoDraw = True
322.8520 	EXP 	Device response: <KeyPress from None: t=322.6097679569939, value=z, duration=0.23236191700561903>
323.6173 	EXP 	line1: autoDraw = True
323.6173 	EXP 	line2: autoDraw = True
323.6173 	EXP 	line3: autoDraw = True
323.6173 	EXP 	line4: autoDraw = True
323.6240 	EXP 	fixation: autoDraw = False
324.6172 	INFO 	Keyboard events cleared
324.6170 	EXP 	probe: autoDraw = True
325.4352 	EXP 	Device response: <KeyPress from None: t=325.4336664570001, value=v, duration=None>
325.4360 	EXP 	New trial (rep=4, index=26): <Trial 26 (26 in rep 4) data={'pos': np.int64(150), 'corr_resp': 'v', 'thisN': 26, 'thisTrialN': 26, 'thisRepN': 4}>
325.4433 	DATA 	Keypress: v
325.4483 	EXP 	fixation: autoDraw = False
325.4483 	EXP 	line1: autoDraw = False
325.4483 	EXP 	line2: autoDraw = False
325.4483 	EXP 	line3: autoDraw = False
325.4483 	EXP 	line4: autoDraw = False
325.4483 	EXP 	probe: autoDraw = False
325.4483 	EXP 	fixation: autoDraw = True
325.6685 	EXP 	Device response: <KeyPress from None: t=325.4336664570001, value=v, duration=0.22841366699140053>
326.4338 	EXP 	line1: autoDraw = True
326.4338 	EXP 	line2: autoDraw = True
326.4338 	EXP 	line3: autoDraw = True
326.4338 	EXP 	line4: autoDraw = True
326.4407 	EXP 	fixation: autoDraw = False
327.4338 	INFO 	Keyboard events cleared
327.4336 	EXP 	probe: autoDraw = True
327.8349 	EXP 	Device response: <KeyPress from None: t=327.82760916599364, value=v, duration=None>
327.8356 	EXP 	New trial (rep=5, index=27): <Trial 27 (27 in rep 5) data={'pos': np.int64(50), 'corr_resp': 'c ', 'thisN': 27, 'thisTrialN': 27, 'thisRepN': 5}>
327.8429 	DATA 	Keypress: v
327.8476 	EXP 	fixation: autoDraw = False
327.8476 	EXP 	line1: autoDraw = False
327.8476 	EXP 	line2: autoDraw = False
327.8476 	EXP 	line3: autoDraw = False
327.8476 	EXP 	line4: autoDraw = False
327.8476 	EXP 	probe: autoDraw = False
327.8476 	EXP 	fixation: autoDraw = True
328.0574 	EXP 	Device response: <KeyPress from None: t=327.82760916599364, value=v, duration=0.22842970800411422>
328.8518 	EXP 	fixation: autoDraw = False
328.8518 	EXP 	line1: autoDraw = True
328.8518 	EXP 	line2: autoDraw = True
328.8518 	EXP 	line3: autoDraw = True
328.8518 	EXP 	line4: autoDraw = True
329.8337 	INFO 	Keyboard events cleared
329.8336 	EXP 	probe: autoDraw = True
330.6517 	EXP 	Device response: <KeyPress from None: t=330.6466826239921, value=c, duration=None>
330.6524 	EXP 	New trial (rep=7, index=28): <Trial 28 (28 in rep 7) data={'pos': np.int64(-50), 'corr_resp': 'x', 'thisN': 28, 'thisTrialN': 28, 'thisRepN': 7}>
330.6596 	DATA 	Keypress: c
330.6646 	EXP 	fixation: autoDraw = False
330.6646 	EXP 	line1: autoDraw = False
330.6646 	EXP 	line2: autoDraw = False
330.6646 	EXP 	line3: autoDraw = False
330.6646 	EXP 	line4: autoDraw = False
330.6646 	EXP 	probe: autoDraw = False
330.6646 	EXP 	fixation: autoDraw = True
330.9190 	EXP 	Device response: <KeyPress from None: t=330.6466826239921, value=c, duration=0.26430041700950824>
331.6502 	EXP 	line1: autoDraw = True
331.6502 	EXP 	line2: autoDraw = True
331.6502 	EXP 	line3: autoDraw = True
331.6502 	EXP 	line4: autoDraw = True
331.6556 	EXP 	fixation: autoDraw = False
332.6505 	INFO 	Keyboard events cleared
332.6503 	EXP 	probe: autoDraw = True
333.4576 	EXP 	Device response: <KeyPress from None: t=333.45440358199994, value=x, duration=None>
333.4581 	EXP 	New trial (rep=6, index=29): <Trial 29 (29 in rep 6) data={'pos': np.int64(50), 'corr_resp': 'c ', 'thisN': 29, 'thisTrialN': 29, 'thisRepN': 6}>
333.4647 	DATA 	Keypress: x
333.4690 	EXP 	fixation: autoDraw = False
333.4690 	EXP 	line1: autoDraw = False
333.4690 	EXP 	line2: autoDraw = False
333.4690 	EXP 	line3: autoDraw = False
333.4690 	EXP 	line4: autoDraw = False
333.4690 	EXP 	probe: autoDraw = False
333.4690 	EXP 	fixation: autoDraw = True
333.7190 	EXP 	Device response: <KeyPress from None: t=333.45440358199994, value=x, duration=0.25240358400333207>
334.4575 	EXP 	line1: autoDraw = True
334.4575 	EXP 	line2: autoDraw = True
334.4575 	EXP 	line3: autoDraw = True
334.4575 	EXP 	line4: autoDraw = True
334.4671 	EXP 	fixation: autoDraw = False
335.4583 	INFO 	Keyboard events cleared
335.4581 	EXP 	probe: autoDraw = True
336.3350 	EXP 	Device response: <KeyPress from None: t=336.32946508200257, value=c, duration=None>
336.3356 	EXP 	New trial (rep=5, index=30): <Trial 30 (30 in rep 5) data={'pos': np.int64(150), 'corr_resp': 'v', 'thisN': 30, 'thisTrialN': 30, 'thisRepN': 5}>
336.3425 	DATA 	Keypress: c
336.3475 	EXP 	fixation: autoDraw = False
336.3475 	EXP 	line1: autoDraw = False
336.3475 	EXP 	line2: autoDraw = False
336.3475 	EXP 	line3: autoDraw = False
336.3475 	EXP 	line4: autoDraw = False
336.3475 	EXP 	probe: autoDraw = False
336.3475 	EXP 	fixation: autoDraw = True
336.6017 	EXP 	Device response: <KeyPress from None: t=336.32946508200257, value=c, duration=0.2643698339961702>
337.3336 	EXP 	line1: autoDraw = True
337.3336 	EXP 	line2: autoDraw = True
337.3336 	EXP 	line3: autoDraw = True
337.3336 	EXP 	line4: autoDraw = True
337.3391 	EXP 	fixation: autoDraw = False
338.3336 	INFO 	Keyboard events cleared
338.3334 	EXP 	probe: autoDraw = True
339.0916 	EXP 	Device response: <KeyPress from None: t=339.08636312399176, value=v, duration=None>
339.0920 	EXP 	New trial (rep=8, index=31): <Trial 31 (31 in rep 8) data={'pos': np.int64(-50), 'corr_resp': 'x', 'thisN': 31, 'thisTrialN': 31, 'thisRepN': 8}>
339.0983 	DATA 	Keypress: v
339.1024 	EXP 	fixation: autoDraw = False
339.1024 	EXP 	line1: autoDraw = False
339.1024 	EXP 	line2: autoDraw = False
339.1024 	EXP 	line3: autoDraw = False
339.1024 	EXP 	line4: autoDraw = False
339.1024 	EXP 	probe: autoDraw = False
339.1024 	EXP 	fixation: autoDraw = True
339.3392 	EXP 	Device response: <KeyPress from None: t=339.08636312399176, value=v, duration=0.2365494999976363>
340.0904 	EXP 	line1: autoDraw = True
340.0904 	EXP 	line2: autoDraw = True
340.0904 	EXP 	line3: autoDraw = True
340.0904 	EXP 	line4: autoDraw = True
340.1002 	EXP 	fixation: autoDraw = False
341.0864 	INFO 	Keyboard events cleared
341.0863 	EXP 	probe: autoDraw = True
341.8684 	EXP 	Device response: <KeyPress from None: t=341.8601997069927, value=x, duration=None>
341.8689 	EXP 	New trial (rep=7, index=32): <Trial 32 (32 in rep 7) data={'pos': np.int64(50), 'corr_resp': 'c ', 'thisN': 32, 'thisTrialN': 32, 'thisRepN': 7}>
341.8761 	DATA 	Keypress: x
341.8810 	EXP 	fixation: autoDraw = False
341.8810 	EXP 	line1: autoDraw = False
341.8810 	EXP 	line2: autoDraw = False
341.8810 	EXP 	line3: autoDraw = False
341.8810 	EXP 	line4: autoDraw = False
341.8810 	EXP 	probe: autoDraw = False
341.8810 	EXP 	fixation: autoDraw = True
342.1022 	EXP 	Device response: <KeyPress from None: t=341.8601997069927, value=x, duration=0.23645670899713878>
342.8669 	EXP 	line1: autoDraw = True
342.8669 	EXP 	line2: autoDraw = True
342.8669 	EXP 	line3: autoDraw = True
342.8669 	EXP 	line4: autoDraw = True
342.8729 	EXP 	fixation: autoDraw = False
343.8687 	INFO 	Keyboard events cleared
343.8673 	EXP 	probe: autoDraw = True
344.5742 	EXP 	Device response: <KeyPress from None: t=344.56918283199775, value=c, duration=None>
344.5747 	EXP 	New trial (rep=8, index=33): <Trial 33 (33 in rep 8) data={'pos': np.int64(50), 'corr_resp': 'c ', 'thisN': 33, 'thisTrialN': 33, 'thisRepN': 8}>
344.5817 	DATA 	Keypress: c
344.5861 	EXP 	fixation: autoDraw = False
344.5861 	EXP 	line1: autoDraw = False
344.5861 	EXP 	line2: autoDraw = False
344.5861 	EXP 	line3: autoDraw = False
344.5861 	EXP 	line4: autoDraw = False
344.5861 	EXP 	probe: autoDraw = False
344.5861 	EXP 	fixation: autoDraw = True
344.8238 	EXP 	Device response: <KeyPress from None: t=344.56918283199775, value=c, duration=0.24833741699694656>
345.5742 	EXP 	line1: autoDraw = True
345.5742 	EXP 	line2: autoDraw = True
345.5742 	EXP 	line3: autoDraw = True
345.5742 	EXP 	line4: autoDraw = True
345.5836 	EXP 	fixation: autoDraw = False
346.5739 	INFO 	Keyboard events cleared
346.5737 	EXP 	probe: autoDraw = True
347.1514 	EXP 	Device response: <KeyPress from None: t=347.1421352909965, value=c, duration=None>
347.1519 	EXP 	New trial (rep=6, index=34): <Trial 34 (34 in rep 6) data={'pos': np.int64(150), 'corr_resp': 'v', 'thisN': 34, 'thisTrialN': 34, 'thisRepN': 6}>
347.1584 	DATA 	Keypress: c
347.1632 	EXP 	fixation: autoDraw = False
347.1632 	EXP 	line1: autoDraw = False
347.1632 	EXP 	line2: autoDraw = False
347.1632 	EXP 	line3: autoDraw = False
347.1632 	EXP 	line4: autoDraw = False
347.1632 	EXP 	probe: autoDraw = False
347.1632 	EXP 	fixation: autoDraw = True
347.3847 	EXP 	Device response: <KeyPress from None: t=347.1421352909965, value=c, duration=0.24029579099442344>
348.1506 	EXP 	line1: autoDraw = True
348.1506 	EXP 	line2: autoDraw = True
348.1506 	EXP 	line3: autoDraw = True
348.1506 	EXP 	line4: autoDraw = True
348.1572 	EXP 	fixation: autoDraw = False
349.1504 	INFO 	Keyboard events cleared
349.1502 	EXP 	probe: autoDraw = True
349.9243 	EXP 	Device response: <KeyPress from None: t=349.9180020819913, value=v, duration=None>
349.9249 	EXP 	New trial (rep=10, index=35): <Trial 35 (35 in rep 10) data={'pos': np.int64(-150), 'corr_resp': 'z', 'thisN': 35, 'thisTrialN': 35, 'thisRepN': 10}>
349.9315 	DATA 	Keypress: v
349.9361 	EXP 	fixation: autoDraw = False
349.9361 	EXP 	line1: autoDraw = False
349.9361 	EXP 	line2: autoDraw = False
349.9361 	EXP 	line3: autoDraw = False
349.9361 	EXP 	line4: autoDraw = False
349.9361 	EXP 	probe: autoDraw = False
349.9361 	EXP 	fixation: autoDraw = True
350.1686 	EXP 	Device response: <KeyPress from None: t=349.9180020819913, value=v, duration=0.2403369170060614>
350.9239 	EXP 	line1: autoDraw = True
350.9239 	EXP 	line2: autoDraw = True
350.9239 	EXP 	line3: autoDraw = True
350.9239 	EXP 	line4: autoDraw = True
350.9335 	EXP 	fixation: autoDraw = False
351.9239 	INFO 	Keyboard events cleared
351.9237 	EXP 	probe: autoDraw = True
352.7350 	EXP 	Device response: <KeyPress from None: t=352.73008741599915, value=z, duration=None>
352.7356 	EXP 	New trial (rep=9, index=36): <Trial 36 (36 in rep 9) data={'pos': np.int64(50), 'corr_resp': 'c ', 'thisN': 36, 'thisTrialN': 36, 'thisRepN': 9}>
352.7427 	DATA 	Keypress: z
352.7477 	EXP 	fixation: autoDraw = False
352.7477 	EXP 	line1: autoDraw = False
352.7477 	EXP 	line2: autoDraw = False
352.7477 	EXP 	line3: autoDraw = False
352.7477 	EXP 	line4: autoDraw = False
352.7477 	EXP 	probe: autoDraw = False
352.7477 	EXP 	fixation: autoDraw = True
352.9850 	EXP 	Device response: <KeyPress from None: t=352.73008741599915, value=z, duration=0.24403575000178535>
353.7332 	EXP 	line1: autoDraw = True
353.7332 	EXP 	line2: autoDraw = True
353.7332 	EXP 	line3: autoDraw = True
353.7332 	EXP 	line4: autoDraw = True
353.7400 	EXP 	fixation: autoDraw = False
354.7336 	INFO 	Keyboard events cleared
354.7334 	EXP 	probe: autoDraw = True
355.4744 	EXP 	Device response: <KeyPress from None: t=355.4708929990011, value=c, duration=None>
355.4749 	EXP 	New trial (rep=11, index=37): <Trial 37 (37 in rep 11) data={'pos': np.int64(-150), 'corr_resp': 'z', 'thisN': 37, 'thisTrialN': 37, 'thisRepN': 11}>
355.4823 	DATA 	Keypress: c
355.4866 	EXP 	fixation: autoDraw = False
355.4866 	EXP 	line1: autoDraw = False
355.4866 	EXP 	line2: autoDraw = False
355.4866 	EXP 	line3: autoDraw = False
355.4866 	EXP 	line4: autoDraw = False
355.4866 	EXP 	probe: autoDraw = False
355.4866 	EXP 	fixation: autoDraw = True
355.7189 	EXP 	Device response: <KeyPress from None: t=355.4708929990011, value=c, duration=0.24035599999479018>
356.4739 	EXP 	line1: autoDraw = True
356.4739 	EXP 	line2: autoDraw = True
356.4739 	EXP 	line3: autoDraw = True
356.4739 	EXP 	line4: autoDraw = True
356.4841 	EXP 	fixation: autoDraw = False
357.4736 	INFO 	Keyboard events cleared
357.4734 	EXP 	probe: autoDraw = True
358.2850 	EXP 	Device response: <KeyPress from None: t=358.28273712399823, value=z, duration=None>
358.2856 	EXP 	New trial (rep=9, index=38): <Trial 38 (38 in rep 9) data={'pos': np.int64(-50), 'corr_resp': 'x', 'thisN': 38, 'thisTrialN': 38, 'thisRepN': 9}>
358.2926 	DATA 	Keypress: z
358.2975 	EXP 	fixation: autoDraw = False
358.2975 	EXP 	line1: autoDraw = False
358.2975 	EXP 	line2: autoDraw = False
358.2975 	EXP 	line3: autoDraw = False
358.2975 	EXP 	line4: autoDraw = False
358.2975 	EXP 	probe: autoDraw = False
358.2975 	EXP 	fixation: autoDraw = True
358.5239 	EXP 	Device response: <KeyPress from None: t=358.28273712399823, value=z, duration=0.23627429199405015>
359.2835 	EXP 	line1: autoDraw = True
359.2835 	EXP 	line2: autoDraw = True
359.2835 	EXP 	line3: autoDraw = True
359.2835 	EXP 	line4: autoDraw = True
359.2900 	EXP 	fixation: autoDraw = False
360.2837 	INFO 	Keyboard events cleared
360.2835 	EXP 	probe: autoDraw = True
361.0073 	EXP 	Device response: <KeyPress from None: t=361.0046809159976, value=x, duration=None>
361.0078 	EXP 	New trial (rep=7, index=39): <Trial 39 (39 in rep 7) data={'pos': np.int64(150), 'corr_resp': 'v', 'thisN': 39, 'thisTrialN': 39, 'thisRepN': 7}>
361.0146 	DATA 	Keypress: x
361.0192 	EXP 	fixation: autoDraw = False
361.0192 	EXP 	line1: autoDraw = False
361.0192 	EXP 	line2: autoDraw = False
361.0192 	EXP 	line3: autoDraw = False
361.0192 	EXP 	line4: autoDraw = False
361.0192 	EXP 	probe: autoDraw = False
361.0192 	EXP 	fixation: autoDraw = True
361.2577 	EXP 	Device response: <KeyPress from None: t=361.0046809159976, value=x, duration=0.24837804099661298>
362.0074 	EXP 	line1: autoDraw = True
362.0074 	EXP 	line2: autoDraw = True
362.0074 	EXP 	line3: autoDraw = True
362.0074 	EXP 	line4: autoDraw = True
362.0168 	EXP 	fixation: autoDraw = False
363.0075 	INFO 	Keyboard events cleared
363.0073 	EXP 	probe: autoDraw = True
363.8182 	EXP 	Device response: <KeyPress from None: t=363.8125884159963, value=v, duration=None>
363.8189 	EXP 	New trial (rep=10, index=40): <Trial 40 (40 in rep 10) data={'pos': np.int64(-50), 'corr_resp': 'x', 'thisN': 40, 'thisTrialN': 40, 'thisRepN': 10}>
363.8259 	DATA 	Keypress: v
363.8308 	EXP 	fixation: autoDraw = False
363.8308 	EXP 	line1: autoDraw = False
363.8308 	EXP 	line2: autoDraw = False
363.8308 	EXP 	line3: autoDraw = False
363.8308 	EXP 	line4: autoDraw = False
363.8308 	EXP 	probe: autoDraw = False
363.8308 	EXP 	fixation: autoDraw = True
364.0518 	EXP 	Device response: <KeyPress from None: t=363.8125884159963, value=v, duration=0.2283954580052523>
364.8169 	EXP 	line1: autoDraw = True
364.8169 	EXP 	line2: autoDraw = True
364.8169 	EXP 	line3: autoDraw = True
364.8169 	EXP 	line4: autoDraw = True
364.8232 	EXP 	fixation: autoDraw = False
365.8171 	INFO 	Keyboard events cleared
365.8169 	EXP 	probe: autoDraw = True
366.7183 	EXP 	Device response: <KeyPress from None: t=366.70951629099727, value=x, duration=None>
366.7192 	EXP 	New trial (rep=11, index=41): <Trial 41 (41 in rep 11) data={'pos': np.int64(-50), 'corr_resp': 'x', 'thisN': 41, 'thisTrialN': 41, 'thisRepN': 11}>
366.7281 	DATA 	Keypress: x
366.7334 	EXP 	fixation: autoDraw = False
366.7334 	EXP 	line1: autoDraw = False
366.7334 	EXP 	line2: autoDraw = False
366.7334 	EXP 	line3: autoDraw = False
366.7334 	EXP 	line4: autoDraw = False
366.7334 	EXP 	probe: autoDraw = False
366.7334 	EXP 	fixation: autoDraw = True
366.9349 	EXP 	Device response: <KeyPress from None: t=366.70951629099727, value=x, duration=0.22037974999693688>
367.7168 	EXP 	line1: autoDraw = True
367.7168 	EXP 	line2: autoDraw = True
367.7168 	EXP 	line3: autoDraw = True
367.7168 	EXP 	line4: autoDraw = True
367.7230 	EXP 	fixation: autoDraw = False
368.7171 	INFO 	Keyboard events cleared
368.7169 	EXP 	probe: autoDraw = True
369.3913 	EXP 	Device response: <KeyPress from None: t=369.38538308200077, value=x, duration=None>
369.3918 	EXP 	New trial (rep=8, index=42): <Trial 42 (42 in rep 8) data={'pos': np.int64(150), 'corr_resp': 'v', 'thisN': 42, 'thisTrialN': 42, 'thisRepN': 8}>
369.3986 	DATA 	Keypress: x
369.4028 	EXP 	fixation: autoDraw = False
369.4028 	EXP 	line1: autoDraw = False
369.4028 	EXP 	line2: autoDraw = False
369.4028 	EXP 	line3: autoDraw = False
369.4028 	EXP 	line4: autoDraw = False
369.4028 	EXP 	probe: autoDraw = False
369.4028 	EXP 	fixation: autoDraw = True
369.6356 	EXP 	Device response: <KeyPress from None: t=369.38538308200077, value=x, duration=0.2445213339960901>
370.3905 	EXP 	line1: autoDraw = True
370.3905 	EXP 	line2: autoDraw = True
370.3905 	EXP 	line3: autoDraw = True
370.3905 	EXP 	line4: autoDraw = True
370.4002 	EXP 	fixation: autoDraw = False
371.3911 	INFO 	Keyboard events cleared
371.3908 	EXP 	probe: autoDraw = True
372.2556 	EXP 	Device response: <KeyPress from None: t=372.23738149899873, value=v, duration=None>
372.2562 	EXP 	New trial (rep=12, index=43): <Trial 43 (43 in rep 12) data={'pos': np.int64(-50), 'corr_resp': 'x', 'thisN': 43, 'thisTrialN': 43, 'thisRepN': 12}>
372.2621 	DATA 	Keypress: v
372.2657 	EXP 	fixation: autoDraw = False
372.2657 	EXP 	line1: autoDraw = False
372.2657 	EXP 	line2: autoDraw = False
372.2657 	EXP 	line3: autoDraw = False
372.2657 	EXP 	line4: autoDraw = False
372.2657 	EXP 	probe: autoDraw = False
372.2657 	EXP 	fixation: autoDraw = True
372.4890 	EXP 	Device response: <KeyPress from None: t=372.23738149899873, value=v, duration=0.24827245800406672>
373.2567 	EXP 	fixation: autoDraw = False
373.2567 	EXP 	line1: autoDraw = True
373.2567 	EXP 	line2: autoDraw = True
373.2567 	EXP 	line3: autoDraw = True
373.2567 	EXP 	line4: autoDraw = True
374.2504 	INFO 	Keyboard events cleared
374.2502 	EXP 	probe: autoDraw = True
375.2242 	EXP 	Device response: <KeyPress from None: t=375.2222844569915, value=x, duration=None>
375.2247 	EXP 	New trial (rep=9, index=44): <Trial 44 (44 in rep 9) data={'pos': np.int64(150), 'corr_resp': 'v', 'thisN': 44, 'thisTrialN': 44, 'thisRepN': 9}>
375.2308 	DATA 	Keypress: x
375.2355 	EXP 	fixation: autoDraw = False
375.2355 	EXP 	line1: autoDraw = False
375.2355 	EXP 	line2: autoDraw = False
375.2355 	EXP 	line3: autoDraw = False
375.2355 	EXP 	line4: autoDraw = False
375.2355 	EXP 	probe: autoDraw = False
375.2355 	EXP 	fixation: autoDraw = True
375.4355 	EXP 	Device response: <KeyPress from None: t=375.2222844569915, value=x, duration=0.20827883400488645>
376.2241 	EXP 	line1: autoDraw = True
376.2241 	EXP 	line2: autoDraw = True
376.2241 	EXP 	line3: autoDraw = True
376.2241 	EXP 	line4: autoDraw = True
376.2334 	EXP 	fixation: autoDraw = False
377.2244 	INFO 	Keyboard events cleared
377.2242 	EXP 	probe: autoDraw = True
378.0577 	EXP 	Device response: <KeyPress from None: t=378.05214349899325, value=v, duration=None>
378.0591 	EXP 	New trial (rep=10, index=45): <Trial 45 (45 in rep 10) data={'pos': np.int64(150), 'corr_resp': 'v', 'thisN': 45, 'thisTrialN': 45, 'thisRepN': 10}>
378.0683 	DATA 	Keypress: v
378.0733 	EXP 	fixation: autoDraw = False
378.0733 	EXP 	line1: autoDraw = False
378.0733 	EXP 	line2: autoDraw = False
378.0733 	EXP 	line3: autoDraw = False
378.0733 	EXP 	line4: autoDraw = False
378.0733 	EXP 	probe: autoDraw = False
378.0733 	EXP 	fixation: autoDraw = True
378.3186 	EXP 	Device response: <KeyPress from None: t=378.05214349899325, value=v, duration=0.2603784170059953>
379.0568 	EXP 	line1: autoDraw = True
379.0568 	EXP 	line2: autoDraw = True
379.0568 	EXP 	line3: autoDraw = True
379.0568 	EXP 	line4: autoDraw = True
379.0669 	EXP 	fixation: autoDraw = False
380.0566 	INFO 	Keyboard events cleared
380.0564 	EXP 	probe: autoDraw = True
380.8880 	EXP 	Device response: <KeyPress from None: t=380.87706395699934, value=v, duration=None>
380.8883 	EXP 	New trial (rep=13, index=46): <Trial 46 (46 in rep 13) data={'pos': np.int64(-50), 'corr_resp': 'x', 'thisN': 46, 'thisTrialN': 46, 'thisRepN': 13}>
380.8910 	DATA 	Keypress: v
380.9000 	EXP 	fixation: autoDraw = False
380.9000 	EXP 	line1: autoDraw = False
380.9000 	EXP 	line2: autoDraw = False
380.9000 	EXP 	line3: autoDraw = False
380.9000 	EXP 	line4: autoDraw = False
380.9000 	EXP 	probe: autoDraw = False
380.9000 	EXP 	fixation: autoDraw = True
381.1516 	EXP 	Device response: <KeyPress from None: t=380.87706395699934, value=v, duration=0.2683919589908328>
381.8832 	EXP 	line1: autoDraw = True
381.8832 	EXP 	line2: autoDraw = True
381.8832 	EXP 	line3: autoDraw = True
381.8832 	EXP 	line4: autoDraw = True
381.8902 	EXP 	fixation: autoDraw = False
382.8838 	INFO 	Keyboard events cleared
382.8835 	EXP 	probe: autoDraw = True
383.6680 	EXP 	Device response: <KeyPress from None: t=383.6599937909923, value=x, duration=None>
383.6684 	EXP 	New trial (rep=10, index=47): <Trial 47 (47 in rep 10) data={'pos': np.int64(50), 'corr_resp': 'c ', 'thisN': 47, 'thisTrialN': 47, 'thisRepN': 10}>
383.6748 	DATA 	Keypress: x
383.6796 	EXP 	fixation: autoDraw = False
383.6796 	EXP 	line1: autoDraw = False
383.6796 	EXP 	line2: autoDraw = False
383.6796 	EXP 	line3: autoDraw = False
383.6796 	EXP 	line4: autoDraw = False
383.6796 	EXP 	probe: autoDraw = False
383.6796 	EXP 	fixation: autoDraw = True
383.9019 	EXP 	Device response: <KeyPress from None: t=383.6599937909923, value=x, duration=0.23646241601090878>
384.6667 	EXP 	line1: autoDraw = True
384.6667 	EXP 	line2: autoDraw = True
384.6667 	EXP 	line3: autoDraw = True
384.6667 	EXP 	line4: autoDraw = True
384.6729 	EXP 	fixation: autoDraw = False
385.6604 	INFO 	Keyboard events cleared
385.6603 	EXP 	probe: autoDraw = True
386.3907 	EXP 	Device response: <KeyPress from None: t=386.3878996239946, value=c, duration=None>
386.3911 	EXP 	New trial (rep=14, index=48): <Trial 48 (48 in rep 14) data={'pos': np.int64(-50), 'corr_resp': 'x', 'thisN': 48, 'thisTrialN': 48, 'thisRepN': 14}>
386.3975 	DATA 	Keypress: c
386.4023 	EXP 	fixation: autoDraw = False
386.4023 	EXP 	line1: autoDraw = False
386.4023 	EXP 	line2: autoDraw = False
386.4023 	EXP 	line3: autoDraw = False
386.4023 	EXP 	line4: autoDraw = False
386.4023 	EXP 	probe: autoDraw = False
386.4023 	EXP 	fixation: autoDraw = True
386.6521 	EXP 	Device response: <KeyPress from None: t=386.3878996239946, value=c, duration=0.2563430000009248>
387.3908 	EXP 	line1: autoDraw = True
387.3908 	EXP 	line2: autoDraw = True
387.3908 	EXP 	line3: autoDraw = True
387.3908 	EXP 	line4: autoDraw = True
387.3999 	EXP 	fixation: autoDraw = False
388.3862 	INFO 	Keyboard events cleared
388.3861 	EXP 	probe: autoDraw = True
389.1517 	EXP 	Device response: <KeyPress from None: t=389.1428821659938, value=x, duration=None>
389.1523 	EXP 	New trial (rep=12, index=49): <Trial 49 (49 in rep 12) data={'pos': np.int64(-150), 'corr_resp': 'z', 'thisN': 49, 'thisTrialN': 49, 'thisRepN': 12}>
389.1588 	DATA 	Keypress: x
389.1633 	EXP 	fixation: autoDraw = False
389.1633 	EXP 	line1: autoDraw = False
389.1633 	EXP 	line2: autoDraw = False
389.1633 	EXP 	line3: autoDraw = False
389.1633 	EXP 	line4: autoDraw = False
389.1633 	EXP 	probe: autoDraw = False
389.1633 	EXP 	fixation: autoDraw = True
389.3854 	EXP 	Device response: <KeyPress from None: t=389.1428821659938, value=x, duration=0.24023512500571087>
390.1502 	EXP 	line1: autoDraw = True
390.1502 	EXP 	line2: autoDraw = True
390.1502 	EXP 	line3: autoDraw = True
390.1502 	EXP 	line4: autoDraw = True
390.1556 	EXP 	fixation: autoDraw = False
391.1502 	INFO 	Keyboard events cleared
391.1501 	EXP 	probe: autoDraw = True
391.9237 	EXP 	Device response: <KeyPress from None: t=391.9198937070032, value=z, duration=None>
391.9243 	EXP 	New trial (rep=15, index=50): <Trial 50 (50 in rep 15) data={'pos': np.int64(-50), 'corr_resp': 'x', 'thisN': 50, 'thisTrialN': 50, 'thisRepN': 15}>
391.9312 	DATA 	Keypress: z
391.9360 	EXP 	fixation: autoDraw = False
391.9360 	EXP 	line1: autoDraw = False
391.9360 	EXP 	line2: autoDraw = False
391.9360 	EXP 	line3: autoDraw = False
391.9360 	EXP 	line4: autoDraw = False
391.9360 	EXP 	probe: autoDraw = False
391.9360 	EXP 	fixation: autoDraw = True
392.2072 	EXP 	Device response: <KeyPress from None: t=391.9198937070032, value=z, duration=0.2841319589933846>
392.9242 	EXP 	line1: autoDraw = True
392.9242 	EXP 	line2: autoDraw = True
392.9242 	EXP 	line3: autoDraw = True
392.9242 	EXP 	line4: autoDraw = True
392.9334 	EXP 	fixation: autoDraw = False
393.9229 	INFO 	Keyboard events cleared
393.9227 	EXP 	probe: autoDraw = True
394.6068 	EXP 	Device response: <KeyPress from None: t=394.60567308199825, value=x, duration=None>
394.6072 	EXP 	New trial (rep=11, index=51): <Trial 51 (51 in rep 11) data={'pos': np.int64(150), 'corr_resp': 'v', 'thisN': 51, 'thisTrialN': 51, 'thisRepN': 11}>
394.6167 	EXP 	fixation: autoDraw = False
394.6167 	EXP 	line1: autoDraw = False
394.6167 	EXP 	line2: autoDraw = False
394.6167 	EXP 	line3: autoDraw = False
394.6167 	EXP 	line4: autoDraw = False
394.6167 	EXP 	probe: autoDraw = False
394.6167 	EXP 	fixation: autoDraw = True
394.6225 	DATA 	Keypress: x
394.8695 	EXP 	Device response: <KeyPress from None: t=394.60567308199825, value=x, duration=0.2564206669921987>
395.6070 	EXP 	fixation: autoDraw = False
395.6070 	EXP 	line1: autoDraw = True
395.6070 	EXP 	line2: autoDraw = True
395.6070 	EXP 	line3: autoDraw = True
395.6070 	EXP 	line4: autoDraw = True
396.6003 	INFO 	Keyboard events cleared
396.6001 	EXP 	probe: autoDraw = True
397.3903 	EXP 	Device response: <KeyPress from None: t=397.3885344159935, value=v, duration=None>
397.3907 	EXP 	New trial (rep=12, index=52): <Trial 52 (52 in rep 12) data={'pos': np.int64(150), 'corr_resp': 'v', 'thisN': 52, 'thisTrialN': 52, 'thisRepN': 12}>
397.4001 	EXP 	fixation: autoDraw = False
397.4001 	EXP 	line1: autoDraw = False
397.4001 	EXP 	line2: autoDraw = False
397.4001 	EXP 	line3: autoDraw = False
397.4001 	EXP 	line4: autoDraw = False
397.4001 	EXP 	probe: autoDraw = False
397.4001 	EXP 	fixation: autoDraw = True
397.4059 	DATA 	Keypress: v
397.6680 	EXP 	Device response: <KeyPress from None: t=397.3885344159935, value=v, duration=0.2723982080060523>
398.3906 	EXP 	fixation: autoDraw = False
398.3906 	EXP 	line1: autoDraw = True
398.3906 	EXP 	line2: autoDraw = True
398.3906 	EXP 	line3: autoDraw = True
398.3906 	EXP 	line4: autoDraw = True
399.3835 	INFO 	Keyboard events cleared
399.3833 	EXP 	probe: autoDraw = True
400.1514 	EXP 	Device response: <KeyPress from None: t=400.1415804159915, value=v, duration=None>
400.1519 	EXP 	New trial (rep=11, index=53): <Trial 53 (53 in rep 11) data={'pos': np.int64(50), 'corr_resp': 'c ', 'thisN': 53, 'thisTrialN': 53, 'thisRepN': 11}>
400.1589 	DATA 	Keypress: v
400.1637 	EXP 	fixation: autoDraw = False
400.1637 	EXP 	line1: autoDraw = False
400.1637 	EXP 	line2: autoDraw = False
400.1637 	EXP 	line3: autoDraw = False
400.1637 	EXP 	line4: autoDraw = False
400.1637 	EXP 	probe: autoDraw = False
400.1637 	EXP 	fixation: autoDraw = True
400.4568 	EXP 	Device response: <KeyPress from None: t=400.1415804159915, value=v, duration=0.3121845830028178>
401.1500 	EXP 	line1: autoDraw = True
401.1500 	EXP 	line2: autoDraw = True
401.1500 	EXP 	line3: autoDraw = True
401.1500 	EXP 	line4: autoDraw = True
401.1558 	EXP 	fixation: autoDraw = False
402.1503 	INFO 	Keyboard events cleared
402.1501 	EXP 	probe: autoDraw = True
403.0512 	EXP 	Device response: <KeyPress from None: t=403.0473905819963, value=c, duration=None>
403.0517 	EXP 	New trial (rep=13, index=54): <Trial 54 (54 in rep 13) data={'pos': np.int64(-150), 'corr_resp': 'z', 'thisN': 54, 'thisTrialN': 54, 'thisRepN': 13}>
403.0590 	DATA 	Keypress: c
403.0638 	EXP 	fixation: autoDraw = False
403.0638 	EXP 	line1: autoDraw = False
403.0638 	EXP 	line2: autoDraw = False
403.0638 	EXP 	line3: autoDraw = False
403.0638 	EXP 	line4: autoDraw = False
403.0638 	EXP 	probe: autoDraw = False
403.0638 	EXP 	fixation: autoDraw = True
403.3347 	EXP 	Device response: <KeyPress from None: t=403.0473905819963, value=c, duration=0.284370499997749>
404.0499 	EXP 	line1: autoDraw = True
404.0499 	EXP 	line2: autoDraw = True
404.0499 	EXP 	line3: autoDraw = True
404.0499 	EXP 	line4: autoDraw = True
404.0560 	EXP 	fixation: autoDraw = False
405.0502 	INFO 	Keyboard events cleared
405.0500 	EXP 	probe: autoDraw = True
405.8412 	EXP 	Device response: <KeyPress from None: t=405.83938987400325, value=z, duration=None>
405.8418 	EXP 	New trial (rep=13, index=55): <Trial 55 (55 in rep 13) data={'pos': np.int64(150), 'corr_resp': 'v', 'thisN': 55, 'thisTrialN': 55, 'thisRepN': 13}>
405.8488 	DATA 	Keypress: z
405.8531 	EXP 	fixation: autoDraw = False
405.8531 	EXP 	line1: autoDraw = False
405.8531 	EXP 	line2: autoDraw = False
405.8531 	EXP 	line3: autoDraw = False
405.8531 	EXP 	line4: autoDraw = False
405.8531 	EXP 	probe: autoDraw = False
405.8531 	EXP 	fixation: autoDraw = True
406.1063 	EXP 	Device response: <KeyPress from None: t=405.83938987400325, value=z, duration=0.264260291995015>
406.8407 	EXP 	line1: autoDraw = True
406.8407 	EXP 	line2: autoDraw = True
406.8407 	EXP 	line3: autoDraw = True
406.8407 	EXP 	line4: autoDraw = True
406.8500 	EXP 	fixation: autoDraw = False
407.8409 	INFO 	Keyboard events cleared
407.8407 	EXP 	probe: autoDraw = True
408.7075 	EXP 	Device response: <KeyPress from None: t=408.703270248996, value=v, duration=None>
408.7080 	EXP 	New trial (rep=12, index=56): <Trial 56 (56 in rep 12) data={'pos': np.int64(50), 'corr_resp': 'c ', 'thisN': 56, 'thisTrialN': 56, 'thisRepN': 12}>
408.7144 	DATA 	Keypress: v
408.7192 	EXP 	fixation: autoDraw = False
408.7192 	EXP 	line1: autoDraw = False
408.7192 	EXP 	line2: autoDraw = False
408.7192 	EXP 	line3: autoDraw = False
408.7192 	EXP 	line4: autoDraw = False
408.7192 	EXP 	probe: autoDraw = False
408.7192 	EXP 	fixation: autoDraw = True
408.9743 	EXP 	Device response: <KeyPress from None: t=408.703270248996, value=v, duration=0.2683059580012923>
409.7074 	EXP 	line1: autoDraw = True
409.7074 	EXP 	line2: autoDraw = True
409.7074 	EXP 	line3: autoDraw = True
409.7074 	EXP 	line4: autoDraw = True
409.7165 	EXP 	fixation: autoDraw = False
410.7064 	INFO 	Keyboard events cleared
410.7062 	EXP 	probe: autoDraw = True
411.5235 	EXP 	Device response: <KeyPress from None: t=411.5222626659961, value=c, duration=None>
411.5240 	EXP 	New trial (rep=16, index=57): <Trial 57 (57 in rep 16) data={'pos': np.int64(-50), 'corr_resp': 'x', 'thisN': 57, 'thisTrialN': 57, 'thisRepN': 16}>
411.5303 	DATA 	Keypress: c
411.5358 	EXP 	fixation: autoDraw = False
411.5358 	EXP 	line1: autoDraw = False
411.5358 	EXP 	line2: autoDraw = False
411.5358 	EXP 	line3: autoDraw = False
411.5358 	EXP 	line4: autoDraw = False
411.5358 	EXP 	probe: autoDraw = False
411.5358 	EXP 	fixation: autoDraw = True
411.7854 	EXP 	Device response: <KeyPress from None: t=411.5222626659961, value=c, duration=0.26031020800292026>
412.5234 	EXP 	line1: autoDraw = True
412.5234 	EXP 	line2: autoDraw = True
412.5234 	EXP 	line3: autoDraw = True
412.5234 	EXP 	line4: autoDraw = True
412.5335 	EXP 	fixation: autoDraw = False
413.5242 	INFO 	Keyboard events cleared
413.5240 	EXP 	probe: autoDraw = True
414.4014 	EXP 	Device response: <KeyPress from None: t=414.3971076239977, value=x, duration=None>
414.4020 	EXP 	New trial (rep=13, index=58): <Trial 58 (58 in rep 13) data={'pos': np.int64(50), 'corr_resp': 'c ', 'thisN': 58, 'thisTrialN': 58, 'thisRepN': 13}>
414.4088 	DATA 	Keypress: x
414.4137 	EXP 	fixation: autoDraw = False
414.4137 	EXP 	line1: autoDraw = False
414.4137 	EXP 	line2: autoDraw = False
414.4137 	EXP 	line3: autoDraw = False
414.4137 	EXP 	line4: autoDraw = False
414.4137 	EXP 	probe: autoDraw = False
414.4137 	EXP 	fixation: autoDraw = True
414.6738 	EXP 	Device response: <KeyPress from None: t=414.3971076239977, value=x, duration=0.2724053330020979>
415.4002 	EXP 	line1: autoDraw = True
415.4002 	EXP 	line2: autoDraw = True
415.4002 	EXP 	line3: autoDraw = True
415.4002 	EXP 	line4: autoDraw = True
415.4067 	EXP 	fixation: autoDraw = False
416.4003 	INFO 	Keyboard events cleared
416.4001 	EXP 	probe: autoDraw = True
417.2848 	EXP 	Device response: <KeyPress from None: t=417.2759701659961, value=c, duration=None>
417.2854 	EXP 	New trial (rep=17, index=59): <Trial 59 (59 in rep 17) data={'pos': np.int64(-50), 'corr_resp': 'x', 'thisN': 59, 'thisTrialN': 59, 'thisRepN': 17}>
417.2916 	DATA 	Keypress: c
417.2965 	EXP 	fixation: autoDraw = False
417.2965 	EXP 	line1: autoDraw = False
417.2965 	EXP 	line2: autoDraw = False
417.2965 	EXP 	line3: autoDraw = False
417.2965 	EXP 	line4: autoDraw = False
417.2965 	EXP 	probe: autoDraw = False
417.2965 	EXP 	fixation: autoDraw = True
417.5848 	EXP 	Device response: <KeyPress from None: t=417.2759701659961, value=c, duration=0.30438454099930823>
418.2833 	EXP 	line1: autoDraw = True
418.2833 	EXP 	line2: autoDraw = True
418.2833 	EXP 	line3: autoDraw = True
418.2833 	EXP 	line4: autoDraw = True
418.2898 	EXP 	fixation: autoDraw = False
419.2837 	INFO 	Keyboard events cleared
419.2834 	EXP 	probe: autoDraw = True
420.0572 	EXP 	Device response: <KeyPress from None: t=420.0539211239957, value=x, duration=None>
420.0577 	EXP 	New trial (rep=14, index=60): <Trial 60 (60 in rep 14) data={'pos': np.int64(-150), 'corr_resp': 'z', 'thisN': 60, 'thisTrialN': 60, 'thisRepN': 14}>
420.0643 	DATA 	Keypress: x
420.0692 	EXP 	fixation: autoDraw = False
420.0692 	EXP 	line1: autoDraw = False
420.0692 	EXP 	line2: autoDraw = False
420.0692 	EXP 	line3: autoDraw = False
420.0692 	EXP 	line4: autoDraw = False
420.0692 	EXP 	probe: autoDraw = False
420.0692 	EXP 	fixation: autoDraw = True
420.3408 	EXP 	Device response: <KeyPress from None: t=420.0539211239957, value=x, duration=0.28024666699639056>
421.0565 	EXP 	line1: autoDraw = True
421.0565 	EXP 	line2: autoDraw = True
421.0565 	EXP 	line3: autoDraw = True
421.0565 	EXP 	line4: autoDraw = True
421.0667 	EXP 	fixation: autoDraw = False
422.0572 	INFO 	Keyboard events cleared
422.0570 	EXP 	probe: autoDraw = True
422.8678 	EXP 	Device response: <KeyPress from None: t=422.86194662399066, value=z, duration=None>
422.8683 	EXP 	New trial (rep=14, index=61): <Trial 61 (61 in rep 14) data={'pos': np.int64(150), 'corr_resp': 'v', 'thisN': 61, 'thisTrialN': 61, 'thisRepN': 14}>
422.8749 	DATA 	Keypress: z
422.8798 	EXP 	fixation: autoDraw = False
422.8798 	EXP 	line1: autoDraw = False
422.8798 	EXP 	line2: autoDraw = False
422.8798 	EXP 	line3: autoDraw = False
422.8798 	EXP 	line4: autoDraw = False
422.8798 	EXP 	probe: autoDraw = False
422.8798 	EXP 	fixation: autoDraw = True
423.1406 	EXP 	Device response: <KeyPress from None: t=422.86194662399066, value=z, duration=0.27213079200009815>
423.8668 	EXP 	line1: autoDraw = True
423.8668 	EXP 	line2: autoDraw = True
423.8668 	EXP 	line3: autoDraw = True
423.8668 	EXP 	line4: autoDraw = True
423.8736 	EXP 	fixation: autoDraw = False
424.8669 	INFO 	Keyboard events cleared
424.8667 	EXP 	probe: autoDraw = True
425.7679 	EXP 	Device response: <KeyPress from None: t=425.7667619989952, value=v, duration=None>
425.7755 	EXP 	New trial (rep=14, index=62): <Trial 62 (62 in rep 14) data={'pos': np.int64(50), 'corr_resp': 'c ', 'thisN': 62, 'thisTrialN': 62, 'thisRepN': 14}>
425.7839 	DATA 	Keypress: v
425.7891 	EXP 	fixation: autoDraw = False
425.7891 	EXP 	line1: autoDraw = False
425.7891 	EXP 	line2: autoDraw = False
425.7891 	EXP 	line3: autoDraw = False
425.7891 	EXP 	line4: autoDraw = False
425.7891 	EXP 	probe: autoDraw = False
425.7891 	EXP 	fixation: autoDraw = True
426.0570 	EXP 	Device response: <KeyPress from None: t=425.7667619989952, value=v, duration=0.2883768330066232>
426.7740 	EXP 	line1: autoDraw = True
426.7740 	EXP 	line2: autoDraw = True
426.7740 	EXP 	line3: autoDraw = True
426.7740 	EXP 	line4: autoDraw = True
426.7832 	EXP 	fixation: autoDraw = False
427.7737 	INFO 	Keyboard events cleared
427.7735 	EXP 	probe: autoDraw = True
428.6524 	EXP 	Device response: <KeyPress from None: t=428.6466983739956, value=c, duration=None>
428.6532 	EXP 	New trial (rep=18, index=63): <Trial 63 (63 in rep 18) data={'pos': np.int64(-50), 'corr_resp': 'x', 'thisN': 63, 'thisTrialN': 63, 'thisRepN': 18}>
428.6602 	DATA 	Keypress: c
428.6656 	EXP 	fixation: autoDraw = False
428.6656 	EXP 	line1: autoDraw = False
428.6656 	EXP 	line2: autoDraw = False
428.6656 	EXP 	line3: autoDraw = False
428.6656 	EXP 	line4: autoDraw = False
428.6656 	EXP 	probe: autoDraw = False
428.6656 	EXP 	fixation: autoDraw = True
428.9513 	EXP 	Device response: <KeyPress from None: t=428.6466983739956, value=c, duration=0.29634149999765214>
429.6500 	EXP 	line1: autoDraw = True
429.6500 	EXP 	line2: autoDraw = True
429.6500 	EXP 	line3: autoDraw = True
429.6500 	EXP 	line4: autoDraw = True
429.6562 	EXP 	fixation: autoDraw = False
430.6501 	INFO 	Keyboard events cleared
430.6499 	EXP 	probe: autoDraw = True
431.4017 	EXP 	Device response: <KeyPress from None: t=431.39358016599726, value=x, duration=None>
431.4023 	EXP 	New trial (rep=15, index=64): <Trial 64 (64 in rep 15) data={'pos': np.int64(50), 'corr_resp': 'c ', 'thisN': 64, 'thisTrialN': 64, 'thisRepN': 15}>
431.4094 	DATA 	Keypress: x
431.4143 	EXP 	fixation: autoDraw = False
431.4143 	EXP 	line1: autoDraw = False
431.4143 	EXP 	line2: autoDraw = False
431.4143 	EXP 	line3: autoDraw = False
431.4143 	EXP 	line4: autoDraw = False
431.4143 	EXP 	probe: autoDraw = False
431.4143 	EXP 	fixation: autoDraw = True
431.6844 	EXP 	Device response: <KeyPress from None: t=431.39358016599726, value=x, duration=0.2802957910025725>
432.3999 	EXP 	line1: autoDraw = True
432.3999 	EXP 	line2: autoDraw = True
432.3999 	EXP 	line3: autoDraw = True
432.3999 	EXP 	line4: autoDraw = True
432.4062 	EXP 	fixation: autoDraw = False
433.4000 	INFO 	Keyboard events cleared
433.3998 	EXP 	probe: autoDraw = True
434.2071 	EXP 	Device response: <KeyPress from None: t=434.2044511659915, value=c, duration=None>
434.2076 	EXP 	New trial (rep=15, index=65): <Trial 65 (65 in rep 15) data={'pos': np.int64(-150), 'corr_resp': 'z', 'thisN': 65, 'thisTrialN': 65, 'thisRepN': 15}>
434.2140 	DATA 	Keypress: c
434.2190 	EXP 	fixation: autoDraw = False
434.2190 	EXP 	line1: autoDraw = False
434.2190 	EXP 	line2: autoDraw = False
434.2190 	EXP 	line3: autoDraw = False
434.2190 	EXP 	line4: autoDraw = False
434.2190 	EXP 	probe: autoDraw = False
434.2190 	EXP 	fixation: autoDraw = True
434.5019 	EXP 	Device response: <KeyPress from None: t=434.2044511659915, value=c, duration=0.28848691600433085>
435.2068 	EXP 	line1: autoDraw = True
435.2068 	EXP 	line2: autoDraw = True
435.2068 	EXP 	line3: autoDraw = True
435.2068 	EXP 	line4: autoDraw = True
435.2166 	EXP 	fixation: autoDraw = False
436.2069 	INFO 	Keyboard events cleared
436.2067 	EXP 	probe: autoDraw = True
437.1344 	EXP 	Device response: <KeyPress from None: t=437.1265350820031, value=z, duration=None>
437.1349 	EXP 	New trial (rep=16, index=66): <Trial 66 (66 in rep 16) data={'pos': np.int64(50), 'corr_resp': 'c ', 'thisN': 66, 'thisTrialN': 66, 'thisRepN': 16}>
437.1412 	DATA 	Keypress: z
437.1459 	EXP 	fixation: autoDraw = False
437.1459 	EXP 	line1: autoDraw = False
437.1459 	EXP 	line2: autoDraw = False
437.1459 	EXP 	line3: autoDraw = False
437.1459 	EXP 	line4: autoDraw = False
437.1459 	EXP 	probe: autoDraw = False
437.1459 	EXP 	fixation: autoDraw = True
437.3846 	EXP 	Device response: <KeyPress from None: t=437.1265350820031, value=z, duration=0.2481916669930797>
438.1334 	EXP 	line1: autoDraw = True
438.1334 	EXP 	line2: autoDraw = True
438.1334 	EXP 	line3: autoDraw = True
438.1334 	EXP 	line4: autoDraw = True
438.1399 	EXP 	fixation: autoDraw = False
439.1334 	INFO 	Keyboard events cleared
439.1332 	EXP 	probe: autoDraw = True
440.1236 	EXP 	Device response: <KeyPress from None: t=440.1175142909924, value=c, duration=None>
440.1241 	EXP 	New trial (rep=15, index=67): <Trial 67 (67 in rep 15) data={'pos': np.int64(150), 'corr_resp': 'v', 'thisN': 67, 'thisTrialN': 67, 'thisRepN': 15}>
440.1310 	DATA 	Keypress: c
440.1357 	EXP 	fixation: autoDraw = False
440.1357 	EXP 	line1: autoDraw = False
440.1357 	EXP 	line2: autoDraw = False
440.1357 	EXP 	line3: autoDraw = False
440.1357 	EXP 	line4: autoDraw = False
440.1357 	EXP 	probe: autoDraw = False
440.1357 	EXP 	fixation: autoDraw = True
440.3723 	EXP 	Device response: <KeyPress from None: t=440.1175142909924, value=c, duration=0.25215275000664406>
441.1230 	EXP 	line1: autoDraw = True
441.1230 	EXP 	line2: autoDraw = True
441.1230 	EXP 	line3: autoDraw = True
441.1230 	EXP 	line4: autoDraw = True
441.1333 	EXP 	fixation: autoDraw = False
442.1248 	INFO 	Keyboard events cleared
442.1246 	EXP 	probe: autoDraw = True
442.9404 	EXP 	Device response: <KeyPress from None: t=442.9393491660012, value=v, duration=None>
442.9408 	EXP 	New trial (rep=19, index=68): <Trial 68 (68 in rep 19) data={'pos': np.int64(-50), 'corr_resp': 'x', 'thisN': 68, 'thisTrialN': 68, 'thisRepN': 19}>
442.9497 	EXP 	fixation: autoDraw = False
442.9497 	EXP 	line1: autoDraw = False
442.9497 	EXP 	line2: autoDraw = False
442.9497 	EXP 	line3: autoDraw = False
442.9497 	EXP 	line4: autoDraw = False
442.9497 	EXP 	probe: autoDraw = False
442.9497 	EXP 	fixation: autoDraw = True
442.9552 	DATA 	Keypress: v
443.2184 	EXP 	Device response: <KeyPress from None: t=442.9393491660012, value=v, duration=0.2683406659925822>
443.9403 	EXP 	fixation: autoDraw = False
443.9403 	EXP 	line1: autoDraw = True
443.9403 	EXP 	line2: autoDraw = True
443.9403 	EXP 	line3: autoDraw = True
443.9403 	EXP 	line4: autoDraw = True
444.9404 	INFO 	Keyboard events cleared
444.9402 	EXP 	probe: autoDraw = True
445.8241 	EXP 	Device response: <KeyPress from None: t=445.82226362399524, value=x, duration=None>
445.8245 	EXP 	New trial (rep=16, index=69): <Trial 69 (69 in rep 16) data={'pos': np.int64(150), 'corr_resp': 'v', 'thisN': 69, 'thisTrialN': 69, 'thisRepN': 16}>
445.8308 	DATA 	Keypress: x
445.8357 	EXP 	fixation: autoDraw = False
445.8357 	EXP 	line1: autoDraw = False
445.8357 	EXP 	line2: autoDraw = False
445.8357 	EXP 	line3: autoDraw = False
445.8357 	EXP 	line4: autoDraw = False
445.8357 	EXP 	probe: autoDraw = False
445.8357 	EXP 	fixation: autoDraw = True
446.0849 	EXP 	Device response: <KeyPress from None: t=445.82226362399524, value=x, duration=0.2603680830070516>
446.8235 	EXP 	line1: autoDraw = True
446.8235 	EXP 	line2: autoDraw = True
446.8235 	EXP 	line3: autoDraw = True
446.8235 	EXP 	line4: autoDraw = True
446.8331 	EXP 	fixation: autoDraw = False
447.8231 	INFO 	Keyboard events cleared
447.8229 	EXP 	probe: autoDraw = True
448.7068 	EXP 	Device response: <KeyPress from None: t=448.70216883199464, value=v, duration=None>
448.7073 	EXP 	New trial (rep=17, index=70): <Trial 70 (70 in rep 17) data={'pos': np.int64(150), 'corr_resp': 'v', 'thisN': 70, 'thisTrialN': 70, 'thisRepN': 17}>
448.7135 	DATA 	Keypress: v
448.7187 	EXP 	fixation: autoDraw = False
448.7187 	EXP 	line1: autoDraw = False
448.7187 	EXP 	line2: autoDraw = False
448.7187 	EXP 	line3: autoDraw = False
448.7187 	EXP 	line4: autoDraw = False
448.7187 	EXP 	probe: autoDraw = False
448.7187 	EXP 	fixation: autoDraw = True
448.9852 	EXP 	Device response: <KeyPress from None: t=448.70216883199464, value=v, duration=0.27636437500768807>
449.7073 	EXP 	line1: autoDraw = True
449.7073 	EXP 	line2: autoDraw = True
449.7073 	EXP 	line3: autoDraw = True
449.7073 	EXP 	line4: autoDraw = True
449.7166 	EXP 	fixation: autoDraw = False
450.7002 	INFO 	Keyboard events cleared
450.7000 	EXP 	probe: autoDraw = True
451.5235 	EXP 	Device response: <KeyPress from None: t=451.51806129098986, value=v, duration=None>
451.5239 	EXP 	New trial (rep=17, index=71): <Trial 71 (71 in rep 17) data={'pos': np.int64(50), 'corr_resp': 'c ', 'thisN': 71, 'thisTrialN': 71, 'thisRepN': 17}>
451.5304 	DATA 	Keypress: v
451.5353 	EXP 	fixation: autoDraw = False
451.5353 	EXP 	line1: autoDraw = False
451.5353 	EXP 	line2: autoDraw = False
451.5353 	EXP 	line3: autoDraw = False
451.5353 	EXP 	line4: autoDraw = False
451.5353 	EXP 	probe: autoDraw = False
451.5353 	EXP 	fixation: autoDraw = True
451.8179 	EXP 	Device response: <KeyPress from None: t=451.51806129098986, value=v, duration=0.2962902080034837>
452.5237 	EXP 	line1: autoDraw = True
452.5237 	EXP 	line2: autoDraw = True
452.5237 	EXP 	line3: autoDraw = True
452.5237 	EXP 	line4: autoDraw = True
452.5332 	EXP 	fixation: autoDraw = False
453.5238 	INFO 	Keyboard events cleared
453.5236 	EXP 	probe: autoDraw = True
454.3738 	EXP 	Device response: <KeyPress from None: t=454.36886837398924, value=c, duration=None>
454.3742 	EXP 	New trial (rep=18, index=72): <Trial 72 (72 in rep 18) data={'pos': np.int64(50), 'corr_resp': 'c ', 'thisN': 72, 'thisTrialN': 72, 'thisRepN': 18}>
454.3859 	DATA 	Keypress: c
454.3901 	EXP 	fixation: autoDraw = False
454.3901 	EXP 	line1: autoDraw = False
454.3901 	EXP 	line2: autoDraw = False
454.3901 	EXP 	line3: autoDraw = False
454.3901 	EXP 	line4: autoDraw = False
454.3901 	EXP 	probe: autoDraw = False
454.3901 	EXP 	fixation: autoDraw = True
454.6686 	EXP 	Device response: <KeyPress from None: t=454.36886837398924, value=c, duration=0.2883414170064498>
455.3737 	EXP 	line1: autoDraw = True
455.3737 	EXP 	line2: autoDraw = True
455.3737 	EXP 	line3: autoDraw = True
455.3737 	EXP 	line4: autoDraw = True
455.3833 	EXP 	fixation: autoDraw = False
456.3735 	INFO 	Keyboard events cleared
456.3733 	EXP 	probe: autoDraw = True
457.1675 	EXP 	Device response: <KeyPress from None: t=457.16487479099305, value=c, duration=None>
457.1679 	EXP 	New trial (rep=18, index=73): <Trial 73 (73 in rep 18) data={'pos': np.int64(150), 'corr_resp': 'v', 'thisN': 73, 'thisTrialN': 73, 'thisRepN': 18}>
457.1744 	DATA 	Keypress: c
457.1790 	EXP 	fixation: autoDraw = False
457.1790 	EXP 	line1: autoDraw = False
457.1790 	EXP 	line2: autoDraw = False
457.1790 	EXP 	line3: autoDraw = False
457.1790 	EXP 	line4: autoDraw = False
457.1790 	EXP 	probe: autoDraw = False
457.1790 	EXP 	fixation: autoDraw = True
457.4685 	EXP 	Device response: <KeyPress from None: t=457.16487479099305, value=c, duration=0.2923527910024859>
458.1666 	EXP 	line1: autoDraw = True
458.1666 	EXP 	line2: autoDraw = True
458.1666 	EXP 	line3: autoDraw = True
458.1666 	EXP 	line4: autoDraw = True
458.1731 	EXP 	fixation: autoDraw = False
459.1669 	INFO 	Keyboard events cleared
459.1666 	EXP 	probe: autoDraw = True
460.0568 	EXP 	Device response: <KeyPress from None: t=460.05181895699934, value=v, duration=None>
460.0572 	EXP 	New trial (rep=19, index=74): <Trial 74 (74 in rep 19) data={'pos': np.int64(50), 'corr_resp': 'c ', 'thisN': 74, 'thisTrialN': 74, 'thisRepN': 19}>
460.0640 	DATA 	Keypress: v
460.0685 	EXP 	fixation: autoDraw = False
460.0685 	EXP 	line1: autoDraw = False
460.0685 	EXP 	line2: autoDraw = False
460.0685 	EXP 	line3: autoDraw = False
460.0685 	EXP 	line4: autoDraw = False
460.0685 	EXP 	probe: autoDraw = False
460.0685 	EXP 	fixation: autoDraw = True
460.3224 	EXP 	Device response: <KeyPress from None: t=460.05181895699934, value=v, duration=0.2683347089914605>
461.0568 	EXP 	line1: autoDraw = True
461.0568 	EXP 	line2: autoDraw = True
461.0568 	EXP 	line3: autoDraw = True
461.0568 	EXP 	line4: autoDraw = True
461.0665 	EXP 	fixation: autoDraw = False
462.0572 	INFO 	Keyboard events cleared
462.0570 	EXP 	probe: autoDraw = True
463.0347 	EXP 	Device response: <KeyPress from None: t=463.0297807070019, value=c, duration=None>
463.0353 	EXP 	New trial (rep=16, index=75): <Trial 75 (75 in rep 16) data={'pos': np.int64(-150), 'corr_resp': 'z', 'thisN': 75, 'thisTrialN': 75, 'thisRepN': 16}>
463.0421 	DATA 	Keypress: c
463.0468 	EXP 	fixation: autoDraw = False
463.0468 	EXP 	line1: autoDraw = False
463.0468 	EXP 	line2: autoDraw = False
463.0468 	EXP 	line3: autoDraw = False
463.0468 	EXP 	line4: autoDraw = False
463.0468 	EXP 	probe: autoDraw = False
463.0468 	EXP 	fixation: autoDraw = True
463.3405 	EXP 	Device response: <KeyPress from None: t=463.0297807070019, value=c, duration=0.30832454199844506>
464.0331 	EXP 	line1: autoDraw = True
464.0331 	EXP 	line2: autoDraw = True
464.0331 	EXP 	line3: autoDraw = True
464.0331 	EXP 	line4: autoDraw = True
464.0392 	EXP 	fixation: autoDraw = False
465.0325 	INFO 	Keyboard events cleared
465.0324 	EXP 	probe: autoDraw = True
465.9678 	EXP 	Device response: <KeyPress from None: t=465.95763387400075, value=z, duration=None>
465.9682 	EXP 	New trial (rep=20, index=76): <Trial 76 (76 in rep 20) data={'pos': np.int64(50), 'corr_resp': 'c ', 'thisN': 76, 'thisTrialN': 76, 'thisRepN': 20}>
465.9749 	DATA 	Keypress: z
465.9798 	EXP 	fixation: autoDraw = False
465.9798 	EXP 	line1: autoDraw = False
465.9798 	EXP 	line2: autoDraw = False
465.9798 	EXP 	line3: autoDraw = False
465.9798 	EXP 	line4: autoDraw = False
465.9798 	EXP 	probe: autoDraw = False
465.9798 	EXP 	fixation: autoDraw = True
466.2350 	EXP 	Device response: <KeyPress from None: t=465.95763387400075, value=z, duration=0.26823020799201913>
466.9662 	EXP 	line1: autoDraw = True
466.9662 	EXP 	line2: autoDraw = True
466.9662 	EXP 	line3: autoDraw = True
466.9662 	EXP 	line4: autoDraw = True
466.9733 	EXP 	fixation: autoDraw = False
467.9666 	INFO 	Keyboard events cleared
467.9665 	EXP 	probe: autoDraw = True
468.8898 	EXP 	Device response: <KeyPress from None: t=468.8876362489973, value=c, duration=None>
468.8904 	EXP 	New trial (rep=19, index=77): <Trial 77 (77 in rep 19) data={'pos': np.int64(150), 'corr_resp': 'v', 'thisN': 77, 'thisTrialN': 77, 'thisRepN': 19}>
468.8972 	DATA 	Keypress: c
468.9023 	EXP 	fixation: autoDraw = False
468.9023 	EXP 	line1: autoDraw = False
468.9023 	EXP 	line2: autoDraw = False
468.9023 	EXP 	line3: autoDraw = False
468.9023 	EXP 	line4: autoDraw = False
468.9023 	EXP 	probe: autoDraw = False
468.9023 	EXP 	fixation: autoDraw = True
469.1685 	EXP 	Device response: <KeyPress from None: t=468.8876362489973, value=c, duration=0.27621841699874494>
469.8903 	EXP 	line1: autoDraw = True
469.8903 	EXP 	line2: autoDraw = True
469.8903 	EXP 	line3: autoDraw = True
469.8903 	EXP 	line4: autoDraw = True
469.8994 	EXP 	fixation: autoDraw = False
470.8902 	INFO 	Keyboard events cleared
470.8900 	EXP 	probe: autoDraw = True
471.7398 	EXP 	Device response: <KeyPress from None: t=471.7385203320009, value=v, duration=None>
471.7402 	EXP 	New trial (rep=20, index=78): <Trial 78 (78 in rep 20) data={'pos': np.int64(-50), 'corr_resp': 'x', 'thisN': 78, 'thisTrialN': 78, 'thisRepN': 20}>
471.7465 	DATA 	Keypress: v
471.7521 	EXP 	fixation: autoDraw = False
471.7521 	EXP 	line1: autoDraw = False
471.7521 	EXP 	line2: autoDraw = False
471.7521 	EXP 	line3: autoDraw = False
471.7521 	EXP 	line4: autoDraw = False
471.7521 	EXP 	probe: autoDraw = False
471.7521 	EXP 	fixation: autoDraw = True
472.0514 	EXP 	Device response: <KeyPress from None: t=471.7385203320009, value=v, duration=0.3082404589949874>
472.7405 	EXP 	line1: autoDraw = True
472.7405 	EXP 	line2: autoDraw = True
472.7405 	EXP 	line3: autoDraw = True
472.7405 	EXP 	line4: autoDraw = True
472.7496 	EXP 	fixation: autoDraw = False
473.7329 	INFO 	Keyboard events cleared
473.7326 	EXP 	probe: autoDraw = True
474.5509 	EXP 	Device response: <KeyPress from None: t=474.5454048739921, value=x, duration=None>
474.5515 	EXP 	New trial (rep=21, index=79): <Trial 79 (79 in rep 21) data={'pos': np.int64(-50), 'corr_resp': 'x', 'thisN': 79, 'thisTrialN': 79, 'thisRepN': 21}>
474.5581 	DATA 	Keypress: x
474.5629 	EXP 	fixation: autoDraw = False
474.5629 	EXP 	line1: autoDraw = False
474.5629 	EXP 	line2: autoDraw = False
474.5629 	EXP 	line3: autoDraw = False
474.5629 	EXP 	line4: autoDraw = False
474.5629 	EXP 	probe: autoDraw = False
474.5629 	EXP 	fixation: autoDraw = True
474.8239 	EXP 	Device response: <KeyPress from None: t=474.5454048739921, value=x, duration=0.27230620800401084>
475.5497 	EXP 	line1: autoDraw = True
475.5497 	EXP 	line2: autoDraw = True
475.5497 	EXP 	line3: autoDraw = True
475.5497 	EXP 	line4: autoDraw = True
475.5557 	EXP 	fixation: autoDraw = False
476.5500 	INFO 	Keyboard events cleared
476.5498 	EXP 	probe: autoDraw = True
477.1738 	EXP 	Device response: <KeyPress from None: t=477.1703606660012, value=x, duration=None>
477.1743 	EXP 	New trial (rep=20, index=80): <Trial 80 (80 in rep 20) data={'pos': np.int64(150), 'corr_resp': 'v', 'thisN': 80, 'thisTrialN': 80, 'thisRepN': 20}>
477.1819 	DATA 	Keypress: x
477.1859 	EXP 	fixation: autoDraw = False
477.1859 	EXP 	line1: autoDraw = False
477.1859 	EXP 	line2: autoDraw = False
477.1859 	EXP 	line3: autoDraw = False
477.1859 	EXP 	line4: autoDraw = False
477.1859 	EXP 	probe: autoDraw = False
477.1859 	EXP 	fixation: autoDraw = True
477.4680 	EXP 	Device response: <KeyPress from None: t=477.1703606660012, value=x, duration=0.2962191249971511>
478.1734 	EXP 	line1: autoDraw = True
478.1734 	EXP 	line2: autoDraw = True
478.1734 	EXP 	line3: autoDraw = True
478.1734 	EXP 	line4: autoDraw = True
478.1832 	EXP 	fixation: autoDraw = False
479.1740 	INFO 	Keyboard events cleared
479.1738 	EXP 	probe: autoDraw = True
480.1514 	EXP 	Device response: <KeyPress from None: t=480.14111158199375, value=v, duration=None>
480.1518 	EXP 	New trial (rep=21, index=81): <Trial 81 (81 in rep 21) data={'pos': np.int64(150), 'corr_resp': 'v', 'thisN': 81, 'thisTrialN': 81, 'thisRepN': 21}>
480.1588 	DATA 	Keypress: v
480.1641 	EXP 	fixation: autoDraw = False
480.1641 	EXP 	line1: autoDraw = False
480.1641 	EXP 	line2: autoDraw = False
480.1641 	EXP 	line3: autoDraw = False
480.1641 	EXP 	line4: autoDraw = False
480.1641 	EXP 	probe: autoDraw = False
480.1641 	EXP 	fixation: autoDraw = True
480.4350 	EXP 	Device response: <KeyPress from None: t=480.14111158199375, value=v, duration=0.29172675000154413>
481.1501 	EXP 	line1: autoDraw = True
481.1501 	EXP 	line2: autoDraw = True
481.1501 	EXP 	line3: autoDraw = True
481.1501 	EXP 	line4: autoDraw = True
481.1572 	EXP 	fixation: autoDraw = False
482.1499 	INFO 	Keyboard events cleared
482.1497 	EXP 	probe: autoDraw = True
482.8332 	EXP 	Device response: <KeyPress from None: t=482.829119831993, value=v, duration=None>
482.8334 	EXP 	New trial (rep=21, index=82): <Trial 82 (82 in rep 21) data={'pos': np.int64(50), 'corr_resp': 'c ', 'thisN': 82, 'thisTrialN': 82, 'thisRepN': 21}>
482.8373 	DATA 	Keypress: v
482.8414 	EXP 	fixation: autoDraw = False
482.8414 	EXP 	line1: autoDraw = False
482.8414 	EXP 	line2: autoDraw = False
482.8414 	EXP 	line3: autoDraw = False
482.8414 	EXP 	line4: autoDraw = False
482.8414 	EXP 	probe: autoDraw = False
482.8414 	EXP 	fixation: autoDraw = True
483.1349 	EXP 	Device response: <KeyPress from None: t=482.829119831993, value=v, duration=0.29426087500178255>
483.8238 	EXP 	line1: autoDraw = True
483.8238 	EXP 	line2: autoDraw = True
483.8238 	EXP 	line3: autoDraw = True
483.8238 	EXP 	line4: autoDraw = True
483.8330 	EXP 	fixation: autoDraw = False
484.8254 	INFO 	Keyboard events cleared
484.8250 	EXP 	probe: autoDraw = True
485.6018 	EXP 	Device response: <KeyPress from None: t=485.598094956993, value=c, duration=None>
485.6030 	EXP 	New trial (rep=17, index=83): <Trial 83 (83 in rep 17) data={'pos': np.int64(-150), 'corr_resp': 'z', 'thisN': 83, 'thisTrialN': 83, 'thisRepN': 17}>
485.6118 	DATA 	Keypress: c
485.6169 	EXP 	fixation: autoDraw = False
485.6169 	EXP 	line1: autoDraw = False
485.6169 	EXP 	line2: autoDraw = False
485.6169 	EXP 	line3: autoDraw = False
485.6169 	EXP 	line4: autoDraw = False
485.6169 	EXP 	probe: autoDraw = False
485.6169 	EXP 	fixation: autoDraw = True
485.9012 	EXP 	Device response: <KeyPress from None: t=485.598094956993, value=c, duration=0.296215584006859>
486.5999 	EXP 	line1: autoDraw = True
486.5999 	EXP 	line2: autoDraw = True
486.5999 	EXP 	line3: autoDraw = True
486.5999 	EXP 	line4: autoDraw = True
486.6064 	EXP 	fixation: autoDraw = False
487.5993 	INFO 	Keyboard events cleared
487.5991 	EXP 	probe: autoDraw = True
488.4844 	EXP 	Device response: <KeyPress from None: t=488.47816354098904, value=z, duration=None>
488.4849 	EXP 	New trial (rep=18, index=84): <Trial 84 (84 in rep 18) data={'pos': np.int64(-150), 'corr_resp': 'z', 'thisN': 84, 'thisTrialN': 84, 'thisRepN': 18}>
488.4917 	DATA 	Keypress: z
488.4966 	EXP 	fixation: autoDraw = False
488.4966 	EXP 	line1: autoDraw = False
488.4966 	EXP 	line2: autoDraw = False
488.4966 	EXP 	line3: autoDraw = False
488.4966 	EXP 	line4: autoDraw = False
488.4966 	EXP 	probe: autoDraw = False
488.4966 	EXP 	fixation: autoDraw = True
488.7844 	EXP 	Device response: <KeyPress from None: t=488.47816354098904, value=z, duration=0.29601129100774415>
489.4828 	EXP 	line1: autoDraw = True
489.4828 	EXP 	line2: autoDraw = True
489.4828 	EXP 	line3: autoDraw = True
489.4828 	EXP 	line4: autoDraw = True
489.4861 	EXP 	fixation: autoDraw = False
490.4833 	INFO 	Keyboard events cleared
490.4831 	EXP 	probe: autoDraw = True
490.9905 	EXP 	Device response: <KeyPress from None: t=490.9859340409894, value=z, duration=None>
490.9909 	EXP 	New trial (rep=19, index=85): <Trial 85 (85 in rep 19) data={'pos': np.int64(-150), 'corr_resp': 'z', 'thisN': 85, 'thisTrialN': 85, 'thisRepN': 19}>
490.9976 	DATA 	Keypress: z
491.0019 	EXP 	fixation: autoDraw = False
491.0019 	EXP 	line1: autoDraw = False
491.0019 	EXP 	line2: autoDraw = False
491.0019 	EXP 	line3: autoDraw = False
491.0019 	EXP 	line4: autoDraw = False
491.0019 	EXP 	probe: autoDraw = False
491.0019 	EXP 	fixation: autoDraw = True
491.2689 	EXP 	Device response: <KeyPress from None: t=490.9859340409894, value=z, duration=0.280383500008611>
491.9895 	EXP 	line1: autoDraw = True
491.9895 	EXP 	line2: autoDraw = True
491.9895 	EXP 	line3: autoDraw = True
491.9895 	EXP 	line4: autoDraw = True
491.9997 	EXP 	fixation: autoDraw = False
492.9902 	INFO 	Keyboard events cleared
492.9900 	EXP 	probe: autoDraw = True
493.4676 	EXP 	Device response: <KeyPress from None: t=493.4558424989955, value=z, duration=None>
493.4681 	EXP 	New trial (rep=22, index=86): <Trial 86 (86 in rep 22) data={'pos': np.int64(50), 'corr_resp': 'c ', 'thisN': 86, 'thisTrialN': 86, 'thisRepN': 22}>
493.4742 	DATA 	Keypress: z
493.4785 	EXP 	fixation: autoDraw = False
493.4785 	EXP 	line1: autoDraw = False
493.4785 	EXP 	line2: autoDraw = False
493.4785 	EXP 	line3: autoDraw = False
493.4785 	EXP 	line4: autoDraw = False
493.4785 	EXP 	probe: autoDraw = False
493.4785 	EXP 	fixation: autoDraw = True
493.8185 	EXP 	Device response: <KeyPress from None: t=493.4558424989955, value=z, duration=0.3563109579990851>
494.4667 	EXP 	line1: autoDraw = True
494.4667 	EXP 	line2: autoDraw = True
494.4667 	EXP 	line3: autoDraw = True
494.4667 	EXP 	line4: autoDraw = True
494.4734 	EXP 	fixation: autoDraw = False
495.4686 	INFO 	Keyboard events cleared
495.4684 	EXP 	probe: autoDraw = True
496.4174 	EXP 	Device response: <KeyPress from None: t=496.4147776239988, value=c, duration=None>
496.4179 	EXP 	New trial (rep=23, index=87): <Trial 87 (87 in rep 23) data={'pos': np.int64(50), 'corr_resp': 'c ', 'thisN': 87, 'thisTrialN': 87, 'thisRepN': 23}>
496.4246 	DATA 	Keypress: c
496.4295 	EXP 	fixation: autoDraw = False
496.4295 	EXP 	line1: autoDraw = False
496.4295 	EXP 	line2: autoDraw = False
496.4295 	EXP 	line3: autoDraw = False
496.4295 	EXP 	line4: autoDraw = False
496.4295 	EXP 	probe: autoDraw = False
496.4295 	EXP 	fixation: autoDraw = True
496.7016 	EXP 	Device response: <KeyPress from None: t=496.4147776239988, value=c, duration=0.2842118330008816>
497.4164 	EXP 	line1: autoDraw = True
497.4164 	EXP 	line2: autoDraw = True
497.4164 	EXP 	line3: autoDraw = True
497.4164 	EXP 	line4: autoDraw = True
497.4230 	EXP 	fixation: autoDraw = False
498.4166 	INFO 	Keyboard events cleared
498.4163 	EXP 	probe: autoDraw = True
499.0578 	EXP 	Device response: <KeyPress from None: t=499.05171270699066, value=c, duration=None>
499.0583 	EXP 	New trial (rep=24, index=88): <Trial 88 (88 in rep 24) data={'pos': np.int64(50), 'corr_resp': 'c ', 'thisN': 88, 'thisTrialN': 88, 'thisRepN': 24}>
499.0646 	DATA 	Keypress: c
499.0692 	EXP 	fixation: autoDraw = False
499.0692 	EXP 	line1: autoDraw = False
499.0692 	EXP 	line2: autoDraw = False
499.0692 	EXP 	line3: autoDraw = False
499.0692 	EXP 	line4: autoDraw = False
499.0692 	EXP 	probe: autoDraw = False
499.0692 	EXP 	fixation: autoDraw = True
499.3179 	EXP 	Device response: <KeyPress from None: t=499.05171270699066, value=c, duration=0.2562365000048885>
500.0532 	EXP 	line1: autoDraw = True
500.0532 	EXP 	line2: autoDraw = True
500.0532 	EXP 	line3: autoDraw = True
500.0532 	EXP 	line4: autoDraw = True
500.0665 	EXP 	fixation: autoDraw = False
501.0570 	INFO 	Keyboard events cleared
501.0568 	EXP 	probe: autoDraw = True
501.5514 	EXP 	Device response: <KeyPress from None: t=501.54157674899034, value=c, duration=None>
501.5522 	EXP 	New trial (rep=22, index=89): <Trial 89 (89 in rep 22) data={'pos': np.int64(-50), 'corr_resp': 'x', 'thisN': 89, 'thisTrialN': 89, 'thisRepN': 22}>
501.5599 	DATA 	Keypress: c
501.5650 	EXP 	fixation: autoDraw = False
501.5650 	EXP 	line1: autoDraw = False
501.5650 	EXP 	line2: autoDraw = False
501.5650 	EXP 	line3: autoDraw = False
501.5650 	EXP 	line4: autoDraw = False
501.5650 	EXP 	probe: autoDraw = False
501.5650 	EXP 	fixation: autoDraw = True
501.8182 	EXP 	Device response: <KeyPress from None: t=501.54157674899034, value=c, duration=0.2723899580014404>
502.5494 	EXP 	line1: autoDraw = True
502.5494 	EXP 	line2: autoDraw = True
502.5494 	EXP 	line3: autoDraw = True
502.5494 	EXP 	line4: autoDraw = True
502.5562 	EXP 	fixation: autoDraw = False
503.5499 	INFO 	Keyboard events cleared
503.5497 	EXP 	probe: autoDraw = True
504.6187 	EXP 	Device response: <KeyPress from None: t=504.6064884989901, value=x, duration=None>
504.6196 	EXP 	New trial (rep=22, index=90): <Trial 90 (90 in rep 22) data={'pos': np.int64(150), 'corr_resp': 'v', 'thisN': 90, 'thisTrialN': 90, 'thisRepN': 22}>
504.6267 	DATA 	Keypress: x
504.6317 	EXP 	fixation: autoDraw = False
504.6317 	EXP 	line1: autoDraw = False
504.6317 	EXP 	line2: autoDraw = False
504.6317 	EXP 	line3: autoDraw = False
504.6317 	EXP 	line4: autoDraw = False
504.6317 	EXP 	probe: autoDraw = False
504.6317 	EXP 	fixation: autoDraw = True
504.9014 	EXP 	Device response: <KeyPress from None: t=504.6064884989901, value=x, duration=0.29235029200208373>
505.6164 	EXP 	line1: autoDraw = True
505.6164 	EXP 	line2: autoDraw = True
505.6164 	EXP 	line3: autoDraw = True
505.6164 	EXP 	line4: autoDraw = True
505.6225 	EXP 	fixation: autoDraw = False
506.6157 	INFO 	Keyboard events cleared
506.6154 	EXP 	probe: autoDraw = True
507.7176 	EXP 	Device response: <KeyPress from None: t=507.7113714159932, value=v, duration=None>
507.7180 	EXP 	New trial (rep=20, index=91): <Trial 91 (91 in rep 20) data={'pos': np.int64(-150), 'corr_resp': 'z', 'thisN': 91, 'thisTrialN': 91, 'thisRepN': 20}>
507.7252 	DATA 	Keypress: v
507.7294 	EXP 	fixation: autoDraw = False
507.7294 	EXP 	line1: autoDraw = False
507.7294 	EXP 	line2: autoDraw = False
507.7294 	EXP 	line3: autoDraw = False
507.7294 	EXP 	line4: autoDraw = False
507.7294 	EXP 	probe: autoDraw = False
507.7294 	EXP 	fixation: autoDraw = True
508.0171 	EXP 	Device response: <KeyPress from None: t=507.7113714159932, value=v, duration=0.29636841600586195>
508.7163 	EXP 	line1: autoDraw = True
508.7163 	EXP 	line2: autoDraw = True
508.7163 	EXP 	line3: autoDraw = True
508.7163 	EXP 	line4: autoDraw = True
508.7220 	EXP 	fixation: autoDraw = False
509.7165 	INFO 	Keyboard events cleared
509.7163 	EXP 	probe: autoDraw = True
510.6754 	EXP 	Device response: <KeyPress from None: t=510.67132033199596, value=z, duration=None>
510.6764 	EXP 	New trial (rep=23, index=92): <Trial 92 (92 in rep 23) data={'pos': np.int64(-50), 'corr_resp': 'x', 'thisN': 92, 'thisTrialN': 92, 'thisRepN': 23}>
510.6863 	DATA 	Keypress: z
510.6917 	EXP 	fixation: autoDraw = False
510.6917 	EXP 	line1: autoDraw = False
510.6917 	EXP 	line2: autoDraw = False
510.6917 	EXP 	line3: autoDraw = False
510.6917 	EXP 	line4: autoDraw = False
510.6917 	EXP 	probe: autoDraw = False
510.6917 	EXP 	fixation: autoDraw = True
510.9384 	EXP 	Device response: <KeyPress from None: t=510.67132033199596, value=z, duration=0.26427445899753366>
511.6728 	EXP 	line1: autoDraw = True
511.6728 	EXP 	line2: autoDraw = True
511.6728 	EXP 	line3: autoDraw = True
511.6728 	EXP 	line4: autoDraw = True
511.6889 	EXP 	fixation: autoDraw = False
512.6732 	INFO 	Keyboard events cleared
512.6729 	EXP 	probe: autoDraw = True
513.5836 	EXP 	Device response: <KeyPress from None: t=513.5791506239912, value=x, duration=None>
513.5840 	EXP 	New trial (rep=21, index=93): <Trial 93 (93 in rep 21) data={'pos': np.int64(-150), 'corr_resp': 'z', 'thisN': 93, 'thisTrialN': 93, 'thisRepN': 21}>
513.5892 	EXP 	fixation: autoDraw = False
513.5892 	EXP 	line1: autoDraw = False
513.5892 	EXP 	line2: autoDraw = False
513.5892 	EXP 	line3: autoDraw = False
513.5892 	EXP 	line4: autoDraw = False
513.5892 	EXP 	probe: autoDraw = False
513.5892 	EXP 	fixation: autoDraw = True
513.5931 	DATA 	Keypress: x
513.8512 	EXP 	Device response: <KeyPress from None: t=513.5791506239912, value=x, duration=0.2603918750101002>
514.5727 	EXP 	line1: autoDraw = True
514.5727 	EXP 	line2: autoDraw = True
514.5727 	EXP 	line3: autoDraw = True
514.5727 	EXP 	line4: autoDraw = True
514.5831 	EXP 	fixation: autoDraw = False
515.5739 	INFO 	Keyboard events cleared
515.5738 	EXP 	probe: autoDraw = True
516.4064 	EXP 	Device response: <KeyPress from None: t=516.4051797489956, value=z, duration=None>
516.4075 	EXP 	New trial (rep=22, index=94): <Trial 94 (94 in rep 22) data={'pos': np.int64(-150), 'corr_resp': 'z', 'thisN': 94, 'thisTrialN': 94, 'thisRepN': 22}>
516.4154 	DATA 	Keypress: z
516.4201 	EXP 	fixation: autoDraw = False
516.4201 	EXP 	line1: autoDraw = False
516.4201 	EXP 	line2: autoDraw = False
516.4201 	EXP 	line3: autoDraw = False
516.4201 	EXP 	line4: autoDraw = False
516.4201 	EXP 	probe: autoDraw = False
516.4201 	EXP 	fixation: autoDraw = True
516.6512 	EXP 	Device response: <KeyPress from None: t=516.4051797489956, value=z, duration=0.2362917499995092>
517.4066 	EXP 	line1: autoDraw = True
517.4066 	EXP 	line2: autoDraw = True
517.4066 	EXP 	line3: autoDraw = True
517.4066 	EXP 	line4: autoDraw = True
517.4163 	EXP 	fixation: autoDraw = False
518.3998 	INFO 	Keyboard events cleared
518.3996 	EXP 	probe: autoDraw = True
519.0504 	EXP 	Device response: <KeyPress from None: t=519.040062332002, value=z, duration=None>
519.0510 	EXP 	New trial (rep=23, index=95): <Trial 95 (95 in rep 23) data={'pos': np.int64(-150), 'corr_resp': 'z', 'thisN': 95, 'thisTrialN': 95, 'thisRepN': 23}>
519.0555 	DATA 	Keypress: z
519.0592 	EXP 	fixation: autoDraw = False
519.0592 	EXP 	line1: autoDraw = False
519.0592 	EXP 	line2: autoDraw = False
519.0592 	EXP 	line3: autoDraw = False
519.0592 	EXP 	line4: autoDraw = False
519.0592 	EXP 	probe: autoDraw = False
519.0592 	EXP 	fixation: autoDraw = True
519.3005 	EXP 	Device response: <KeyPress from None: t=519.040062332002, value=z, duration=0.24821387499105185>
520.0407 	EXP 	line1: autoDraw = True
520.0407 	EXP 	line2: autoDraw = True
520.0407 	EXP 	line3: autoDraw = True
520.0407 	EXP 	line4: autoDraw = True
520.0541 	EXP 	fixation: autoDraw = False
521.0501 	INFO 	Keyboard events cleared
521.0497 	EXP 	probe: autoDraw = True
521.3920 	EXP 	Device response: <KeyPress from None: t=521.3860355409997, value=z, duration=None>
521.3933 	EXP 	New trial (rep=24, index=96): <Trial 96 (96 in rep 24) data={'pos': np.int64(-150), 'corr_resp': 'z', 'thisN': 96, 'thisTrialN': 96, 'thisRepN': 24}>
521.4116 	DATA 	Keypress: z
521.4184 	EXP 	fixation: autoDraw = False
521.4184 	EXP 	line1: autoDraw = False
521.4184 	EXP 	line2: autoDraw = False
521.4184 	EXP 	line3: autoDraw = False
521.4184 	EXP 	line4: autoDraw = False
521.4184 	EXP 	probe: autoDraw = False
521.4184 	EXP 	fixation: autoDraw = True
521.6067 	EXP 	Device response: <KeyPress from None: t=521.3860355409997, value=z, duration=0.21626924999873154>
522.3912 	EXP 	line1: autoDraw = True
522.3912 	EXP 	line2: autoDraw = True
522.3912 	EXP 	line3: autoDraw = True
522.3912 	EXP 	line4: autoDraw = True
522.4164 	EXP 	fixation: autoDraw = False
523.3902 	INFO 	Keyboard events cleared
523.3900 	EXP 	probe: autoDraw = True
523.8178 	EXP 	Device response: <KeyPress from None: t=523.8069859160023, value=z, duration=None>
523.8186 	EXP 	New trial (rep=24, index=97): <Trial 97 (97 in rep 24) data={'pos': np.int64(-50), 'corr_resp': 'x', 'thisN': 97, 'thisTrialN': 97, 'thisRepN': 24}>
523.8277 	DATA 	Keypress: z
523.8324 	EXP 	fixation: autoDraw = False
523.8324 	EXP 	line1: autoDraw = False
523.8324 	EXP 	line2: autoDraw = False
523.8324 	EXP 	line3: autoDraw = False
523.8324 	EXP 	line4: autoDraw = False
523.8324 	EXP 	probe: autoDraw = False
523.8324 	EXP 	fixation: autoDraw = True
524.0352 	EXP 	Device response: <KeyPress from None: t=523.8069859160023, value=z, duration=0.2243113329896005>
524.8162 	EXP 	line1: autoDraw = True
524.8162 	EXP 	line2: autoDraw = True
524.8162 	EXP 	line3: autoDraw = True
524.8162 	EXP 	line4: autoDraw = True
524.8216 	EXP 	fixation: autoDraw = False
525.8165 	INFO 	Keyboard events cleared
525.8163 	EXP 	probe: autoDraw = True
526.5676 	EXP 	Device response: <KeyPress from None: t=526.5658643319912, value=x, duration=None>
526.5683 	EXP 	New trial (rep=23, index=98): <Trial 98 (98 in rep 23) data={'pos': np.int64(150), 'corr_resp': 'v', 'thisN': 98, 'thisTrialN': 98, 'thisRepN': 23}>
526.5750 	DATA 	Keypress: x
526.5799 	EXP 	fixation: autoDraw = False
526.5799 	EXP 	line1: autoDraw = False
526.5799 	EXP 	line2: autoDraw = False
526.5799 	EXP 	line3: autoDraw = False
526.5799 	EXP 	line4: autoDraw = False
526.5799 	EXP 	probe: autoDraw = False
526.5799 	EXP 	fixation: autoDraw = True
526.8343 	EXP 	Device response: <KeyPress from None: t=526.5658643319912, value=x, duration=0.2643162919994211>
527.5662 	EXP 	line1: autoDraw = True
527.5662 	EXP 	line2: autoDraw = True
527.5662 	EXP 	line3: autoDraw = True
527.5662 	EXP 	line4: autoDraw = True
527.5718 	EXP 	fixation: autoDraw = False
528.5665 	INFO 	Keyboard events cleared
528.5663 	EXP 	probe: autoDraw = True
529.5183 	EXP 	Device response: <KeyPress from None: t=529.511810748998, value=v, duration=None>
529.5192 	EXP 	New trial (rep=24, index=99): <Trial 99 (99 in rep 24) data={'pos': np.int64(150), 'corr_resp': 'v', 'thisN': 99, 'thisTrialN': 99, 'thisRepN': 24}>
529.5262 	DATA 	Keypress: v
529.5311 	EXP 	fixation: autoDraw = False
529.5311 	EXP 	line1: autoDraw = False
529.5311 	EXP 	line2: autoDraw = False
529.5311 	EXP 	line3: autoDraw = False
529.5311 	EXP 	line4: autoDraw = False
529.5311 	EXP 	probe: autoDraw = False
529.5311 	EXP 	fixation: autoDraw = True
529.7682 	EXP 	Device response: <KeyPress from None: t=529.511810748998, value=v, duration=0.2523792499996489>
530.5162 	EXP 	line1: autoDraw = True
530.5162 	EXP 	line2: autoDraw = True
530.5162 	EXP 	line3: autoDraw = True
530.5162 	EXP 	line4: autoDraw = True
530.5223 	EXP 	fixation: autoDraw = False
531.5164 	INFO 	Keyboard events cleared
531.5163 	EXP 	probe: autoDraw = True
531.9676 	EXP 	Device response: <KeyPress from None: t=531.9616717909958, value=v, duration=None>
531.9745 	DATA 	Keypress: v
531.9794 	EXP 	fixation: autoDraw = False
531.9794 	EXP 	line1: autoDraw = False
531.9794 	EXP 	line2: autoDraw = False
531.9794 	EXP 	line3: autoDraw = False
531.9794 	EXP 	line4: autoDraw = False
531.9794 	EXP 	probe: autoDraw = False
531.9797 	EXP 	Motor Sequence Learning: status = STOPPED
532.0462 	INFO 	saved data to '/Users/tiaragajjar/Desktop/lab/EXP5  Motor sequence /data/4_Motor Sequence Learning_2025-10-02_16h01.24.046.csv'
532.0562 	INFO 	saved data to /Users/tiaragajjar/Desktop/lab/EXP5  Motor sequence /data/4_Motor Sequence Learning_2025-10-02_16h01.24.046.psydat
532.9369 	WARNING 	Stopping key buffers but this could be dangerous ifother keyboards rely on the same.
532.9380 	WARNING 	Stopping key buffers but this could be dangerous ifother keyboards rely on the same.
