32.0994 	WARNING 	Font Manager failed to load file /System/Library/PrivateFrameworks/FontServices.framework/Resources/Reserved/PingFangUI.ttc
32.2210 	WARNING 	Font Manager failed to load file /System/Library/PrivateFrameworks/FontServices.framework/Resources/Reserved/PingFangUI.ttc
37.2125 	INFO 	Loaded monitor calibration from ['2025_08_07 12:17']
37.2433 	WARNING 	User requested fullscreen with size [1024  768], but screen is actually [1440, 900]. Using actual size
37.6299 	INFO 	Using renderer 'Apple M2' for graphics
37.6299 	INFO 	OpenGL version supported by driver is 2..
37.7108 	EXP 	Created window1 = Window(allowGUI=False, allowStencil=False, autoLog=True, backendConf=UNKNOWN, backgroundFit=<method-wrapper '__getattribute__' of attributeSetter object at 0x154a397e0>, backgroundImage=<method-wrapper '__getattribute__' of attributeSetter object at 0x154a39780>, bitsMode=UNKNOWN, blendMode='avg', bpc=(8, 8, 8), color=array([0, 0, 0]), colorSpace='rgb', depthBits=8, fullscr=True, gamma=None, gammaErrorPolicy='raise', infoMsg=UNKNOWN, lms=UNKNOWN, monitor=<psychopy.monitors.calibTools.Monitor object at 0x154b14c10>, multiSample=False, name='window1', numSamples=2, pos=[np.float64(0.0), np.float64(0.0)], screen=0, size=array([2880, 1800]), stencilBits=0, stereo=False, title='PsychoPy', units='height', useFBO=True, useRetina=True, viewOri=0.0, viewPos=None, viewScale=None, waitBlanking=True, winType='pyglet')
37.7110 	EXP 	window1: backgroundImage = ''
37.7110 	EXP 	window1: backgroundFit = 'none'
38.2733 	EXP 	window1: Attempting to measure frame rate of screen (0) ...
38.2734 	EXP 	window1: recordFrameIntervals = False
38.8376 	EXP 	window1: recordFrameIntervals = True
39.6749 	WARNING 	Couldn't measure a consistent frame rate!
  - Is your graphics card set to sync to vertical blank?
  - Are you running other processes on your computer?

42.1585 	INFO 	keyboard.Keyboard is using ptb backend.
42.6162 	INFO 	keyboard.Keyboard is using ptb backend.
42.6162 	EXP 	Motor Sequence Learning: status = STARTED
42.6275 	EXP 	Created fixation = ShapeStim(__class__=<class 'psychopy.visual.shape.ShapeStim'>, anchor=('center', 'center'), autoDraw=False, autoLog=True, closeShape=True, color=method-wrapper(...), colorSpace='rgb', contrast=None, depth=0.0, draggable=False, fillColor=array([1, 1, 1]), fillColorSpace='rgb', fillRGB=array([1, 1, 1]), interpolate=True, lineColor=array([1., 1., 1.]), lineColorSpace='rgb', lineRGB=array([1, 1, 1]), lineWidth=1.0, name='fixation', opacity=1, ori=0.0, pos=array([0., 0.]), size=array([10., 10.]), units='pix', vertices=ndarray(...), win=Window(...), windingRule=None)
42.6287 	EXP 	Created line1 = Rect(__class__=<class 'psychopy.visual.rect.Rect'>, anchor=('center', 'center'), autoDraw=False, autoLog=True, closeShape=True, color=method-wrapper(...), colorSpace='rgb', contrast=None, depth=-1.0, draggable=False, fillColor=array([1, 1, 1]), fillColorSpace='rgb', fillRGB=array([1, 1, 1]), interpolate=True, lineColor=array([1., 1., 1.]), lineColorSpace='rgb', lineRGB=array([1, 1, 1]), lineWidth=1.0, name='line1', opacity=1, ori=90.0, pos=array([-150.,    0.]), size=array([100.,  10.]), units='pix', vertices=ndarray(...), win=Window(...))
42.6298 	EXP 	Created line2 = Rect(__class__=<class 'psychopy.visual.rect.Rect'>, anchor=('center', 'center'), autoDraw=False, autoLog=True, closeShape=True, color=method-wrapper(...), colorSpace='rgb', contrast=None, depth=-2.0, draggable=False, fillColor=array([1, 1, 1]), fillColorSpace='rgb', fillRGB=array([1, 1, 1]), interpolate=True, lineColor=array([1., 1., 1.]), lineColorSpace='rgb', lineRGB=array([1, 1, 1]), lineWidth=1.0, name='line2', opacity=1, ori=90.0, pos=array([-50.,   0.]), size=array([100.,  10.]), units='pix', vertices=ndarray(...), win=Window(...))
42.6309 	EXP 	Created line3 = Rect(__class__=<class 'psychopy.visual.rect.Rect'>, anchor=('center', 'center'), autoDraw=False, autoLog=True, closeShape=True, color=method-wrapper(...), colorSpace='rgb', contrast=None, depth=-3.0, draggable=False, fillColor=array([1, 1, 1]), fillColorSpace='rgb', fillRGB=array([1, 1, 1]), interpolate=True, lineColor=array([1., 1., 1.]), lineColorSpace='rgb', lineRGB=array([1, 1, 1]), lineWidth=1.0, name='line3', opacity=1, ori=90.0, pos=array([50.,  0.]), size=array([100.,  10.]), units='pix', vertices=ndarray(...), win=Window(...))
42.6319 	EXP 	Created line4 = Rect(__class__=<class 'psychopy.visual.rect.Rect'>, anchor=('center', 'center'), autoDraw=False, autoLog=True, closeShape=True, color=method-wrapper(...), colorSpace='rgb', contrast=None, depth=-4.0, draggable=False, fillColor=array([1, 1, 1]), fillColorSpace='rgb', fillRGB=array([1, 1, 1]), interpolate=True, lineColor=array([1., 1., 1.]), lineColorSpace='rgb', lineRGB=array([1, 1, 1]), lineWidth=1.0, name='line4', opacity=1, ori=90.0, pos=array([150.,   0.]), size=array([100.,  10.]), units='pix', vertices=ndarray(...), win=Window(...))
42.6336 	EXP 	Created probe = ShapeStim(__class__=<class 'psychopy.visual.shape.ShapeStim'>, anchor=('center', 'center'), autoDraw=False, autoLog=True, closeShape=True, color=method-wrapper(...), colorSpace='rgb', contrast=None, depth=-5.0, draggable=False, fillColor=array([1, 1, 1]), fillColorSpace='rgb', fillRGB=array([1, 1, 1]), interpolate=True, lineColor=array([1., 1., 1.]), lineColorSpace='rgb', lineRGB=array([1, 1, 1]), lineWidth=1.0, name='probe', opacity=1, ori=0.0, pos=array([0., 0.]), size=array([10., 10.]), units='pix', vertices=ndarray(...), win=Window(...), windingRule=None)
42.6354 	EXP 	Created fixation = ShapeStim(__class__=<class 'psychopy.visual.shape.ShapeStim'>, anchor=('center', 'center'), autoDraw=False, autoLog=True, closeShape=True, color=method-wrapper(...), colorSpace='rgb', contrast=None, depth=0.0, draggable=False, fillColor=array([1, 1, 1]), fillColorSpace='rgb', fillRGB=array([1, 1, 1]), interpolate=True, lineColor=array([1., 1., 1.]), lineColorSpace='rgb', lineRGB=array([1, 1, 1]), lineWidth=1.0, name='fixation', opacity=1, ori=0.0, pos=array([0., 0.]), size=array([10., 10.]), units='pix', vertices=ndarray(...), win=Window(...), windingRule=None)
42.6381 	EXP 	Created line1 = Rect(__class__=<class 'psychopy.visual.rect.Rect'>, anchor=('center', 'center'), autoDraw=False, autoLog=True, closeShape=True, color=method-wrapper(...), colorSpace='rgb', contrast=None, depth=-1.0, draggable=False, fillColor=array([1, 1, 1]), fillColorSpace='rgb', fillRGB=array([1, 1, 1]), interpolate=True, lineColor=array([1., 1., 1.]), lineColorSpace='rgb', lineRGB=array([1, 1, 1]), lineWidth=1.0, name='line1', opacity=1, ori=90.0, pos=array([-150.,    0.]), size=array([100.,  10.]), units='pix', vertices=ndarray(...), win=Window(...))
42.6392 	EXP 	Created line2 = Rect(__class__=<class 'psychopy.visual.rect.Rect'>, anchor=('center', 'center'), autoDraw=False, autoLog=True, closeShape=True, color=method-wrapper(...), colorSpace='rgb', contrast=None, depth=-2.0, draggable=False, fillColor=array([1, 1, 1]), fillColorSpace='rgb', fillRGB=array([1, 1, 1]), interpolate=True, lineColor=array([1., 1., 1.]), lineColorSpace='rgb', lineRGB=array([1, 1, 1]), lineWidth=1.0, name='line2', opacity=1, ori=90.0, pos=array([-50.,   0.]), size=array([100.,  10.]), units='pix', vertices=ndarray(...), win=Window(...))
42.6403 	EXP 	Created line3 = Rect(__class__=<class 'psychopy.visual.rect.Rect'>, anchor=('center', 'center'), autoDraw=False, autoLog=True, closeShape=True, color=method-wrapper(...), colorSpace='rgb', contrast=None, depth=-3.0, draggable=False, fillColor=array([1, 1, 1]), fillColorSpace='rgb', fillRGB=array([1, 1, 1]), interpolate=True, lineColor=array([1., 1., 1.]), lineColorSpace='rgb', lineRGB=array([1, 1, 1]), lineWidth=1.0, name='line3', opacity=1, ori=90.0, pos=array([50.,  0.]), size=array([100.,  10.]), units='pix', vertices=ndarray(...), win=Window(...))
42.6413 	EXP 	Created line4 = Rect(__class__=<class 'psychopy.visual.rect.Rect'>, anchor=('center', 'center'), autoDraw=False, autoLog=True, closeShape=True, color=method-wrapper(...), colorSpace='rgb', contrast=None, depth=-4.0, draggable=False, fillColor=array([1, 1, 1]), fillColorSpace='rgb', fillRGB=array([1, 1, 1]), interpolate=True, lineColor=array([1., 1., 1.]), lineColorSpace='rgb', lineRGB=array([1, 1, 1]), lineWidth=1.0, name='line4', opacity=1, ori=90.0, pos=array([150.,   0.]), size=array([100.,  10.]), units='pix', vertices=ndarray(...), win=Window(...))
42.6427 	EXP 	Created probe = ShapeStim(__class__=<class 'psychopy.visual.shape.ShapeStim'>, anchor=('center', 'center'), autoDraw=False, autoLog=True, closeShape=True, color=method-wrapper(...), colorSpace='rgb', contrast=None, depth=-5.0, draggable=False, fillColor=array([1, 1, 1]), fillColorSpace='rgb', fillRGB=array([1, 1, 1]), interpolate=True, lineColor=array([1., 1., 1.]), lineColorSpace='rgb', lineRGB=array([1, 1, 1]), lineWidth=1.0, name='probe', opacity=1, ori=0.0, pos=array([0., 0.]), size=array([10., 10.]), units='pix', vertices=ndarray(...), win=Window(...), windingRule=None)
0.0556 	EXP 	Imported /Users/tiaragajjar/Downloads/EXP 4 - Sheet1.csv as conditions, 4 conditions, 2 params
0.0603 	EXP 	New trial (rep=0, index=0): <Trial 0 (0 in rep 0) data={'pos': np.int64(-50), 'corr_resp': 'x', 'thisN': 0, 'thisTrialN': 0, 'thisRepN': 0}>
0.0677 	WARNING 	t of last frame was 56.47ms (=1/17)
0.0677 	EXP 	fixation: autoDraw = True
1.0122 	WARNING 	t of last frame was 20.61ms (=1/48)
1.0122 	EXP 	line1: autoDraw = True
1.0122 	EXP 	line2: autoDraw = True
1.0122 	EXP 	line3: autoDraw = True
1.0122 	EXP 	line4: autoDraw = True
1.0627 	EXP 	fixation: autoDraw = False
2.0089 	INFO 	Keyboard events cleared
2.0087 	EXP 	probe: autoDraw = True
5.1181 	EXP 	Device response: <KeyPress from None: t=4.701931624993449, value=x, duration=None>
5.1183 	EXP 	Device response: <KeyPress from None: t=4.701931624993449, value=x, duration=0.1316825410031015>
5.1186 	EXP 	New trial (rep=0, index=1): <Trial 1 (1 in rep 0) data={'pos': np.int64(150), 'corr_resp': 'v', 'thisN': 1, 'thisTrialN': 1, 'thisRepN': 0}>
5.1376 	DATA 	Keypress: x
5.1427 	WARNING 	t of last frame was 433.37ms (=1/2)
5.1427 	EXP 	fixation: autoDraw = False
5.1427 	EXP 	line1: autoDraw = False
5.1427 	EXP 	line2: autoDraw = False
5.1427 	EXP 	line3: autoDraw = False
5.1427 	EXP 	line4: autoDraw = False
5.1427 	EXP 	probe: autoDraw = False
5.1427 	EXP 	fixation: autoDraw = True
6.1167 	EXP 	line1: autoDraw = True
6.1167 	EXP 	line2: autoDraw = True
6.1167 	EXP 	line3: autoDraw = True
6.1167 	EXP 	line4: autoDraw = True
6.1419 	EXP 	fixation: autoDraw = False
7.1171 	INFO 	Keyboard events cleared
7.1168 	EXP 	probe: autoDraw = True
7.4430 	EXP 	Device response: <KeyPress from None: t=7.441316750002443, value=v, duration=None>
7.4435 	EXP 	New trial (rep=0, index=2): <Trial 2 (2 in rep 0) data={'pos': np.int64(50), 'corr_resp': 'c ', 'thisN': 2, 'thisTrialN': 2, 'thisRepN': 0}>
7.4503 	DATA 	Keypress: v
7.4547 	EXP 	fixation: autoDraw = False
7.4547 	EXP 	line1: autoDraw = False
7.4547 	EXP 	line2: autoDraw = False
7.4547 	EXP 	line3: autoDraw = False
7.4547 	EXP 	line4: autoDraw = False
7.4547 	EXP 	probe: autoDraw = False
7.4547 	EXP 	fixation: autoDraw = True
7.5603 	EXP 	Device response: <KeyPress from None: t=7.441316750002443, value=v, duration=0.116281832990353>
8.4420 	EXP 	line1: autoDraw = True
8.4420 	EXP 	line2: autoDraw = True
8.4420 	EXP 	line3: autoDraw = True
8.4420 	EXP 	line4: autoDraw = True
8.4477 	EXP 	fixation: autoDraw = False
8.7354 	WARNING 	t of last frame was 20.98ms (=1/47)
9.0753 	WARNING 	Multiple dropped frames have occurred - I'll stop bothering you about them!
9.4419 	INFO 	Keyboard events cleared
9.4417 	EXP 	probe: autoDraw = True
9.7002 	EXP 	Device response: <KeyPress from None: t=9.698905707991798, value=c, duration=None>
9.7006 	EXP 	New trial (rep=0, index=3): <Trial 3 (3 in rep 0) data={'pos': np.int64(-150), 'corr_resp': 'z', 'thisN': 3, 'thisTrialN': 3, 'thisRepN': 0}>
9.7074 	EXP 	fixation: autoDraw = False
9.7074 	EXP 	line1: autoDraw = False
9.7074 	EXP 	line2: autoDraw = False
9.7074 	EXP 	line3: autoDraw = False
9.7074 	EXP 	line4: autoDraw = False
9.7074 	EXP 	probe: autoDraw = False
9.7074 	EXP 	fixation: autoDraw = True
9.7121 	DATA 	Keypress: c
9.8438 	EXP 	Device response: <KeyPress from None: t=9.698905707991798, value=c, duration=0.13561358299921267>
10.6990 	EXP 	fixation: autoDraw = False
10.6990 	EXP 	line1: autoDraw = True
10.6990 	EXP 	line2: autoDraw = True
10.6990 	EXP 	line3: autoDraw = True
10.6990 	EXP 	line4: autoDraw = True
11.6989 	INFO 	Keyboard events cleared
11.6986 	EXP 	probe: autoDraw = True
12.5658 	EXP 	Device response: <KeyPress from None: t=12.562084582998068, value=z, duration=None>
12.5663 	EXP 	New trial (rep=1, index=0): <Trial 4 (0 in rep 1) data={'pos': np.int64(-50), 'corr_resp': 'x', 'thisN': 4, 'thisTrialN': 0, 'thisRepN': 1}>
12.5736 	DATA 	Keypress: z
12.5784 	EXP 	fixation: autoDraw = False
12.5784 	EXP 	line1: autoDraw = False
12.5784 	EXP 	line2: autoDraw = False
12.5784 	EXP 	line3: autoDraw = False
12.5784 	EXP 	line4: autoDraw = False
12.5784 	EXP 	probe: autoDraw = False
12.5784 	EXP 	fixation: autoDraw = True
12.7159 	EXP 	Device response: <KeyPress from None: t=12.562084582998068, value=z, duration=0.14443395800481085>
13.5657 	EXP 	line1: autoDraw = True
13.5657 	EXP 	line2: autoDraw = True
13.5657 	EXP 	line3: autoDraw = True
13.5657 	EXP 	line4: autoDraw = True
13.5748 	EXP 	fixation: autoDraw = False
14.5660 	INFO 	Keyboard events cleared
14.5658 	EXP 	probe: autoDraw = True
15.0252 	EXP 	Device response: <KeyPress from None: t=15.020024165991344, value=x, duration=None>
15.0255 	EXP 	New trial (rep=1, index=1): <Trial 5 (1 in rep 1) data={'pos': np.int64(150), 'corr_resp': 'v', 'thisN': 5, 'thisTrialN': 1, 'thisRepN': 1}>
15.0280 	DATA 	Keypress: x
15.0319 	EXP 	fixation: autoDraw = False
15.0319 	EXP 	line1: autoDraw = False
15.0319 	EXP 	line2: autoDraw = False
15.0319 	EXP 	line3: autoDraw = False
15.0319 	EXP 	line4: autoDraw = False
15.0319 	EXP 	probe: autoDraw = False
15.0319 	EXP 	fixation: autoDraw = True
15.1106 	EXP 	Device response: <KeyPress from None: t=15.020024165991344, value=x, duration=0.08041850000154227>
16.0140 	EXP 	line1: autoDraw = True
16.0140 	EXP 	line2: autoDraw = True
16.0140 	EXP 	line3: autoDraw = True
16.0140 	EXP 	line4: autoDraw = True
16.0313 	EXP 	fixation: autoDraw = False
17.0157 	INFO 	Keyboard events cleared
17.0155 	EXP 	probe: autoDraw = True
17.7324 	EXP 	Device response: <KeyPress from None: t=17.73098087499966, value=v, duration=None>
17.7329 	EXP 	New trial (rep=1, index=2): <Trial 6 (2 in rep 1) data={'pos': np.int64(50), 'corr_resp': 'c ', 'thisN': 6, 'thisTrialN': 2, 'thisRepN': 1}>
17.7395 	DATA 	Keypress: v
17.7441 	EXP 	fixation: autoDraw = False
17.7441 	EXP 	line1: autoDraw = False
17.7441 	EXP 	line2: autoDraw = False
17.7441 	EXP 	line3: autoDraw = False
17.7441 	EXP 	line4: autoDraw = False
17.7441 	EXP 	probe: autoDraw = False
17.7441 	EXP 	fixation: autoDraw = True
17.8787 	EXP 	Device response: <KeyPress from None: t=17.73098087499966, value=v, duration=0.14425541600212455>
18.7314 	EXP 	line1: autoDraw = True
18.7314 	EXP 	line2: autoDraw = True
18.7314 	EXP 	line3: autoDraw = True
18.7314 	EXP 	line4: autoDraw = True
18.7416 	EXP 	fixation: autoDraw = False
19.7313 	INFO 	Keyboard events cleared
19.7311 	EXP 	probe: autoDraw = True
20.2991 	EXP 	Device response: <KeyPress from None: t=20.294891832993017, value=c, duration=None>
20.2997 	EXP 	New trial (rep=1, index=3): <Trial 7 (3 in rep 1) data={'pos': np.int64(-150), 'corr_resp': 'z', 'thisN': 7, 'thisTrialN': 3, 'thisRepN': 1}>
20.3051 	DATA 	Keypress: c
20.3105 	EXP 	fixation: autoDraw = False
20.3105 	EXP 	line1: autoDraw = False
20.3105 	EXP 	line2: autoDraw = False
20.3105 	EXP 	line3: autoDraw = False
20.3105 	EXP 	line4: autoDraw = False
20.3105 	EXP 	probe: autoDraw = False
20.3105 	EXP 	fixation: autoDraw = True
20.4770 	EXP 	Device response: <KeyPress from None: t=20.294891832993017, value=c, duration=0.17292100000486244>
21.2994 	EXP 	line1: autoDraw = True
21.2994 	EXP 	line2: autoDraw = True
21.2994 	EXP 	line3: autoDraw = True
21.2994 	EXP 	line4: autoDraw = True
21.3083 	EXP 	fixation: autoDraw = False
22.2905 	INFO 	Keyboard events cleared
22.2903 	EXP 	probe: autoDraw = True
22.6823 	EXP 	Device response: <KeyPress from None: t=22.677815916002146, value=z, duration=None>
22.6829 	EXP 	New trial (rep=2, index=0): <Trial 8 (0 in rep 2) data={'pos': np.int64(-50), 'corr_resp': 'x', 'thisN': 8, 'thisTrialN': 0, 'thisRepN': 2}>
22.6903 	DATA 	Keypress: z
22.6949 	EXP 	fixation: autoDraw = False
22.6949 	EXP 	line1: autoDraw = False
22.6949 	EXP 	line2: autoDraw = False
22.6949 	EXP 	line3: autoDraw = False
22.6949 	EXP 	line4: autoDraw = False
22.6949 	EXP 	probe: autoDraw = False
22.6949 	EXP 	fixation: autoDraw = True
22.7930 	EXP 	Device response: <KeyPress from None: t=22.677815916002146, value=z, duration=0.10842516699631233>
23.6824 	EXP 	line1: autoDraw = True
23.6824 	EXP 	line2: autoDraw = True
23.6824 	EXP 	line3: autoDraw = True
23.6824 	EXP 	line4: autoDraw = True
23.6916 	EXP 	fixation: autoDraw = False
24.6748 	INFO 	Keyboard events cleared
24.6746 	EXP 	probe: autoDraw = True
25.0484 	EXP 	Device response: <KeyPress from None: t=25.044827249992522, value=x, duration=None>
25.0489 	EXP 	New trial (rep=2, index=1): <Trial 9 (1 in rep 2) data={'pos': np.int64(150), 'corr_resp': 'v', 'thisN': 9, 'thisTrialN': 1, 'thisRepN': 2}>
25.0555 	DATA 	Keypress: x
25.0605 	EXP 	fixation: autoDraw = False
25.0605 	EXP 	line1: autoDraw = False
25.0605 	EXP 	line2: autoDraw = False
25.0605 	EXP 	line3: autoDraw = False
25.0605 	EXP 	line4: autoDraw = False
25.0605 	EXP 	probe: autoDraw = False
25.0605 	EXP 	fixation: autoDraw = True
25.1768 	EXP 	Device response: <KeyPress from None: t=25.044827249992522, value=x, duration=0.12024745800590608>
26.0490 	EXP 	line1: autoDraw = True
26.0490 	EXP 	line2: autoDraw = True
26.0490 	EXP 	line3: autoDraw = True
26.0490 	EXP 	line4: autoDraw = True
26.0581 	EXP 	fixation: autoDraw = False
27.0490 	INFO 	Keyboard events cleared
27.0488 	EXP 	probe: autoDraw = True
27.3765 	EXP 	Device response: <KeyPress from None: t=27.371810458003893, value=v, duration=None>
27.3772 	EXP 	New trial (rep=2, index=2): <Trial 10 (2 in rep 2) data={'pos': np.int64(50), 'corr_resp': 'c ', 'thisN': 10, 'thisTrialN': 2, 'thisRepN': 2}>
27.3842 	DATA 	Keypress: v
27.3892 	EXP 	fixation: autoDraw = False
27.3892 	EXP 	line1: autoDraw = False
27.3892 	EXP 	line2: autoDraw = False
27.3892 	EXP 	line3: autoDraw = False
27.3892 	EXP 	line4: autoDraw = False
27.3892 	EXP 	probe: autoDraw = False
27.3892 	EXP 	fixation: autoDraw = True
27.4933 	EXP 	Device response: <KeyPress from None: t=27.371810458003893, value=v, duration=0.10822120799275581>
28.3748 	EXP 	line1: autoDraw = True
28.3748 	EXP 	line2: autoDraw = True
28.3748 	EXP 	line3: autoDraw = True
28.3748 	EXP 	line4: autoDraw = True
28.3795 	EXP 	fixation: autoDraw = False
29.3750 	INFO 	Keyboard events cleared
29.3748 	EXP 	probe: autoDraw = True
30.0943 	EXP 	Device response: <KeyPress from None: t=30.088614332998986, value=c, duration=None>
30.0949 	EXP 	New trial (rep=2, index=3): <Trial 11 (3 in rep 2) data={'pos': np.int64(-150), 'corr_resp': 'z', 'thisN': 11, 'thisTrialN': 3, 'thisRepN': 2}>
30.1034 	DATA 	Keypress: c
30.1252 	EXP 	fixation: autoDraw = False
30.1252 	EXP 	line1: autoDraw = False
30.1252 	EXP 	line2: autoDraw = False
30.1252 	EXP 	line3: autoDraw = False
30.1252 	EXP 	line4: autoDraw = False
30.1252 	EXP 	probe: autoDraw = False
30.1252 	EXP 	fixation: autoDraw = True
30.2429 	EXP 	Device response: <KeyPress from None: t=30.088614332998986, value=c, duration=0.14438662500469945>
31.0996 	EXP 	line1: autoDraw = True
31.0996 	EXP 	line2: autoDraw = True
31.0996 	EXP 	line3: autoDraw = True
31.0996 	EXP 	line4: autoDraw = True
31.1136 	EXP 	fixation: autoDraw = False
32.0920 	INFO 	Keyboard events cleared
32.0918 	EXP 	probe: autoDraw = True
32.6928 	EXP 	Device response: <KeyPress from None: t=32.69053104099294, value=z, duration=None>
32.6933 	EXP 	New trial (rep=3, index=0): <Trial 12 (0 in rep 3) data={'pos': np.int64(-50), 'corr_resp': 'x', 'thisN': 12, 'thisTrialN': 0, 'thisRepN': 3}>
32.7010 	DATA 	Keypress: z
32.7061 	EXP 	fixation: autoDraw = False
32.7061 	EXP 	line1: autoDraw = False
32.7061 	EXP 	line2: autoDraw = False
32.7061 	EXP 	line3: autoDraw = False
32.7061 	EXP 	line4: autoDraw = False
32.7061 	EXP 	probe: autoDraw = False
32.7061 	EXP 	fixation: autoDraw = True
32.8103 	EXP 	Device response: <KeyPress from None: t=32.69053104099294, value=z, duration=0.11639012501109391>
33.6917 	EXP 	line1: autoDraw = True
33.6917 	EXP 	line2: autoDraw = True
33.6917 	EXP 	line3: autoDraw = True
33.6917 	EXP 	line4: autoDraw = True
33.6969 	EXP 	fixation: autoDraw = False
34.6918 	INFO 	Keyboard events cleared
34.6916 	EXP 	probe: autoDraw = True
35.4263 	EXP 	Device response: <KeyPress from None: t=35.418374916000175, value=x, duration=None>
35.4269 	EXP 	New trial (rep=3, index=1): <Trial 13 (1 in rep 3) data={'pos': np.int64(150), 'corr_resp': 'v', 'thisN': 13, 'thisTrialN': 1, 'thisRepN': 3}>
35.4321 	DATA 	Keypress: x
35.4365 	EXP 	fixation: autoDraw = False
35.4365 	EXP 	line1: autoDraw = False
35.4365 	EXP 	line2: autoDraw = False
35.4365 	EXP 	line3: autoDraw = False
35.4365 	EXP 	line4: autoDraw = False
35.4365 	EXP 	probe: autoDraw = False
35.4365 	EXP 	fixation: autoDraw = True
35.5778 	EXP 	Device response: <KeyPress from None: t=35.418374916000175, value=x, duration=0.1564672919921577>
36.4254 	EXP 	line1: autoDraw = True
36.4254 	EXP 	line2: autoDraw = True
36.4254 	EXP 	line3: autoDraw = True
36.4254 	EXP 	line4: autoDraw = True
36.4320 	EXP 	fixation: autoDraw = False
37.4240 	INFO 	Keyboard events cleared
37.4236 	EXP 	probe: autoDraw = True
37.8292 	EXP 	Device response: <KeyPress from None: t=37.80451470799744, value=v, duration=None>
37.8298 	EXP 	New trial (rep=3, index=2): <Trial 14 (2 in rep 3) data={'pos': np.int64(50), 'corr_resp': 'c ', 'thisN': 14, 'thisTrialN': 2, 'thisRepN': 3}>
37.8341 	DATA 	Keypress: v
37.8388 	EXP 	fixation: autoDraw = False
37.8388 	EXP 	line1: autoDraw = False
37.8388 	EXP 	line2: autoDraw = False
37.8388 	EXP 	line3: autoDraw = False
37.8388 	EXP 	line4: autoDraw = False
37.8388 	EXP 	probe: autoDraw = False
37.8388 	EXP 	fixation: autoDraw = True
37.9437 	EXP 	Device response: <KeyPress from None: t=37.80451470799744, value=v, duration=0.13223724999988917>
38.8246 	EXP 	line1: autoDraw = True
38.8246 	EXP 	line2: autoDraw = True
38.8246 	EXP 	line3: autoDraw = True
38.8246 	EXP 	line4: autoDraw = True
38.8312 	EXP 	fixation: autoDraw = False
39.8251 	INFO 	Keyboard events cleared
39.8249 	EXP 	probe: autoDraw = True
40.2765 	EXP 	Device response: <KeyPress from None: t=40.27438470799825, value=c, duration=None>
40.2771 	EXP 	New trial (rep=3, index=3): <Trial 15 (3 in rep 3) data={'pos': np.int64(-150), 'corr_resp': 'z', 'thisN': 15, 'thisTrialN': 3, 'thisRepN': 3}>
40.2842 	DATA 	Keypress: c
40.2893 	EXP 	fixation: autoDraw = False
40.2893 	EXP 	line1: autoDraw = False
40.2893 	EXP 	line2: autoDraw = False
40.2893 	EXP 	line3: autoDraw = False
40.2893 	EXP 	line4: autoDraw = False
40.2893 	EXP 	probe: autoDraw = False
40.2893 	EXP 	fixation: autoDraw = True
40.4433 	EXP 	Device response: <KeyPress from None: t=40.27438470799825, value=c, duration=0.16433304200472776>
41.2748 	EXP 	line1: autoDraw = True
41.2748 	EXP 	line2: autoDraw = True
41.2748 	EXP 	line3: autoDraw = True
41.2748 	EXP 	line4: autoDraw = True
41.2814 	EXP 	fixation: autoDraw = False
42.2751 	INFO 	Keyboard events cleared
42.2749 	EXP 	probe: autoDraw = True
42.6928 	EXP 	Device response: <KeyPress from None: t=42.68721991599887, value=z, duration=None>
42.6935 	EXP 	New trial (rep=4, index=0): <Trial 16 (0 in rep 4) data={'pos': np.int64(-50), 'corr_resp': 'x', 'thisN': 16, 'thisTrialN': 0, 'thisRepN': 4}>
42.7005 	DATA 	Keypress: z
42.7056 	EXP 	fixation: autoDraw = False
42.7056 	EXP 	line1: autoDraw = False
42.7056 	EXP 	line2: autoDraw = False
42.7056 	EXP 	line3: autoDraw = False
42.7056 	EXP 	line4: autoDraw = False
42.7056 	EXP 	probe: autoDraw = False
42.7056 	EXP 	fixation: autoDraw = True
42.8434 	EXP 	Device response: <KeyPress from None: t=42.68721991599887, value=z, duration=0.15243112499592826>
43.6916 	EXP 	line1: autoDraw = True
43.6916 	EXP 	line2: autoDraw = True
43.6916 	EXP 	line3: autoDraw = True
43.6916 	EXP 	line4: autoDraw = True
43.6975 	EXP 	fixation: autoDraw = False
44.6915 	INFO 	Keyboard events cleared
44.6913 	EXP 	probe: autoDraw = True
45.1330 	EXP 	Device response: <KeyPress from None: t=45.125219583002036, value=x, duration=None>
45.1336 	EXP 	New trial (rep=4, index=1): <Trial 17 (1 in rep 4) data={'pos': np.int64(150), 'corr_resp': 'v', 'thisN': 17, 'thisTrialN': 1, 'thisRepN': 4}>
45.1411 	DATA 	Keypress: x
45.1452 	EXP 	fixation: autoDraw = False
45.1452 	EXP 	line1: autoDraw = False
45.1452 	EXP 	line2: autoDraw = False
45.1452 	EXP 	line3: autoDraw = False
45.1452 	EXP 	line4: autoDraw = False
45.1452 	EXP 	probe: autoDraw = False
45.1452 	EXP 	fixation: autoDraw = True
45.2938 	EXP 	Device response: <KeyPress from None: t=45.125219583002036, value=x, duration=0.15630562500155065>
46.1321 	EXP 	line1: autoDraw = True
46.1321 	EXP 	line2: autoDraw = True
46.1321 	EXP 	line3: autoDraw = True
46.1321 	EXP 	line4: autoDraw = True
46.1419 	EXP 	fixation: autoDraw = False
47.1321 	INFO 	Keyboard events cleared
47.1319 	EXP 	probe: autoDraw = True
47.5994 	EXP 	Device response: <KeyPress from None: t=47.598136832995806, value=v, duration=None>
47.5999 	EXP 	New trial (rep=4, index=2): <Trial 18 (2 in rep 4) data={'pos': np.int64(50), 'corr_resp': 'c ', 'thisN': 18, 'thisTrialN': 2, 'thisRepN': 4}>
47.6067 	DATA 	Keypress: v
47.6112 	EXP 	fixation: autoDraw = False
47.6112 	EXP 	line1: autoDraw = False
47.6112 	EXP 	line2: autoDraw = False
47.6112 	EXP 	line3: autoDraw = False
47.6112 	EXP 	line4: autoDraw = False
47.6112 	EXP 	probe: autoDraw = False
47.6112 	EXP 	fixation: autoDraw = True
47.7650 	EXP 	Device response: <KeyPress from None: t=47.598136832995806, value=v, duration=0.16434741699777078>
48.5996 	EXP 	line1: autoDraw = True
48.5996 	EXP 	line2: autoDraw = True
48.5996 	EXP 	line3: autoDraw = True
48.5996 	EXP 	line4: autoDraw = True
48.6076 	EXP 	fixation: autoDraw = False
49.5989 	INFO 	Keyboard events cleared
49.5986 	EXP 	probe: autoDraw = True
49.9429 	EXP 	Device response: <KeyPress from None: t=49.934144874991034, value=c, duration=None>
49.9436 	EXP 	New trial (rep=4, index=3): <Trial 19 (3 in rep 4) data={'pos': np.int64(-150), 'corr_resp': 'z', 'thisN': 19, 'thisTrialN': 3, 'thisRepN': 4}>
49.9504 	DATA 	Keypress: c
49.9553 	EXP 	fixation: autoDraw = False
49.9553 	EXP 	line1: autoDraw = False
49.9553 	EXP 	line2: autoDraw = False
49.9553 	EXP 	line3: autoDraw = False
49.9553 	EXP 	line4: autoDraw = False
49.9553 	EXP 	probe: autoDraw = False
49.9553 	EXP 	fixation: autoDraw = True
50.0930 	EXP 	Device response: <KeyPress from None: t=49.934144874991034, value=c, duration=0.15223112500098068>
50.9416 	EXP 	line1: autoDraw = True
50.9416 	EXP 	line2: autoDraw = True
50.9416 	EXP 	line3: autoDraw = True
50.9416 	EXP 	line4: autoDraw = True
50.9478 	EXP 	fixation: autoDraw = False
51.9419 	INFO 	Keyboard events cleared
51.9417 	EXP 	probe: autoDraw = True
52.2320 	EXP 	Device response: <KeyPress from None: t=52.227010165996035, value=z, duration=None>
52.2324 	EXP 	New trial (rep=5, index=0): <Trial 20 (0 in rep 5) data={'pos': np.int64(-50), 'corr_resp': 'x', 'thisN': 20, 'thisTrialN': 0, 'thisRepN': 5}>
52.2389 	DATA 	Keypress: z
52.2434 	EXP 	fixation: autoDraw = False
52.2434 	EXP 	line1: autoDraw = False
52.2434 	EXP 	line2: autoDraw = False
52.2434 	EXP 	line3: autoDraw = False
52.2434 	EXP 	line4: autoDraw = False
52.2434 	EXP 	probe: autoDraw = False
52.2434 	EXP 	fixation: autoDraw = True
52.3811 	EXP 	Device response: <KeyPress from None: t=52.227010165996035, value=z, duration=0.14826800000446383>
53.2326 	EXP 	line1: autoDraw = True
53.2326 	EXP 	line2: autoDraw = True
53.2326 	EXP 	line3: autoDraw = True
53.2326 	EXP 	line4: autoDraw = True
53.2412 	EXP 	fixation: autoDraw = False
54.2322 	INFO 	Keyboard events cleared
54.2319 	EXP 	probe: autoDraw = True
55.0925 	EXP 	Device response: <KeyPress from None: t=55.09104579099221, value=x, duration=None>
55.0930 	EXP 	New trial (rep=5, index=1): <Trial 21 (1 in rep 5) data={'pos': np.int64(150), 'corr_resp': 'v', 'thisN': 21, 'thisTrialN': 1, 'thisRepN': 5}>
55.0978 	EXP 	fixation: autoDraw = False
55.0978 	EXP 	line1: autoDraw = False
55.0978 	EXP 	line2: autoDraw = False
55.0978 	EXP 	line3: autoDraw = False
55.0978 	EXP 	line4: autoDraw = False
55.0978 	EXP 	probe: autoDraw = False
55.0978 	EXP 	fixation: autoDraw = True
55.1010 	DATA 	Keypress: x
55.2270 	EXP 	Device response: <KeyPress from None: t=55.09104579099221, value=x, duration=0.13222295900050085>
56.0916 	EXP 	line1: autoDraw = True
56.0916 	EXP 	line2: autoDraw = True
56.0916 	EXP 	line3: autoDraw = True
56.0916 	EXP 	line4: autoDraw = True
56.0983 	EXP 	fixation: autoDraw = False
57.0917 	INFO 	Keyboard events cleared
57.0915 	EXP 	probe: autoDraw = True
58.1597 	EXP 	Device response: <KeyPress from None: t=58.14887287499732, value=v, duration=None>
58.1602 	EXP 	New trial (rep=5, index=2): <Trial 22 (2 in rep 5) data={'pos': np.int64(50), 'corr_resp': 'c ', 'thisN': 22, 'thisTrialN': 2, 'thisRepN': 5}>
58.1656 	DATA 	Keypress: v
58.1702 	EXP 	fixation: autoDraw = False
58.1702 	EXP 	line1: autoDraw = False
58.1702 	EXP 	line2: autoDraw = False
58.1702 	EXP 	line3: autoDraw = False
58.1702 	EXP 	line4: autoDraw = False
58.1702 	EXP 	probe: autoDraw = False
58.1702 	EXP 	fixation: autoDraw = True
58.2932 	EXP 	Device response: <KeyPress from None: t=58.14887287499732, value=v, duration=0.140263249995769>
59.1659 	EXP 	fixation: autoDraw = False
59.1659 	EXP 	line1: autoDraw = True
59.1659 	EXP 	line2: autoDraw = True
59.1659 	EXP 	line3: autoDraw = True
59.1659 	EXP 	line4: autoDraw = True
60.1582 	INFO 	Keyboard events cleared
60.1580 	EXP 	probe: autoDraw = True
60.6482 	EXP 	Device response: <KeyPress from None: t=60.642735290995915, value=c, duration=None>
60.6486 	EXP 	New trial (rep=5, index=3): <Trial 23 (3 in rep 5) data={'pos': np.int64(-150), 'corr_resp': 'z', 'thisN': 23, 'thisTrialN': 3, 'thisRepN': 5}>
60.6554 	DATA 	Keypress: c
60.6602 	EXP 	fixation: autoDraw = False
60.6602 	EXP 	line1: autoDraw = False
60.6602 	EXP 	line2: autoDraw = False
60.6602 	EXP 	line3: autoDraw = False
60.6602 	EXP 	line4: autoDraw = False
60.6602 	EXP 	probe: autoDraw = False
60.6602 	EXP 	fixation: autoDraw = True
60.8258 	EXP 	Device response: <KeyPress from None: t=60.642735290995915, value=c, duration=0.18038045900175348>
61.6486 	EXP 	line1: autoDraw = True
61.6486 	EXP 	line2: autoDraw = True
61.6486 	EXP 	line3: autoDraw = True
61.6486 	EXP 	line4: autoDraw = True
61.6581 	EXP 	fixation: autoDraw = False
62.6453 	INFO 	Keyboard events cleared
62.6452 	EXP 	probe: autoDraw = True
63.1484 	EXP 	Device response: <KeyPress from None: t=63.14166391600156, value=z, duration=None>
63.1488 	EXP 	New trial (rep=6, index=0): <Trial 24 (0 in rep 6) data={'pos': np.int64(-50), 'corr_resp': 'x', 'thisN': 24, 'thisTrialN': 0, 'thisRepN': 6}>
63.1523 	DATA 	Keypress: z
63.1569 	EXP 	fixation: autoDraw = False
63.1569 	EXP 	line1: autoDraw = False
63.1569 	EXP 	line2: autoDraw = False
63.1569 	EXP 	line3: autoDraw = False
63.1569 	EXP 	line4: autoDraw = False
63.1569 	EXP 	probe: autoDraw = False
63.1569 	EXP 	fixation: autoDraw = True
63.3218 	EXP 	Device response: <KeyPress from None: t=63.14166391600156, value=z, duration=0.15628833399387076>
64.1473 	EXP 	fixation: autoDraw = False
64.1473 	EXP 	line1: autoDraw = True
64.1473 	EXP 	line2: autoDraw = True
64.1473 	EXP 	line3: autoDraw = True
64.1473 	EXP 	line4: autoDraw = True
65.1449 	INFO 	Keyboard events cleared
65.1448 	EXP 	probe: autoDraw = True
65.4595 	EXP 	Device response: <KeyPress from None: t=65.44856024999171, value=x, duration=None>
65.4602 	EXP 	New trial (rep=6, index=1): <Trial 25 (1 in rep 6) data={'pos': np.int64(150), 'corr_resp': 'v', 'thisN': 25, 'thisTrialN': 1, 'thisRepN': 6}>
65.4671 	DATA 	Keypress: x
65.4719 	EXP 	fixation: autoDraw = False
65.4719 	EXP 	line1: autoDraw = False
65.4719 	EXP 	line2: autoDraw = False
65.4719 	EXP 	line3: autoDraw = False
65.4719 	EXP 	line4: autoDraw = False
65.4719 	EXP 	probe: autoDraw = False
65.4719 	EXP 	fixation: autoDraw = True
65.5933 	EXP 	Device response: <KeyPress from None: t=65.44856024999171, value=x, duration=0.13678879100189079>
66.4582 	EXP 	line1: autoDraw = True
66.4582 	EXP 	line2: autoDraw = True
66.4582 	EXP 	line3: autoDraw = True
66.4582 	EXP 	line4: autoDraw = True
66.4647 	EXP 	fixation: autoDraw = False
67.4584 	INFO 	Keyboard events cleared
67.4582 	EXP 	probe: autoDraw = True
67.8158 	EXP 	Device response: <KeyPress from None: t=67.81365283299237, value=v, duration=None>
67.8162 	EXP 	New trial (rep=6, index=2): <Trial 26 (2 in rep 6) data={'pos': np.int64(50), 'corr_resp': 'c ', 'thisN': 26, 'thisTrialN': 2, 'thisRepN': 6}>
67.8228 	DATA 	Keypress: v
67.8273 	EXP 	fixation: autoDraw = False
67.8273 	EXP 	line1: autoDraw = False
67.8273 	EXP 	line2: autoDraw = False
67.8273 	EXP 	line3: autoDraw = False
67.8273 	EXP 	line4: autoDraw = False
67.8273 	EXP 	probe: autoDraw = False
67.8273 	EXP 	fixation: autoDraw = True
67.9594 	EXP 	Device response: <KeyPress from None: t=67.81365283299237, value=v, duration=0.14022549999936018>
68.8150 	EXP 	line1: autoDraw = True
68.8150 	EXP 	line2: autoDraw = True
68.8150 	EXP 	line3: autoDraw = True
68.8150 	EXP 	line4: autoDraw = True
68.8248 	EXP 	fixation: autoDraw = False
69.8072 	INFO 	Keyboard events cleared
69.8070 	EXP 	probe: autoDraw = True
70.1941 	EXP 	Device response: <KeyPress from None: t=70.19052633299725, value=c, duration=None>
70.1947 	EXP 	New trial (rep=6, index=3): <Trial 27 (3 in rep 6) data={'pos': np.int64(-150), 'corr_resp': 'z', 'thisN': 27, 'thisTrialN': 3, 'thisRepN': 6}>
70.2018 	DATA 	Keypress: c
70.2084 	EXP 	fixation: autoDraw = False
70.2084 	EXP 	line1: autoDraw = False
70.2084 	EXP 	line2: autoDraw = False
70.2084 	EXP 	line3: autoDraw = False
70.2084 	EXP 	line4: autoDraw = False
70.2084 	EXP 	probe: autoDraw = False
70.2084 	EXP 	fixation: autoDraw = True
70.3762 	EXP 	Device response: <KeyPress from None: t=70.19052633299725, value=c, duration=0.1803390830027638>
71.1915 	EXP 	line1: autoDraw = True
71.1915 	EXP 	line2: autoDraw = True
71.1915 	EXP 	line3: autoDraw = True
71.1915 	EXP 	line4: autoDraw = True
71.1976 	EXP 	fixation: autoDraw = False
72.1915 	INFO 	Keyboard events cleared
72.1913 	EXP 	probe: autoDraw = True
72.5483 	EXP 	Device response: <KeyPress from None: t=72.54546379100066, value=z, duration=None>
72.5488 	EXP 	New trial (rep=7, index=0): <Trial 28 (0 in rep 7) data={'pos': np.int64(-50), 'corr_resp': 'x', 'thisN': 28, 'thisTrialN': 0, 'thisRepN': 7}>
72.5555 	DATA 	Keypress: z
72.5600 	EXP 	fixation: autoDraw = False
72.5600 	EXP 	line1: autoDraw = False
72.5600 	EXP 	line2: autoDraw = False
72.5600 	EXP 	line3: autoDraw = False
72.5600 	EXP 	line4: autoDraw = False
72.5600 	EXP 	probe: autoDraw = False
72.5600 	EXP 	fixation: autoDraw = True
72.6775 	EXP 	Device response: <KeyPress from None: t=72.54546379100066, value=z, duration=0.12834579199261498>
73.5487 	EXP 	line1: autoDraw = True
73.5487 	EXP 	line2: autoDraw = True
73.5487 	EXP 	line3: autoDraw = True
73.5487 	EXP 	line4: autoDraw = True
73.5577 	EXP 	fixation: autoDraw = False
74.5492 	INFO 	Keyboard events cleared
74.5490 	EXP 	probe: autoDraw = True
74.9484 	EXP 	Device response: <KeyPress from None: t=74.942377415995, value=x, duration=None>
74.9489 	EXP 	New trial (rep=7, index=1): <Trial 29 (1 in rep 7) data={'pos': np.int64(150), 'corr_resp': 'v', 'thisN': 29, 'thisTrialN': 1, 'thisRepN': 7}>
74.9554 	DATA 	Keypress: x
74.9607 	EXP 	fixation: autoDraw = False
74.9607 	EXP 	line1: autoDraw = False
74.9607 	EXP 	line2: autoDraw = False
74.9607 	EXP 	line3: autoDraw = False
74.9607 	EXP 	line4: autoDraw = False
74.9607 	EXP 	probe: autoDraw = False
74.9607 	EXP 	fixation: autoDraw = True
75.1139 	EXP 	Device response: <KeyPress from None: t=74.942377415995, value=x, duration=0.1643597500078613>
75.9415 	EXP 	line1: autoDraw = True
75.9415 	EXP 	line2: autoDraw = True
75.9415 	EXP 	line3: autoDraw = True
75.9415 	EXP 	line4: autoDraw = True
75.9582 	EXP 	fixation: autoDraw = False
76.9486 	INFO 	Keyboard events cleared
76.9484 	EXP 	probe: autoDraw = True
77.3425 	EXP 	Device response: <KeyPress from None: t=77.33636587500223, value=v, duration=None>
77.3430 	EXP 	New trial (rep=7, index=2): <Trial 30 (2 in rep 7) data={'pos': np.int64(50), 'corr_resp': 'c ', 'thisN': 30, 'thisTrialN': 2, 'thisRepN': 7}>
77.3497 	DATA 	Keypress: v
77.3545 	EXP 	fixation: autoDraw = False
77.3545 	EXP 	line1: autoDraw = False
77.3545 	EXP 	line2: autoDraw = False
77.3545 	EXP 	line3: autoDraw = False
77.3545 	EXP 	line4: autoDraw = False
77.3545 	EXP 	probe: autoDraw = False
77.3545 	EXP 	fixation: autoDraw = True
77.5100 	EXP 	Device response: <KeyPress from None: t=77.33636587500223, value=v, duration=0.16834262499469332>
78.3414 	EXP 	line1: autoDraw = True
78.3414 	EXP 	line2: autoDraw = True
78.3414 	EXP 	line3: autoDraw = True
78.3414 	EXP 	line4: autoDraw = True
78.3472 	EXP 	fixation: autoDraw = False
79.3418 	INFO 	Keyboard events cleared
79.3416 	EXP 	probe: autoDraw = True
80.0596 	EXP 	Device response: <KeyPress from None: t=80.05615095800022, value=c, duration=None>
80.0602 	EXP 	New trial (rep=7, index=3): <Trial 31 (3 in rep 7) data={'pos': np.int64(-150), 'corr_resp': 'z', 'thisN': 31, 'thisTrialN': 3, 'thisRepN': 7}>
80.0673 	DATA 	Keypress: c
80.0723 	EXP 	fixation: autoDraw = False
80.0723 	EXP 	line1: autoDraw = False
80.0723 	EXP 	line2: autoDraw = False
80.0723 	EXP 	line3: autoDraw = False
80.0723 	EXP 	line4: autoDraw = False
80.0723 	EXP 	probe: autoDraw = False
80.0723 	EXP 	fixation: autoDraw = True
80.2258 	EXP 	Device response: <KeyPress from None: t=80.05615095800022, value=c, duration=0.1647125000017695>
81.0583 	EXP 	line1: autoDraw = True
81.0583 	EXP 	line2: autoDraw = True
81.0583 	EXP 	line3: autoDraw = True
81.0583 	EXP 	line4: autoDraw = True
81.0640 	EXP 	fixation: autoDraw = False
82.0583 	INFO 	Keyboard events cleared
82.0581 	EXP 	probe: autoDraw = True
82.6308 	EXP 	Device response: <KeyPress from None: t=82.62916766600392, value=z, duration=None>
82.6311 	EXP 	New trial (rep=8, index=0): <Trial 32 (0 in rep 8) data={'pos': np.int64(-50), 'corr_resp': 'x', 'thisN': 32, 'thisTrialN': 0, 'thisRepN': 8}>
82.6351 	DATA 	Keypress: z
82.6401 	EXP 	fixation: autoDraw = False
82.6401 	EXP 	line1: autoDraw = False
82.6401 	EXP 	line2: autoDraw = False
82.6401 	EXP 	line3: autoDraw = False
82.6401 	EXP 	line4: autoDraw = False
82.6401 	EXP 	probe: autoDraw = False
82.6401 	EXP 	fixation: autoDraw = True
82.7481 	EXP 	Device response: <KeyPress from None: t=82.62916766600392, value=z, duration=0.11237174998677801>
83.6234 	EXP 	line1: autoDraw = True
83.6234 	EXP 	line2: autoDraw = True
83.6234 	EXP 	line3: autoDraw = True
83.6234 	EXP 	line4: autoDraw = True
83.6287 	EXP 	fixation: autoDraw = False
84.6250 	INFO 	Keyboard events cleared
84.6247 	EXP 	probe: autoDraw = True
85.1093 	EXP 	Device response: <KeyPress from None: t=85.10310633300105, value=x, duration=None>
85.1098 	EXP 	New trial (rep=8, index=1): <Trial 33 (1 in rep 8) data={'pos': np.int64(150), 'corr_resp': 'v', 'thisN': 33, 'thisTrialN': 1, 'thisRepN': 8}>
85.1166 	DATA 	Keypress: x
85.1215 	EXP 	fixation: autoDraw = False
85.1215 	EXP 	line1: autoDraw = False
85.1215 	EXP 	line2: autoDraw = False
85.1215 	EXP 	line3: autoDraw = False
85.1215 	EXP 	line4: autoDraw = False
85.1215 	EXP 	probe: autoDraw = False
85.1215 	EXP 	fixation: autoDraw = True
85.2261 	EXP 	Device response: <KeyPress from None: t=85.10310633300105, value=x, duration=0.11225666699465364>
86.1082 	EXP 	line1: autoDraw = True
86.1082 	EXP 	line2: autoDraw = True
86.1082 	EXP 	line3: autoDraw = True
86.1082 	EXP 	line4: autoDraw = True
86.1137 	EXP 	fixation: autoDraw = False
87.1082 	INFO 	Keyboard events cleared
87.1080 	EXP 	probe: autoDraw = True
87.3760 	EXP 	Device response: <KeyPress from None: t=87.36796524999954, value=v, duration=None>
87.3766 	EXP 	New trial (rep=8, index=2): <Trial 34 (2 in rep 8) data={'pos': np.int64(50), 'corr_resp': 'c ', 'thisN': 34, 'thisTrialN': 2, 'thisRepN': 8}>
87.3830 	DATA 	Keypress: v
87.3878 	EXP 	fixation: autoDraw = False
87.3878 	EXP 	line1: autoDraw = False
87.3878 	EXP 	line2: autoDraw = False
87.3878 	EXP 	line3: autoDraw = False
87.3878 	EXP 	line4: autoDraw = False
87.3878 	EXP 	probe: autoDraw = False
87.3878 	EXP 	fixation: autoDraw = True
87.5434 	EXP 	Device response: <KeyPress from None: t=87.36796524999954, value=v, duration=0.17242129100486636>
88.3749 	EXP 	line1: autoDraw = True
88.3749 	EXP 	line2: autoDraw = True
88.3749 	EXP 	line3: autoDraw = True
88.3749 	EXP 	line4: autoDraw = True
88.3812 	EXP 	fixation: autoDraw = False
89.3747 	INFO 	Keyboard events cleared
89.3743 	EXP 	probe: autoDraw = True
89.8661 	EXP 	Device response: <KeyPress from None: t=89.8619321659935, value=c, duration=None>
89.8670 	EXP 	New trial (rep=8, index=3): <Trial 35 (3 in rep 8) data={'pos': np.int64(-150), 'corr_resp': 'z', 'thisN': 35, 'thisTrialN': 3, 'thisRepN': 8}>
89.8761 	DATA 	Keypress: c
89.8812 	EXP 	fixation: autoDraw = False
89.8812 	EXP 	line1: autoDraw = False
89.8812 	EXP 	line2: autoDraw = False
89.8812 	EXP 	line3: autoDraw = False
89.8812 	EXP 	line4: autoDraw = False
89.8812 	EXP 	probe: autoDraw = False
89.8812 	EXP 	fixation: autoDraw = True
90.0595 	EXP 	Device response: <KeyPress from None: t=89.8619321659935, value=c, duration=0.18836245899728965>
90.8654 	EXP 	line1: autoDraw = True
90.8654 	EXP 	line2: autoDraw = True
90.8654 	EXP 	line3: autoDraw = True
90.8654 	EXP 	line4: autoDraw = True
90.8748 	EXP 	fixation: autoDraw = False
91.8737 	INFO 	Keyboard events cleared
91.8736 	EXP 	probe: autoDraw = True
92.2427 	EXP 	Device response: <KeyPress from None: t=92.2369310829963, value=z, duration=None>
92.2432 	EXP 	New trial (rep=9, index=0): <Trial 36 (0 in rep 9) data={'pos': np.int64(-50), 'corr_resp': 'x', 'thisN': 36, 'thisTrialN': 0, 'thisRepN': 9}>
92.2503 	DATA 	Keypress: z
92.2554 	EXP 	fixation: autoDraw = False
92.2554 	EXP 	line1: autoDraw = False
92.2554 	EXP 	line2: autoDraw = False
92.2554 	EXP 	line3: autoDraw = False
92.2554 	EXP 	line4: autoDraw = False
92.2554 	EXP 	probe: autoDraw = False
92.2554 	EXP 	fixation: autoDraw = True
92.4103 	EXP 	Device response: <KeyPress from None: t=92.2369310829963, value=z, duration=0.16017591700074263>
93.2415 	EXP 	line1: autoDraw = True
93.2415 	EXP 	line2: autoDraw = True
93.2415 	EXP 	line3: autoDraw = True
93.2415 	EXP 	line4: autoDraw = True
93.2481 	EXP 	fixation: autoDraw = False
94.2415 	INFO 	Keyboard events cleared
94.2413 	EXP 	probe: autoDraw = True
94.7157 	EXP 	Device response: <KeyPress from None: t=94.70877187499718, value=x, duration=None>
94.7162 	EXP 	New trial (rep=9, index=1): <Trial 37 (1 in rep 9) data={'pos': np.int64(150), 'corr_resp': 'v', 'thisN': 37, 'thisTrialN': 1, 'thisRepN': 9}>
94.7225 	DATA 	Keypress: x
94.7270 	EXP 	fixation: autoDraw = False
94.7270 	EXP 	line1: autoDraw = False
94.7270 	EXP 	line2: autoDraw = False
94.7270 	EXP 	line3: autoDraw = False
94.7270 	EXP 	line4: autoDraw = False
94.7270 	EXP 	probe: autoDraw = False
94.7270 	EXP 	fixation: autoDraw = True
94.9095 	EXP 	Device response: <KeyPress from None: t=94.70877187499718, value=x, duration=0.19635862500581425>
95.7153 	EXP 	line1: autoDraw = True
95.7153 	EXP 	line2: autoDraw = True
95.7153 	EXP 	line3: autoDraw = True
95.7153 	EXP 	line4: autoDraw = True
95.7247 	EXP 	fixation: autoDraw = False
96.7083 	INFO 	Keyboard events cleared
96.7077 	EXP 	probe: autoDraw = True
97.0327 	EXP 	Device response: <KeyPress from None: t=97.02878612499626, value=v, duration=None>
97.0333 	EXP 	New trial (rep=9, index=2): <Trial 38 (2 in rep 9) data={'pos': np.int64(50), 'corr_resp': 'c ', 'thisN': 38, 'thisTrialN': 2, 'thisRepN': 9}>
97.0416 	DATA 	Keypress: v
97.0458 	EXP 	fixation: autoDraw = False
97.0458 	EXP 	line1: autoDraw = False
97.0458 	EXP 	line2: autoDraw = False
97.0458 	EXP 	line3: autoDraw = False
97.0458 	EXP 	line4: autoDraw = False
97.0458 	EXP 	probe: autoDraw = False
97.0458 	EXP 	fixation: autoDraw = True
97.2104 	EXP 	Device response: <KeyPress from None: t=97.02878612499626, value=v, duration=0.17630920800729655>
98.0306 	EXP 	line1: autoDraw = True
98.0306 	EXP 	line2: autoDraw = True
98.0306 	EXP 	line3: autoDraw = True
98.0306 	EXP 	line4: autoDraw = True
98.0412 	EXP 	fixation: autoDraw = False
99.0411 	INFO 	Keyboard events cleared
99.0410 	EXP 	probe: autoDraw = True
99.5928 	EXP 	Device response: <KeyPress from None: t=99.58257195800252, value=c, duration=None>
99.5933 	EXP 	New trial (rep=9, index=3): <Trial 39 (3 in rep 9) data={'pos': np.int64(-150), 'corr_resp': 'z', 'thisN': 39, 'thisTrialN': 3, 'thisRepN': 9}>
99.6002 	DATA 	Keypress: c
99.6054 	EXP 	fixation: autoDraw = False
99.6054 	EXP 	line1: autoDraw = False
99.6054 	EXP 	line2: autoDraw = False
99.6054 	EXP 	line3: autoDraw = False
99.6054 	EXP 	line4: autoDraw = False
99.6054 	EXP 	probe: autoDraw = False
99.6054 	EXP 	fixation: autoDraw = True
99.7938 	EXP 	Device response: <KeyPress from None: t=99.58257195800252, value=c, duration=0.2004008329968201>
100.5915 	EXP 	line1: autoDraw = True
100.5915 	EXP 	line2: autoDraw = True
100.5915 	EXP 	line3: autoDraw = True
100.5915 	EXP 	line4: autoDraw = True
100.5977 	EXP 	fixation: autoDraw = False
101.5918 	INFO 	Keyboard events cleared
101.5916 	EXP 	probe: autoDraw = True
101.9152 	EXP 	Device response: <KeyPress from None: t=101.91177279099065, value=z, duration=None>
101.9157 	EXP 	New trial (rep=10, index=0): <Trial 40 (0 in rep 10) data={'pos': np.int64(-50), 'corr_resp': 'x', 'thisN': 40, 'thisTrialN': 0, 'thisRepN': 10}>
101.9230 	DATA 	Keypress: z
101.9276 	EXP 	fixation: autoDraw = False
101.9276 	EXP 	line1: autoDraw = False
101.9276 	EXP 	line2: autoDraw = False
101.9276 	EXP 	line3: autoDraw = False
101.9276 	EXP 	line4: autoDraw = False
101.9276 	EXP 	probe: autoDraw = False
101.9276 	EXP 	fixation: autoDraw = True
102.1097 	EXP 	Device response: <KeyPress from None: t=101.91177279099065, value=z, duration=0.19215754201286472>
102.9141 	EXP 	line1: autoDraw = True
102.9141 	EXP 	line2: autoDraw = True
102.9141 	EXP 	line3: autoDraw = True
102.9141 	EXP 	line4: autoDraw = True
102.9244 	EXP 	fixation: autoDraw = False
103.9141 	INFO 	Keyboard events cleared
103.9139 	EXP 	probe: autoDraw = True
104.2819 	EXP 	Device response: <KeyPress from None: t=104.2784445409925, value=x, duration=None>
104.2823 	EXP 	New trial (rep=10, index=1): <Trial 41 (1 in rep 10) data={'pos': np.int64(150), 'corr_resp': 'v', 'thisN': 41, 'thisTrialN': 1, 'thisRepN': 10}>
104.2889 	DATA 	Keypress: x
104.2939 	EXP 	fixation: autoDraw = False
104.2939 	EXP 	line1: autoDraw = False
104.2939 	EXP 	line2: autoDraw = False
104.2939 	EXP 	line3: autoDraw = False
104.2939 	EXP 	line4: autoDraw = False
104.2939 	EXP 	probe: autoDraw = False
104.2939 	EXP 	fixation: autoDraw = True
104.4430 	EXP 	Device response: <KeyPress from None: t=104.2784445409925, value=x, duration=0.161081792000914>
105.2812 	EXP 	line1: autoDraw = True
105.2812 	EXP 	line2: autoDraw = True
105.2812 	EXP 	line3: autoDraw = True
105.2812 	EXP 	line4: autoDraw = True
105.2917 	EXP 	fixation: autoDraw = False
106.2825 	INFO 	Keyboard events cleared
106.2823 	EXP 	probe: autoDraw = True
106.6594 	EXP 	Device response: <KeyPress from None: t=106.65049041599559, value=v, duration=None>
106.6598 	EXP 	New trial (rep=10, index=2): <Trial 42 (2 in rep 10) data={'pos': np.int64(50), 'corr_resp': 'c ', 'thisN': 42, 'thisTrialN': 2, 'thisRepN': 10}>
106.6663 	DATA 	Keypress: v
106.6711 	EXP 	fixation: autoDraw = False
106.6711 	EXP 	line1: autoDraw = False
106.6711 	EXP 	line2: autoDraw = False
106.6711 	EXP 	line3: autoDraw = False
106.6711 	EXP 	line4: autoDraw = False
106.6711 	EXP 	probe: autoDraw = False
106.6711 	EXP 	fixation: autoDraw = True
106.7764 	EXP 	Device response: <KeyPress from None: t=106.65049041599559, value=v, duration=0.12433458400482778>
107.6585 	EXP 	line1: autoDraw = True
107.6585 	EXP 	line2: autoDraw = True
107.6585 	EXP 	line3: autoDraw = True
107.6585 	EXP 	line4: autoDraw = True
107.6652 	EXP 	fixation: autoDraw = False
108.6585 	INFO 	Keyboard events cleared
108.6583 	EXP 	probe: autoDraw = True
109.0428 	EXP 	Device response: <KeyPress from None: t=109.03237729099055, value=c, duration=None>
109.0433 	EXP 	New trial (rep=10, index=3): <Trial 43 (3 in rep 10) data={'pos': np.int64(-150), 'corr_resp': 'z', 'thisN': 43, 'thisTrialN': 3, 'thisRepN': 10}>
109.0503 	DATA 	Keypress: c
109.0551 	EXP 	fixation: autoDraw = False
109.0551 	EXP 	line1: autoDraw = False
109.0551 	EXP 	line2: autoDraw = False
109.0551 	EXP 	line3: autoDraw = False
109.0551 	EXP 	line4: autoDraw = False
109.0551 	EXP 	probe: autoDraw = False
109.0551 	EXP 	fixation: autoDraw = True
109.2098 	EXP 	Device response: <KeyPress from None: t=109.03237729099055, value=c, duration=0.17234166701382492>
110.0413 	EXP 	line1: autoDraw = True
110.0413 	EXP 	line2: autoDraw = True
110.0413 	EXP 	line3: autoDraw = True
110.0413 	EXP 	line4: autoDraw = True
110.0470 	EXP 	fixation: autoDraw = False
111.0403 	INFO 	Keyboard events cleared
111.0401 	EXP 	probe: autoDraw = True
111.4094 	EXP 	Device response: <KeyPress from None: t=111.39827058299852, value=z, duration=None>
111.4099 	EXP 	New trial (rep=11, index=0): <Trial 44 (0 in rep 11) data={'pos': np.int64(-50), 'corr_resp': 'x', 'thisN': 44, 'thisTrialN': 0, 'thisRepN': 11}>
111.4171 	DATA 	Keypress: z
111.4222 	EXP 	fixation: autoDraw = False
111.4222 	EXP 	line1: autoDraw = False
111.4222 	EXP 	line2: autoDraw = False
111.4222 	EXP 	line3: autoDraw = False
111.4222 	EXP 	line4: autoDraw = False
111.4222 	EXP 	probe: autoDraw = False
111.4222 	EXP 	fixation: autoDraw = True
111.5487 	EXP 	Device response: <KeyPress from None: t=111.39827058299852, value=z, duration=0.14842187499743886>
112.4080 	EXP 	line1: autoDraw = True
112.4080 	EXP 	line2: autoDraw = True
112.4080 	EXP 	line3: autoDraw = True
112.4080 	EXP 	line4: autoDraw = True
112.4144 	EXP 	fixation: autoDraw = False
113.4083 	INFO 	Keyboard events cleared
113.4081 	EXP 	probe: autoDraw = True
113.7595 	EXP 	Device response: <KeyPress from None: t=113.75131508299091, value=x, duration=None>
113.7600 	EXP 	New trial (rep=11, index=1): <Trial 45 (1 in rep 11) data={'pos': np.int64(150), 'corr_resp': 'v', 'thisN': 45, 'thisTrialN': 1, 'thisRepN': 11}>
113.7666 	DATA 	Keypress: x
113.7736 	EXP 	fixation: autoDraw = False
113.7736 	EXP 	line1: autoDraw = False
113.7736 	EXP 	line2: autoDraw = False
113.7736 	EXP 	line3: autoDraw = False
113.7736 	EXP 	line4: autoDraw = False
113.7736 	EXP 	probe: autoDraw = False
113.7736 	EXP 	fixation: autoDraw = True
113.9092 	EXP 	Device response: <KeyPress from None: t=113.75131508299091, value=x, duration=0.1531029580073664>
114.7583 	EXP 	line1: autoDraw = True
114.7583 	EXP 	line2: autoDraw = True
114.7583 	EXP 	line3: autoDraw = True
114.7583 	EXP 	line4: autoDraw = True
114.7649 	EXP 	fixation: autoDraw = False
115.7583 	INFO 	Keyboard events cleared
115.7581 	EXP 	probe: autoDraw = True
116.0594 	EXP 	Device response: <KeyPress from None: t=116.05520004099526, value=v, duration=None>
116.0600 	EXP 	New trial (rep=11, index=2): <Trial 46 (2 in rep 11) data={'pos': np.int64(50), 'corr_resp': 'c ', 'thisN': 46, 'thisTrialN': 2, 'thisRepN': 11}>
116.0666 	DATA 	Keypress: v
116.0715 	EXP 	fixation: autoDraw = False
116.0715 	EXP 	line1: autoDraw = False
116.0715 	EXP 	line2: autoDraw = False
116.0715 	EXP 	line3: autoDraw = False
116.0715 	EXP 	line4: autoDraw = False
116.0715 	EXP 	probe: autoDraw = False
116.0715 	EXP 	fixation: autoDraw = True
116.1930 	EXP 	Device response: <KeyPress from None: t=116.05520004099526, value=v, duration=0.12832000000344124>
117.0580 	EXP 	line1: autoDraw = True
117.0580 	EXP 	line2: autoDraw = True
117.0580 	EXP 	line3: autoDraw = True
117.0580 	EXP 	line4: autoDraw = True
117.0649 	EXP 	fixation: autoDraw = False
118.0581 	INFO 	Keyboard events cleared
118.0579 	EXP 	probe: autoDraw = True
118.6256 	EXP 	Device response: <KeyPress from None: t=118.6221577499964, value=c, duration=None>
118.6261 	EXP 	New trial (rep=11, index=3): <Trial 47 (3 in rep 11) data={'pos': np.int64(-150), 'corr_resp': 'z', 'thisN': 47, 'thisTrialN': 3, 'thisRepN': 11}>
118.6327 	DATA 	Keypress: c
118.6375 	EXP 	fixation: autoDraw = False
118.6375 	EXP 	line1: autoDraw = False
118.6375 	EXP 	line2: autoDraw = False
118.6375 	EXP 	line3: autoDraw = False
118.6375 	EXP 	line4: autoDraw = False
118.6375 	EXP 	probe: autoDraw = False
118.6375 	EXP 	fixation: autoDraw = True
118.8098 	EXP 	Device response: <KeyPress from None: t=118.6221577499964, value=c, duration=0.18036749999737367>
119.6154 	EXP 	line1: autoDraw = True
119.6154 	EXP 	line2: autoDraw = True
119.6154 	EXP 	line3: autoDraw = True
119.6154 	EXP 	line4: autoDraw = True
119.6309 	EXP 	fixation: autoDraw = False
120.6248 	INFO 	Keyboard events cleared
120.6246 	EXP 	probe: autoDraw = True
120.9760 	EXP 	Device response: <KeyPress from None: t=120.97210162499687, value=z, duration=None>
120.9767 	EXP 	New trial (rep=12, index=0): <Trial 48 (0 in rep 12) data={'pos': np.int64(-50), 'corr_resp': 'x', 'thisN': 48, 'thisTrialN': 0, 'thisRepN': 12}>
120.9837 	DATA 	Keypress: z
120.9888 	EXP 	fixation: autoDraw = False
120.9888 	EXP 	line1: autoDraw = False
120.9888 	EXP 	line2: autoDraw = False
120.9888 	EXP 	line3: autoDraw = False
120.9888 	EXP 	line4: autoDraw = False
120.9888 	EXP 	probe: autoDraw = False
120.9888 	EXP 	fixation: autoDraw = True
121.1151 	EXP 	Device response: <KeyPress from None: t=120.97210162499687, value=z, duration=0.14020779100246727>
121.9747 	EXP 	line1: autoDraw = True
121.9747 	EXP 	line2: autoDraw = True
121.9747 	EXP 	line3: autoDraw = True
121.9747 	EXP 	line4: autoDraw = True
121.9808 	EXP 	fixation: autoDraw = False
122.9746 	INFO 	Keyboard events cleared
122.9743 	EXP 	probe: autoDraw = True
123.2758 	EXP 	Device response: <KeyPress from None: t=123.26896141600446, value=x, duration=None>
123.2763 	EXP 	New trial (rep=12, index=1): <Trial 49 (1 in rep 12) data={'pos': np.int64(150), 'corr_resp': 'v', 'thisN': 49, 'thisTrialN': 1, 'thisRepN': 12}>
123.2830 	DATA 	Keypress: x
123.2879 	EXP 	fixation: autoDraw = False
123.2879 	EXP 	line1: autoDraw = False
123.2879 	EXP 	line2: autoDraw = False
123.2879 	EXP 	line3: autoDraw = False
123.2879 	EXP 	line4: autoDraw = False
123.2879 	EXP 	probe: autoDraw = False
123.2879 	EXP 	fixation: autoDraw = True
123.3932 	EXP 	Device response: <KeyPress from None: t=123.26896141600446, value=x, duration=0.1204294169874629>
124.2743 	EXP 	line1: autoDraw = True
124.2743 	EXP 	line2: autoDraw = True
124.2743 	EXP 	line3: autoDraw = True
124.2743 	EXP 	line4: autoDraw = True
124.2805 	EXP 	fixation: autoDraw = False
125.2751 	INFO 	Keyboard events cleared
125.2749 	EXP 	probe: autoDraw = True
125.6619 	EXP 	Device response: <KeyPress from None: t=125.64495187500142, value=v, duration=None>
125.6623 	EXP 	New trial (rep=12, index=2): <Trial 50 (2 in rep 12) data={'pos': np.int64(50), 'corr_resp': 'c ', 'thisN': 50, 'thisTrialN': 2, 'thisRepN': 12}>
125.6653 	DATA 	Keypress: v
125.6690 	EXP 	fixation: autoDraw = False
125.6690 	EXP 	line1: autoDraw = False
125.6690 	EXP 	line2: autoDraw = False
125.6690 	EXP 	line3: autoDraw = False
125.6690 	EXP 	line4: autoDraw = False
125.6690 	EXP 	probe: autoDraw = False
125.6690 	EXP 	fixation: autoDraw = True
125.7931 	EXP 	Device response: <KeyPress from None: t=125.64495187500142, value=v, duration=0.13628420799796004>
126.6568 	EXP 	line1: autoDraw = True
126.6568 	EXP 	line2: autoDraw = True
126.6568 	EXP 	line3: autoDraw = True
126.6568 	EXP 	line4: autoDraw = True
126.6626 	EXP 	fixation: autoDraw = False
127.6580 	INFO 	Keyboard events cleared
127.6578 	EXP 	probe: autoDraw = True
128.0929 	EXP 	Device response: <KeyPress from None: t=128.07988970799488, value=c, duration=None>
128.0936 	EXP 	New trial (rep=12, index=3): <Trial 51 (3 in rep 12) data={'pos': np.int64(-150), 'corr_resp': 'z', 'thisN': 51, 'thisTrialN': 3, 'thisRepN': 12}>
128.1008 	DATA 	Keypress: c
128.1058 	EXP 	fixation: autoDraw = False
128.1058 	EXP 	line1: autoDraw = False
128.1058 	EXP 	line2: autoDraw = False
128.1058 	EXP 	line3: autoDraw = False
128.1058 	EXP 	line4: autoDraw = False
128.1058 	EXP 	probe: autoDraw = False
128.1058 	EXP 	fixation: autoDraw = True
128.2428 	EXP 	Device response: <KeyPress from None: t=128.07988970799488, value=c, duration=0.16035387500596698>
129.0909 	EXP 	line1: autoDraw = True
129.0909 	EXP 	line2: autoDraw = True
129.0909 	EXP 	line3: autoDraw = True
129.0909 	EXP 	line4: autoDraw = True
129.0975 	EXP 	fixation: autoDraw = False
130.0907 	INFO 	Keyboard events cleared
130.0905 	EXP 	probe: autoDraw = True
130.4262 	EXP 	Device response: <KeyPress from None: t=130.41679304100398, value=z, duration=None>
130.4266 	EXP 	New trial (rep=13, index=0): <Trial 52 (0 in rep 13) data={'pos': np.int64(-50), 'corr_resp': 'x', 'thisN': 52, 'thisTrialN': 0, 'thisRepN': 13}>
130.4316 	DATA 	Keypress: z
130.4412 	EXP 	fixation: autoDraw = False
130.4412 	EXP 	line1: autoDraw = False
130.4412 	EXP 	line2: autoDraw = False
130.4412 	EXP 	line3: autoDraw = False
130.4412 	EXP 	line4: autoDraw = False
130.4412 	EXP 	probe: autoDraw = False
130.4412 	EXP 	fixation: autoDraw = True
130.5327 	EXP 	Device response: <KeyPress from None: t=130.41679304100398, value=z, duration=0.11230683399480768>
131.4256 	EXP 	line1: autoDraw = True
131.4256 	EXP 	line2: autoDraw = True
131.4256 	EXP 	line3: autoDraw = True
131.4256 	EXP 	line4: autoDraw = True
131.4422 	EXP 	fixation: autoDraw = False
132.4268 	INFO 	Keyboard events cleared
132.4264 	EXP 	probe: autoDraw = True
133.1915 	EXP 	Device response: <KeyPress from None: t=133.17778149999504, value=x, duration=None>
133.1922 	EXP 	New trial (rep=13, index=1): <Trial 53 (1 in rep 13) data={'pos': np.int64(150), 'corr_resp': 'v', 'thisN': 53, 'thisTrialN': 1, 'thisRepN': 13}>
133.1961 	EXP 	fixation: autoDraw = False
133.1961 	EXP 	line1: autoDraw = False
133.1961 	EXP 	line2: autoDraw = False
133.1961 	EXP 	line3: autoDraw = False
133.1961 	EXP 	line4: autoDraw = False
133.1961 	EXP 	probe: autoDraw = False
133.1961 	EXP 	fixation: autoDraw = True
133.2119 	DATA 	Keypress: x
133.3099 	EXP 	Device response: <KeyPress from None: t=133.17778149999504, value=x, duration=0.12831408300553448>
134.1824 	EXP 	line1: autoDraw = True
134.1824 	EXP 	line2: autoDraw = True
134.1824 	EXP 	line3: autoDraw = True
134.1824 	EXP 	line4: autoDraw = True
134.1904 	EXP 	fixation: autoDraw = False
135.1917 	INFO 	Keyboard events cleared
135.1915 	EXP 	probe: autoDraw = True
135.5429 	EXP 	Device response: <KeyPress from None: t=135.53475395799614, value=v, duration=None>
135.5435 	EXP 	New trial (rep=13, index=2): <Trial 54 (2 in rep 13) data={'pos': np.int64(50), 'corr_resp': 'c ', 'thisN': 54, 'thisTrialN': 2, 'thisRepN': 13}>
135.5500 	DATA 	Keypress: v
135.5550 	EXP 	fixation: autoDraw = False
135.5550 	EXP 	line1: autoDraw = False
135.5550 	EXP 	line2: autoDraw = False
135.5550 	EXP 	line3: autoDraw = False
135.5550 	EXP 	line4: autoDraw = False
135.5550 	EXP 	probe: autoDraw = False
135.5550 	EXP 	fixation: autoDraw = True
135.7091 	EXP 	Device response: <KeyPress from None: t=135.53475395799614, value=v, duration=0.1721877499949187>
136.5413 	EXP 	line1: autoDraw = True
136.5413 	EXP 	line2: autoDraw = True
136.5413 	EXP 	line3: autoDraw = True
136.5413 	EXP 	line4: autoDraw = True
136.5476 	EXP 	fixation: autoDraw = False
137.5408 	INFO 	Keyboard events cleared
137.5405 	EXP 	probe: autoDraw = True
137.9091 	EXP 	Device response: <KeyPress from None: t=137.90661016599915, value=c, duration=None>
137.9095 	EXP 	New trial (rep=13, index=3): <Trial 55 (3 in rep 13) data={'pos': np.int64(-150), 'corr_resp': 'z', 'thisN': 55, 'thisTrialN': 3, 'thisRepN': 13}>
137.9169 	DATA 	Keypress: c
137.9220 	EXP 	fixation: autoDraw = False
137.9220 	EXP 	line1: autoDraw = False
137.9220 	EXP 	line2: autoDraw = False
137.9220 	EXP 	line3: autoDraw = False
137.9220 	EXP 	line4: autoDraw = False
137.9220 	EXP 	probe: autoDraw = False
137.9220 	EXP 	fixation: autoDraw = True
138.0911 	EXP 	Device response: <KeyPress from None: t=137.90661016599915, value=c, duration=0.17670958400412928>
138.9070 	EXP 	line1: autoDraw = True
138.9070 	EXP 	line2: autoDraw = True
138.9070 	EXP 	line3: autoDraw = True
138.9070 	EXP 	line4: autoDraw = True
138.9131 	EXP 	fixation: autoDraw = False
139.9080 	INFO 	Keyboard events cleared
139.9078 	EXP 	probe: autoDraw = True
140.3314 	EXP 	Device response: <KeyPress from None: t=140.32843449999928, value=z, duration=None>
140.3319 	EXP 	New trial (rep=14, index=0): <Trial 56 (0 in rep 14) data={'pos': np.int64(-50), 'corr_resp': 'x', 'thisN': 56, 'thisTrialN': 0, 'thisRepN': 14}>
140.3406 	EXP 	fixation: autoDraw = False
140.3406 	EXP 	line1: autoDraw = False
140.3406 	EXP 	line2: autoDraw = False
140.3406 	EXP 	line3: autoDraw = False
140.3406 	EXP 	line4: autoDraw = False
140.3406 	EXP 	probe: autoDraw = False
140.3406 	EXP 	fixation: autoDraw = True
140.3474 	DATA 	Keypress: z
140.4967 	EXP 	Device response: <KeyPress from None: t=140.32843449999928, value=z, duration=0.1644499999965774>
141.3318 	EXP 	fixation: autoDraw = False
141.3318 	EXP 	line1: autoDraw = True
141.3318 	EXP 	line2: autoDraw = True
141.3318 	EXP 	line3: autoDraw = True
141.3318 	EXP 	line4: autoDraw = True
142.3260 	INFO 	Keyboard events cleared
142.3259 	EXP 	probe: autoDraw = True
142.6255 	EXP 	Device response: <KeyPress from None: t=142.6224609159981, value=x, duration=None>
142.6260 	EXP 	New trial (rep=14, index=1): <Trial 57 (1 in rep 14) data={'pos': np.int64(150), 'corr_resp': 'v', 'thisN': 57, 'thisTrialN': 1, 'thisRepN': 14}>
142.6304 	DATA 	Keypress: x
142.6349 	EXP 	fixation: autoDraw = False
142.6349 	EXP 	line1: autoDraw = False
142.6349 	EXP 	line2: autoDraw = False
142.6349 	EXP 	line3: autoDraw = False
142.6349 	EXP 	line4: autoDraw = False
142.6349 	EXP 	probe: autoDraw = False
142.6349 	EXP 	fixation: autoDraw = True
142.7788 	EXP 	Device response: <KeyPress from None: t=142.6224609159981, value=x, duration=0.15230616700137034>
143.6161 	EXP 	line1: autoDraw = True
143.6161 	EXP 	line2: autoDraw = True
143.6161 	EXP 	line3: autoDraw = True
143.6161 	EXP 	line4: autoDraw = True
143.6292 	EXP 	fixation: autoDraw = False
144.6247 	INFO 	Keyboard events cleared
144.6245 	EXP 	probe: autoDraw = True
144.9758 	EXP 	Device response: <KeyPress from None: t=144.97438741599035, value=v, duration=None>
144.9764 	EXP 	New trial (rep=14, index=2): <Trial 58 (2 in rep 14) data={'pos': np.int64(50), 'corr_resp': 'c ', 'thisN': 58, 'thisTrialN': 2, 'thisRepN': 14}>
144.9828 	DATA 	Keypress: v
144.9877 	EXP 	fixation: autoDraw = False
144.9877 	EXP 	line1: autoDraw = False
144.9877 	EXP 	line2: autoDraw = False
144.9877 	EXP 	line3: autoDraw = False
144.9877 	EXP 	line4: autoDraw = False
144.9877 	EXP 	probe: autoDraw = False
144.9877 	EXP 	fixation: autoDraw = True
145.1258 	EXP 	Device response: <KeyPress from None: t=144.97438741599035, value=v, duration=0.14432704201317392>
145.9745 	EXP 	line1: autoDraw = True
145.9745 	EXP 	line2: autoDraw = True
145.9745 	EXP 	line3: autoDraw = True
145.9745 	EXP 	line4: autoDraw = True
145.9810 	EXP 	fixation: autoDraw = False
146.9745 	INFO 	Keyboard events cleared
146.9743 	EXP 	probe: autoDraw = True
147.2756 	EXP 	Device response: <KeyPress from None: t=147.27038487499522, value=c, duration=None>
147.2760 	EXP 	New trial (rep=14, index=3): <Trial 59 (3 in rep 14) data={'pos': np.int64(-150), 'corr_resp': 'z', 'thisN': 59, 'thisTrialN': 3, 'thisRepN': 14}>
147.2834 	DATA 	Keypress: c
147.2892 	EXP 	fixation: autoDraw = False
147.2892 	EXP 	line1: autoDraw = False
147.2892 	EXP 	line2: autoDraw = False
147.2892 	EXP 	line3: autoDraw = False
147.2892 	EXP 	line4: autoDraw = False
147.2892 	EXP 	probe: autoDraw = False
147.2892 	EXP 	fixation: autoDraw = True
147.4481 	EXP 	Device response: <KeyPress from None: t=147.27038487499522, value=c, duration=0.1761478749976959>
148.2746 	EXP 	line1: autoDraw = True
148.2746 	EXP 	line2: autoDraw = True
148.2746 	EXP 	line3: autoDraw = True
148.2746 	EXP 	line4: autoDraw = True
148.2811 	EXP 	fixation: autoDraw = False
149.2746 	INFO 	Keyboard events cleared
149.2744 	EXP 	probe: autoDraw = True
149.4319 	EXP 	Device response: <KeyPress from None: t=149.42721608300053, value=z, duration=None>
149.4324 	EXP 	New trial (rep=15, index=0): <Trial 60 (0 in rep 15) data={'pos': np.int64(-50), 'corr_resp': 'x', 'thisN': 60, 'thisTrialN': 0, 'thisRepN': 15}>
149.4393 	DATA 	Keypress: z
149.4438 	EXP 	fixation: autoDraw = False
149.4438 	EXP 	line1: autoDraw = False
149.4438 	EXP 	line2: autoDraw = False
149.4438 	EXP 	line3: autoDraw = False
149.4438 	EXP 	line4: autoDraw = False
149.4438 	EXP 	probe: autoDraw = False
149.4438 	EXP 	fixation: autoDraw = True
149.5759 	EXP 	Device response: <KeyPress from None: t=149.42721608300053, value=z, duration=0.14029870799276978>
150.4311 	EXP 	line1: autoDraw = True
150.4311 	EXP 	line2: autoDraw = True
150.4311 	EXP 	line3: autoDraw = True
150.4311 	EXP 	line4: autoDraw = True
150.4414 	EXP 	fixation: autoDraw = False
151.4246 	INFO 	Keyboard events cleared
151.4244 	EXP 	probe: autoDraw = True
151.6595 	EXP 	Device response: <KeyPress from None: t=151.6532332499919, value=x, duration=None>
151.6600 	EXP 	New trial (rep=15, index=1): <Trial 61 (1 in rep 15) data={'pos': np.int64(150), 'corr_resp': 'v', 'thisN': 61, 'thisTrialN': 1, 'thisRepN': 15}>
151.6684 	DATA 	Keypress: x
151.6740 	EXP 	fixation: autoDraw = False
151.6740 	EXP 	line1: autoDraw = False
151.6740 	EXP 	line2: autoDraw = False
151.6740 	EXP 	line3: autoDraw = False
151.6740 	EXP 	line4: autoDraw = False
151.6740 	EXP 	probe: autoDraw = False
151.6740 	EXP 	fixation: autoDraw = True
151.8316 	EXP 	Device response: <KeyPress from None: t=151.6532332499919, value=x, duration=0.17631641600746661>
152.6581 	EXP 	line1: autoDraw = True
152.6581 	EXP 	line2: autoDraw = True
152.6581 	EXP 	line3: autoDraw = True
152.6581 	EXP 	line4: autoDraw = True
152.6645 	EXP 	fixation: autoDraw = False
153.6582 	INFO 	Keyboard events cleared
153.6580 	EXP 	probe: autoDraw = True
154.5149 	EXP 	Device response: <KeyPress from None: t=154.51115295800264, value=v, duration=None>
154.5154 	EXP 	New trial (rep=15, index=2): <Trial 62 (2 in rep 15) data={'pos': np.int64(50), 'corr_resp': 'c ', 'thisN': 62, 'thisTrialN': 2, 'thisRepN': 15}>
154.5220 	DATA 	Keypress: v
154.5270 	EXP 	fixation: autoDraw = False
154.5270 	EXP 	line1: autoDraw = False
154.5270 	EXP 	line2: autoDraw = False
154.5270 	EXP 	line3: autoDraw = False
154.5270 	EXP 	line4: autoDraw = False
154.5270 	EXP 	probe: autoDraw = False
154.5270 	EXP 	fixation: autoDraw = True
154.6594 	EXP 	Device response: <KeyPress from None: t=154.51115295800264, value=v, duration=0.14434262498980388>
155.5150 	EXP 	line1: autoDraw = True
155.5150 	EXP 	line2: autoDraw = True
155.5150 	EXP 	line3: autoDraw = True
155.5150 	EXP 	line4: autoDraw = True
155.5245 	EXP 	fixation: autoDraw = False
156.5140 	INFO 	Keyboard events cleared
156.5136 	EXP 	probe: autoDraw = True
156.7663 	EXP 	Device response: <KeyPress from None: t=156.7650495830021, value=c, duration=None>
156.7742 	EXP 	New trial (rep=15, index=3): <Trial 63 (3 in rep 15) data={'pos': np.int64(-150), 'corr_resp': 'z', 'thisN': 63, 'thisTrialN': 3, 'thisRepN': 15}>
156.7812 	DATA 	Keypress: c
156.7867 	EXP 	fixation: autoDraw = False
156.7867 	EXP 	line1: autoDraw = False
156.7867 	EXP 	line2: autoDraw = False
156.7867 	EXP 	line3: autoDraw = False
156.7867 	EXP 	line4: autoDraw = False
156.7867 	EXP 	probe: autoDraw = False
156.7867 	EXP 	fixation: autoDraw = True
156.9432 	EXP 	Device response: <KeyPress from None: t=156.7650495830021, value=c, duration=0.17638754200015683>
157.7652 	EXP 	line1: autoDraw = True
157.7652 	EXP 	line2: autoDraw = True
157.7652 	EXP 	line3: autoDraw = True
157.7652 	EXP 	line4: autoDraw = True
157.7799 	EXP 	fixation: autoDraw = False
158.7637 	INFO 	Keyboard events cleared
158.7635 	EXP 	probe: autoDraw = True
159.1928 	EXP 	Device response: <KeyPress from None: t=159.18794120800158, value=z, duration=None>
159.1934 	EXP 	New trial (rep=16, index=0): <Trial 64 (0 in rep 16) data={'pos': np.int64(-50), 'corr_resp': 'x', 'thisN': 64, 'thisTrialN': 0, 'thisRepN': 16}>
159.2003 	DATA 	Keypress: z
159.2051 	EXP 	fixation: autoDraw = False
159.2051 	EXP 	line1: autoDraw = False
159.2051 	EXP 	line2: autoDraw = False
159.2051 	EXP 	line3: autoDraw = False
159.2051 	EXP 	line4: autoDraw = False
159.2051 	EXP 	probe: autoDraw = False
159.2051 	EXP 	fixation: autoDraw = True
159.3764 	EXP 	Device response: <KeyPress from None: t=159.18794120800158, value=z, duration=0.1844760829990264>
160.1912 	EXP 	line1: autoDraw = True
160.1912 	EXP 	line2: autoDraw = True
160.1912 	EXP 	line3: autoDraw = True
160.1912 	EXP 	line4: autoDraw = True
160.1969 	EXP 	fixation: autoDraw = False
161.1915 	INFO 	Keyboard events cleared
161.1913 	EXP 	probe: autoDraw = True
162.0848 	EXP 	Device response: <KeyPress from None: t=162.07985462500073, value=x, duration=None>
162.0858 	EXP 	New trial (rep=16, index=1): <Trial 65 (1 in rep 16) data={'pos': np.int64(150), 'corr_resp': 'v', 'thisN': 65, 'thisTrialN': 1, 'thisRepN': 16}>
162.0935 	EXP 	fixation: autoDraw = False
162.0935 	EXP 	line1: autoDraw = False
162.0935 	EXP 	line2: autoDraw = False
162.0935 	EXP 	line3: autoDraw = False
162.0935 	EXP 	line4: autoDraw = False
162.0935 	EXP 	probe: autoDraw = False
162.0935 	EXP 	fixation: autoDraw = True
162.0990 	DATA 	Keypress: x
162.2599 	EXP 	Device response: <KeyPress from None: t=162.07985462500073, value=x, duration=0.1682310000032885>
163.0816 	EXP 	line1: autoDraw = True
163.0816 	EXP 	line2: autoDraw = True
163.0816 	EXP 	line3: autoDraw = True
163.0816 	EXP 	line4: autoDraw = True
163.0909 	EXP 	fixation: autoDraw = False
164.0809 	INFO 	Keyboard events cleared
164.0807 	EXP 	probe: autoDraw = True
164.1924 	EXP 	Device response: <KeyPress from None: t=164.18280924999272, value=v, duration=None>
164.1929 	EXP 	New trial (rep=16, index=2): <Trial 66 (2 in rep 16) data={'pos': np.int64(50), 'corr_resp': 'c ', 'thisN': 66, 'thisTrialN': 2, 'thisRepN': 16}>
164.1969 	DATA 	Keypress: v
164.2013 	EXP 	fixation: autoDraw = False
164.2013 	EXP 	line1: autoDraw = False
164.2013 	EXP 	line2: autoDraw = False
164.2013 	EXP 	line3: autoDraw = False
164.2013 	EXP 	line4: autoDraw = False
164.2013 	EXP 	probe: autoDraw = False
164.2013 	EXP 	fixation: autoDraw = True
164.2757 	EXP 	Device response: <KeyPress from None: t=164.18280924999272, value=v, duration=0.08835770800942555>
165.1912 	EXP 	line1: autoDraw = True
165.1912 	EXP 	line2: autoDraw = True
165.1912 	EXP 	line3: autoDraw = True
165.1912 	EXP 	line4: autoDraw = True
165.1980 	EXP 	fixation: autoDraw = False
166.1913 	INFO 	Keyboard events cleared
166.1911 	EXP 	probe: autoDraw = True
166.5250 	EXP 	Device response: <KeyPress from None: t=166.52070662500046, value=c, duration=None>
166.5253 	EXP 	New trial (rep=16, index=3): <Trial 67 (3 in rep 16) data={'pos': np.int64(-150), 'corr_resp': 'z', 'thisN': 67, 'thisTrialN': 3, 'thisRepN': 16}>
166.5295 	DATA 	Keypress: c
166.5331 	EXP 	fixation: autoDraw = False
166.5331 	EXP 	line1: autoDraw = False
166.5331 	EXP 	line2: autoDraw = False
166.5331 	EXP 	line3: autoDraw = False
166.5331 	EXP 	line4: autoDraw = False
166.5331 	EXP 	probe: autoDraw = False
166.5331 	EXP 	fixation: autoDraw = True
166.7434 	EXP 	Device response: <KeyPress from None: t=166.52070662500046, value=c, duration=0.22035491600399837>
167.5145 	EXP 	line1: autoDraw = True
167.5145 	EXP 	line2: autoDraw = True
167.5145 	EXP 	line3: autoDraw = True
167.5145 	EXP 	line4: autoDraw = True
167.5315 	EXP 	fixation: autoDraw = False
168.5135 	INFO 	Keyboard events cleared
168.5133 	EXP 	probe: autoDraw = True
168.8984 	EXP 	Device response: <KeyPress from None: t=168.89168800000334, value=z, duration=None>
168.8989 	EXP 	New trial (rep=17, index=0): <Trial 68 (0 in rep 17) data={'pos': np.int64(-50), 'corr_resp': 'x', 'thisN': 68, 'thisTrialN': 0, 'thisRepN': 17}>
168.9056 	DATA 	Keypress: z
168.9102 	EXP 	fixation: autoDraw = False
168.9102 	EXP 	line1: autoDraw = False
168.9102 	EXP 	line2: autoDraw = False
168.9102 	EXP 	line3: autoDraw = False
168.9102 	EXP 	line4: autoDraw = False
168.9102 	EXP 	probe: autoDraw = False
168.9102 	EXP 	fixation: autoDraw = True
169.0279 	EXP 	Device response: <KeyPress from None: t=168.89168800000334, value=z, duration=0.1243782499950612>
169.8983 	EXP 	line1: autoDraw = True
169.8983 	EXP 	line2: autoDraw = True
169.8983 	EXP 	line3: autoDraw = True
169.8983 	EXP 	line4: autoDraw = True
169.9067 	EXP 	fixation: autoDraw = False
170.8983 	INFO 	Keyboard events cleared
170.8981 	EXP 	probe: autoDraw = True
171.1926 	EXP 	Device response: <KeyPress from None: t=171.18668616599462, value=x, duration=None>
171.1931 	EXP 	New trial (rep=17, index=1): <Trial 69 (1 in rep 17) data={'pos': np.int64(150), 'corr_resp': 'v', 'thisN': 69, 'thisTrialN': 1, 'thisRepN': 17}>
171.2006 	DATA 	Keypress: x
171.2057 	EXP 	fixation: autoDraw = False
171.2057 	EXP 	line1: autoDraw = False
171.2057 	EXP 	line2: autoDraw = False
171.2057 	EXP 	line3: autoDraw = False
171.2057 	EXP 	line4: autoDraw = False
171.2057 	EXP 	probe: autoDraw = False
171.2057 	EXP 	fixation: autoDraw = True
171.3426 	EXP 	Device response: <KeyPress from None: t=171.18668616599462, value=x, duration=0.1482939170091413>
172.1917 	EXP 	line1: autoDraw = True
172.1917 	EXP 	line2: autoDraw = True
172.1917 	EXP 	line3: autoDraw = True
172.1917 	EXP 	line4: autoDraw = True
172.1981 	EXP 	fixation: autoDraw = False
173.5280 	INFO 	Keyboard events cleared
173.5278 	EXP 	probe: autoDraw = True
173.8750 	EXP 	Device response: <KeyPress from None: t=173.86848929099506, value=v, duration=None>
173.8754 	EXP 	New trial (rep=17, index=2): <Trial 70 (2 in rep 17) data={'pos': np.int64(50), 'corr_resp': 'c ', 'thisN': 70, 'thisTrialN': 2, 'thisRepN': 17}>
173.8806 	DATA 	Keypress: v
173.8851 	EXP 	fixation: autoDraw = False
173.8851 	EXP 	line1: autoDraw = False
173.8851 	EXP 	line2: autoDraw = False
173.8851 	EXP 	line3: autoDraw = False
173.8851 	EXP 	line4: autoDraw = False
173.8851 	EXP 	probe: autoDraw = False
173.8851 	EXP 	fixation: autoDraw = True
174.0269 	EXP 	Device response: <KeyPress from None: t=173.86848929099506, value=v, duration=0.15256670900271274>
174.8641 	EXP 	line1: autoDraw = True
174.8641 	EXP 	line2: autoDraw = True
174.8641 	EXP 	line3: autoDraw = True
174.8641 	EXP 	line4: autoDraw = True
174.8956 	EXP 	fixation: autoDraw = False
175.8752 	INFO 	Keyboard events cleared
175.8747 	EXP 	probe: autoDraw = True
176.3426 	EXP 	Device response: <KeyPress from None: t=176.3304290829983, value=c, duration=None>
176.3436 	EXP 	New trial (rep=17, index=3): <Trial 71 (3 in rep 17) data={'pos': np.int64(-150), 'corr_resp': 'z', 'thisN': 71, 'thisTrialN': 3, 'thisRepN': 17}>
176.3521 	DATA 	Keypress: c
176.3573 	EXP 	fixation: autoDraw = False
176.3573 	EXP 	line1: autoDraw = False
176.3573 	EXP 	line2: autoDraw = False
176.3573 	EXP 	line3: autoDraw = False
176.3573 	EXP 	line4: autoDraw = False
176.3573 	EXP 	probe: autoDraw = False
176.3573 	EXP 	fixation: autoDraw = True
176.5265 	EXP 	Device response: <KeyPress from None: t=176.3304290829983, value=c, duration=0.18431866700120736>
177.3413 	EXP 	line1: autoDraw = True
177.3413 	EXP 	line2: autoDraw = True
177.3413 	EXP 	line3: autoDraw = True
177.3413 	EXP 	line4: autoDraw = True
177.3576 	EXP 	fixation: autoDraw = False
178.3407 	INFO 	Keyboard events cleared
178.3403 	EXP 	probe: autoDraw = True
178.6338 	EXP 	Device response: <KeyPress from None: t=178.62034470800427, value=z, duration=None>
178.6348 	EXP 	New trial (rep=18, index=0): <Trial 72 (0 in rep 18) data={'pos': np.int64(-50), 'corr_resp': 'x', 'thisN': 72, 'thisTrialN': 0, 'thisRepN': 18}>
178.6414 	EXP 	fixation: autoDraw = False
178.6414 	EXP 	line1: autoDraw = False
178.6414 	EXP 	line2: autoDraw = False
178.6414 	EXP 	line3: autoDraw = False
178.6414 	EXP 	line4: autoDraw = False
178.6414 	EXP 	probe: autoDraw = False
178.6414 	EXP 	fixation: autoDraw = True
178.6456 	DATA 	Keypress: z
178.7257 	EXP 	Device response: <KeyPress from None: t=178.62034470800427, value=z, duration=0.10038612499192823>
179.6320 	EXP 	fixation: autoDraw = False
179.6320 	EXP 	line1: autoDraw = True
179.6320 	EXP 	line2: autoDraw = True
179.6320 	EXP 	line3: autoDraw = True
179.6320 	EXP 	line4: autoDraw = True
180.6331 	INFO 	Keyboard events cleared
180.6328 	EXP 	probe: autoDraw = True
180.9590 	EXP 	Device response: <KeyPress from None: t=180.94634037499782, value=x, duration=None>
180.9595 	EXP 	New trial (rep=18, index=1): <Trial 73 (1 in rep 18) data={'pos': np.int64(150), 'corr_resp': 'v', 'thisN': 73, 'thisTrialN': 1, 'thisRepN': 18}>
180.9657 	DATA 	Keypress: x
180.9702 	EXP 	fixation: autoDraw = False
180.9702 	EXP 	line1: autoDraw = False
180.9702 	EXP 	line2: autoDraw = False
180.9702 	EXP 	line3: autoDraw = False
180.9702 	EXP 	line4: autoDraw = False
180.9702 	EXP 	probe: autoDraw = False
180.9702 	EXP 	fixation: autoDraw = True
181.1098 	EXP 	Device response: <KeyPress from None: t=180.94634037499782, value=x, duration=0.1603644160059048>
181.9571 	EXP 	line1: autoDraw = True
181.9571 	EXP 	line2: autoDraw = True
181.9571 	EXP 	line3: autoDraw = True
181.9571 	EXP 	line4: autoDraw = True
181.9608 	EXP 	fixation: autoDraw = False
182.9668 	INFO 	Keyboard events cleared
182.9668 	EXP 	probe: autoDraw = True
183.3499 	EXP 	Device response: <KeyPress from None: t=183.33632466600102, value=v, duration=None>
183.3502 	EXP 	New trial (rep=18, index=2): <Trial 74 (2 in rep 18) data={'pos': np.int64(50), 'corr_resp': 'c ', 'thisN': 74, 'thisTrialN': 2, 'thisRepN': 18}>
183.3529 	DATA 	Keypress: v
183.3568 	EXP 	fixation: autoDraw = False
183.3568 	EXP 	line1: autoDraw = False
183.3568 	EXP 	line2: autoDraw = False
183.3568 	EXP 	line3: autoDraw = False
183.3568 	EXP 	line4: autoDraw = False
183.3568 	EXP 	probe: autoDraw = False
183.3568 	EXP 	fixation: autoDraw = True
183.4983 	EXP 	Device response: <KeyPress from None: t=183.33632466600102, value=v, duration=0.15630958399560768>
184.3483 	EXP 	fixation: autoDraw = False
184.3483 	EXP 	line1: autoDraw = True
184.3483 	EXP 	line2: autoDraw = True
184.3483 	EXP 	line3: autoDraw = True
184.3483 	EXP 	line4: autoDraw = True
185.3119 	EXP 	Device response: <KeyPress from None: t=185.30424754100386, value=c, duration=None>
185.3360 	DATA 	Keypress: c
185.3451 	INFO 	Keyboard events cleared
185.3449 	EXP 	probe: autoDraw = True
185.5094 	EXP 	Device response: <KeyPress from None: t=185.30424754100386, value=c, duration=0.20029520899697673>
185.7258 	EXP 	Device response: <KeyPress from None: t=185.72122095800296, value=c, duration=None>
185.7267 	EXP 	New trial (rep=18, index=3): <Trial 75 (3 in rep 18) data={'pos': np.int64(-150), 'corr_resp': 'z', 'thisN': 75, 'thisTrialN': 3, 'thisRepN': 18}>
185.8439 	DATA 	Keypress: c
185.8477 	EXP 	fixation: autoDraw = False
185.8477 	EXP 	line1: autoDraw = False
185.8477 	EXP 	line2: autoDraw = False
185.8477 	EXP 	line3: autoDraw = False
185.8477 	EXP 	line4: autoDraw = False
185.8477 	EXP 	probe: autoDraw = False
185.8477 	EXP 	fixation: autoDraw = True
185.8763 	EXP 	Device response: <KeyPress from None: t=185.72122095800296, value=c, duration=0.1522804999985965>
186.7246 	EXP 	line1: autoDraw = True
186.7246 	EXP 	line2: autoDraw = True
186.7246 	EXP 	line3: autoDraw = True
186.7246 	EXP 	line4: autoDraw = True
186.8412 	EXP 	fixation: autoDraw = False
187.7238 	INFO 	Keyboard events cleared
187.7236 	EXP 	probe: autoDraw = True
188.1644 	EXP 	Device response: <KeyPress from None: t=188.1611758749932, value=z, duration=None>
188.1649 	EXP 	New trial (rep=19, index=0): <Trial 76 (0 in rep 19) data={'pos': np.int64(-50), 'corr_resp': 'x', 'thisN': 76, 'thisTrialN': 0, 'thisRepN': 19}>
188.1699 	DATA 	Keypress: z
188.1740 	EXP 	fixation: autoDraw = False
188.1740 	EXP 	line1: autoDraw = False
188.1740 	EXP 	line2: autoDraw = False
188.1740 	EXP 	line3: autoDraw = False
188.1740 	EXP 	line4: autoDraw = False
188.1740 	EXP 	probe: autoDraw = False
188.1740 	EXP 	fixation: autoDraw = True
188.2644 	EXP 	Device response: <KeyPress from None: t=188.1611758749932, value=z, duration=0.10028475000581238>
189.1648 	EXP 	fixation: autoDraw = False
189.1648 	EXP 	line1: autoDraw = True
189.1648 	EXP 	line2: autoDraw = True
189.1648 	EXP 	line3: autoDraw = True
189.1648 	EXP 	line4: autoDraw = True
190.1581 	INFO 	Keyboard events cleared
190.1579 	EXP 	probe: autoDraw = True
190.5491 	EXP 	Device response: <KeyPress from None: t=190.54313420799735, value=x, duration=None>
190.5496 	EXP 	New trial (rep=19, index=1): <Trial 77 (1 in rep 19) data={'pos': np.int64(150), 'corr_resp': 'v', 'thisN': 77, 'thisTrialN': 1, 'thisRepN': 19}>
190.5558 	DATA 	Keypress: x
190.5601 	EXP 	fixation: autoDraw = False
190.5601 	EXP 	line1: autoDraw = False
190.5601 	EXP 	line2: autoDraw = False
190.5601 	EXP 	line3: autoDraw = False
190.5601 	EXP 	line4: autoDraw = False
190.5601 	EXP 	probe: autoDraw = False
190.5601 	EXP 	fixation: autoDraw = True
190.7257 	EXP 	Device response: <KeyPress from None: t=190.54313420799735, value=x, duration=0.17628562499885447>
191.5482 	EXP 	line1: autoDraw = True
191.5482 	EXP 	line2: autoDraw = True
191.5482 	EXP 	line3: autoDraw = True
191.5482 	EXP 	line4: autoDraw = True
191.5577 	EXP 	fixation: autoDraw = False
192.5485 	INFO 	Keyboard events cleared
192.5483 	EXP 	probe: autoDraw = True
192.8143 	EXP 	Device response: <KeyPress from None: t=192.8130102080031, value=v, duration=None>
192.8148 	EXP 	New trial (rep=19, index=2): <Trial 78 (2 in rep 19) data={'pos': np.int64(50), 'corr_resp': 'c ', 'thisN': 78, 'thisTrialN': 2, 'thisRepN': 19}>
192.8210 	DATA 	Keypress: v
192.8266 	EXP 	fixation: autoDraw = False
192.8266 	EXP 	line1: autoDraw = False
192.8266 	EXP 	line2: autoDraw = False
192.8266 	EXP 	line3: autoDraw = False
192.8266 	EXP 	line4: autoDraw = False
192.8266 	EXP 	probe: autoDraw = False
192.8266 	EXP 	fixation: autoDraw = True
192.9426 	EXP 	Device response: <KeyPress from None: t=192.8130102080031, value=v, duration=0.12032708300102968>
193.8083 	EXP 	line1: autoDraw = True
193.8083 	EXP 	line2: autoDraw = True
193.8083 	EXP 	line3: autoDraw = True
193.8083 	EXP 	line4: autoDraw = True
193.8244 	EXP 	fixation: autoDraw = False
194.8079 	INFO 	Keyboard events cleared
194.8077 	EXP 	probe: autoDraw = True
195.7090 	EXP 	Device response: <KeyPress from None: t=195.70187895800336, value=c, duration=None>
195.7094 	EXP 	New trial (rep=19, index=3): <Trial 79 (3 in rep 19) data={'pos': np.int64(-150), 'corr_resp': 'z', 'thisN': 79, 'thisTrialN': 3, 'thisRepN': 19}>
195.7160 	DATA 	Keypress: c
195.7211 	EXP 	fixation: autoDraw = False
195.7211 	EXP 	line1: autoDraw = False
195.7211 	EXP 	line2: autoDraw = False
195.7211 	EXP 	line3: autoDraw = False
195.7211 	EXP 	line4: autoDraw = False
195.7211 	EXP 	probe: autoDraw = False
195.7211 	EXP 	fixation: autoDraw = True
195.8804 	EXP 	Device response: <KeyPress from None: t=195.70187895800336, value=c, duration=0.17635083298955578>
196.6988 	EXP 	line1: autoDraw = True
196.6988 	EXP 	line2: autoDraw = True
196.6988 	EXP 	line3: autoDraw = True
196.6988 	EXP 	line4: autoDraw = True
196.7131 	EXP 	fixation: autoDraw = False
197.7082 	INFO 	Keyboard events cleared
197.7079 	EXP 	probe: autoDraw = True
197.9757 	EXP 	Device response: <KeyPress from None: t=197.96887654099555, value=z, duration=None>
197.9761 	EXP 	New trial (rep=20, index=0): <Trial 80 (0 in rep 20) data={'pos': np.int64(-50), 'corr_resp': 'x', 'thisN': 80, 'thisTrialN': 0, 'thisRepN': 20}>
197.9833 	DATA 	Keypress: z
197.9882 	EXP 	fixation: autoDraw = False
197.9882 	EXP 	line1: autoDraw = False
197.9882 	EXP 	line2: autoDraw = False
197.9882 	EXP 	line3: autoDraw = False
197.9882 	EXP 	line4: autoDraw = False
197.9882 	EXP 	probe: autoDraw = False
197.9882 	EXP 	fixation: autoDraw = True
198.0759 	EXP 	Device response: <KeyPress from None: t=197.96887654099555, value=z, duration=0.10432937499717809>
198.9747 	EXP 	line1: autoDraw = True
198.9747 	EXP 	line2: autoDraw = True
198.9747 	EXP 	line3: autoDraw = True
198.9747 	EXP 	line4: autoDraw = True
198.9820 	EXP 	fixation: autoDraw = False
199.9744 	INFO 	Keyboard events cleared
199.9742 	EXP 	probe: autoDraw = True
200.2813 	EXP 	Device response: <KeyPress from None: t=200.27979324999615, value=x, duration=None>
200.2817 	EXP 	New trial (rep=20, index=1): <Trial 81 (1 in rep 20) data={'pos': np.int64(150), 'corr_resp': 'v', 'thisN': 81, 'thisTrialN': 1, 'thisRepN': 20}>
200.2882 	DATA 	Keypress: x
200.2930 	EXP 	fixation: autoDraw = False
200.2930 	EXP 	line1: autoDraw = False
200.2930 	EXP 	line2: autoDraw = False
200.2930 	EXP 	line3: autoDraw = False
200.2930 	EXP 	line4: autoDraw = False
200.2930 	EXP 	probe: autoDraw = False
200.2930 	EXP 	fixation: autoDraw = True
200.4312 	EXP 	Device response: <KeyPress from None: t=200.27979324999615, value=x, duration=0.13628329099447>
201.2824 	EXP 	line1: autoDraw = True
201.2824 	EXP 	line2: autoDraw = True
201.2824 	EXP 	line3: autoDraw = True
201.2824 	EXP 	line4: autoDraw = True
201.2897 	EXP 	fixation: autoDraw = False
202.2819 	INFO 	Keyboard events cleared
202.2817 	EXP 	probe: autoDraw = True
202.6485 	EXP 	Device response: <KeyPress from None: t=202.64278070800356, value=v, duration=None>
202.6490 	EXP 	New trial (rep=20, index=2): <Trial 82 (2 in rep 20) data={'pos': np.int64(50), 'corr_resp': 'c ', 'thisN': 82, 'thisTrialN': 2, 'thisRepN': 20}>
202.6561 	DATA 	Keypress: v
202.6609 	EXP 	fixation: autoDraw = False
202.6609 	EXP 	line1: autoDraw = False
202.6609 	EXP 	line2: autoDraw = False
202.6609 	EXP 	line3: autoDraw = False
202.6609 	EXP 	line4: autoDraw = False
202.6609 	EXP 	probe: autoDraw = False
202.6609 	EXP 	fixation: autoDraw = True
202.8121 	EXP 	Device response: <KeyPress from None: t=202.64278070800356, value=v, duration=0.16826070800016169>
203.6474 	EXP 	line1: autoDraw = True
203.6474 	EXP 	line2: autoDraw = True
203.6474 	EXP 	line3: autoDraw = True
203.6474 	EXP 	line4: autoDraw = True
203.6578 	EXP 	fixation: autoDraw = False
204.6476 	INFO 	Keyboard events cleared
204.6473 	EXP 	probe: autoDraw = True
205.1588 	EXP 	Device response: <KeyPress from None: t=205.14861974999076, value=c, duration=None>
205.1593 	EXP 	New trial (rep=20, index=3): <Trial 83 (3 in rep 20) data={'pos': np.int64(-150), 'corr_resp': 'z', 'thisN': 83, 'thisTrialN': 3, 'thisRepN': 20}>
205.1662 	DATA 	Keypress: c
205.1710 	EXP 	fixation: autoDraw = False
205.1710 	EXP 	line1: autoDraw = False
205.1710 	EXP 	line2: autoDraw = False
205.1710 	EXP 	line3: autoDraw = False
205.1710 	EXP 	line4: autoDraw = False
205.1710 	EXP 	probe: autoDraw = False
205.1710 	EXP 	fixation: autoDraw = True
205.3262 	EXP 	Device response: <KeyPress from None: t=205.14861974999076, value=c, duration=0.17236000001139473>
206.1579 	EXP 	line1: autoDraw = True
206.1579 	EXP 	line2: autoDraw = True
206.1579 	EXP 	line3: autoDraw = True
206.1579 	EXP 	line4: autoDraw = True
206.1638 	EXP 	fixation: autoDraw = False
207.1580 	INFO 	Keyboard events cleared
207.1578 	EXP 	probe: autoDraw = True
207.5092 	EXP 	Device response: <KeyPress from None: t=207.50662625000405, value=z, duration=None>
207.5098 	EXP 	New trial (rep=21, index=0): <Trial 84 (0 in rep 21) data={'pos': np.int64(-50), 'corr_resp': 'x', 'thisN': 84, 'thisTrialN': 0, 'thisRepN': 21}>
207.5168 	DATA 	Keypress: z
207.5217 	EXP 	fixation: autoDraw = False
207.5217 	EXP 	line1: autoDraw = False
207.5217 	EXP 	line2: autoDraw = False
207.5217 	EXP 	line3: autoDraw = False
207.5217 	EXP 	line4: autoDraw = False
207.5217 	EXP 	probe: autoDraw = False
207.5217 	EXP 	fixation: autoDraw = True
207.5975 	EXP 	Device response: <KeyPress from None: t=207.50662625000405, value=z, duration=0.08831187499163207>
208.5099 	EXP 	line1: autoDraw = True
208.5099 	EXP 	line2: autoDraw = True
208.5099 	EXP 	line3: autoDraw = True
208.5099 	EXP 	line4: autoDraw = True
208.5235 	EXP 	fixation: autoDraw = False
209.5079 	INFO 	Keyboard events cleared
209.5077 	EXP 	probe: autoDraw = True
209.9048 	EXP 	Device response: <KeyPress from None: t=209.89764433300297, value=x, duration=None>
209.9050 	EXP 	New trial (rep=21, index=1): <Trial 85 (1 in rep 21) data={'pos': np.int64(150), 'corr_resp': 'v', 'thisN': 85, 'thisTrialN': 1, 'thisRepN': 21}>
209.9070 	DATA 	Keypress: x
209.9101 	EXP 	fixation: autoDraw = False
209.9101 	EXP 	line1: autoDraw = False
209.9101 	EXP 	line2: autoDraw = False
209.9101 	EXP 	line3: autoDraw = False
209.9101 	EXP 	line4: autoDraw = False
209.9101 	EXP 	probe: autoDraw = False
209.9101 	EXP 	fixation: autoDraw = True
210.0594 	EXP 	Device response: <KeyPress from None: t=209.89764433300297, value=x, duration=0.15631683298852295>
210.8944 	EXP 	line1: autoDraw = True
210.8944 	EXP 	line2: autoDraw = True
210.8944 	EXP 	line3: autoDraw = True
210.8944 	EXP 	line4: autoDraw = True
210.9073 	EXP 	fixation: autoDraw = False
211.8977 	INFO 	Keyboard events cleared
211.8975 	EXP 	probe: autoDraw = True
212.3088 	EXP 	Device response: <KeyPress from None: t=212.30347145799897, value=v, duration=None>
212.3093 	EXP 	New trial (rep=21, index=2): <Trial 86 (2 in rep 21) data={'pos': np.int64(50), 'corr_resp': 'c ', 'thisN': 86, 'thisTrialN': 2, 'thisRepN': 21}>
212.3162 	DATA 	Keypress: v
212.3212 	EXP 	fixation: autoDraw = False
212.3212 	EXP 	line1: autoDraw = False
212.3212 	EXP 	line2: autoDraw = False
212.3212 	EXP 	line3: autoDraw = False
212.3212 	EXP 	line4: autoDraw = False
212.3212 	EXP 	probe: autoDraw = False
212.3212 	EXP 	fixation: autoDraw = True
212.4263 	EXP 	Device response: <KeyPress from None: t=212.30347145799897, value=v, duration=0.12037495800177567>
213.3078 	EXP 	line1: autoDraw = True
213.3078 	EXP 	line2: autoDraw = True
213.3078 	EXP 	line3: autoDraw = True
213.3078 	EXP 	line4: autoDraw = True
213.3140 	EXP 	fixation: autoDraw = False
214.3080 	INFO 	Keyboard events cleared
214.3078 	EXP 	probe: autoDraw = True
214.7425 	EXP 	Device response: <KeyPress from None: t=214.73042970799725, value=c, duration=None>
214.7432 	EXP 	New trial (rep=21, index=3): <Trial 87 (3 in rep 21) data={'pos': np.int64(-150), 'corr_resp': 'z', 'thisN': 87, 'thisTrialN': 3, 'thisRepN': 21}>
214.7506 	DATA 	Keypress: c
214.7556 	EXP 	fixation: autoDraw = False
214.7556 	EXP 	line1: autoDraw = False
214.7556 	EXP 	line2: autoDraw = False
214.7556 	EXP 	line3: autoDraw = False
214.7556 	EXP 	line4: autoDraw = False
214.7556 	EXP 	probe: autoDraw = False
214.7556 	EXP 	fixation: autoDraw = True
214.9312 	EXP 	Device response: <KeyPress from None: t=214.73042970799725, value=c, duration=0.19624491699505597>
215.7409 	EXP 	line1: autoDraw = True
215.7409 	EXP 	line2: autoDraw = True
215.7409 	EXP 	line3: autoDraw = True
215.7409 	EXP 	line4: autoDraw = True
215.7481 	EXP 	fixation: autoDraw = False
216.7407 	INFO 	Keyboard events cleared
216.7404 	EXP 	probe: autoDraw = True
217.0594 	EXP 	Device response: <KeyPress from None: t=217.04938666599628, value=z, duration=None>
217.0605 	EXP 	New trial (rep=22, index=0): <Trial 88 (0 in rep 22) data={'pos': np.int64(-50), 'corr_resp': 'x', 'thisN': 88, 'thisTrialN': 0, 'thisRepN': 22}>
217.0679 	DATA 	Keypress: z
217.0734 	EXP 	fixation: autoDraw = False
217.0734 	EXP 	line1: autoDraw = False
217.0734 	EXP 	line2: autoDraw = False
217.0734 	EXP 	line3: autoDraw = False
217.0734 	EXP 	line4: autoDraw = False
217.0734 	EXP 	probe: autoDraw = False
217.0734 	EXP 	fixation: autoDraw = True
217.1764 	EXP 	Device response: <KeyPress from None: t=217.04938666599628, value=z, duration=0.12427216699870769>
218.0576 	EXP 	line1: autoDraw = True
218.0576 	EXP 	line2: autoDraw = True
218.0576 	EXP 	line3: autoDraw = True
218.0576 	EXP 	line4: autoDraw = True
218.0633 	EXP 	fixation: autoDraw = False
219.0579 	INFO 	Keyboard events cleared
219.0576 	EXP 	probe: autoDraw = True
219.3483 	EXP 	Device response: <KeyPress from None: t=219.34223870799178, value=x, duration=None>
219.3487 	EXP 	New trial (rep=22, index=1): <Trial 89 (1 in rep 22) data={'pos': np.int64(150), 'corr_resp': 'v', 'thisN': 89, 'thisTrialN': 1, 'thisRepN': 22}>
219.3569 	DATA 	Keypress: x
219.3611 	EXP 	fixation: autoDraw = False
219.3611 	EXP 	line1: autoDraw = False
219.3611 	EXP 	line2: autoDraw = False
219.3611 	EXP 	line3: autoDraw = False
219.3611 	EXP 	line4: autoDraw = False
219.3611 	EXP 	probe: autoDraw = False
219.3611 	EXP 	fixation: autoDraw = True
219.5096 	EXP 	Device response: <KeyPress from None: t=219.34223870799178, value=x, duration=0.16037587499886286>
220.3447 	EXP 	line1: autoDraw = True
220.3447 	EXP 	line2: autoDraw = True
220.3447 	EXP 	line3: autoDraw = True
220.3447 	EXP 	line4: autoDraw = True
220.3579 	EXP 	fixation: autoDraw = False
221.3579 	INFO 	Keyboard events cleared
221.3577 	EXP 	probe: autoDraw = True
221.7923 	EXP 	Device response: <KeyPress from None: t=221.78014812499168, value=v, duration=None>
221.7928 	EXP 	New trial (rep=22, index=2): <Trial 90 (2 in rep 22) data={'pos': np.int64(50), 'corr_resp': 'c ', 'thisN': 90, 'thisTrialN': 2, 'thisRepN': 22}>
221.7998 	DATA 	Keypress: v
221.8049 	EXP 	fixation: autoDraw = False
221.8049 	EXP 	line1: autoDraw = False
221.8049 	EXP 	line2: autoDraw = False
221.8049 	EXP 	line3: autoDraw = False
221.8049 	EXP 	line4: autoDraw = False
221.8049 	EXP 	probe: autoDraw = False
221.8049 	EXP 	fixation: autoDraw = True
221.9428 	EXP 	Device response: <KeyPress from None: t=221.78014812499168, value=v, duration=0.1604231660021469>
222.7911 	EXP 	line1: autoDraw = True
222.7911 	EXP 	line2: autoDraw = True
222.7911 	EXP 	line3: autoDraw = True
222.7911 	EXP 	line4: autoDraw = True
222.7983 	EXP 	fixation: autoDraw = False
223.7910 	INFO 	Keyboard events cleared
223.7908 	EXP 	probe: autoDraw = True
224.3438 	EXP 	Device response: <KeyPress from None: t=224.33311791600136, value=c, duration=None>
224.3442 	EXP 	New trial (rep=22, index=3): <Trial 91 (3 in rep 22) data={'pos': np.int64(-150), 'corr_resp': 'z', 'thisN': 91, 'thisTrialN': 3, 'thisRepN': 22}>
224.3503 	DATA 	Keypress: c
224.3567 	EXP 	fixation: autoDraw = False
224.3567 	EXP 	line1: autoDraw = False
224.3567 	EXP 	line2: autoDraw = False
224.3567 	EXP 	line3: autoDraw = False
224.3567 	EXP 	line4: autoDraw = False
224.3567 	EXP 	probe: autoDraw = False
224.3567 	EXP 	fixation: autoDraw = True
224.4931 	EXP 	Device response: <KeyPress from None: t=224.33311791600136, value=c, duration=0.1523404999898048>
225.3412 	EXP 	line1: autoDraw = True
225.3412 	EXP 	line2: autoDraw = True
225.3412 	EXP 	line3: autoDraw = True
225.3412 	EXP 	line4: autoDraw = True
225.3468 	EXP 	fixation: autoDraw = False
226.3411 	INFO 	Keyboard events cleared
226.3409 	EXP 	probe: autoDraw = True
226.7316 	EXP 	Device response: <KeyPress from None: t=226.73004379100166, value=z, duration=None>
226.7320 	EXP 	New trial (rep=23, index=0): <Trial 92 (0 in rep 23) data={'pos': np.int64(-50), 'corr_resp': 'x', 'thisN': 92, 'thisTrialN': 0, 'thisRepN': 23}>
226.7385 	DATA 	Keypress: z
226.7433 	EXP 	fixation: autoDraw = False
226.7433 	EXP 	line1: autoDraw = False
226.7433 	EXP 	line2: autoDraw = False
226.7433 	EXP 	line3: autoDraw = False
226.7433 	EXP 	line4: autoDraw = False
226.7433 	EXP 	probe: autoDraw = False
226.7433 	EXP 	fixation: autoDraw = True
226.8763 	EXP 	Device response: <KeyPress from None: t=226.73004379100166, value=z, duration=0.14423495899245609>
227.7316 	EXP 	line1: autoDraw = True
227.7316 	EXP 	line2: autoDraw = True
227.7316 	EXP 	line3: autoDraw = True
227.7316 	EXP 	line4: autoDraw = True
227.7411 	EXP 	fixation: autoDraw = False
228.7316 	INFO 	Keyboard events cleared
228.7313 	EXP 	probe: autoDraw = True
229.0815 	EXP 	Device response: <KeyPress from None: t=229.07694416599406, value=x, duration=None>
229.0821 	EXP 	New trial (rep=23, index=1): <Trial 93 (1 in rep 23) data={'pos': np.int64(150), 'corr_resp': 'v', 'thisN': 93, 'thisTrialN': 1, 'thisRepN': 23}>
229.0885 	DATA 	Keypress: x
229.0933 	EXP 	fixation: autoDraw = False
229.0933 	EXP 	line1: autoDraw = False
229.0933 	EXP 	line2: autoDraw = False
229.0933 	EXP 	line3: autoDraw = False
229.0933 	EXP 	line4: autoDraw = False
229.0933 	EXP 	probe: autoDraw = False
229.0933 	EXP 	fixation: autoDraw = True
229.2429 	EXP 	Device response: <KeyPress from None: t=229.07694416599406, value=x, duration=0.15638425000361167>
230.0818 	EXP 	line1: autoDraw = True
230.0818 	EXP 	line2: autoDraw = True
230.0818 	EXP 	line3: autoDraw = True
230.0818 	EXP 	line4: autoDraw = True
230.0910 	EXP 	fixation: autoDraw = False
231.0816 	INFO 	Keyboard events cleared
231.0814 	EXP 	probe: autoDraw = True
231.5588 	EXP 	Device response: <KeyPress from None: t=231.54990162499598, value=v, duration=None>
231.5594 	EXP 	New trial (rep=23, index=2): <Trial 94 (2 in rep 23) data={'pos': np.int64(50), 'corr_resp': 'c ', 'thisN': 94, 'thisTrialN': 2, 'thisRepN': 23}>
231.5664 	DATA 	Keypress: v
231.5712 	EXP 	fixation: autoDraw = False
231.5712 	EXP 	line1: autoDraw = False
231.5712 	EXP 	line2: autoDraw = False
231.5712 	EXP 	line3: autoDraw = False
231.5712 	EXP 	line4: autoDraw = False
231.5712 	EXP 	probe: autoDraw = False
231.5712 	EXP 	fixation: autoDraw = True
231.7092 	EXP 	Device response: <KeyPress from None: t=231.54990162499598, value=v, duration=0.15236008299689274>
232.5575 	EXP 	line1: autoDraw = True
232.5575 	EXP 	line2: autoDraw = True
232.5575 	EXP 	line3: autoDraw = True
232.5575 	EXP 	line4: autoDraw = True
232.5640 	EXP 	fixation: autoDraw = False
233.5583 	INFO 	Keyboard events cleared
233.5581 	EXP 	probe: autoDraw = True
233.8142 	EXP 	Device response: <KeyPress from None: t=233.80773345800117, value=c, duration=None>
233.8146 	EXP 	New trial (rep=23, index=3): <Trial 95 (3 in rep 23) data={'pos': np.int64(-150), 'corr_resp': 'z', 'thisN': 95, 'thisTrialN': 3, 'thisRepN': 23}>
233.8195 	DATA 	Keypress: c
233.8234 	EXP 	fixation: autoDraw = False
233.8234 	EXP 	line1: autoDraw = False
233.8234 	EXP 	line2: autoDraw = False
233.8234 	EXP 	line3: autoDraw = False
233.8234 	EXP 	line4: autoDraw = False
233.8234 	EXP 	probe: autoDraw = False
233.8234 	EXP 	fixation: autoDraw = True
233.9815 	EXP 	Device response: <KeyPress from None: t=233.80773345800117, value=c, duration=0.17242104199249297>
234.8078 	EXP 	line1: autoDraw = True
234.8078 	EXP 	line2: autoDraw = True
234.8078 	EXP 	line3: autoDraw = True
234.8078 	EXP 	line4: autoDraw = True
234.8148 	EXP 	fixation: autoDraw = False
235.8077 	INFO 	Keyboard events cleared
235.8075 	EXP 	probe: autoDraw = True
236.1078 	EXP 	Device response: <KeyPress from None: t=236.09868733299663, value=z, duration=None>
236.1082 	EXP 	New trial (rep=24, index=0): <Trial 96 (0 in rep 24) data={'pos': np.int64(-50), 'corr_resp': 'x', 'thisN': 96, 'thisTrialN': 0, 'thisRepN': 24}>
236.1150 	DATA 	Keypress: z
236.1196 	EXP 	fixation: autoDraw = False
236.1196 	EXP 	line1: autoDraw = False
236.1196 	EXP 	line2: autoDraw = False
236.1196 	EXP 	line3: autoDraw = False
236.1196 	EXP 	line4: autoDraw = False
236.1196 	EXP 	probe: autoDraw = False
236.1196 	EXP 	fixation: autoDraw = True
236.2428 	EXP 	Device response: <KeyPress from None: t=236.09868733299663, value=z, duration=0.1404750000074273>
237.0985 	EXP 	line1: autoDraw = True
237.0985 	EXP 	line2: autoDraw = True
237.0985 	EXP 	line3: autoDraw = True
237.0985 	EXP 	line4: autoDraw = True
237.1111 	EXP 	fixation: autoDraw = False
238.0973 	INFO 	Keyboard events cleared
238.0971 	EXP 	probe: autoDraw = True
238.5089 	EXP 	Device response: <KeyPress from None: t=238.5007164159906, value=x, duration=None>
238.5093 	EXP 	New trial (rep=24, index=1): <Trial 97 (1 in rep 24) data={'pos': np.int64(150), 'corr_resp': 'v', 'thisN': 97, 'thisTrialN': 1, 'thisRepN': 24}>
238.5158 	DATA 	Keypress: x
238.5207 	EXP 	fixation: autoDraw = False
238.5207 	EXP 	line1: autoDraw = False
238.5207 	EXP 	line2: autoDraw = False
238.5207 	EXP 	line3: autoDraw = False
238.5207 	EXP 	line4: autoDraw = False
238.5207 	EXP 	probe: autoDraw = False
238.5207 	EXP 	fixation: autoDraw = True
238.6755 	EXP 	Device response: <KeyPress from None: t=238.5007164159906, value=x, duration=0.1683192920027068>
239.5080 	EXP 	line1: autoDraw = True
239.5080 	EXP 	line2: autoDraw = True
239.5080 	EXP 	line3: autoDraw = True
239.5080 	EXP 	line4: autoDraw = True
239.5147 	EXP 	fixation: autoDraw = False
240.5076 	INFO 	Keyboard events cleared
240.5075 	EXP 	probe: autoDraw = True
240.8982 	EXP 	Device response: <KeyPress from None: t=240.89364012499573, value=v, duration=None>
240.8986 	EXP 	New trial (rep=24, index=2): <Trial 98 (2 in rep 24) data={'pos': np.int64(50), 'corr_resp': 'c ', 'thisN': 98, 'thisTrialN': 2, 'thisRepN': 24}>
240.9045 	DATA 	Keypress: v
240.9092 	EXP 	fixation: autoDraw = False
240.9092 	EXP 	line1: autoDraw = False
240.9092 	EXP 	line2: autoDraw = False
240.9092 	EXP 	line3: autoDraw = False
240.9092 	EXP 	line4: autoDraw = False
240.9092 	EXP 	probe: autoDraw = False
240.9092 	EXP 	fixation: autoDraw = True
241.0135 	EXP 	Device response: <KeyPress from None: t=240.89364012499573, value=v, duration=0.11628604099678341>
241.8979 	EXP 	line1: autoDraw = True
241.8979 	EXP 	line2: autoDraw = True
241.8979 	EXP 	line3: autoDraw = True
241.8979 	EXP 	line4: autoDraw = True
241.9083 	EXP 	fixation: autoDraw = False
242.8988 	INFO 	Keyboard events cleared
242.8986 	EXP 	probe: autoDraw = True
243.4921 	EXP 	Device response: <KeyPress from None: t=243.48158741599764, value=c, duration=None>
243.4926 	EXP 	New trial (rep=24, index=3): <Trial 99 (3 in rep 24) data={'pos': np.int64(-150), 'corr_resp': 'z', 'thisN': 99, 'thisTrialN': 3, 'thisRepN': 24}>
243.4979 	DATA 	Keypress: c
243.5021 	EXP 	fixation: autoDraw = False
243.5021 	EXP 	line1: autoDraw = False
243.5021 	EXP 	line2: autoDraw = False
243.5021 	EXP 	line3: autoDraw = False
243.5021 	EXP 	line4: autoDraw = False
243.5021 	EXP 	probe: autoDraw = False
243.5021 	EXP 	fixation: autoDraw = True
243.6593 	EXP 	Device response: <KeyPress from None: t=243.48158741599764, value=c, duration=0.16428770900529344>
244.4908 	EXP 	line1: autoDraw = True
244.4908 	EXP 	line2: autoDraw = True
244.4908 	EXP 	line3: autoDraw = True
244.4908 	EXP 	line4: autoDraw = True
244.4973 	EXP 	fixation: autoDraw = False
245.4911 	INFO 	Keyboard events cleared
245.4909 	EXP 	probe: autoDraw = True
245.8908 	EXP 	Device response: <KeyPress from None: t=245.87740012499853, value=z, duration=None>
245.9467 	EXP 	Imported /Users/tiaragajjar/Downloads/EXP 4 - Sheet1.csv as conditions, 4 conditions, 2 params
245.9536 	EXP 	New trial (rep=0, index=0): <Trial 0 (0 in rep 0) data={'pos': np.int64(150), 'corr_resp': 'v', 'thisN': 0, 'thisTrialN': 0, 'thisRepN': 0}>
245.9580 	DATA 	Keypress: z
245.9622 	EXP 	fixation: autoDraw = False
245.9622 	EXP 	line1: autoDraw = False
245.9622 	EXP 	line2: autoDraw = False
245.9622 	EXP 	line3: autoDraw = False
245.9622 	EXP 	line4: autoDraw = False
245.9622 	EXP 	probe: autoDraw = False
245.9622 	EXP 	fixation: autoDraw = True
246.0242 	EXP 	Device response: <KeyPress from None: t=245.87740012499853, value=z, duration=0.13246016600169241>
246.8815 	EXP 	line1: autoDraw = True
246.8815 	EXP 	line2: autoDraw = True
246.8815 	EXP 	line3: autoDraw = True
246.8815 	EXP 	line4: autoDraw = True
246.9573 	EXP 	fixation: autoDraw = False
247.8778 	INFO 	Keyboard events cleared
247.8777 	EXP 	probe: autoDraw = True
248.4420 	EXP 	Device response: <KeyPress from None: t=248.43140033299278, value=v, duration=None>
248.4425 	EXP 	New trial (rep=0, index=1): <Trial 1 (1 in rep 0) data={'pos': np.int64(50), 'corr_resp': 'c ', 'thisN': 1, 'thisTrialN': 1, 'thisRepN': 0}>
248.4481 	DATA 	Keypress: v
248.4526 	EXP 	fixation: autoDraw = False
248.4526 	EXP 	line1: autoDraw = False
248.4526 	EXP 	line2: autoDraw = False
248.4526 	EXP 	line3: autoDraw = False
248.4526 	EXP 	line4: autoDraw = False
248.4526 	EXP 	probe: autoDraw = False
248.4526 	EXP 	fixation: autoDraw = True
248.5763 	EXP 	Device response: <KeyPress from None: t=248.43140033299278, value=v, duration=0.13625575001060497>
249.4408 	EXP 	line1: autoDraw = True
249.4408 	EXP 	line2: autoDraw = True
249.4408 	EXP 	line3: autoDraw = True
249.4408 	EXP 	line4: autoDraw = True
249.4473 	EXP 	fixation: autoDraw = False
250.4412 	INFO 	Keyboard events cleared
250.4410 	EXP 	probe: autoDraw = True
250.6611 	EXP 	Device response: <KeyPress from None: t=250.64827587499167, value=c, duration=None>
250.6619 	EXP 	New trial (rep=0, index=2): <Trial 2 (2 in rep 0) data={'pos': np.int64(-50), 'corr_resp': 'x', 'thisN': 2, 'thisTrialN': 2, 'thisRepN': 0}>
250.6695 	DATA 	Keypress: c
250.6734 	EXP 	fixation: autoDraw = False
250.6734 	EXP 	line1: autoDraw = False
250.6734 	EXP 	line2: autoDraw = False
250.6734 	EXP 	line3: autoDraw = False
250.6734 	EXP 	line4: autoDraw = False
250.6734 	EXP 	probe: autoDraw = False
250.6734 	EXP 	fixation: autoDraw = True
250.8305 	EXP 	Device response: <KeyPress from None: t=250.64827587499167, value=c, duration=0.18035612501262221>
251.6578 	EXP 	line1: autoDraw = True
251.6578 	EXP 	line2: autoDraw = True
251.6578 	EXP 	line3: autoDraw = True
251.6578 	EXP 	line4: autoDraw = True
251.6642 	EXP 	fixation: autoDraw = False
252.6577 	INFO 	Keyboard events cleared
252.6575 	EXP 	probe: autoDraw = True
252.9089 	EXP 	Device response: <KeyPress from None: t=252.89819954099949, value=x, duration=None>
252.9094 	EXP 	New trial (rep=1, index=3): <Trial 3 (3 in rep 1) data={'pos': np.int64(150), 'corr_resp': 'v', 'thisN': 3, 'thisTrialN': 3, 'thisRepN': 1}>
252.9162 	DATA 	Keypress: x
252.9211 	EXP 	fixation: autoDraw = False
252.9211 	EXP 	line1: autoDraw = False
252.9211 	EXP 	line2: autoDraw = False
252.9211 	EXP 	line3: autoDraw = False
252.9211 	EXP 	line4: autoDraw = False
252.9211 	EXP 	probe: autoDraw = False
252.9211 	EXP 	fixation: autoDraw = True
253.0413 	EXP 	Device response: <KeyPress from None: t=252.89819954099949, value=x, duration=0.14045700000133365>
253.9079 	EXP 	line1: autoDraw = True
253.9079 	EXP 	line2: autoDraw = True
253.9079 	EXP 	line3: autoDraw = True
253.9079 	EXP 	line4: autoDraw = True
253.9149 	EXP 	fixation: autoDraw = False
254.9077 	INFO 	Keyboard events cleared
254.9075 	EXP 	probe: autoDraw = True
255.2420 	EXP 	Device response: <KeyPress from None: t=255.23529858299298, value=v, duration=None>
255.2425 	EXP 	New trial (rep=2, index=4): <Trial 4 (4 in rep 2) data={'pos': np.int64(150), 'corr_resp': 'v', 'thisN': 4, 'thisTrialN': 4, 'thisRepN': 2}>
255.2488 	DATA 	Keypress: v
255.2537 	EXP 	fixation: autoDraw = False
255.2537 	EXP 	line1: autoDraw = False
255.2537 	EXP 	line2: autoDraw = False
255.2537 	EXP 	line3: autoDraw = False
255.2537 	EXP 	line4: autoDraw = False
255.2537 	EXP 	probe: autoDraw = False
255.2537 	EXP 	fixation: autoDraw = True
255.4073 	EXP 	Device response: <KeyPress from None: t=255.23529858299298, value=v, duration=0.16423366700473707>
256.2396 	EXP 	line1: autoDraw = True
256.2396 	EXP 	line2: autoDraw = True
256.2396 	EXP 	line3: autoDraw = True
256.2396 	EXP 	line4: autoDraw = True
256.2449 	EXP 	fixation: autoDraw = False
257.2411 	INFO 	Keyboard events cleared
257.2409 	EXP 	probe: autoDraw = True
257.5821 	EXP 	Device response: <KeyPress from None: t=257.57818766600394, value=v, duration=None>
257.5826 	EXP 	New trial (rep=3, index=5): <Trial 5 (5 in rep 3) data={'pos': np.int64(150), 'corr_resp': 'v', 'thisN': 5, 'thisTrialN': 5, 'thisRepN': 3}>
257.5893 	DATA 	Keypress: v
257.5940 	EXP 	fixation: autoDraw = False
257.5940 	EXP 	line1: autoDraw = False
257.5940 	EXP 	line2: autoDraw = False
257.5940 	EXP 	line3: autoDraw = False
257.5940 	EXP 	line4: autoDraw = False
257.5940 	EXP 	probe: autoDraw = False
257.5940 	EXP 	fixation: autoDraw = True
257.7093 	EXP 	Device response: <KeyPress from None: t=257.57818766600394, value=v, duration=0.12831070899846964>
258.5802 	EXP 	line1: autoDraw = True
258.5802 	EXP 	line2: autoDraw = True
258.5802 	EXP 	line3: autoDraw = True
258.5802 	EXP 	line4: autoDraw = True
258.5909 	EXP 	fixation: autoDraw = False
259.5810 	INFO 	Keyboard events cleared
259.5808 	EXP 	probe: autoDraw = True
259.9589 	EXP 	Device response: <KeyPress from None: t=259.9541842500039, value=v, duration=None>
259.9594 	EXP 	New trial (rep=1, index=6): <Trial 6 (6 in rep 1) data={'pos': np.int64(50), 'corr_resp': 'c ', 'thisN': 6, 'thisTrialN': 6, 'thisRepN': 1}>
259.9650 	DATA 	Keypress: v
259.9694 	EXP 	fixation: autoDraw = False
259.9694 	EXP 	line1: autoDraw = False
259.9694 	EXP 	line2: autoDraw = False
259.9694 	EXP 	line3: autoDraw = False
259.9694 	EXP 	line4: autoDraw = False
259.9694 	EXP 	probe: autoDraw = False
259.9694 	EXP 	fixation: autoDraw = True
260.1093 	EXP 	Device response: <KeyPress from None: t=259.9541842500039, value=v, duration=0.14825645799282938>
260.9574 	EXP 	line1: autoDraw = True
260.9574 	EXP 	line2: autoDraw = True
260.9574 	EXP 	line3: autoDraw = True
260.9574 	EXP 	line4: autoDraw = True
260.9641 	EXP 	fixation: autoDraw = False
261.9577 	INFO 	Keyboard events cleared
261.9575 	EXP 	probe: autoDraw = True
262.4422 	EXP 	Device response: <KeyPress from None: t=262.4370630409976, value=c, duration=None>
262.4428 	EXP 	New trial (rep=1, index=7): <Trial 7 (7 in rep 1) data={'pos': np.int64(-50), 'corr_resp': 'x', 'thisN': 7, 'thisTrialN': 7, 'thisRepN': 1}>
262.4496 	DATA 	Keypress: c
262.4548 	EXP 	fixation: autoDraw = False
262.4548 	EXP 	line1: autoDraw = False
262.4548 	EXP 	line2: autoDraw = False
262.4548 	EXP 	line3: autoDraw = False
262.4548 	EXP 	line4: autoDraw = False
262.4548 	EXP 	probe: autoDraw = False
262.4548 	EXP 	fixation: autoDraw = True
262.6818 	EXP 	Device response: <KeyPress from None: t=262.4370630409976, value=c, duration=0.24025249999249354>
263.4410 	EXP 	line1: autoDraw = True
263.4410 	EXP 	line2: autoDraw = True
263.4410 	EXP 	line3: autoDraw = True
263.4410 	EXP 	line4: autoDraw = True
263.4484 	EXP 	fixation: autoDraw = False
264.4397 	INFO 	Keyboard events cleared
264.4394 	EXP 	probe: autoDraw = True
264.9935 	EXP 	Device response: <KeyPress from None: t=264.98193208299926, value=x, duration=None>
264.9942 	EXP 	New trial (rep=2, index=8): <Trial 8 (8 in rep 2) data={'pos': np.int64(50), 'corr_resp': 'c ', 'thisN': 8, 'thisTrialN': 8, 'thisRepN': 2}>
265.0005 	DATA 	Keypress: x
265.0061 	EXP 	fixation: autoDraw = False
265.0061 	EXP 	line1: autoDraw = False
265.0061 	EXP 	line2: autoDraw = False
265.0061 	EXP 	line3: autoDraw = False
265.0061 	EXP 	line4: autoDraw = False
265.0061 	EXP 	probe: autoDraw = False
265.0061 	EXP 	fixation: autoDraw = True
265.1596 	EXP 	Device response: <KeyPress from None: t=264.98193208299926, value=x, duration=0.1682410829962464>
265.9909 	EXP 	line1: autoDraw = True
265.9909 	EXP 	line2: autoDraw = True
265.9909 	EXP 	line3: autoDraw = True
265.9909 	EXP 	line4: autoDraw = True
265.9966 	EXP 	fixation: autoDraw = False
266.9911 	INFO 	Keyboard events cleared
266.9909 	EXP 	probe: autoDraw = True
267.5421 	EXP 	Device response: <KeyPress from None: t=267.5329224159941, value=c, duration=None>
267.5426 	EXP 	New trial (rep=0, index=9): <Trial 9 (9 in rep 0) data={'pos': np.int64(-150), 'corr_resp': 'z', 'thisN': 9, 'thisTrialN': 9, 'thisRepN': 0}>
267.5481 	DATA 	Keypress: c
267.5529 	EXP 	fixation: autoDraw = False
267.5529 	EXP 	line1: autoDraw = False
267.5529 	EXP 	line2: autoDraw = False
267.5529 	EXP 	line3: autoDraw = False
267.5529 	EXP 	line4: autoDraw = False
267.5529 	EXP 	probe: autoDraw = False
267.5529 	EXP 	fixation: autoDraw = True
267.7272 	EXP 	Device response: <KeyPress from None: t=267.5329224159941, value=c, duration=0.18825912500324193>
268.5408 	EXP 	line1: autoDraw = True
268.5408 	EXP 	line2: autoDraw = True
268.5408 	EXP 	line3: autoDraw = True
268.5408 	EXP 	line4: autoDraw = True
268.5465 	EXP 	fixation: autoDraw = False
269.5398 	INFO 	Keyboard events cleared
269.5395 	EXP 	probe: autoDraw = True
270.0418 	EXP 	Device response: <KeyPress from None: t=270.033775666001, value=z, duration=None>
270.0423 	EXP 	New trial (rep=1, index=10): <Trial 10 (10 in rep 1) data={'pos': np.int64(-150), 'corr_resp': 'z', 'thisN': 10, 'thisTrialN': 10, 'thisRepN': 1}>
270.0480 	DATA 	Keypress: z
270.0524 	EXP 	fixation: autoDraw = False
270.0524 	EXP 	line1: autoDraw = False
270.0524 	EXP 	line2: autoDraw = False
270.0524 	EXP 	line3: autoDraw = False
270.0524 	EXP 	line4: autoDraw = False
270.0524 	EXP 	probe: autoDraw = False
270.0524 	EXP 	fixation: autoDraw = True
270.1922 	EXP 	Device response: <KeyPress from None: t=270.033775666001, value=z, duration=0.14841916700243019>
271.0408 	EXP 	line1: autoDraw = True
271.0408 	EXP 	line2: autoDraw = True
271.0408 	EXP 	line3: autoDraw = True
271.0408 	EXP 	line4: autoDraw = True
271.0479 	EXP 	fixation: autoDraw = False
272.0406 	INFO 	Keyboard events cleared
272.0404 	EXP 	probe: autoDraw = True
272.3587 	EXP 	Device response: <KeyPress from None: t=272.3507186249917, value=x, duration=None>
272.3592 	EXP 	New trial (rep=2, index=11): <Trial 11 (11 in rep 2) data={'pos': np.int64(-50), 'corr_resp': 'x', 'thisN': 11, 'thisTrialN': 11, 'thisRepN': 2}>
272.3656 	DATA 	Keypress: x
272.3703 	EXP 	fixation: autoDraw = False
272.3703 	EXP 	line1: autoDraw = False
272.3703 	EXP 	line2: autoDraw = False
272.3703 	EXP 	line3: autoDraw = False
272.3703 	EXP 	line4: autoDraw = False
272.3703 	EXP 	probe: autoDraw = False
272.3703 	EXP 	fixation: autoDraw = True
272.4752 	EXP 	Device response: <KeyPress from None: t=272.3507186249917, value=x, duration=0.11632312501023989>
273.3573 	EXP 	line1: autoDraw = True
273.3573 	EXP 	line2: autoDraw = True
273.3573 	EXP 	line3: autoDraw = True
273.3573 	EXP 	line4: autoDraw = True
273.3645 	EXP 	fixation: autoDraw = False
274.3576 	INFO 	Keyboard events cleared
274.3574 	EXP 	probe: autoDraw = True
274.8310 	EXP 	Device response: <KeyPress from None: t=274.8275977079902, value=x, duration=None>
274.8316 	EXP 	New trial (rep=3, index=12): <Trial 12 (12 in rep 3) data={'pos': np.int64(50), 'corr_resp': 'c ', 'thisN': 12, 'thisTrialN': 12, 'thisRepN': 3}>
274.8384 	DATA 	Keypress: x
274.8428 	EXP 	fixation: autoDraw = False
274.8428 	EXP 	line1: autoDraw = False
274.8428 	EXP 	line2: autoDraw = False
274.8428 	EXP 	line3: autoDraw = False
274.8428 	EXP 	line4: autoDraw = False
274.8428 	EXP 	probe: autoDraw = False
274.8428 	EXP 	fixation: autoDraw = True
274.9596 	EXP 	Device response: <KeyPress from None: t=274.8275977079902, value=x, duration=0.12837058301374782>
275.8317 	EXP 	line1: autoDraw = True
275.8317 	EXP 	line2: autoDraw = True
275.8317 	EXP 	line3: autoDraw = True
275.8317 	EXP 	line4: autoDraw = True
275.8407 	EXP 	fixation: autoDraw = False
276.8315 	INFO 	Keyboard events cleared
276.8312 	EXP 	probe: autoDraw = True
277.7153 	EXP 	Device response: <KeyPress from None: t=277.71162295799877, value=c, duration=None>
277.7161 	EXP 	New trial (rep=2, index=13): <Trial 13 (13 in rep 2) data={'pos': np.int64(-150), 'corr_resp': 'z', 'thisN': 13, 'thisTrialN': 13, 'thisRepN': 2}>
277.7234 	DATA 	Keypress: c
277.7275 	EXP 	fixation: autoDraw = False
277.7275 	EXP 	line1: autoDraw = False
277.7275 	EXP 	line2: autoDraw = False
277.7275 	EXP 	line3: autoDraw = False
277.7275 	EXP 	line4: autoDraw = False
277.7275 	EXP 	probe: autoDraw = False
277.7275 	EXP 	fixation: autoDraw = True
277.8429 	EXP 	Device response: <KeyPress from None: t=277.71162295799877, value=c, duration=0.12437587499152869>
278.7098 	EXP 	line1: autoDraw = True
278.7098 	EXP 	line2: autoDraw = True
278.7098 	EXP 	line3: autoDraw = True
278.7098 	EXP 	line4: autoDraw = True
278.7241 	EXP 	fixation: autoDraw = False
279.7148 	INFO 	Keyboard events cleared
279.7146 	EXP 	probe: autoDraw = True
280.1309 	EXP 	Device response: <KeyPress from None: t=280.1294525830017, value=z, duration=None>
280.1314 	EXP 	New trial (rep=3, index=14): <Trial 14 (14 in rep 3) data={'pos': np.int64(-50), 'corr_resp': 'x', 'thisN': 14, 'thisTrialN': 14, 'thisRepN': 3}>
280.1383 	DATA 	Keypress: z
280.1427 	EXP 	fixation: autoDraw = False
280.1427 	EXP 	line1: autoDraw = False
280.1427 	EXP 	line2: autoDraw = False
280.1427 	EXP 	line3: autoDraw = False
280.1427 	EXP 	line4: autoDraw = False
280.1427 	EXP 	probe: autoDraw = False
280.1427 	EXP 	fixation: autoDraw = True
280.3094 	EXP 	Device response: <KeyPress from None: t=280.1294525830017, value=z, duration=0.16825683299975935>
281.1317 	EXP 	line1: autoDraw = True
281.1317 	EXP 	line2: autoDraw = True
281.1317 	EXP 	line3: autoDraw = True
281.1317 	EXP 	line4: autoDraw = True
281.1409 	EXP 	fixation: autoDraw = False
282.1317 	INFO 	Keyboard events cleared
282.1315 	EXP 	probe: autoDraw = True
282.5802 	EXP 	Device response: <KeyPress from None: t=282.5774184579932, value=x, duration=None>
282.5806 	EXP 	New trial (rep=4, index=15): <Trial 15 (15 in rep 4) data={'pos': np.int64(150), 'corr_resp': 'v', 'thisN': 15, 'thisTrialN': 15, 'thisRepN': 4}>
282.5859 	DATA 	Keypress: x
282.5903 	EXP 	fixation: autoDraw = False
282.5903 	EXP 	line1: autoDraw = False
282.5903 	EXP 	line2: autoDraw = False
282.5903 	EXP 	line3: autoDraw = False
282.5903 	EXP 	line4: autoDraw = False
282.5903 	EXP 	probe: autoDraw = False
282.5903 	EXP 	fixation: autoDraw = True
282.7313 	EXP 	Device response: <KeyPress from None: t=282.5774184579932, value=x, duration=0.15236045799974818>
283.5808 	EXP 	fixation: autoDraw = False
283.5808 	EXP 	line1: autoDraw = True
283.5808 	EXP 	line2: autoDraw = True
283.5808 	EXP 	line3: autoDraw = True
283.5808 	EXP 	line4: autoDraw = True
284.5742 	INFO 	Keyboard events cleared
284.5740 	EXP 	probe: autoDraw = True
284.9649 	EXP 	Device response: <KeyPress from None: t=284.9603765829961, value=v, duration=None>
284.9653 	EXP 	New trial (rep=4, index=16): <Trial 16 (16 in rep 4) data={'pos': np.int64(50), 'corr_resp': 'c ', 'thisN': 16, 'thisTrialN': 16, 'thisRepN': 4}>
284.9717 	DATA 	Keypress: v
284.9760 	EXP 	fixation: autoDraw = False
284.9760 	EXP 	line1: autoDraw = False
284.9760 	EXP 	line2: autoDraw = False
284.9760 	EXP 	line3: autoDraw = False
284.9760 	EXP 	line4: autoDraw = False
284.9760 	EXP 	probe: autoDraw = False
284.9760 	EXP 	fixation: autoDraw = True
285.0763 	EXP 	Device response: <KeyPress from None: t=284.9603765829961, value=v, duration=0.1123099170072237>
285.9646 	EXP 	line1: autoDraw = True
285.9646 	EXP 	line2: autoDraw = True
285.9646 	EXP 	line3: autoDraw = True
285.9646 	EXP 	line4: autoDraw = True
285.9740 	EXP 	fixation: autoDraw = False
286.9651 	INFO 	Keyboard events cleared
286.9649 	EXP 	probe: autoDraw = True
287.3923 	EXP 	Device response: <KeyPress from None: t=287.38643312499335, value=c, duration=None>
287.3930 	EXP 	New trial (rep=5, index=17): <Trial 17 (17 in rep 5) data={'pos': np.int64(150), 'corr_resp': 'v', 'thisN': 17, 'thisTrialN': 17, 'thisRepN': 5}>
287.3999 	DATA 	Keypress: c
287.4047 	EXP 	fixation: autoDraw = False
287.4047 	EXP 	line1: autoDraw = False
287.4047 	EXP 	line2: autoDraw = False
287.4047 	EXP 	line3: autoDraw = False
287.4047 	EXP 	line4: autoDraw = False
287.4047 	EXP 	probe: autoDraw = False
287.4047 	EXP 	fixation: autoDraw = True
287.5260 	EXP 	Device response: <KeyPress from None: t=287.38643312499335, value=c, duration=0.13220329101022799>
288.3908 	EXP 	line1: autoDraw = True
288.3908 	EXP 	line2: autoDraw = True
288.3908 	EXP 	line3: autoDraw = True
288.3908 	EXP 	line4: autoDraw = True
288.3975 	EXP 	fixation: autoDraw = False
289.3908 	INFO 	Keyboard events cleared
289.3907 	EXP 	probe: autoDraw = True
289.8250 	EXP 	Device response: <KeyPress from None: t=289.8202802500018, value=v, duration=None>
289.8255 	EXP 	New trial (rep=6, index=18): <Trial 18 (18 in rep 6) data={'pos': np.int64(150), 'corr_resp': 'v', 'thisN': 18, 'thisTrialN': 18, 'thisRepN': 6}>
289.8321 	DATA 	Keypress: v
289.8370 	EXP 	fixation: autoDraw = False
289.8370 	EXP 	line1: autoDraw = False
289.8370 	EXP 	line2: autoDraw = False
289.8370 	EXP 	line3: autoDraw = False
289.8370 	EXP 	line4: autoDraw = False
289.8370 	EXP 	probe: autoDraw = False
289.8370 	EXP 	fixation: autoDraw = True
289.9589 	EXP 	Device response: <KeyPress from None: t=289.8202802500018, value=v, duration=0.1282279579900205>
290.8240 	EXP 	line1: autoDraw = True
290.8240 	EXP 	line2: autoDraw = True
290.8240 	EXP 	line3: autoDraw = True
290.8240 	EXP 	line4: autoDraw = True
290.8307 	EXP 	fixation: autoDraw = False
291.8243 	INFO 	Keyboard events cleared
291.8241 	EXP 	probe: autoDraw = True
292.3086 	EXP 	Device response: <KeyPress from None: t=292.3061645830021, value=x, duration=None>
292.3090 	EXP 	New trial (rep=3, index=19): <Trial 19 (19 in rep 3) data={'pos': np.int64(-150), 'corr_resp': 'z', 'thisN': 19, 'thisTrialN': 19, 'thisRepN': 3}>
292.3158 	DATA 	Keypress: x
292.3208 	EXP 	fixation: autoDraw = False
292.3208 	EXP 	line1: autoDraw = False
292.3208 	EXP 	line2: autoDraw = False
292.3208 	EXP 	line3: autoDraw = False
292.3208 	EXP 	line4: autoDraw = False
292.3208 	EXP 	probe: autoDraw = False
292.3208 	EXP 	fixation: autoDraw = True
292.4426 	EXP 	Device response: <KeyPress from None: t=292.3061645830021, value=x, duration=0.1323764580010902>
293.3073 	EXP 	line1: autoDraw = True
293.3073 	EXP 	line2: autoDraw = True
293.3073 	EXP 	line3: autoDraw = True
293.3073 	EXP 	line4: autoDraw = True
293.3134 	EXP 	fixation: autoDraw = False
294.3077 	INFO 	Keyboard events cleared
294.3075 	EXP 	probe: autoDraw = True
294.5588 	EXP 	Device response: <KeyPress from None: t=294.5511499159911, value=c, duration=None>
294.5591 	EXP 	New trial (rep=4, index=20): <Trial 20 (20 in rep 4) data={'pos': np.int64(-50), 'corr_resp': 'x', 'thisN': 20, 'thisTrialN': 20, 'thisRepN': 4}>
294.5642 	DATA 	Keypress: c
294.5687 	EXP 	fixation: autoDraw = False
294.5687 	EXP 	line1: autoDraw = False
294.5687 	EXP 	line2: autoDraw = False
294.5687 	EXP 	line3: autoDraw = False
294.5687 	EXP 	line4: autoDraw = False
294.5687 	EXP 	probe: autoDraw = False
294.5687 	EXP 	fixation: autoDraw = True
294.7262 	EXP 	Device response: <KeyPress from None: t=294.5511499159911, value=c, duration=0.1682697090000147>
295.5574 	EXP 	line1: autoDraw = True
295.5574 	EXP 	line2: autoDraw = True
295.5574 	EXP 	line3: autoDraw = True
295.5574 	EXP 	line4: autoDraw = True
295.5638 	EXP 	fixation: autoDraw = False
296.5574 	INFO 	Keyboard events cleared
296.5572 	EXP 	probe: autoDraw = True
297.1253 	EXP 	Device response: <KeyPress from None: t=297.12399333299254, value=x, duration=None>
297.1259 	EXP 	New trial (rep=5, index=21): <Trial 21 (21 in rep 5) data={'pos': np.int64(-50), 'corr_resp': 'x', 'thisN': 21, 'thisTrialN': 21, 'thisRepN': 5}>
297.1327 	DATA 	Keypress: x
297.1375 	EXP 	fixation: autoDraw = False
297.1375 	EXP 	line1: autoDraw = False
297.1375 	EXP 	line2: autoDraw = False
297.1375 	EXP 	line3: autoDraw = False
297.1375 	EXP 	line4: autoDraw = False
297.1375 	EXP 	probe: autoDraw = False
297.1375 	EXP 	fixation: autoDraw = True
297.2924 	EXP 	Device response: <KeyPress from None: t=297.12399333299254, value=x, duration=0.1603793329995824>
298.1240 	EXP 	line1: autoDraw = True
298.1240 	EXP 	line2: autoDraw = True
298.1240 	EXP 	line3: autoDraw = True
298.1240 	EXP 	line4: autoDraw = True
298.1294 	EXP 	fixation: autoDraw = False
299.1243 	INFO 	Keyboard events cleared
299.1240 	EXP 	probe: autoDraw = True
299.5085 	EXP 	Device response: <KeyPress from None: t=299.50091833299666, value=c, duration=None>
299.5091 	EXP 	New trial (rep=6, index=22): <Trial 22 (22 in rep 6) data={'pos': np.int64(-50), 'corr_resp': 'x', 'thisN': 22, 'thisTrialN': 22, 'thisRepN': 6}>
299.5158 	DATA 	Keypress: c
299.5207 	EXP 	fixation: autoDraw = False
299.5207 	EXP 	line1: autoDraw = False
299.5207 	EXP 	line2: autoDraw = False
299.5207 	EXP 	line3: autoDraw = False
299.5207 	EXP 	line4: autoDraw = False
299.5207 	EXP 	probe: autoDraw = False
299.5207 	EXP 	fixation: autoDraw = True
299.6891 	EXP 	Device response: <KeyPress from None: t=299.50091833299666, value=c, duration=0.17633825000666548>
300.5077 	EXP 	line1: autoDraw = True
300.5077 	EXP 	line2: autoDraw = True
300.5077 	EXP 	line3: autoDraw = True
300.5077 	EXP 	line4: autoDraw = True
300.5135 	EXP 	fixation: autoDraw = False
301.5075 	INFO 	Keyboard events cleared
301.5073 	EXP 	probe: autoDraw = True
301.9752 	EXP 	Device response: <KeyPress from None: t=301.9699165409984, value=x, duration=None>
301.9757 	EXP 	New trial (rep=7, index=23): <Trial 23 (23 in rep 7) data={'pos': np.int64(-50), 'corr_resp': 'x', 'thisN': 23, 'thisTrialN': 23, 'thisRepN': 7}>
301.9821 	DATA 	Keypress: x
301.9867 	EXP 	fixation: autoDraw = False
301.9867 	EXP 	line1: autoDraw = False
301.9867 	EXP 	line2: autoDraw = False
301.9867 	EXP 	line3: autoDraw = False
301.9867 	EXP 	line4: autoDraw = False
301.9867 	EXP 	probe: autoDraw = False
301.9867 	EXP 	fixation: autoDraw = True
302.1253 	EXP 	Device response: <KeyPress from None: t=301.9699165409984, value=x, duration=0.15256070900068153>
302.9740 	EXP 	line1: autoDraw = True
302.9740 	EXP 	line2: autoDraw = True
302.9740 	EXP 	line3: autoDraw = True
302.9740 	EXP 	line4: autoDraw = True
302.9798 	EXP 	fixation: autoDraw = False
303.9743 	INFO 	Keyboard events cleared
303.9741 	EXP 	probe: autoDraw = True
304.3543 	EXP 	Device response: <KeyPress from None: t=304.33478900000046, value=x, duration=None>
304.3546 	EXP 	New trial (rep=7, index=24): <Trial 24 (24 in rep 7) data={'pos': np.int64(150), 'corr_resp': 'v', 'thisN': 24, 'thisTrialN': 24, 'thisRepN': 7}>
304.3569 	DATA 	Keypress: x
304.3610 	EXP 	fixation: autoDraw = False
304.3610 	EXP 	line1: autoDraw = False
304.3610 	EXP 	line2: autoDraw = False
304.3610 	EXP 	line3: autoDraw = False
304.3610 	EXP 	line4: autoDraw = False
304.3610 	EXP 	probe: autoDraw = False
304.3610 	EXP 	fixation: autoDraw = True
304.5091 	EXP 	Device response: <KeyPress from None: t=304.33478900000046, value=x, duration=0.16437199999927543>
305.3486 	EXP 	line1: autoDraw = True
305.3486 	EXP 	line2: autoDraw = True
305.3486 	EXP 	line3: autoDraw = True
305.3486 	EXP 	line4: autoDraw = True
305.3573 	EXP 	fixation: autoDraw = False
306.3479 	INFO 	Keyboard events cleared
306.3477 	EXP 	probe: autoDraw = True
306.7921 	EXP 	Device response: <KeyPress from None: t=306.7858494999964, value=v, duration=None>
306.7926 	EXP 	New trial (rep=4, index=25): <Trial 25 (25 in rep 4) data={'pos': np.int64(-150), 'corr_resp': 'z', 'thisN': 25, 'thisTrialN': 25, 'thisRepN': 4}>
306.7988 	DATA 	Keypress: v
306.8033 	EXP 	fixation: autoDraw = False
306.8033 	EXP 	line1: autoDraw = False
306.8033 	EXP 	line2: autoDraw = False
306.8033 	EXP 	line3: autoDraw = False
306.8033 	EXP 	line4: autoDraw = False
306.8033 	EXP 	probe: autoDraw = False
306.8033 	EXP 	fixation: autoDraw = True
306.8966 	EXP 	Device response: <KeyPress from None: t=306.7858494999964, value=v, duration=0.10818024999753106>
307.7908 	EXP 	line1: autoDraw = True
307.7908 	EXP 	line2: autoDraw = True
307.7908 	EXP 	line3: autoDraw = True
307.7908 	EXP 	line4: autoDraw = True
307.7966 	EXP 	fixation: autoDraw = False
308.7909 	INFO 	Keyboard events cleared
308.7907 	EXP 	probe: autoDraw = True
309.1422 	EXP 	Device response: <KeyPress from None: t=309.139718749997, value=z, duration=None>
309.1428 	EXP 	New trial (rep=8, index=26): <Trial 26 (26 in rep 8) data={'pos': np.int64(150), 'corr_resp': 'v', 'thisN': 26, 'thisTrialN': 26, 'thisRepN': 8}>
309.1497 	DATA 	Keypress: z
309.1544 	EXP 	fixation: autoDraw = False
309.1544 	EXP 	line1: autoDraw = False
309.1544 	EXP 	line2: autoDraw = False
309.1544 	EXP 	line3: autoDraw = False
309.1544 	EXP 	line4: autoDraw = False
309.1544 	EXP 	probe: autoDraw = False
309.1544 	EXP 	fixation: autoDraw = True
309.3426 	EXP 	Device response: <KeyPress from None: t=309.139718749997, value=z, duration=0.20033612499537412>
310.1405 	EXP 	line1: autoDraw = True
310.1405 	EXP 	line2: autoDraw = True
310.1405 	EXP 	line3: autoDraw = True
310.1405 	EXP 	line4: autoDraw = True
310.1436 	EXP 	fixation: autoDraw = False
311.1408 	INFO 	Keyboard events cleared
311.1406 	EXP 	probe: autoDraw = True
311.6079 	EXP 	Device response: <KeyPress from None: t=311.59652162500424, value=v, duration=None>
311.6082 	EXP 	New trial (rep=9, index=27): <Trial 27 (27 in rep 9) data={'pos': np.int64(150), 'corr_resp': 'v', 'thisN': 27, 'thisTrialN': 27, 'thisRepN': 9}>
311.6114 	DATA 	Keypress: v
311.6157 	EXP 	fixation: autoDraw = False
311.6157 	EXP 	line1: autoDraw = False
311.6157 	EXP 	line2: autoDraw = False
311.6157 	EXP 	line3: autoDraw = False
311.6157 	EXP 	line4: autoDraw = False
311.6157 	EXP 	probe: autoDraw = False
311.6157 	EXP 	fixation: autoDraw = True
311.7314 	EXP 	Device response: <KeyPress from None: t=311.59652162500424, value=v, duration=0.13242791598895565>
312.6067 	EXP 	line1: autoDraw = True
312.6067 	EXP 	line2: autoDraw = True
312.6067 	EXP 	line3: autoDraw = True
312.6067 	EXP 	line4: autoDraw = True
312.6102 	EXP 	fixation: autoDraw = False
313.5974 	INFO 	Keyboard events cleared
313.5971 	EXP 	probe: autoDraw = True
314.1430 	EXP 	Device response: <KeyPress from None: t=314.135570457991, value=v, duration=None>
314.1440 	EXP 	New trial (rep=5, index=28): <Trial 28 (28 in rep 5) data={'pos': np.int64(50), 'corr_resp': 'c ', 'thisN': 28, 'thisTrialN': 28, 'thisRepN': 5}>
314.1512 	DATA 	Keypress: v
314.1564 	EXP 	fixation: autoDraw = False
314.1564 	EXP 	line1: autoDraw = False
314.1564 	EXP 	line2: autoDraw = False
314.1564 	EXP 	line3: autoDraw = False
314.1564 	EXP 	line4: autoDraw = False
314.1564 	EXP 	probe: autoDraw = False
314.1564 	EXP 	fixation: autoDraw = True
314.2940 	EXP 	Device response: <KeyPress from None: t=314.135570457991, value=v, duration=0.15632550000736956>
315.1407 	EXP 	line1: autoDraw = True
315.1407 	EXP 	line2: autoDraw = True
315.1407 	EXP 	line3: autoDraw = True
315.1407 	EXP 	line4: autoDraw = True
315.1473 	EXP 	fixation: autoDraw = False
316.1407 	INFO 	Keyboard events cleared
316.1405 	EXP 	probe: autoDraw = True
316.4417 	EXP 	Device response: <KeyPress from None: t=316.43550920799316, value=c, duration=None>
316.4422 	EXP 	New trial (rep=10, index=29): <Trial 29 (29 in rep 10) data={'pos': np.int64(150), 'corr_resp': 'v', 'thisN': 29, 'thisTrialN': 29, 'thisRepN': 10}>
316.4489 	DATA 	Keypress: c
316.4539 	EXP 	fixation: autoDraw = False
316.4539 	EXP 	line1: autoDraw = False
316.4539 	EXP 	line2: autoDraw = False
316.4539 	EXP 	line3: autoDraw = False
316.4539 	EXP 	line4: autoDraw = False
316.4539 	EXP 	probe: autoDraw = False
316.4539 	EXP 	fixation: autoDraw = True
316.5808 	EXP 	Device response: <KeyPress from None: t=316.43550920799316, value=c, duration=0.14016145800997037>
317.4317 	EXP 	line1: autoDraw = True
317.4317 	EXP 	line2: autoDraw = True
317.4317 	EXP 	line3: autoDraw = True
317.4317 	EXP 	line4: autoDraw = True
317.4454 	EXP 	fixation: autoDraw = False
318.4409 	INFO 	Keyboard events cleared
318.4407 	EXP 	probe: autoDraw = True
318.9480 	EXP 	Device response: <KeyPress from None: t=318.94136108299426, value=v, duration=None>
318.9485 	EXP 	New trial (rep=6, index=30): <Trial 30 (30 in rep 6) data={'pos': np.int64(50), 'corr_resp': 'c ', 'thisN': 30, 'thisTrialN': 30, 'thisRepN': 6}>
318.9554 	DATA 	Keypress: v
318.9599 	EXP 	fixation: autoDraw = False
318.9599 	EXP 	line1: autoDraw = False
318.9599 	EXP 	line2: autoDraw = False
318.9599 	EXP 	line3: autoDraw = False
318.9599 	EXP 	line4: autoDraw = False
318.9599 	EXP 	probe: autoDraw = False
318.9599 	EXP 	fixation: autoDraw = True
319.1095 	EXP 	Device response: <KeyPress from None: t=318.94136108299426, value=v, duration=0.1604220000008354>
319.9484 	EXP 	line1: autoDraw = True
319.9484 	EXP 	line2: autoDraw = True
319.9484 	EXP 	line3: autoDraw = True
319.9484 	EXP 	line4: autoDraw = True
319.9571 	EXP 	fixation: autoDraw = False
320.9480 	INFO 	Keyboard events cleared
320.9477 	EXP 	probe: autoDraw = True
321.3753 	EXP 	Device response: <KeyPress from None: t=321.36942612499115, value=c, duration=None>
321.3759 	EXP 	New trial (rep=5, index=31): <Trial 31 (31 in rep 5) data={'pos': np.int64(-150), 'corr_resp': 'z', 'thisN': 31, 'thisTrialN': 31, 'thisRepN': 5}>
321.3827 	DATA 	Keypress: c
321.3876 	EXP 	fixation: autoDraw = False
321.3876 	EXP 	line1: autoDraw = False
321.3876 	EXP 	line2: autoDraw = False
321.3876 	EXP 	line3: autoDraw = False
321.3876 	EXP 	line4: autoDraw = False
321.3876 	EXP 	probe: autoDraw = False
321.3876 	EXP 	fixation: autoDraw = True
321.5089 	EXP 	Device response: <KeyPress from None: t=321.36942612499115, value=c, duration=0.1322232500097016>
322.3742 	EXP 	line1: autoDraw = True
322.3742 	EXP 	line2: autoDraw = True
322.3742 	EXP 	line3: autoDraw = True
322.3742 	EXP 	line4: autoDraw = True
322.3800 	EXP 	fixation: autoDraw = False
323.3741 	INFO 	Keyboard events cleared
323.3738 	EXP 	probe: autoDraw = True
323.7820 	EXP 	Device response: <KeyPress from None: t=323.7762944159913, value=z, duration=None>
323.7825 	EXP 	New trial (rep=6, index=32): <Trial 32 (32 in rep 6) data={'pos': np.int64(-150), 'corr_resp': 'z', 'thisN': 32, 'thisTrialN': 32, 'thisRepN': 6}>
323.7893 	DATA 	Keypress: z
323.7938 	EXP 	fixation: autoDraw = False
323.7938 	EXP 	line1: autoDraw = False
323.7938 	EXP 	line2: autoDraw = False
323.7938 	EXP 	line3: autoDraw = False
323.7938 	EXP 	line4: autoDraw = False
323.7938 	EXP 	probe: autoDraw = False
323.7938 	EXP 	fixation: autoDraw = True
323.9243 	EXP 	Device response: <KeyPress from None: t=323.7762944159913, value=z, duration=0.13628525000240188>
324.7901 	EXP 	line1: autoDraw = True
324.7901 	EXP 	line2: autoDraw = True
324.7901 	EXP 	line3: autoDraw = True
324.7901 	EXP 	line4: autoDraw = True
324.7935 	EXP 	fixation: autoDraw = False
325.7812 	INFO 	Keyboard events cleared
325.7810 	EXP 	probe: autoDraw = True
326.1316 	EXP 	Device response: <KeyPress from None: t=326.12920133299485, value=z, duration=None>
326.1321 	EXP 	New trial (rep=8, index=33): <Trial 33 (33 in rep 8) data={'pos': np.int64(-50), 'corr_resp': 'x', 'thisN': 33, 'thisTrialN': 33, 'thisRepN': 8}>
326.1392 	DATA 	Keypress: z
326.1435 	EXP 	fixation: autoDraw = False
326.1435 	EXP 	line1: autoDraw = False
326.1435 	EXP 	line2: autoDraw = False
326.1435 	EXP 	line3: autoDraw = False
326.1435 	EXP 	line4: autoDraw = False
326.1435 	EXP 	probe: autoDraw = False
326.1435 	EXP 	fixation: autoDraw = True
326.2593 	EXP 	Device response: <KeyPress from None: t=326.12920133299485, value=z, duration=0.12437241700536106>
327.1314 	EXP 	line1: autoDraw = True
327.1314 	EXP 	line2: autoDraw = True
327.1314 	EXP 	line3: autoDraw = True
327.1314 	EXP 	line4: autoDraw = True
327.1405 	EXP 	fixation: autoDraw = False
328.1307 	INFO 	Keyboard events cleared
328.1305 	EXP 	probe: autoDraw = True
328.5483 	EXP 	Device response: <KeyPress from None: t=328.5461873750028, value=x, duration=None>
328.5487 	EXP 	New trial (rep=11, index=34): <Trial 34 (34 in rep 11) data={'pos': np.int64(150), 'corr_resp': 'v', 'thisN': 34, 'thisTrialN': 34, 'thisRepN': 11}>
328.5567 	DATA 	Keypress: x
328.5611 	EXP 	fixation: autoDraw = False
328.5611 	EXP 	line1: autoDraw = False
328.5611 	EXP 	line2: autoDraw = False
328.5611 	EXP 	line3: autoDraw = False
328.5611 	EXP 	line4: autoDraw = False
328.5611 	EXP 	probe: autoDraw = False
328.5611 	EXP 	fixation: autoDraw = True
328.7094 	EXP 	Device response: <KeyPress from None: t=328.5461873750028, value=x, duration=0.1563377909915289>
329.5468 	EXP 	line1: autoDraw = True
329.5468 	EXP 	line2: autoDraw = True
329.5468 	EXP 	line3: autoDraw = True
329.5468 	EXP 	line4: autoDraw = True
329.5574 	EXP 	fixation: autoDraw = False
330.5487 	INFO 	Keyboard events cleared
330.5484 	EXP 	probe: autoDraw = True
330.9085 	EXP 	Device response: <KeyPress from None: t=330.90510008299316, value=v, duration=None>
330.9090 	EXP 	New trial (rep=7, index=35): <Trial 35 (35 in rep 7) data={'pos': np.int64(50), 'corr_resp': 'c ', 'thisN': 35, 'thisTrialN': 35, 'thisRepN': 7}>
330.9159 	DATA 	Keypress: v
330.9209 	EXP 	fixation: autoDraw = False
330.9209 	EXP 	line1: autoDraw = False
330.9209 	EXP 	line2: autoDraw = False
330.9209 	EXP 	line3: autoDraw = False
330.9209 	EXP 	line4: autoDraw = False
330.9209 	EXP 	probe: autoDraw = False
330.9209 	EXP 	fixation: autoDraw = True
331.0299 	EXP 	Device response: <KeyPress from None: t=330.90510008299316, value=v, duration=0.12026762501045596>
331.9074 	EXP 	line1: autoDraw = True
331.9074 	EXP 	line2: autoDraw = True
331.9074 	EXP 	line3: autoDraw = True
331.9074 	EXP 	line4: autoDraw = True
331.9143 	EXP 	fixation: autoDraw = False
332.9076 	INFO 	Keyboard events cleared
332.9074 	EXP 	probe: autoDraw = True
333.2251 	EXP 	Device response: <KeyPress from None: t=333.2159502909926, value=c, duration=None>
333.2256 	EXP 	New trial (rep=12, index=36): <Trial 36 (36 in rep 12) data={'pos': np.int64(150), 'corr_resp': 'v', 'thisN': 36, 'thisTrialN': 36, 'thisRepN': 12}>
333.2323 	DATA 	Keypress: c
333.2371 	EXP 	fixation: autoDraw = False
333.2371 	EXP 	line1: autoDraw = False
333.2371 	EXP 	line2: autoDraw = False
333.2371 	EXP 	line3: autoDraw = False
333.2371 	EXP 	line4: autoDraw = False
333.2371 	EXP 	probe: autoDraw = False
333.2371 	EXP 	fixation: autoDraw = True
333.3919 	EXP 	Device response: <KeyPress from None: t=333.2159502909926, value=c, duration=0.1643552090099547>
334.2241 	EXP 	line1: autoDraw = True
334.2241 	EXP 	line2: autoDraw = True
334.2241 	EXP 	line3: autoDraw = True
334.2241 	EXP 	line4: autoDraw = True
334.2315 	EXP 	fixation: autoDraw = False
335.2242 	INFO 	Keyboard events cleared
335.2240 	EXP 	probe: autoDraw = True
335.7651 	EXP 	Device response: <KeyPress from None: t=335.758964749999, value=v, duration=None>
335.7656 	EXP 	New trial (rep=13, index=37): <Trial 37 (37 in rep 13) data={'pos': np.int64(150), 'corr_resp': 'v', 'thisN': 37, 'thisTrialN': 37, 'thisRepN': 13}>
335.7722 	DATA 	Keypress: v
335.7761 	EXP 	fixation: autoDraw = False
335.7761 	EXP 	line1: autoDraw = False
335.7761 	EXP 	line2: autoDraw = False
335.7761 	EXP 	line3: autoDraw = False
335.7761 	EXP 	line4: autoDraw = False
335.7761 	EXP 	probe: autoDraw = False
335.7761 	EXP 	fixation: autoDraw = True
335.8753 	EXP 	Device response: <KeyPress from None: t=335.758964749999, value=v, duration=0.10825812499388121>
336.7642 	EXP 	line1: autoDraw = True
336.7642 	EXP 	line2: autoDraw = True
336.7642 	EXP 	line3: autoDraw = True
336.7642 	EXP 	line4: autoDraw = True
336.7740 	EXP 	fixation: autoDraw = False
337.7652 	INFO 	Keyboard events cleared
337.7648 	EXP 	probe: autoDraw = True
338.0750 	EXP 	Device response: <KeyPress from None: t=338.07087658299133, value=v, duration=None>
338.0756 	EXP 	New trial (rep=8, index=38): <Trial 38 (38 in rep 8) data={'pos': np.int64(50), 'corr_resp': 'c ', 'thisN': 38, 'thisTrialN': 38, 'thisRepN': 8}>
338.0796 	EXP 	fixation: autoDraw = False
338.0796 	EXP 	line1: autoDraw = False
338.0796 	EXP 	line2: autoDraw = False
338.0796 	EXP 	line3: autoDraw = False
338.0796 	EXP 	line4: autoDraw = False
338.0796 	EXP 	probe: autoDraw = False
338.0796 	EXP 	fixation: autoDraw = True
338.0929 	DATA 	Keypress: v
338.2094 	EXP 	Device response: <KeyPress from None: t=338.07087658299133, value=v, duration=0.13631354201061185>
339.0739 	EXP 	fixation: autoDraw = False
339.0739 	EXP 	line1: autoDraw = True
339.0739 	EXP 	line2: autoDraw = True
339.0739 	EXP 	line3: autoDraw = True
339.0739 	EXP 	line4: autoDraw = True
340.0743 	INFO 	Keyboard events cleared
340.0741 	EXP 	probe: autoDraw = True
340.4809 	EXP 	Device response: <KeyPress from None: t=340.477731166, value=c, duration=None>
340.4814 	EXP 	New trial (rep=9, index=39): <Trial 39 (39 in rep 9) data={'pos': np.int64(50), 'corr_resp': 'c ', 'thisN': 39, 'thisTrialN': 39, 'thisRepN': 9}>
340.4879 	DATA 	Keypress: c
340.4930 	EXP 	fixation: autoDraw = False
340.4930 	EXP 	line1: autoDraw = False
340.4930 	EXP 	line2: autoDraw = False
340.4930 	EXP 	line3: autoDraw = False
340.4930 	EXP 	line4: autoDraw = False
340.4930 	EXP 	probe: autoDraw = False
340.4930 	EXP 	fixation: autoDraw = True
340.6476 	EXP 	Device response: <KeyPress from None: t=340.477731166, value=c, duration=0.16839333399548195>
341.4819 	EXP 	line1: autoDraw = True
341.4819 	EXP 	line2: autoDraw = True
341.4819 	EXP 	line3: autoDraw = True
341.4819 	EXP 	line4: autoDraw = True
341.4893 	EXP 	fixation: autoDraw = False
342.4774 	INFO 	Keyboard events cleared
342.4773 	EXP 	probe: autoDraw = True
342.8585 	EXP 	Device response: <KeyPress from None: t=342.8517574580037, value=v, duration=None>
342.8590 	EXP 	New trial (rep=14, index=40): <Trial 40 (40 in rep 14) data={'pos': np.int64(150), 'corr_resp': 'v', 'thisN': 40, 'thisTrialN': 40, 'thisRepN': 14}>
342.8665 	DATA 	Keypress: v
342.8716 	EXP 	fixation: autoDraw = False
342.8716 	EXP 	line1: autoDraw = False
342.8716 	EXP 	line2: autoDraw = False
342.8716 	EXP 	line3: autoDraw = False
342.8716 	EXP 	line4: autoDraw = False
342.8716 	EXP 	probe: autoDraw = False
342.8716 	EXP 	fixation: autoDraw = True
342.9262 	EXP 	Device response: <KeyPress from None: t=342.8517574580037, value=v, duration=0.06830808299127966>
343.8574 	EXP 	line1: autoDraw = True
343.8574 	EXP 	line2: autoDraw = True
343.8574 	EXP 	line3: autoDraw = True
343.8574 	EXP 	line4: autoDraw = True
343.8645 	EXP 	fixation: autoDraw = False
344.8574 	INFO 	Keyboard events cleared
344.8572 	EXP 	probe: autoDraw = True
345.3253 	EXP 	Device response: <KeyPress from None: t=345.317519749995, value=v, duration=None>
345.3262 	EXP 	New trial (rep=15, index=41): <Trial 41 (41 in rep 15) data={'pos': np.int64(150), 'corr_resp': 'v', 'thisN': 41, 'thisTrialN': 41, 'thisRepN': 15}>
345.3333 	DATA 	Keypress: v
345.3381 	EXP 	fixation: autoDraw = False
345.3381 	EXP 	line1: autoDraw = False
345.3381 	EXP 	line2: autoDraw = False
345.3381 	EXP 	line3: autoDraw = False
345.3381 	EXP 	line4: autoDraw = False
345.3381 	EXP 	probe: autoDraw = False
345.3381 	EXP 	fixation: autoDraw = True
345.4092 	EXP 	Device response: <KeyPress from None: t=345.317519749995, value=v, duration=0.0884478750085691>
346.3239 	EXP 	line1: autoDraw = True
346.3239 	EXP 	line2: autoDraw = True
346.3239 	EXP 	line3: autoDraw = True
346.3239 	EXP 	line4: autoDraw = True
346.3295 	EXP 	fixation: autoDraw = False
347.3240 	INFO 	Keyboard events cleared
347.3238 	EXP 	probe: autoDraw = True
347.7149 	EXP 	Device response: <KeyPress from None: t=347.7126505829947, value=v, duration=None>
347.7154 	EXP 	New trial (rep=16, index=42): <Trial 42 (42 in rep 16) data={'pos': np.int64(150), 'corr_resp': 'v', 'thisN': 42, 'thisTrialN': 42, 'thisRepN': 16}>
347.7216 	DATA 	Keypress: v
347.7259 	EXP 	fixation: autoDraw = False
347.7259 	EXP 	line1: autoDraw = False
347.7259 	EXP 	line2: autoDraw = False
347.7259 	EXP 	line3: autoDraw = False
347.7259 	EXP 	line4: autoDraw = False
347.7259 	EXP 	probe: autoDraw = False
347.7259 	EXP 	fixation: autoDraw = True
347.8085 	EXP 	Device response: <KeyPress from None: t=347.7126505829947, value=v, duration=0.09232604200951755>
348.7150 	EXP 	line1: autoDraw = True
348.7150 	EXP 	line2: autoDraw = True
348.7150 	EXP 	line3: autoDraw = True
348.7150 	EXP 	line4: autoDraw = True
348.7228 	EXP 	fixation: autoDraw = False
349.7070 	INFO 	Keyboard events cleared
349.7068 	EXP 	probe: autoDraw = True
350.0481 	EXP 	Device response: <KeyPress from None: t=350.04450316599105, value=c, duration=None>
350.0485 	EXP 	New trial (rep=10, index=43): <Trial 43 (43 in rep 10) data={'pos': np.int64(50), 'corr_resp': 'c ', 'thisN': 43, 'thisTrialN': 43, 'thisRepN': 10}>
350.0551 	DATA 	Keypress: c
350.0598 	EXP 	fixation: autoDraw = False
350.0598 	EXP 	line1: autoDraw = False
350.0598 	EXP 	line2: autoDraw = False
350.0598 	EXP 	line3: autoDraw = False
350.0598 	EXP 	line4: autoDraw = False
350.0598 	EXP 	probe: autoDraw = False
350.0598 	EXP 	fixation: autoDraw = True
350.1593 	EXP 	Device response: <KeyPress from None: t=350.04450316599105, value=c, duration=0.11232491700502578>
351.0470 	EXP 	line1: autoDraw = True
351.0470 	EXP 	line2: autoDraw = True
351.0470 	EXP 	line3: autoDraw = True
351.0470 	EXP 	line4: autoDraw = True
351.0572 	EXP 	fixation: autoDraw = False
352.0484 	INFO 	Keyboard events cleared
352.0482 	EXP 	probe: autoDraw = True
352.5819 	EXP 	Device response: <KeyPress from None: t=352.5753047079925, value=c, duration=None>
352.5823 	EXP 	New trial (rep=17, index=44): <Trial 44 (44 in rep 17) data={'pos': np.int64(150), 'corr_resp': 'v', 'thisN': 44, 'thisTrialN': 44, 'thisRepN': 17}>
352.5890 	DATA 	Keypress: c
352.5930 	EXP 	fixation: autoDraw = False
352.5930 	EXP 	line1: autoDraw = False
352.5930 	EXP 	line2: autoDraw = False
352.5930 	EXP 	line3: autoDraw = False
352.5930 	EXP 	line4: autoDraw = False
352.5930 	EXP 	probe: autoDraw = False
352.5930 	EXP 	fixation: autoDraw = True
352.7923 	EXP 	Device response: <KeyPress from None: t=352.5753047079925, value=c, duration=0.2084510420099832>
353.5820 	EXP 	line1: autoDraw = True
353.5820 	EXP 	line2: autoDraw = True
353.5820 	EXP 	line3: autoDraw = True
353.5820 	EXP 	line4: autoDraw = True
353.5896 	EXP 	fixation: autoDraw = False
354.5808 	INFO 	Keyboard events cleared
354.5806 	EXP 	probe: autoDraw = True
355.0118 	EXP 	Device response: <KeyPress from None: t=355.00838129100157, value=v, duration=None>
355.0121 	EXP 	New trial (rep=11, index=45): <Trial 45 (45 in rep 11) data={'pos': np.int64(50), 'corr_resp': 'c ', 'thisN': 45, 'thisTrialN': 45, 'thisRepN': 11}>
355.0153 	DATA 	Keypress: v
355.0242 	EXP 	fixation: autoDraw = False
355.0242 	EXP 	line1: autoDraw = False
355.0242 	EXP 	line2: autoDraw = False
355.0242 	EXP 	line3: autoDraw = False
355.0242 	EXP 	line4: autoDraw = False
355.0242 	EXP 	probe: autoDraw = False
355.0242 	EXP 	fixation: autoDraw = True
355.1752 	EXP 	Device response: <KeyPress from None: t=355.00838129100157, value=v, duration=0.16039154199825134>
356.0074 	EXP 	line1: autoDraw = True
356.0074 	EXP 	line2: autoDraw = True
356.0074 	EXP 	line3: autoDraw = True
356.0074 	EXP 	line4: autoDraw = True
356.0131 	EXP 	fixation: autoDraw = False
357.0076 	INFO 	Keyboard events cleared
357.0073 	EXP 	probe: autoDraw = True
357.3751 	EXP 	Device response: <KeyPress from None: t=357.3672545829904, value=c, duration=None>
357.3755 	EXP 	New trial (rep=9, index=46): <Trial 46 (46 in rep 9) data={'pos': np.int64(-50), 'corr_resp': 'x', 'thisN': 46, 'thisTrialN': 46, 'thisRepN': 9}>
357.3822 	DATA 	Keypress: c
357.3869 	EXP 	fixation: autoDraw = False
357.3869 	EXP 	line1: autoDraw = False
357.3869 	EXP 	line2: autoDraw = False
357.3869 	EXP 	line3: autoDraw = False
357.3869 	EXP 	line4: autoDraw = False
357.3869 	EXP 	probe: autoDraw = False
357.3869 	EXP 	fixation: autoDraw = True
357.5257 	EXP 	Device response: <KeyPress from None: t=357.3672545829904, value=c, duration=0.15635699999984354>
358.3739 	EXP 	line1: autoDraw = True
358.3739 	EXP 	line2: autoDraw = True
358.3739 	EXP 	line3: autoDraw = True
358.3739 	EXP 	line4: autoDraw = True
358.3797 	EXP 	fixation: autoDraw = False
359.3741 	INFO 	Keyboard events cleared
359.3738 	EXP 	probe: autoDraw = True
359.8421 	EXP 	Device response: <KeyPress from None: t=359.83321991599223, value=x, duration=None>
359.8427 	EXP 	New trial (rep=12, index=47): <Trial 47 (47 in rep 12) data={'pos': np.int64(50), 'corr_resp': 'c ', 'thisN': 47, 'thisTrialN': 47, 'thisRepN': 12}>
359.8496 	DATA 	Keypress: x
359.8542 	EXP 	fixation: autoDraw = False
359.8542 	EXP 	line1: autoDraw = False
359.8542 	EXP 	line2: autoDraw = False
359.8542 	EXP 	line3: autoDraw = False
359.8542 	EXP 	line4: autoDraw = False
359.8542 	EXP 	probe: autoDraw = False
359.8542 	EXP 	fixation: autoDraw = True
359.9588 	EXP 	Device response: <KeyPress from None: t=359.83321991599223, value=x, duration=0.11635858401132282>
360.8428 	EXP 	line1: autoDraw = True
360.8428 	EXP 	line2: autoDraw = True
360.8428 	EXP 	line3: autoDraw = True
360.8428 	EXP 	line4: autoDraw = True
360.8634 	EXP 	fixation: autoDraw = False
361.8406 	INFO 	Keyboard events cleared
361.8404 	EXP 	probe: autoDraw = True
362.2659 	EXP 	Device response: <KeyPress from None: t=362.2580739160039, value=c, duration=None>
362.2676 	EXP 	New trial (rep=13, index=48): <Trial 48 (48 in rep 13) data={'pos': np.int64(50), 'corr_resp': 'c ', 'thisN': 48, 'thisTrialN': 48, 'thisRepN': 13}>
362.2810 	DATA 	Keypress: c
362.2857 	EXP 	fixation: autoDraw = False
362.2857 	EXP 	line1: autoDraw = False
362.2857 	EXP 	line2: autoDraw = False
362.2857 	EXP 	line3: autoDraw = False
362.2857 	EXP 	line4: autoDraw = False
362.2857 	EXP 	probe: autoDraw = False
362.2857 	EXP 	fixation: autoDraw = True
362.4102 	EXP 	Device response: <KeyPress from None: t=362.2580739160039, value=c, duration=0.14025120899896137>
363.2605 	EXP 	line1: autoDraw = True
363.2605 	EXP 	line2: autoDraw = True
363.2605 	EXP 	line3: autoDraw = True
363.2605 	EXP 	line4: autoDraw = True
363.2767 	EXP 	fixation: autoDraw = False
364.2645 	INFO 	Keyboard events cleared
364.2643 	EXP 	probe: autoDraw = True
364.7419 	EXP 	Device response: <KeyPress from None: t=364.73406641600013, value=c, duration=None>
364.7425 	EXP 	New trial (rep=14, index=49): <Trial 49 (49 in rep 14) data={'pos': np.int64(50), 'corr_resp': 'c ', 'thisN': 49, 'thisTrialN': 49, 'thisRepN': 14}>
364.7494 	DATA 	Keypress: c
364.7542 	EXP 	fixation: autoDraw = False
364.7542 	EXP 	line1: autoDraw = False
364.7542 	EXP 	line2: autoDraw = False
364.7542 	EXP 	line3: autoDraw = False
364.7542 	EXP 	line4: autoDraw = False
364.7542 	EXP 	probe: autoDraw = False
364.7542 	EXP 	fixation: autoDraw = True
364.8922 	EXP 	Device response: <KeyPress from None: t=364.73406641600013, value=c, duration=0.1563207919971319>
365.7405 	EXP 	line1: autoDraw = True
365.7405 	EXP 	line2: autoDraw = True
365.7405 	EXP 	line3: autoDraw = True
365.7405 	EXP 	line4: autoDraw = True
365.7465 	EXP 	fixation: autoDraw = False
366.7407 	INFO 	Keyboard events cleared
366.7405 	EXP 	probe: autoDraw = True
367.0975 	EXP 	Device response: <KeyPress from None: t=367.0930147909967, value=c, duration=None>
367.0980 	EXP 	New trial (rep=10, index=50): <Trial 50 (50 in rep 10) data={'pos': np.int64(-50), 'corr_resp': 'x', 'thisN': 50, 'thisTrialN': 50, 'thisRepN': 10}>
367.1049 	DATA 	Keypress: c
367.1097 	EXP 	fixation: autoDraw = False
367.1097 	EXP 	line1: autoDraw = False
367.1097 	EXP 	line2: autoDraw = False
367.1097 	EXP 	line3: autoDraw = False
367.1097 	EXP 	line4: autoDraw = False
367.1097 	EXP 	probe: autoDraw = False
367.1097 	EXP 	fixation: autoDraw = True
367.2132 	EXP 	Device response: <KeyPress from None: t=367.0930147909967, value=c, duration=0.11634620900440495>
368.0977 	EXP 	line1: autoDraw = True
368.0977 	EXP 	line2: autoDraw = True
368.0977 	EXP 	line3: autoDraw = True
368.0977 	EXP 	line4: autoDraw = True
368.1062 	EXP 	fixation: autoDraw = False
369.0972 	INFO 	Keyboard events cleared
369.0970 	EXP 	probe: autoDraw = True
369.5980 	EXP 	Device response: <KeyPress from None: t=369.5948347079975, value=x, duration=None>
369.5984 	EXP 	New trial (rep=15, index=51): <Trial 51 (51 in rep 15) data={'pos': np.int64(50), 'corr_resp': 'c ', 'thisN': 51, 'thisTrialN': 51, 'thisRepN': 15}>
369.6050 	DATA 	Keypress: x
369.6092 	EXP 	fixation: autoDraw = False
369.6092 	EXP 	line1: autoDraw = False
369.6092 	EXP 	line2: autoDraw = False
369.6092 	EXP 	line3: autoDraw = False
369.6092 	EXP 	line4: autoDraw = False
369.6092 	EXP 	probe: autoDraw = False
369.6092 	EXP 	fixation: autoDraw = True
369.7092 	EXP 	Device response: <KeyPress from None: t=369.5948347079975, value=x, duration=0.10844887500570621>
370.5980 	EXP 	line1: autoDraw = True
370.5980 	EXP 	line2: autoDraw = True
370.5980 	EXP 	line3: autoDraw = True
370.5980 	EXP 	line4: autoDraw = True
370.6070 	EXP 	fixation: autoDraw = False
371.5978 	INFO 	Keyboard events cleared
371.5976 	EXP 	probe: autoDraw = True
371.9584 	EXP 	Device response: <KeyPress from None: t=371.9569004579971, value=c, duration=None>
371.9591 	EXP 	New trial (rep=11, index=52): <Trial 52 (52 in rep 11) data={'pos': np.int64(-50), 'corr_resp': 'x', 'thisN': 52, 'thisTrialN': 52, 'thisRepN': 11}>
371.9662 	DATA 	Keypress: c
371.9714 	EXP 	fixation: autoDraw = False
371.9714 	EXP 	line1: autoDraw = False
371.9714 	EXP 	line2: autoDraw = False
371.9714 	EXP 	line3: autoDraw = False
371.9714 	EXP 	line4: autoDraw = False
371.9714 	EXP 	probe: autoDraw = False
371.9714 	EXP 	fixation: autoDraw = True
372.1256 	EXP 	Device response: <KeyPress from None: t=371.9569004579971, value=c, duration=0.1602664999954868>
372.9572 	EXP 	line1: autoDraw = True
372.9572 	EXP 	line2: autoDraw = True
372.9572 	EXP 	line3: autoDraw = True
372.9572 	EXP 	line4: autoDraw = True
372.9636 	EXP 	fixation: autoDraw = False
373.9573 	INFO 	Keyboard events cleared
373.9571 	EXP 	probe: autoDraw = True
374.3430 	EXP 	Device response: <KeyPress from None: t=374.33336991599936, value=x, duration=None>
374.3436 	EXP 	New trial (rep=7, index=53): <Trial 53 (53 in rep 7) data={'pos': np.int64(-150), 'corr_resp': 'z', 'thisN': 53, 'thisTrialN': 53, 'thisRepN': 7}>
374.3501 	DATA 	Keypress: x
374.3558 	EXP 	fixation: autoDraw = False
374.3558 	EXP 	line1: autoDraw = False
374.3558 	EXP 	line2: autoDraw = False
374.3558 	EXP 	line3: autoDraw = False
374.3558 	EXP 	line4: autoDraw = False
374.3558 	EXP 	probe: autoDraw = False
374.3558 	EXP 	fixation: autoDraw = True
374.4308 	EXP 	Device response: <KeyPress from None: t=374.33336991599936, value=x, duration=0.09615279200079385>
375.3406 	EXP 	line1: autoDraw = True
375.3406 	EXP 	line2: autoDraw = True
375.3406 	EXP 	line3: autoDraw = True
375.3406 	EXP 	line4: autoDraw = True
375.3463 	EXP 	fixation: autoDraw = False
376.3407 	INFO 	Keyboard events cleared
376.3405 	EXP 	probe: autoDraw = True
376.7920 	EXP 	Device response: <KeyPress from None: t=376.7818207079981, value=z, duration=None>
376.7925 	EXP 	New trial (rep=8, index=54): <Trial 54 (54 in rep 8) data={'pos': np.int64(-150), 'corr_resp': 'z', 'thisN': 54, 'thisTrialN': 54, 'thisRepN': 8}>
376.7997 	DATA 	Keypress: z
376.8048 	EXP 	fixation: autoDraw = False
376.8048 	EXP 	line1: autoDraw = False
376.8048 	EXP 	line2: autoDraw = False
376.8048 	EXP 	line3: autoDraw = False
376.8048 	EXP 	line4: autoDraw = False
376.8048 	EXP 	probe: autoDraw = False
376.8048 	EXP 	fixation: autoDraw = True
376.9092 	EXP 	Device response: <KeyPress from None: t=376.7818207079981, value=z, duration=0.1242489169962937>
377.7910 	EXP 	line1: autoDraw = True
377.7910 	EXP 	line2: autoDraw = True
377.7910 	EXP 	line3: autoDraw = True
377.7910 	EXP 	line4: autoDraw = True
377.7976 	EXP 	fixation: autoDraw = False
378.7899 	INFO 	Keyboard events cleared
378.7897 	EXP 	probe: autoDraw = True
379.1249 	EXP 	Device response: <KeyPress from None: t=379.1146643749962, value=z, duration=None>
379.1255 	EXP 	New trial (rep=12, index=55): <Trial 55 (55 in rep 12) data={'pos': np.int64(-50), 'corr_resp': 'x', 'thisN': 55, 'thisTrialN': 55, 'thisRepN': 12}>
379.1331 	DATA 	Keypress: z
379.1382 	EXP 	fixation: autoDraw = False
379.1382 	EXP 	line1: autoDraw = False
379.1382 	EXP 	line2: autoDraw = False
379.1382 	EXP 	line3: autoDraw = False
379.1382 	EXP 	line4: autoDraw = False
379.1382 	EXP 	probe: autoDraw = False
379.1382 	EXP 	fixation: autoDraw = True
379.2748 	EXP 	Device response: <KeyPress from None: t=379.1146643749962, value=z, duration=0.1563321249996079>
380.1238 	EXP 	line1: autoDraw = True
380.1238 	EXP 	line2: autoDraw = True
380.1238 	EXP 	line3: autoDraw = True
380.1238 	EXP 	line4: autoDraw = True
380.1310 	EXP 	fixation: autoDraw = False
381.1239 	INFO 	Keyboard events cleared
381.1237 	EXP 	probe: autoDraw = True
381.6585 	EXP 	Device response: <KeyPress from None: t=381.6555775409943, value=x, duration=None>
381.6591 	EXP 	New trial (rep=13, index=56): <Trial 56 (56 in rep 13) data={'pos': np.int64(-50), 'corr_resp': 'x', 'thisN': 56, 'thisTrialN': 56, 'thisRepN': 13}>
381.6665 	DATA 	Keypress: x
381.6715 	EXP 	fixation: autoDraw = False
381.6715 	EXP 	line1: autoDraw = False
381.6715 	EXP 	line2: autoDraw = False
381.6715 	EXP 	line3: autoDraw = False
381.6715 	EXP 	line4: autoDraw = False
381.6715 	EXP 	probe: autoDraw = False
381.6715 	EXP 	fixation: autoDraw = True
381.8142 	EXP 	Device response: <KeyPress from None: t=381.6555775409943, value=x, duration=0.15222279200679623>
382.6571 	EXP 	line1: autoDraw = True
382.6571 	EXP 	line2: autoDraw = True
382.6571 	EXP 	line3: autoDraw = True
382.6571 	EXP 	line4: autoDraw = True
382.6636 	EXP 	fixation: autoDraw = False
383.6574 	INFO 	Keyboard events cleared
383.6572 	EXP 	probe: autoDraw = True
384.0476 	EXP 	Device response: <KeyPress from None: t=384.0425025000004, value=x, duration=None>
384.0481 	EXP 	New trial (rep=16, index=57): <Trial 57 (57 in rep 16) data={'pos': np.int64(50), 'corr_resp': 'c ', 'thisN': 57, 'thisTrialN': 57, 'thisRepN': 16}>
384.0553 	DATA 	Keypress: x
384.0599 	EXP 	fixation: autoDraw = False
384.0599 	EXP 	line1: autoDraw = False
384.0599 	EXP 	line2: autoDraw = False
384.0599 	EXP 	line3: autoDraw = False
384.0599 	EXP 	line4: autoDraw = False
384.0599 	EXP 	probe: autoDraw = False
384.0599 	EXP 	fixation: autoDraw = True
384.2091 	EXP 	Device response: <KeyPress from None: t=384.0425025000004, value=x, duration=0.15687749999051448>
385.0471 	EXP 	line1: autoDraw = True
385.0471 	EXP 	line2: autoDraw = True
385.0471 	EXP 	line3: autoDraw = True
385.0471 	EXP 	line4: autoDraw = True
385.0571 	EXP 	fixation: autoDraw = False
386.0477 	INFO 	Keyboard events cleared
386.0475 	EXP 	probe: autoDraw = True
386.5082 	EXP 	Device response: <KeyPress from None: t=386.5035617079993, value=c, duration=None>
386.5087 	EXP 	New trial (rep=17, index=58): <Trial 58 (58 in rep 17) data={'pos': np.int64(50), 'corr_resp': 'c ', 'thisN': 58, 'thisTrialN': 58, 'thisRepN': 17}>
386.5157 	DATA 	Keypress: c
386.5208 	EXP 	fixation: autoDraw = False
386.5208 	EXP 	line1: autoDraw = False
386.5208 	EXP 	line2: autoDraw = False
386.5208 	EXP 	line3: autoDraw = False
386.5208 	EXP 	line4: autoDraw = False
386.5208 	EXP 	probe: autoDraw = False
386.5208 	EXP 	fixation: autoDraw = True
386.6923 	EXP 	Device response: <KeyPress from None: t=386.5035617079993, value=c, duration=0.1761488750053104>
387.5073 	EXP 	line1: autoDraw = True
387.5073 	EXP 	line2: autoDraw = True
387.5073 	EXP 	line3: autoDraw = True
387.5073 	EXP 	line4: autoDraw = True
387.5144 	EXP 	fixation: autoDraw = False
388.5072 	INFO 	Keyboard events cleared
388.5070 	EXP 	probe: autoDraw = True
388.8647 	EXP 	Device response: <KeyPress from None: t=388.8572455829999, value=c, duration=None>
388.8652 	EXP 	New trial (rep=9, index=59): <Trial 59 (59 in rep 9) data={'pos': np.int64(-150), 'corr_resp': 'z', 'thisN': 59, 'thisTrialN': 59, 'thisRepN': 9}>
388.8716 	DATA 	Keypress: c
388.8767 	EXP 	fixation: autoDraw = False
388.8767 	EXP 	line1: autoDraw = False
388.8767 	EXP 	line2: autoDraw = False
388.8767 	EXP 	line3: autoDraw = False
388.8767 	EXP 	line4: autoDraw = False
388.8767 	EXP 	probe: autoDraw = False
388.8767 	EXP 	fixation: autoDraw = True
389.0313 	EXP 	Device response: <KeyPress from None: t=388.8572455829999, value=c, duration=0.16838454199023545>
389.8644 	EXP 	line1: autoDraw = True
389.8644 	EXP 	line2: autoDraw = True
389.8644 	EXP 	line3: autoDraw = True
389.8644 	EXP 	line4: autoDraw = True
389.8737 	EXP 	fixation: autoDraw = False
390.8635 	INFO 	Keyboard events cleared
390.8633 	EXP 	probe: autoDraw = True
391.2478 	EXP 	Device response: <KeyPress from None: t=391.2443095409981, value=z, duration=None>
391.2483 	EXP 	New trial (rep=10, index=60): <Trial 60 (60 in rep 10) data={'pos': np.int64(-150), 'corr_resp': 'z', 'thisN': 60, 'thisTrialN': 60, 'thisRepN': 10}>
391.2553 	DATA 	Keypress: z
391.2600 	EXP 	fixation: autoDraw = False
391.2600 	EXP 	line1: autoDraw = False
391.2600 	EXP 	line2: autoDraw = False
391.2600 	EXP 	line3: autoDraw = False
391.2600 	EXP 	line4: autoDraw = False
391.2600 	EXP 	probe: autoDraw = False
391.2600 	EXP 	fixation: autoDraw = True
391.3741 	EXP 	Device response: <KeyPress from None: t=391.2443095409981, value=z, duration=0.12033120899286587>
392.2475 	EXP 	line1: autoDraw = True
392.2475 	EXP 	line2: autoDraw = True
392.2475 	EXP 	line3: autoDraw = True
392.2475 	EXP 	line4: autoDraw = True
392.2571 	EXP 	fixation: autoDraw = False
393.2574 	INFO 	Keyboard events cleared
393.2572 	EXP 	probe: autoDraw = True
393.5908 	EXP 	Device response: <KeyPress from None: t=393.58719762499095, value=z, duration=None>
393.5910 	EXP 	New trial (rep=11, index=61): <Trial 61 (61 in rep 11) data={'pos': np.int64(-150), 'corr_resp': 'z', 'thisN': 61, 'thisTrialN': 61, 'thisRepN': 11}>
393.5940 	DATA 	Keypress: z
393.5982 	EXP 	fixation: autoDraw = False
393.5982 	EXP 	line1: autoDraw = False
393.5982 	EXP 	line2: autoDraw = False
393.5982 	EXP 	line3: autoDraw = False
393.5982 	EXP 	line4: autoDraw = False
393.5982 	EXP 	probe: autoDraw = False
393.5982 	EXP 	fixation: autoDraw = True
393.7090 	EXP 	Device response: <KeyPress from None: t=393.58719762499095, value=z, duration=0.12029345800692681>
394.5799 	EXP 	line1: autoDraw = True
394.5799 	EXP 	line2: autoDraw = True
394.5799 	EXP 	line3: autoDraw = True
394.5799 	EXP 	line4: autoDraw = True
394.5966 	EXP 	fixation: autoDraw = False
395.5804 	INFO 	Keyboard events cleared
395.5801 	EXP 	probe: autoDraw = True
396.1483 	EXP 	Device response: <KeyPress from None: t=396.1421696250036, value=z, duration=None>
396.1488 	EXP 	New trial (rep=12, index=62): <Trial 62 (62 in rep 12) data={'pos': np.int64(-150), 'corr_resp': 'z', 'thisN': 62, 'thisTrialN': 62, 'thisRepN': 12}>
396.1557 	DATA 	Keypress: z
396.1596 	EXP 	fixation: autoDraw = False
396.1596 	EXP 	line1: autoDraw = False
396.1596 	EXP 	line2: autoDraw = False
396.1596 	EXP 	line3: autoDraw = False
396.1596 	EXP 	line4: autoDraw = False
396.1596 	EXP 	probe: autoDraw = False
396.1596 	EXP 	fixation: autoDraw = True
396.2750 	EXP 	Device response: <KeyPress from None: t=396.1421696250036, value=z, duration=0.120332624996081>
397.1477 	EXP 	line1: autoDraw = True
397.1477 	EXP 	line2: autoDraw = True
397.1477 	EXP 	line3: autoDraw = True
397.1477 	EXP 	line4: autoDraw = True
397.1566 	EXP 	fixation: autoDraw = False
398.1480 	INFO 	Keyboard events cleared
398.1478 	EXP 	probe: autoDraw = True
398.5415 	EXP 	Device response: <KeyPress from None: t=398.53714766599296, value=z, duration=None>
398.5420 	EXP 	New trial (rep=14, index=63): <Trial 63 (63 in rep 14) data={'pos': np.int64(-50), 'corr_resp': 'x', 'thisN': 63, 'thisTrialN': 63, 'thisRepN': 14}>
398.5490 	DATA 	Keypress: z
398.5540 	EXP 	fixation: autoDraw = False
398.5540 	EXP 	line1: autoDraw = False
398.5540 	EXP 	line2: autoDraw = False
398.5540 	EXP 	line3: autoDraw = False
398.5540 	EXP 	line4: autoDraw = False
398.5540 	EXP 	probe: autoDraw = False
398.5540 	EXP 	fixation: autoDraw = True
398.6919 	EXP 	Device response: <KeyPress from None: t=398.53714766599296, value=z, duration=0.14430316700600088>
399.5405 	EXP 	line1: autoDraw = True
399.5405 	EXP 	line2: autoDraw = True
399.5405 	EXP 	line3: autoDraw = True
399.5405 	EXP 	line4: autoDraw = True
399.5471 	EXP 	fixation: autoDraw = False
400.5405 	INFO 	Keyboard events cleared
400.5402 	EXP 	probe: autoDraw = True
400.9306 	EXP 	Device response: <KeyPress from None: t=400.92606808299024, value=x, duration=None>
400.9311 	EXP 	New trial (rep=15, index=64): <Trial 64 (64 in rep 15) data={'pos': np.int64(-50), 'corr_resp': 'x', 'thisN': 64, 'thisTrialN': 64, 'thisRepN': 15}>
400.9381 	DATA 	Keypress: x
400.9427 	EXP 	fixation: autoDraw = False
400.9427 	EXP 	line1: autoDraw = False
400.9427 	EXP 	line2: autoDraw = False
400.9427 	EXP 	line3: autoDraw = False
400.9427 	EXP 	line4: autoDraw = False
400.9427 	EXP 	probe: autoDraw = False
400.9427 	EXP 	fixation: autoDraw = True
401.0759 	EXP 	Device response: <KeyPress from None: t=400.92606808299024, value=x, duration=0.14427145800436847>
401.9322 	EXP 	line1: autoDraw = True
401.9322 	EXP 	line2: autoDraw = True
401.9322 	EXP 	line3: autoDraw = True
401.9322 	EXP 	line4: autoDraw = True
401.9396 	EXP 	fixation: autoDraw = False
402.9263 	INFO 	Keyboard events cleared
402.9262 	EXP 	probe: autoDraw = True
403.3419 	EXP 	Device response: <KeyPress from None: t=403.33704641599616, value=x, duration=None>
403.3424 	EXP 	New trial (rep=13, index=65): <Trial 65 (65 in rep 13) data={'pos': np.int64(-150), 'corr_resp': 'z', 'thisN': 65, 'thisTrialN': 65, 'thisRepN': 13}>
403.3501 	DATA 	Keypress: x
403.3550 	EXP 	fixation: autoDraw = False
403.3550 	EXP 	line1: autoDraw = False
403.3550 	EXP 	line2: autoDraw = False
403.3550 	EXP 	line3: autoDraw = False
403.3550 	EXP 	line4: autoDraw = False
403.3550 	EXP 	probe: autoDraw = False
403.3550 	EXP 	fixation: autoDraw = True
403.4591 	EXP 	Device response: <KeyPress from None: t=403.33704641599616, value=x, duration=0.12016641700756736>
404.3401 	EXP 	line1: autoDraw = True
404.3401 	EXP 	line2: autoDraw = True
404.3401 	EXP 	line3: autoDraw = True
404.3401 	EXP 	line4: autoDraw = True
404.3459 	EXP 	fixation: autoDraw = False
405.3409 	INFO 	Keyboard events cleared
405.3407 	EXP 	probe: autoDraw = True
405.8417 	EXP 	Device response: <KeyPress from None: t=405.837887207992, value=z, duration=None>
405.8421 	EXP 	New trial (rep=18, index=66): <Trial 66 (66 in rep 18) data={'pos': np.int64(150), 'corr_resp': 'v', 'thisN': 66, 'thisTrialN': 66, 'thisRepN': 18}>
405.8490 	DATA 	Keypress: z
405.8539 	EXP 	fixation: autoDraw = False
405.8539 	EXP 	line1: autoDraw = False
405.8539 	EXP 	line2: autoDraw = False
405.8539 	EXP 	line3: autoDraw = False
405.8539 	EXP 	line4: autoDraw = False
405.8539 	EXP 	probe: autoDraw = False
405.8539 	EXP 	fixation: autoDraw = True
405.9920 	EXP 	Device response: <KeyPress from None: t=405.837887207992, value=z, duration=0.14427300001261756>
406.8406 	EXP 	line1: autoDraw = True
406.8406 	EXP 	line2: autoDraw = True
406.8406 	EXP 	line3: autoDraw = True
406.8406 	EXP 	line4: autoDraw = True
406.8464 	EXP 	fixation: autoDraw = False
407.8406 	INFO 	Keyboard events cleared
407.8404 	EXP 	probe: autoDraw = True
408.4915 	EXP 	Device response: <KeyPress from None: t=408.4838197909994, value=v, duration=None>
408.4920 	EXP 	New trial (rep=16, index=67): <Trial 67 (67 in rep 16) data={'pos': np.int64(-50), 'corr_resp': 'x', 'thisN': 67, 'thisTrialN': 67, 'thisRepN': 16}>
408.4986 	DATA 	Keypress: v
408.5036 	EXP 	fixation: autoDraw = False
408.5036 	EXP 	line1: autoDraw = False
408.5036 	EXP 	line2: autoDraw = False
408.5036 	EXP 	line3: autoDraw = False
408.5036 	EXP 	line4: autoDraw = False
408.5036 	EXP 	probe: autoDraw = False
408.5036 	EXP 	fixation: autoDraw = True
408.6252 	EXP 	Device response: <KeyPress from None: t=408.4838197909994, value=v, duration=0.132227124995552>
409.4904 	EXP 	line1: autoDraw = True
409.4904 	EXP 	line2: autoDraw = True
409.4904 	EXP 	line3: autoDraw = True
409.4904 	EXP 	line4: autoDraw = True
409.4960 	EXP 	fixation: autoDraw = False
410.4904 	INFO 	Keyboard events cleared
410.4902 	EXP 	probe: autoDraw = True
410.9083 	EXP 	Device response: <KeyPress from None: t=410.90378787499503, value=x, duration=None>
410.9088 	EXP 	New trial (rep=18, index=68): <Trial 68 (68 in rep 18) data={'pos': np.int64(50), 'corr_resp': 'c ', 'thisN': 68, 'thisTrialN': 68, 'thisRepN': 18}>
410.9156 	DATA 	Keypress: x
410.9204 	EXP 	fixation: autoDraw = False
410.9204 	EXP 	line1: autoDraw = False
410.9204 	EXP 	line2: autoDraw = False
410.9204 	EXP 	line3: autoDraw = False
410.9204 	EXP 	line4: autoDraw = False
410.9204 	EXP 	probe: autoDraw = False
410.9204 	EXP 	fixation: autoDraw = True
411.0759 	EXP 	Device response: <KeyPress from None: t=410.90378787499503, value=x, duration=0.16833304100146051>
411.9070 	EXP 	line1: autoDraw = True
411.9070 	EXP 	line2: autoDraw = True
411.9070 	EXP 	line3: autoDraw = True
411.9070 	EXP 	line4: autoDraw = True
411.9138 	EXP 	fixation: autoDraw = False
412.9074 	INFO 	Keyboard events cleared
412.9072 	EXP 	probe: autoDraw = True
413.2821 	EXP 	Device response: <KeyPress from None: t=413.2747291659907, value=c, duration=None>
413.2825 	EXP 	New trial (rep=17, index=69): <Trial 69 (69 in rep 17) data={'pos': np.int64(-50), 'corr_resp': 'x', 'thisN': 69, 'thisTrialN': 69, 'thisRepN': 17}>
413.2890 	DATA 	Keypress: c
413.2933 	EXP 	fixation: autoDraw = False
413.2933 	EXP 	line1: autoDraw = False
413.2933 	EXP 	line2: autoDraw = False
413.2933 	EXP 	line3: autoDraw = False
413.2933 	EXP 	line4: autoDraw = False
413.2933 	EXP 	probe: autoDraw = False
413.2933 	EXP 	fixation: autoDraw = True
413.4590 	EXP 	Device response: <KeyPress from None: t=413.2747291659907, value=c, duration=0.17630829200788867>
414.2808 	EXP 	line1: autoDraw = True
414.2808 	EXP 	line2: autoDraw = True
414.2808 	EXP 	line3: autoDraw = True
414.2808 	EXP 	line4: autoDraw = True
414.2900 	EXP 	fixation: autoDraw = False
415.2814 	INFO 	Keyboard events cleared
415.2811 	EXP 	probe: autoDraw = True
415.6815 	EXP 	Device response: <KeyPress from None: t=415.677710916003, value=x, duration=None>
415.6819 	EXP 	New trial (rep=19, index=70): <Trial 70 (70 in rep 19) data={'pos': np.int64(150), 'corr_resp': 'v', 'thisN': 70, 'thisTrialN': 70, 'thisRepN': 19}>
415.6888 	DATA 	Keypress: x
415.6933 	EXP 	fixation: autoDraw = False
415.6933 	EXP 	line1: autoDraw = False
415.6933 	EXP 	line2: autoDraw = False
415.6933 	EXP 	line3: autoDraw = False
415.6933 	EXP 	line4: autoDraw = False
415.6933 	EXP 	probe: autoDraw = False
415.6933 	EXP 	fixation: autoDraw = True
415.8082 	EXP 	Device response: <KeyPress from None: t=415.677710916003, value=x, duration=0.1201628749986412>
416.6797 	EXP 	line1: autoDraw = True
416.6797 	EXP 	line2: autoDraw = True
416.6797 	EXP 	line3: autoDraw = True
416.6797 	EXP 	line4: autoDraw = True
416.6902 	EXP 	fixation: autoDraw = False
417.6812 	INFO 	Keyboard events cleared
417.6809 	EXP 	probe: autoDraw = True
418.1480 	EXP 	Device response: <KeyPress from None: t=418.143540916004, value=v, duration=None>
418.1485 	EXP 	New trial (rep=18, index=71): <Trial 71 (71 in rep 18) data={'pos': np.int64(-50), 'corr_resp': 'x', 'thisN': 71, 'thisTrialN': 71, 'thisRepN': 18}>
418.1568 	DATA 	Keypress: v
418.1626 	EXP 	fixation: autoDraw = False
418.1626 	EXP 	line1: autoDraw = False
418.1626 	EXP 	line2: autoDraw = False
418.1626 	EXP 	line3: autoDraw = False
418.1626 	EXP 	line4: autoDraw = False
418.1626 	EXP 	probe: autoDraw = False
418.1626 	EXP 	fixation: autoDraw = True
418.3086 	EXP 	Device response: <KeyPress from None: t=418.143540916004, value=v, duration=0.15628562499477994>
419.1474 	EXP 	line1: autoDraw = True
419.1474 	EXP 	line2: autoDraw = True
419.1474 	EXP 	line3: autoDraw = True
419.1474 	EXP 	line4: autoDraw = True
419.1569 	EXP 	fixation: autoDraw = False
420.1474 	INFO 	Keyboard events cleared
420.1472 	EXP 	probe: autoDraw = True
420.4082 	EXP 	Device response: <KeyPress from None: t=420.4025335000042, value=x, duration=None>
420.4087 	EXP 	New trial (rep=20, index=72): <Trial 72 (72 in rep 20) data={'pos': np.int64(150), 'corr_resp': 'v', 'thisN': 72, 'thisTrialN': 72, 'thisRepN': 20}>
420.4156 	DATA 	Keypress: x
420.4204 	EXP 	fixation: autoDraw = False
420.4204 	EXP 	line1: autoDraw = False
420.4204 	EXP 	line2: autoDraw = False
420.4204 	EXP 	line3: autoDraw = False
420.4204 	EXP 	line4: autoDraw = False
420.4204 	EXP 	probe: autoDraw = False
420.4204 	EXP 	fixation: autoDraw = True
420.5581 	EXP 	Device response: <KeyPress from None: t=420.4025335000042, value=x, duration=0.14427237499330658>
421.4070 	EXP 	line1: autoDraw = True
421.4070 	EXP 	line2: autoDraw = True
421.4070 	EXP 	line3: autoDraw = True
421.4070 	EXP 	line4: autoDraw = True
421.4126 	EXP 	fixation: autoDraw = False
422.4073 	INFO 	Keyboard events cleared
422.4071 	EXP 	probe: autoDraw = True
422.8275 	EXP 	Device response: <KeyPress from None: t=422.82648995799536, value=v, duration=None>
422.8281 	EXP 	New trial (rep=19, index=73): <Trial 73 (73 in rep 19) data={'pos': np.int64(-50), 'corr_resp': 'x', 'thisN': 73, 'thisTrialN': 73, 'thisRepN': 19}>
422.8401 	EXP 	fixation: autoDraw = False
422.8401 	EXP 	line1: autoDraw = False
422.8401 	EXP 	line2: autoDraw = False
422.8401 	EXP 	line3: autoDraw = False
422.8401 	EXP 	line4: autoDraw = False
422.8401 	EXP 	probe: autoDraw = False
422.8401 	EXP 	fixation: autoDraw = True
422.8427 	DATA 	Keypress: v
422.9758 	EXP 	Device response: <KeyPress from None: t=422.82648995799536, value=v, duration=0.14028579200385138>
423.8271 	EXP 	fixation: autoDraw = False
423.8271 	EXP 	line1: autoDraw = True
423.8271 	EXP 	line2: autoDraw = True
423.8271 	EXP 	line3: autoDraw = True
423.8271 	EXP 	line4: autoDraw = True
424.8237 	INFO 	Keyboard events cleared
424.8235 	EXP 	probe: autoDraw = True
425.1310 	EXP 	Device response: <KeyPress from None: t=425.1293248330039, value=x, duration=None>
425.1316 	EXP 	New trial (rep=14, index=74): <Trial 74 (74 in rep 14) data={'pos': np.int64(-150), 'corr_resp': 'z', 'thisN': 74, 'thisTrialN': 74, 'thisRepN': 14}>
425.1386 	DATA 	Keypress: x
425.1430 	EXP 	fixation: autoDraw = False
425.1430 	EXP 	line1: autoDraw = False
425.1430 	EXP 	line2: autoDraw = False
425.1430 	EXP 	line3: autoDraw = False
425.1430 	EXP 	line4: autoDraw = False
425.1430 	EXP 	probe: autoDraw = False
425.1430 	EXP 	fixation: autoDraw = True
425.3082 	EXP 	Device response: <KeyPress from None: t=425.1293248330039, value=x, duration=0.17236066699842922>
426.1305 	EXP 	line1: autoDraw = True
426.1305 	EXP 	line2: autoDraw = True
426.1305 	EXP 	line3: autoDraw = True
426.1305 	EXP 	line4: autoDraw = True
426.1404 	EXP 	fixation: autoDraw = False
427.1300 	INFO 	Keyboard events cleared
427.1297 	EXP 	probe: autoDraw = True
427.6075 	EXP 	Device response: <KeyPress from None: t=427.5941765000025, value=z, duration=None>
427.6078 	EXP 	New trial (rep=20, index=75): <Trial 75 (75 in rep 20) data={'pos': np.int64(-50), 'corr_resp': 'x', 'thisN': 75, 'thisTrialN': 75, 'thisRepN': 20}>
427.6107 	DATA 	Keypress: z
427.6150 	EXP 	fixation: autoDraw = False
427.6150 	EXP 	line1: autoDraw = False
427.6150 	EXP 	line2: autoDraw = False
427.6150 	EXP 	line3: autoDraw = False
427.6150 	EXP 	line4: autoDraw = False
427.6150 	EXP 	probe: autoDraw = False
427.6150 	EXP 	fixation: autoDraw = True
427.7247 	EXP 	Device response: <KeyPress from None: t=427.5941765000025, value=z, duration=0.12839366598927882>
428.6068 	EXP 	line1: autoDraw = True
428.6068 	EXP 	line2: autoDraw = True
428.6068 	EXP 	line3: autoDraw = True
428.6068 	EXP 	line4: autoDraw = True
428.6102 	EXP 	fixation: autoDraw = False
429.6065 	INFO 	Keyboard events cleared
429.6064 	EXP 	probe: autoDraw = True
430.5977 	EXP 	Device response: <KeyPress from None: t=430.59112574999745, value=x, duration=None>
430.5982 	EXP 	New trial (rep=15, index=76): <Trial 76 (76 in rep 15) data={'pos': np.int64(-150), 'corr_resp': 'z', 'thisN': 76, 'thisTrialN': 76, 'thisRepN': 15}>
430.6057 	DATA 	Keypress: x
430.6101 	EXP 	fixation: autoDraw = False
430.6101 	EXP 	line1: autoDraw = False
430.6101 	EXP 	line2: autoDraw = False
430.6101 	EXP 	line3: autoDraw = False
430.6101 	EXP 	line4: autoDraw = False
430.6101 	EXP 	probe: autoDraw = False
430.6101 	EXP 	fixation: autoDraw = True
430.7287 	EXP 	Device response: <KeyPress from None: t=430.59112574999745, value=x, duration=0.13632783299544826>
431.6009 	EXP 	line1: autoDraw = True
431.6009 	EXP 	line2: autoDraw = True
431.6009 	EXP 	line3: autoDraw = True
431.6009 	EXP 	line4: autoDraw = True
431.6201 	EXP 	fixation: autoDraw = False
432.6075 	INFO 	Keyboard events cleared
432.6072 	EXP 	probe: autoDraw = True
432.9987 	EXP 	Device response: <KeyPress from None: t=432.9931202500011, value=z, duration=None>
432.9997 	EXP 	New trial (rep=16, index=77): <Trial 77 (77 in rep 16) data={'pos': np.int64(-150), 'corr_resp': 'z', 'thisN': 77, 'thisTrialN': 77, 'thisRepN': 16}>
433.0077 	DATA 	Keypress: z
433.0129 	EXP 	fixation: autoDraw = False
433.0129 	EXP 	line1: autoDraw = False
433.0129 	EXP 	line2: autoDraw = False
433.0129 	EXP 	line3: autoDraw = False
433.0129 	EXP 	line4: autoDraw = False
433.0129 	EXP 	probe: autoDraw = False
433.0129 	EXP 	fixation: autoDraw = True
433.1247 	EXP 	Device response: <KeyPress from None: t=432.9931202500011, value=z, duration=0.12834616599138826>
433.9976 	EXP 	line1: autoDraw = True
433.9976 	EXP 	line2: autoDraw = True
433.9976 	EXP 	line3: autoDraw = True
433.9976 	EXP 	line4: autoDraw = True
434.0067 	EXP 	fixation: autoDraw = False
434.9968 	INFO 	Keyboard events cleared
434.9963 	EXP 	probe: autoDraw = True
435.4581 	EXP 	Device response: <KeyPress from None: t=435.44800454100186, value=z, duration=None>
435.4587 	EXP 	New trial (rep=17, index=78): <Trial 78 (78 in rep 17) data={'pos': np.int64(-150), 'corr_resp': 'z', 'thisN': 78, 'thisTrialN': 78, 'thisRepN': 17}>
435.4637 	DATA 	Keypress: z
435.4682 	EXP 	fixation: autoDraw = False
435.4682 	EXP 	line1: autoDraw = False
435.4682 	EXP 	line2: autoDraw = False
435.4682 	EXP 	line3: autoDraw = False
435.4682 	EXP 	line4: autoDraw = False
435.4682 	EXP 	probe: autoDraw = False
435.4682 	EXP 	fixation: autoDraw = True
435.5747 	EXP 	Device response: <KeyPress from None: t=435.44800454100186, value=z, duration=0.1162298339913832>
436.4570 	EXP 	line1: autoDraw = True
436.4570 	EXP 	line2: autoDraw = True
436.4570 	EXP 	line3: autoDraw = True
436.4570 	EXP 	line4: autoDraw = True
436.4636 	EXP 	fixation: autoDraw = False
437.4571 	INFO 	Keyboard events cleared
437.4569 	EXP 	probe: autoDraw = True
437.8973 	EXP 	Device response: <KeyPress from None: t=437.8939605409978, value=z, duration=None>
437.8978 	EXP 	New trial (rep=19, index=79): <Trial 79 (79 in rep 19) data={'pos': np.int64(50), 'corr_resp': 'c ', 'thisN': 79, 'thisTrialN': 79, 'thisRepN': 19}>
437.9042 	DATA 	Keypress: z
437.9094 	EXP 	fixation: autoDraw = False
437.9094 	EXP 	line1: autoDraw = False
437.9094 	EXP 	line2: autoDraw = False
437.9094 	EXP 	line3: autoDraw = False
437.9094 	EXP 	line4: autoDraw = False
437.9094 	EXP 	probe: autoDraw = False
437.9094 	EXP 	fixation: autoDraw = True
438.0083 	EXP 	Device response: <KeyPress from None: t=437.8939605409978, value=z, duration=0.10418945900164545>
438.8976 	EXP 	line1: autoDraw = True
438.8976 	EXP 	line2: autoDraw = True
438.8976 	EXP 	line3: autoDraw = True
438.8976 	EXP 	line4: autoDraw = True
438.9060 	EXP 	fixation: autoDraw = False
439.8979 	INFO 	Keyboard events cleared
439.8977 	EXP 	probe: autoDraw = True
440.4809 	EXP 	Device response: <KeyPress from None: t=440.47778679100156, value=c, duration=None>
440.4812 	EXP 	New trial (rep=21, index=80): <Trial 80 (80 in rep 21) data={'pos': np.int64(-50), 'corr_resp': 'x', 'thisN': 80, 'thisTrialN': 80, 'thisRepN': 21}>
440.4861 	DATA 	Keypress: c
440.5081 	EXP 	fixation: autoDraw = False
440.5081 	EXP 	line1: autoDraw = False
440.5081 	EXP 	line2: autoDraw = False
440.5081 	EXP 	line3: autoDraw = False
440.5081 	EXP 	line4: autoDraw = False
440.5081 	EXP 	probe: autoDraw = False
440.5081 	EXP 	fixation: autoDraw = True
440.6296 	EXP 	Device response: <KeyPress from None: t=440.47778679100156, value=c, duration=0.1484212499926798>
441.4725 	EXP 	line1: autoDraw = True
441.4725 	EXP 	line2: autoDraw = True
441.4725 	EXP 	line3: autoDraw = True
441.4725 	EXP 	line4: autoDraw = True
441.5069 	EXP 	fixation: autoDraw = False
442.4813 	INFO 	Keyboard events cleared
442.4810 	EXP 	probe: autoDraw = True
443.0586 	EXP 	Device response: <KeyPress from None: t=443.0488588330045, value=x, duration=None>
443.0592 	EXP 	New trial (rep=21, index=81): <Trial 81 (81 in rep 21) data={'pos': np.int64(150), 'corr_resp': 'v', 'thisN': 81, 'thisTrialN': 81, 'thisRepN': 21}>
443.0668 	DATA 	Keypress: x
443.0716 	EXP 	fixation: autoDraw = False
443.0716 	EXP 	line1: autoDraw = False
443.0716 	EXP 	line2: autoDraw = False
443.0716 	EXP 	line3: autoDraw = False
443.0716 	EXP 	line4: autoDraw = False
443.0716 	EXP 	probe: autoDraw = False
443.0716 	EXP 	fixation: autoDraw = True
443.1414 	EXP 	Device response: <KeyPress from None: t=443.0488588330045, value=x, duration=0.08830054198915605>
444.0572 	EXP 	line1: autoDraw = True
444.0572 	EXP 	line2: autoDraw = True
444.0572 	EXP 	line3: autoDraw = True
444.0572 	EXP 	line4: autoDraw = True
444.0632 	EXP 	fixation: autoDraw = False
445.0569 	INFO 	Keyboard events cleared
445.0566 	EXP 	probe: autoDraw = True
445.4979 	EXP 	Device response: <KeyPress from None: t=445.49279899999965, value=v, duration=None>
445.4984 	EXP 	New trial (rep=22, index=82): <Trial 82 (82 in rep 22) data={'pos': np.int64(150), 'corr_resp': 'v', 'thisN': 82, 'thisTrialN': 82, 'thisRepN': 22}>
445.5051 	DATA 	Keypress: v
445.5095 	EXP 	fixation: autoDraw = False
445.5095 	EXP 	line1: autoDraw = False
445.5095 	EXP 	line2: autoDraw = False
445.5095 	EXP 	line3: autoDraw = False
445.5095 	EXP 	line4: autoDraw = False
445.5095 	EXP 	probe: autoDraw = False
445.5095 	EXP 	fixation: autoDraw = True
445.6580 	EXP 	Device response: <KeyPress from None: t=445.49279899999965, value=v, duration=0.16033408300427254>
446.4976 	EXP 	line1: autoDraw = True
446.4976 	EXP 	line2: autoDraw = True
446.4976 	EXP 	line3: autoDraw = True
446.4976 	EXP 	line4: autoDraw = True
446.5062 	EXP 	fixation: autoDraw = False
447.4969 	INFO 	Keyboard events cleared
447.4967 	EXP 	probe: autoDraw = True
447.8808 	EXP 	Device response: <KeyPress from None: t=447.8765016660036, value=v, duration=None>
447.8813 	EXP 	New trial (rep=20, index=83): <Trial 83 (83 in rep 20) data={'pos': np.int64(50), 'corr_resp': 'c ', 'thisN': 83, 'thisTrialN': 83, 'thisRepN': 20}>
447.8882 	DATA 	Keypress: v
447.8927 	EXP 	fixation: autoDraw = False
447.8927 	EXP 	line1: autoDraw = False
447.8927 	EXP 	line2: autoDraw = False
447.8927 	EXP 	line3: autoDraw = False
447.8927 	EXP 	line4: autoDraw = False
447.8927 	EXP 	probe: autoDraw = False
447.8927 	EXP 	fixation: autoDraw = True
448.0254 	EXP 	Device response: <KeyPress from None: t=447.8765016660036, value=v, duration=0.1394829169876175>
448.8812 	EXP 	line1: autoDraw = True
448.8812 	EXP 	line2: autoDraw = True
448.8812 	EXP 	line3: autoDraw = True
448.8812 	EXP 	line4: autoDraw = True
448.8903 	EXP 	fixation: autoDraw = False
449.8765 	INFO 	Keyboard events cleared
449.8764 	EXP 	probe: autoDraw = True
450.3639 	EXP 	Device response: <KeyPress from None: t=450.3605997499981, value=c, duration=None>
450.3644 	EXP 	New trial (rep=18, index=84): <Trial 84 (84 in rep 18) data={'pos': np.int64(-150), 'corr_resp': 'z', 'thisN': 84, 'thisTrialN': 84, 'thisRepN': 18}>
450.3736 	DATA 	Keypress: c
450.3775 	EXP 	fixation: autoDraw = False
450.3775 	EXP 	line1: autoDraw = False
450.3775 	EXP 	line2: autoDraw = False
450.3775 	EXP 	line3: autoDraw = False
450.3775 	EXP 	line4: autoDraw = False
450.3775 	EXP 	probe: autoDraw = False
450.3775 	EXP 	fixation: autoDraw = True
450.5253 	EXP 	Device response: <KeyPress from None: t=450.3605997499981, value=c, duration=0.15234229099587537>
451.3619 	EXP 	line1: autoDraw = True
451.3619 	EXP 	line2: autoDraw = True
451.3619 	EXP 	line3: autoDraw = True
451.3619 	EXP 	line4: autoDraw = True
451.3723 	EXP 	fixation: autoDraw = False
452.3561 	INFO 	Keyboard events cleared
452.3559 	EXP 	probe: autoDraw = True
452.8472 	EXP 	Device response: <KeyPress from None: t=452.843559749992, value=z, duration=None>
452.8477 	EXP 	New trial (rep=21, index=85): <Trial 85 (85 in rep 21) data={'pos': np.int64(50), 'corr_resp': 'c ', 'thisN': 85, 'thisTrialN': 85, 'thisRepN': 21}>
452.8546 	DATA 	Keypress: z
452.8594 	EXP 	fixation: autoDraw = False
452.8594 	EXP 	line1: autoDraw = False
452.8594 	EXP 	line2: autoDraw = False
452.8594 	EXP 	line3: autoDraw = False
452.8594 	EXP 	line4: autoDraw = False
452.8594 	EXP 	probe: autoDraw = False
452.8594 	EXP 	fixation: autoDraw = True
452.9919 	EXP 	Device response: <KeyPress from None: t=452.843559749992, value=z, duration=0.14437462500063702>
453.8474 	EXP 	line1: autoDraw = True
453.8474 	EXP 	line2: autoDraw = True
453.8474 	EXP 	line3: autoDraw = True
453.8474 	EXP 	line4: autoDraw = True
453.8569 	EXP 	fixation: autoDraw = False
454.8397 	INFO 	Keyboard events cleared
454.8395 	EXP 	probe: autoDraw = True
456.1087 	EXP 	Device response: <KeyPress from None: t=456.1025316250016, value=c, duration=None>
456.1095 	EXP 	New trial (rep=22, index=86): <Trial 86 (86 in rep 22) data={'pos': np.int64(-50), 'corr_resp': 'x', 'thisN': 86, 'thisTrialN': 86, 'thisRepN': 22}>
456.1173 	DATA 	Keypress: c
456.1224 	EXP 	fixation: autoDraw = False
456.1224 	EXP 	line1: autoDraw = False
456.1224 	EXP 	line2: autoDraw = False
456.1224 	EXP 	line3: autoDraw = False
456.1224 	EXP 	line4: autoDraw = False
456.1224 	EXP 	probe: autoDraw = False
456.1224 	EXP 	fixation: autoDraw = True
456.2753 	EXP 	Device response: <KeyPress from None: t=456.1025316250016, value=c, duration=0.1602079159929417>
457.1058 	EXP 	line1: autoDraw = True
457.1058 	EXP 	line2: autoDraw = True
457.1058 	EXP 	line3: autoDraw = True
457.1058 	EXP 	line4: autoDraw = True
457.1121 	EXP 	fixation: autoDraw = False
458.1061 	INFO 	Keyboard events cleared
458.1060 	EXP 	probe: autoDraw = True
458.8752 	EXP 	Device response: <KeyPress from None: t=458.86827254100353, value=x, duration=None>
458.8758 	EXP 	New trial (rep=19, index=87): <Trial 87 (87 in rep 19) data={'pos': np.int64(-150), 'corr_resp': 'z', 'thisN': 87, 'thisTrialN': 87, 'thisRepN': 19}>
458.8831 	DATA 	Keypress: x
458.8881 	EXP 	fixation: autoDraw = False
458.8881 	EXP 	line1: autoDraw = False
458.8881 	EXP 	line2: autoDraw = False
458.8881 	EXP 	line3: autoDraw = False
458.8881 	EXP 	line4: autoDraw = False
458.8881 	EXP 	probe: autoDraw = False
458.8881 	EXP 	fixation: autoDraw = True
459.0084 	EXP 	Device response: <KeyPress from None: t=458.86827254100353, value=x, duration=0.1364687919995049>
459.8734 	EXP 	line1: autoDraw = True
459.8734 	EXP 	line2: autoDraw = True
459.8734 	EXP 	line3: autoDraw = True
459.8734 	EXP 	line4: autoDraw = True
459.8791 	EXP 	fixation: autoDraw = False
460.8737 	INFO 	Keyboard events cleared
460.8735 	EXP 	probe: autoDraw = True
461.3479 	EXP 	Device response: <KeyPress from None: t=461.3412844580016, value=z, duration=None>
461.3486 	EXP 	New trial (rep=22, index=88): <Trial 88 (88 in rep 22) data={'pos': np.int64(50), 'corr_resp': 'c ', 'thisN': 88, 'thisTrialN': 88, 'thisRepN': 22}>
461.3573 	DATA 	Keypress: z
461.3620 	EXP 	fixation: autoDraw = False
461.3620 	EXP 	line1: autoDraw = False
461.3620 	EXP 	line2: autoDraw = False
461.3620 	EXP 	line3: autoDraw = False
461.3620 	EXP 	line4: autoDraw = False
461.3620 	EXP 	probe: autoDraw = False
461.3620 	EXP 	fixation: autoDraw = True
461.4594 	EXP 	Device response: <KeyPress from None: t=461.3412844580016, value=z, duration=0.1123376249888679>
462.3467 	EXP 	line1: autoDraw = True
462.3467 	EXP 	line2: autoDraw = True
462.3467 	EXP 	line3: autoDraw = True
462.3467 	EXP 	line4: autoDraw = True
462.3572 	EXP 	fixation: autoDraw = False
463.3474 	INFO 	Keyboard events cleared
463.3472 	EXP 	probe: autoDraw = True
464.1415 	EXP 	Device response: <KeyPress from None: t=464.13829829099996, value=c, duration=None>
464.1420 	EXP 	New trial (rep=20, index=89): <Trial 89 (89 in rep 20) data={'pos': np.int64(-150), 'corr_resp': 'z', 'thisN': 89, 'thisTrialN': 89, 'thisRepN': 20}>
464.1492 	DATA 	Keypress: c
464.1541 	EXP 	fixation: autoDraw = False
464.1541 	EXP 	line1: autoDraw = False
464.1541 	EXP 	line2: autoDraw = False
464.1541 	EXP 	line3: autoDraw = False
464.1541 	EXP 	line4: autoDraw = False
464.1541 	EXP 	probe: autoDraw = False
464.1541 	EXP 	fixation: autoDraw = True
464.2757 	EXP 	Device response: <KeyPress from None: t=464.13829829099996, value=c, duration=0.12422695900022518>
465.1402 	EXP 	line1: autoDraw = True
465.1402 	EXP 	line2: autoDraw = True
465.1402 	EXP 	line3: autoDraw = True
465.1402 	EXP 	line4: autoDraw = True
465.1460 	EXP 	fixation: autoDraw = False
466.1406 	INFO 	Keyboard events cleared
466.1404 	EXP 	probe: autoDraw = True
466.4746 	EXP 	Device response: <KeyPress from None: t=466.47318520800036, value=z, duration=None>
466.4750 	EXP 	New trial (rep=23, index=90): <Trial 90 (90 in rep 23) data={'pos': np.int64(50), 'corr_resp': 'c ', 'thisN': 90, 'thisTrialN': 90, 'thisRepN': 23}>
466.4817 	DATA 	Keypress: z
466.4868 	EXP 	fixation: autoDraw = False
466.4868 	EXP 	line1: autoDraw = False
466.4868 	EXP 	line2: autoDraw = False
466.4868 	EXP 	line3: autoDraw = False
466.4868 	EXP 	line4: autoDraw = False
466.4868 	EXP 	probe: autoDraw = False
466.4868 	EXP 	fixation: autoDraw = True
466.6419 	EXP 	Device response: <KeyPress from None: t=466.47318520800036, value=z, duration=0.16027133299212437>
467.4736 	EXP 	line1: autoDraw = True
467.4736 	EXP 	line2: autoDraw = True
467.4736 	EXP 	line3: autoDraw = True
467.4736 	EXP 	line4: autoDraw = True
467.4803 	EXP 	fixation: autoDraw = False
468.4738 	INFO 	Keyboard events cleared
468.4736 	EXP 	probe: autoDraw = True
469.0770 	EXP 	Device response: <KeyPress from None: t=469.06905204099894, value=c, duration=None>
469.0775 	EXP 	New trial (rep=23, index=91): <Trial 91 (91 in rep 23) data={'pos': np.int64(-50), 'corr_resp': 'x', 'thisN': 91, 'thisTrialN': 91, 'thisRepN': 23}>
469.0836 	DATA 	Keypress: c
469.0893 	EXP 	fixation: autoDraw = False
469.0893 	EXP 	line1: autoDraw = False
469.0893 	EXP 	line2: autoDraw = False
469.0893 	EXP 	line3: autoDraw = False
469.0893 	EXP 	line4: autoDraw = False
469.0893 	EXP 	probe: autoDraw = False
469.0893 	EXP 	fixation: autoDraw = True
469.2586 	EXP 	Device response: <KeyPress from None: t=469.06905204099894, value=c, duration=0.18435116700129583>
470.0736 	EXP 	line1: autoDraw = True
470.0736 	EXP 	line2: autoDraw = True
470.0736 	EXP 	line3: autoDraw = True
470.0736 	EXP 	line4: autoDraw = True
470.0803 	EXP 	fixation: autoDraw = False
471.0738 	INFO 	Keyboard events cleared
471.0736 	EXP 	probe: autoDraw = True
471.7914 	EXP 	Device response: <KeyPress from None: t=471.78002433299844, value=x, duration=None>
471.7918 	EXP 	New trial (rep=24, index=92): <Trial 92 (92 in rep 24) data={'pos': np.int64(-50), 'corr_resp': 'x', 'thisN': 92, 'thisTrialN': 92, 'thisRepN': 24}>
471.7987 	DATA 	Keypress: x
471.8035 	EXP 	fixation: autoDraw = False
471.8035 	EXP 	line1: autoDraw = False
471.8035 	EXP 	line2: autoDraw = False
471.8035 	EXP 	line3: autoDraw = False
471.8035 	EXP 	line4: autoDraw = False
471.8035 	EXP 	probe: autoDraw = False
471.8035 	EXP 	fixation: autoDraw = True
471.9091 	EXP 	Device response: <KeyPress from None: t=471.78002433299844, value=x, duration=0.12430045800283551>
472.7902 	EXP 	line1: autoDraw = True
472.7902 	EXP 	line2: autoDraw = True
472.7902 	EXP 	line3: autoDraw = True
472.7902 	EXP 	line4: autoDraw = True
472.7967 	EXP 	fixation: autoDraw = False
473.7896 	INFO 	Keyboard events cleared
473.7894 	EXP 	probe: autoDraw = True
474.1475 	EXP 	Device response: <KeyPress from None: t=474.14293008299137, value=x, duration=None>
474.1480 	EXP 	New trial (rep=23, index=93): <Trial 93 (93 in rep 23) data={'pos': np.int64(150), 'corr_resp': 'v', 'thisN': 93, 'thisTrialN': 93, 'thisRepN': 23}>
474.1548 	DATA 	Keypress: x
474.1589 	EXP 	fixation: autoDraw = False
474.1589 	EXP 	line1: autoDraw = False
474.1589 	EXP 	line2: autoDraw = False
474.1589 	EXP 	line3: autoDraw = False
474.1589 	EXP 	line4: autoDraw = False
474.1589 	EXP 	probe: autoDraw = False
474.1589 	EXP 	fixation: autoDraw = True
474.2802 	EXP 	Device response: <KeyPress from None: t=474.14293008299137, value=x, duration=0.13228220801101997>
475.1444 	EXP 	line1: autoDraw = True
475.1444 	EXP 	line2: autoDraw = True
475.1444 	EXP 	line3: autoDraw = True
475.1444 	EXP 	line4: autoDraw = True
475.1565 	EXP 	fixation: autoDraw = False
476.1617 	INFO 	Keyboard events cleared
476.1613 	EXP 	probe: autoDraw = True
476.5821 	EXP 	Device response: <KeyPress from None: t=476.57780166600423, value=v, duration=None>
476.5826 	EXP 	New trial (rep=21, index=94): <Trial 94 (94 in rep 21) data={'pos': np.int64(-150), 'corr_resp': 'z', 'thisN': 94, 'thisTrialN': 94, 'thisRepN': 21}>
476.5892 	DATA 	Keypress: v
476.5935 	EXP 	fixation: autoDraw = False
476.5935 	EXP 	line1: autoDraw = False
476.5935 	EXP 	line2: autoDraw = False
476.5935 	EXP 	line3: autoDraw = False
476.5935 	EXP 	line4: autoDraw = False
476.5935 	EXP 	probe: autoDraw = False
476.5935 	EXP 	fixation: autoDraw = True
476.6800 	EXP 	Device response: <KeyPress from None: t=476.57780166600423, value=v, duration=0.09631074999924749>
477.5810 	EXP 	line1: autoDraw = True
477.5810 	EXP 	line2: autoDraw = True
477.5810 	EXP 	line3: autoDraw = True
477.5810 	EXP 	line4: autoDraw = True
477.5900 	EXP 	fixation: autoDraw = False
478.5809 	INFO 	Keyboard events cleared
478.5807 	EXP 	probe: autoDraw = True
478.9415 	EXP 	Device response: <KeyPress from None: t=478.9348231250042, value=z, duration=None>
478.9420 	EXP 	New trial (rep=22, index=95): <Trial 95 (95 in rep 22) data={'pos': np.int64(-150), 'corr_resp': 'z', 'thisN': 95, 'thisTrialN': 95, 'thisRepN': 22}>
478.9495 	DATA 	Keypress: z
478.9546 	EXP 	fixation: autoDraw = False
478.9546 	EXP 	line1: autoDraw = False
478.9546 	EXP 	line2: autoDraw = False
478.9546 	EXP 	line3: autoDraw = False
478.9546 	EXP 	line4: autoDraw = False
478.9546 	EXP 	probe: autoDraw = False
478.9546 	EXP 	fixation: autoDraw = True
479.0735 	EXP 	Device response: <KeyPress from None: t=478.9348231250042, value=z, duration=0.13225474998762365>
479.9401 	EXP 	line1: autoDraw = True
479.9401 	EXP 	line2: autoDraw = True
479.9401 	EXP 	line3: autoDraw = True
479.9401 	EXP 	line4: autoDraw = True
479.9458 	EXP 	fixation: autoDraw = False
480.9402 	INFO 	Keyboard events cleared
480.9401 	EXP 	probe: autoDraw = True
481.3255 	EXP 	Device response: <KeyPress from None: t=481.32176849999814, value=z, duration=None>
481.3261 	EXP 	New trial (rep=24, index=96): <Trial 96 (96 in rep 24) data={'pos': np.int64(50), 'corr_resp': 'c ', 'thisN': 96, 'thisTrialN': 96, 'thisRepN': 24}>
481.3334 	DATA 	Keypress: z
481.3396 	EXP 	fixation: autoDraw = False
481.3396 	EXP 	line1: autoDraw = False
481.3396 	EXP 	line2: autoDraw = False
481.3396 	EXP 	line3: autoDraw = False
481.3396 	EXP 	line4: autoDraw = False
481.3396 	EXP 	probe: autoDraw = False
481.3396 	EXP 	fixation: autoDraw = True
481.4588 	EXP 	Device response: <KeyPress from None: t=481.32176849999814, value=z, duration=0.1282857909973245>
482.3223 	EXP 	line1: autoDraw = True
482.3223 	EXP 	line2: autoDraw = True
482.3223 	EXP 	line3: autoDraw = True
482.3223 	EXP 	line4: autoDraw = True
482.3278 	EXP 	fixation: autoDraw = False
483.3239 	INFO 	Keyboard events cleared
483.3237 	EXP 	probe: autoDraw = True
483.7248 	EXP 	Device response: <KeyPress from None: t=483.71748683300393, value=c, duration=None>
483.7254 	EXP 	New trial (rep=23, index=97): <Trial 97 (97 in rep 23) data={'pos': np.int64(-150), 'corr_resp': 'z', 'thisN': 97, 'thisTrialN': 97, 'thisRepN': 23}>
483.7320 	DATA 	Keypress: c
483.7369 	EXP 	fixation: autoDraw = False
483.7369 	EXP 	line1: autoDraw = False
483.7369 	EXP 	line2: autoDraw = False
483.7369 	EXP 	line3: autoDraw = False
483.7369 	EXP 	line4: autoDraw = False
483.7369 	EXP 	probe: autoDraw = False
483.7369 	EXP 	fixation: autoDraw = True
483.9087 	EXP 	Device response: <KeyPress from None: t=483.71748683300393, value=c, duration=0.1845230829931097>
484.7234 	EXP 	line1: autoDraw = True
484.7234 	EXP 	line2: autoDraw = True
484.7234 	EXP 	line3: autoDraw = True
484.7234 	EXP 	line4: autoDraw = True
484.7298 	EXP 	fixation: autoDraw = False
485.7235 	INFO 	Keyboard events cleared
485.7233 	EXP 	probe: autoDraw = True
486.2137 	EXP 	Device response: <KeyPress from None: t=486.2105659999943, value=z, duration=None>
486.2141 	EXP 	New trial (rep=24, index=98): <Trial 98 (98 in rep 24) data={'pos': np.int64(150), 'corr_resp': 'v', 'thisN': 98, 'thisTrialN': 98, 'thisRepN': 24}>
486.2208 	DATA 	Keypress: z
486.2255 	EXP 	fixation: autoDraw = False
486.2255 	EXP 	line1: autoDraw = False
486.2255 	EXP 	line2: autoDraw = False
486.2255 	EXP 	line3: autoDraw = False
486.2255 	EXP 	line4: autoDraw = False
486.2255 	EXP 	probe: autoDraw = False
486.2255 	EXP 	fixation: autoDraw = True
486.3126 	EXP 	Device response: <KeyPress from None: t=486.2105659999943, value=z, duration=0.1002774579974357>
487.2136 	EXP 	line1: autoDraw = True
487.2136 	EXP 	line2: autoDraw = True
487.2136 	EXP 	line3: autoDraw = True
487.2136 	EXP 	line4: autoDraw = True
487.2235 	EXP 	fixation: autoDraw = False
488.2232 	INFO 	Keyboard events cleared
488.2231 	EXP 	probe: autoDraw = True
488.5576 	EXP 	Device response: <KeyPress from None: t=488.5455218749994, value=v, duration=None>
488.5581 	EXP 	New trial (rep=24, index=99): <Trial 99 (99 in rep 24) data={'pos': np.int64(-150), 'corr_resp': 'z', 'thisN': 99, 'thisTrialN': 99, 'thisRepN': 24}>
488.5628 	DATA 	Keypress: v
488.5672 	EXP 	fixation: autoDraw = False
488.5672 	EXP 	line1: autoDraw = False
488.5672 	EXP 	line2: autoDraw = False
488.5672 	EXP 	line3: autoDraw = False
488.5672 	EXP 	line4: autoDraw = False
488.5672 	EXP 	probe: autoDraw = False
488.5672 	EXP 	fixation: autoDraw = True
488.6800 	EXP 	Device response: <KeyPress from None: t=488.5455218749994, value=v, duration=0.13224933299352415>
489.5475 	EXP 	line1: autoDraw = True
489.5475 	EXP 	line2: autoDraw = True
489.5475 	EXP 	line3: autoDraw = True
489.5475 	EXP 	line4: autoDraw = True
489.5614 	EXP 	fixation: autoDraw = False
490.5571 	INFO 	Keyboard events cleared
490.5569 	EXP 	probe: autoDraw = True
490.9246 	EXP 	Device response: <KeyPress from None: t=490.922435415996, value=z, duration=None>
490.9323 	DATA 	Keypress: z
490.9372 	EXP 	fixation: autoDraw = False
490.9372 	EXP 	line1: autoDraw = False
490.9372 	EXP 	line2: autoDraw = False
490.9372 	EXP 	line3: autoDraw = False
490.9372 	EXP 	line4: autoDraw = False
490.9372 	EXP 	probe: autoDraw = False
490.9375 	EXP 	Motor Sequence Learning: status = STOPPED
491.0006 	INFO 	saved data to '/Users/tiaragajjar/Desktop/lab/EXP5  Motor sequence /data/5_Motor Sequence Learning_2025-10-02_16h57.11.785.csv'
491.0090 	INFO 	saved data to /Users/tiaragajjar/Desktop/lab/EXP5  Motor sequence /data/5_Motor Sequence Learning_2025-10-02_16h57.11.785.psydat
492.1140 	WARNING 	Stopping key buffers but this could be dangerous ifother keyboards rely on the same.
492.1152 	WARNING 	Stopping key buffers but this could be dangerous ifother keyboards rely on the same.
